outcode,total_households,Detached,Semi-Detached,Terraced,Flat
AL1,17252,2785,4295,3990,4876
AL10,13481,1286,3350,4853,3709
AL2,10228,3011,3137,1975,1645
AL3,11773,3077,3908,3146,1187
AL4,10621,2862,4100,1734,1646
AL5,11919,4619,3388,1685,1889
AL6,5924,3106,1339,836,461
AL7,15359,1294,3404,6338,3945
AL8,5318,957,1524,1798,916
AL9,4140,1591,1175,778,423
B1,7827,56,194,368,6680
B10,8642,647,1899,4532,1078
B11,14246,1168,3335,7742,1233
B12,7672,556,1120,2684,2632
B13,15773,2289,4430,3595,3812
B14,17714,1342,7261,5778,2755
B15,8477,1487,653,766,5289
B16,10689,775,1457,1922,4924
B17,11776,1770,3436,3427,2545
B18,7240,566,1417,2774,1994
B19,8153,506,1150,2713,3249
B2,486,2,2,3,355
B20,12530,2026,4192,3290,2238
B21,8690,744,2637,4131,754
B22,127,9,30,42,43
B23,22008,1660,7642,5449,5716
B24,11786,1425,5609,2646,1553
B25,6234,402,2296,2511,796
B26,14732,1077,9567,1824,1960
B27,11012,696,4302,3416,1753
B28,10479,1455,6242,1536,955
B29,16919,1301,6628,6082,2325
B3,948,2,3,8,791
B30,12998,1026,4497,4689,2104
B31,24733,2387,11422,5620,4662
B32,15839,1387,6600,4771,2794
B33,13243,690,5647,4275,2206
B34,8134,472,3501,2779,1203
B35,3744,123,960,1513,1109
B36,14049,1535,6364,3544,2452
B37,15041,1259,4286,5013,4340
B38,7704,1180,3005,2085,1258
B4,1255,52,95,62,935
B42,11089,807,7012,2044,1032
B43,12282,1855,6963,2126,1153
B44,13423,531,7254,4240,877
B45,13578,2795,5783,3014,1679
B46,6148,1805,2422,1128,638
B47,4551,1884,1675,498,314
B48,2315,729,936,423,109
B49,5621,2016,1864,1094,391
B5,4023,184,506,508,2721
B50,3127,1318,975,609,146
B6,5416,398,1012,2771,947
B60,13213,5235,4080,1846,1703
B61,10136,3140,3802,2128,900
B62,11383,3141,5238,1758,975
B63,15796,2368,8020,2824,2333
B64,8225,1358,3134,2021,1383
B65,10695,1524,5011,2604,1367
B66,10368,973,2189,4478,2198
B67,9745,610,4069,4089,733
B68,12385,1189,6898,2686,1416
B69,11321,1817,5489,1740,2074
B7,3102,149,475,725,1667
B70,12887,1374,4421,3642,2909
B71,12517,1268,6331,2212,2504
B72,5492,2175,1460,527,1069
B73,8456,2646,3567,735,1283
B74,13538,6014,4606,536,2214
B75,10921,3758,4576,1300,1176
B76,8106,3143,2946,802,1140
B77,23709,6257,9670,5323,2006
B78,10665,3104,4627,1896,805
B79,10571,3269,3655,1884,1445
B8,12015,1095,4011,5229,1230
B80,3662,994,1501,690,375
B9,6223,487,1881,2686,910
B90,20976,5932,9441,2258,3007
B91,14065,6636,3677,888,2633
B92,13670,2355,7580,1741,1643
B93,8289,4750,1884,683,800
B94,2977,1819,754,256,58
B95,3112,1025,865,534,347
B96,2171,1105,545,272,168
B97,15004,5052,4867,2379,2252
B98,19250,4208,5876,6646,2238
BA1,21399,3472,4149,5563,4305
BA10,2157,857,551,461,168
BA11,16353,4648,4855,4605,1536
BA12,13494,5038,4343,2715,956
BA13,9454,3451,3096,2020,580
BA14,22151,6983,6987,4950,2292
BA15,6426,2079,1854,1677,515
BA16,6096,1302,2415,1434,685
BA2,28836,5531,8434,9720,3402
BA20,6561,1839,1834,1059,1261
BA21,15078,2753,5590,4666,1743
BA22,7926,3462,2208,1695,295
BA3,15799,5189,5597,3487,1164
BA4,7837,2659,2568,1664,613
BA5,8768,2991,2805,1905,629
BA6,5802,2238,1554,1308,430
BA7,1795,524,549,507,160
BA8,2300,997,765,420,74
BA9,3279,1205,1117,531,322
BB0,123,4,11,45,57
BB1,26731,3844,9316,10848,2104
BB10,17563,2734,5277,7972,1296
BB11,10991,1082,3652,5109,817
BB12,15255,3651,4021,6476,757
BB18,8021,1309,1888,4210,343
BB2,24160,4480,7376,9416,2337
BB3,14556,2373,3376,7226,1199
BB4,18187,4113,4561,7368,1576
BB5,25869,3324,6805,13173,2087
BB6,10742,2918,2607,4117,714
BB7,11092,2956,3343,3564,793
BB8,10869,1233,2394,6076,878
BB9,16728,1940,4238,9259,980
BD1,5123,140,576,1027,2390
BD10,13562,2504,6036,2780,1900
BD11,5846,1440,2414,1557,333
BD12,8213,1231,3864,2423,566
BD13,13262,3083,4655,4575,583
BD14,3543,646,1224,1174,428
BD15,6997,1278,3487,1490,631
BD16,12207,2831,3912,3192,1587
BD17,8857,2013,3258,1439,1632
BD18,11588,1055,4898,3527,1504
BD19,9760,2375,3393,2568,1186
BD2,11449,975,6117,3154,936
BD20,17484,4305,6026,5635,805
BD21,10991,842,2776,5429,1358
BD22,10899,1832,4085,4211,479
BD23,13914,3343,3980,4824,787
BD24,2228,640,593,712,140
BD3,9643,445,2208,5563,1161
BD4,13097,1519,5564,3934,1824
BD5,9670,502,2668,4810,1326
BD6,12368,1334,7001,3138,740
BD7,9720,683,2731,5125,767
BD8,9450,656,2522,4164,1624
BD9,7515,1019,3033,2370,729
BH1,14377,853,1098,848,8314
BH10,10306,5538,2064,670,1255
BH11,8480,2636,2927,1392,1391
BH12,16366,6015,4677,1512,3217
BH13,4036,1430,114,105,2118
BH14,10468,4394,1412,776,2892
BH15,15423,4275,3092,2526,4832
BH16,6632,2569,1766,1255,717
BH17,9853,3880,2753,2044,1088
BH18,4625,3725,383,82,340
BH19,5318,2018,985,742,943
BH2,5060,195,93,200,3551
BH20,8760,3283,2702,1827,599
BH21,23866,13467,4580,2886,2312
BH22,12566,7597,1506,869,1832
BH23,25078,10807,4954,4093,4182
BH24,10514,5867,2060,1037,899
BH25,11927,5799,1754,1691,2104
BH3,2791,1313,116,50,587
BH31,195,175,6,14,0
BH4,4314,369,121,156,2593
BH5,5391,742,289,146,2630
BH6,10695,4409,1375,275,2707
BH7,3574,2038,618,126,420
BH8,11961,3794,2010,1515,3085
BH9,10565,5716,1747,490,1144
BL0,8479,2202,2381,3009,642
BL1,28908,4210,8190,10956,4524
BL11,106,11,4,21,24
BL2,20606,3554,8430,6423,1778
BL3,25279,3420,9381,9523,2567
BL4,14004,895,6538,4640,1692
BL5,12232,3813,4352,2909,1047
BL6,13124,3324,4279,4180,1094
BL7,6136,2276,1576,1737,339
BL8,14898,4749,5131,3911,880
BL9,21536,2987,7903,7110,2923
BN1,38169,3472,7272,7913,10268
BN10,8777,3327,2568,1129,1358
BN11,17858,1532,2223,2991,6895
BN12,10367,4508,2786,1275,1467
BN13,13111,3629,4538,2668,1956
BN14,12640,3421,3100,3304,1808
BN15,12278,2284,4909,2416,2111
BN16,13834,5407,3099,2889,2108
BN17,13873,2364,3829,3823,2526
BN18,6164,2049,1937,1378,464
BN2,39928,5605,7069,9775,10958
BN20,11843,3693,2700,1573,2496
BN21,11626,1539,1079,1463,4951
BN22,13638,1841,3963,4891,2221
BN23,13090,2957,3646,3297,2951
BN24,3845,1792,1266,386,265
BN25,11397,5200,2300,1410,1800
BN26,6223,1888,2759,710,662
BN27,13685,4763,4538,2372,1216
BN3,37006,3437,6842,4075,11324
BN4,25701,4958,9433,6384,3622
BN41,672,110,264,90,187
BN42,119,16,57,20,25
BN43,1240,236,302,181,492
BN44,270,83,44,53,88
BN5,3440,1418,1099,481,303
BN6,7735,3246,2589,919,674
BN7,8879,1761,2530,2671,1382
BN8,6878,3000,2379,993,276
BN9,5717,1069,1678,1509,911
BR1,26030,3688,5995,8180,5833
BR2,20361,4173,6406,3641,5119
BR3,21575,2169,4443,5753,7311
BR4,7087,1049,3891,994,838
BR5,20862,2801,9874,4293,3344
BR6,18250,6268,6842,2862,1743
BR7,7385,2231,1842,1647,1276
BR8,9763,1609,4043,2538,1329
BS0,129,14,34,61,18
BS1,10306,117,250,637,7037
BS10,14006,1825,5120,3404,3010
BS11,7709,429,2990,2121,1789
BS12,32406,9754,10465,8049,3134
BS13,14187,772,5192,4334,3119
BS14,13280,1614,6313,3304,1672
BS15,35674,6209,13276,11072,3767
BS16,34832,6507,11795,9295,5559
BS17,22912,7024,8060,5970,1287
BS18,23838,8902,7729,4271,2063
BS19,15606,7263,5222,1905,893
BS2,8010,215,601,2505,3440
BS20,14524,5417,3722,1929,2887
BS21,10454,2786,3272,2048,1132
BS22,17657,5481,6659,3428,1386
BS23,17188,1844,3983,2049,4598
BS24,10647,3993,3360,2107,742
BS25,2031,1328,410,104,134
BS26,1741,894,373,279,81
BS27,2988,1373,855,379,261
BS28,1377,984,267,81,14
BS3,17730,397,3120,8657,3426
BS31,727,177,227,88,150
BS32,827,273,128,136,288
BS34,2339,401,589,643,690
BS35,360,136,140,50,31
BS36,108,81,23,3,0
BS37,755,101,286,161,202
BS39,370,35,54,143,137
BS4,19552,946,6935,7728,2458
BS49,138,22,39,27,50
BS5,21424,950,3114,10184,5078
BS6,14684,595,2885,3090,2240
BS7,14559,502,4030,6622,1716
BS8,10389,710,678,1611,2747
BS9,11578,2759,5061,1378,1669
CA1,11902,1378,3903,4466,1467
CA10,7546,3587,2095,1325,294
CA11,10370,3359,3454,2124,990
CA12,3420,998,964,869,385
CA13,7532,2683,2538,1528,504
CA14,16677,3466,6283,5550,1037
CA15,7338,1594,2471,2708,384
CA16,2621,940,983,459,153
CA17,2104,829,560,557,79
CA18,240,112,58,49,14
CA19,715,391,241,63,6
CA2,19248,2695,8172,6140,1767
CA20,1362,622,449,190,21
CA21,432,269,95,54,1
CA22,4000,937,1524,1251,162
CA23,890,172,224,476,7
CA24,340,90,31,216,0
CA25,2565,602,854,977,94
CA26,1503,301,400,701,66
CA27,684,297,163,157,29
CA28,12527,2257,6179,2819,917
CA3,6740,2317,2740,1124,462
CA4,5112,2735,1524,597,169
CA5,8855,3976,2477,2029,152
CA6,5144,2664,1310,880,119
CA7,3629,1380,1225,835,100
CA8,2482,838,809,487,268
CA9,960,371,244,240,70
CB1,30080,5948,8918,7844,6135
CB10,7801,3096,2230,1422,780
CB11,6981,2645,2358,1184,641
CB2,18356,5220,5459,3532,3775
CB23,14974,6389,4682,2698,983
CB24,15158,6623,4896,2329,863
CB25,8248,3543,2559,1431,420
CB3,5619,1518,1172,1054,1667
CB4,17709,1662,5251,4994,4974
CB5,4218,247,1545,942,1321
CB6,17439,7512,5625,2788,946
CB7,11633,4089,3646,2456,1001
CB8,15577,5220,4444,3310,2119
CB9,13476,3927,3797,4358,1154
CF1,23108,1173,2810,8223,7835
CF10,1869,20,46,116,1655
CF11,3634,103,379,629,2455
CF14,32588,6407,13887,6816,4617
CF15,8099,3626,2219,1449,671
CF2,31035,3118,5390,12864,5479
CF23,6645,1502,1998,1951,1082
CF24,1380,112,269,547,262
CF3,18417,3286,8039,4503,2379
CF31,20411,5964,8818,3580,1737
CF32,14089,3195,4617,4973,941
CF33,6930,1568,3039,1450,768
CF34,8657,1349,2982,3752,415
CF35,7778,3098,3461,822,314
CF36,7160,2623,2372,861,782
CF37,17334,2171,5204,7965,1575
CF38,9333,2772,4457,1623,407
CF39,13133,2030,4028,6038,798
CF4,248,48,48,43,93
CF40,8224,541,1171,5884,481
CF41,4885,407,476,3571,350
CF42,5761,355,650,4366,268
CF43,5178,247,565,3976,300
CF44,18386,3792,5063,7801,1392
CF45,8340,756,1654,5330,453
CF46,6611,1337,2399,2569,220
CF47,10177,1294,2826,4946,809
CF48,11394,2205,3275,5331,419
CF5,27481,4674,10536,7622,3848
CF6,44881,9073,14743,13523,5382
CF61,669,210,214,153,10
CF62,1969,798,476,481,205
CF63,576,442,93,36,0
CF64,404,100,44,121,136
CF7,13358,5108,5015,2193,708
CF72,1241,675,339,189,34
CF8,32833,5441,13382,10961,2443
CF82,347,232,52,61,1
CF83,5834,1627,2171,1502,478
CH1,18322,2773,4818,5097,4652
CH2,13608,3194,5397,2935,1543
CH25,219,2,0,23,141
CH26,141,7,125,9,0
CH27,266,11,68,140,30
CH28,293,54,129,25,51
CH29,191,12,24,29,107
CH3,15495,6421,5413,2517,842
CH30,180,63,39,41,36
CH31,177,44,22,7,81
CH32,177,6,36,73,43
CH33,155,5,38,81,24
CH34,390,81,170,60,65
CH4,15374,5213,6568,2428,911
CH41,11520,559,2767,4954,2211
CH42,14781,1073,5296,5487,1914
CH43,15359,2860,6224,2547,2543
CH44,13443,572,4717,5669,1512
CH45,13064,1044,5954,2343,1988
CH46,10619,2275,4996,2102,1050
CH47,4581,1001,1847,851,470
CH48,6813,2461,2119,940,654
CH49,13225,2944,6199,2430,1480
CH5,18008,5956,7514,2921,1082
CH6,8010,2409,3507,1284,689
CH60,6020,3500,1682,298,449
CH61,6820,1406,4535,478,331
CH62,13696,1895,6411,3872,1161
CH63,11964,3277,6492,1300,736
CH64,8187,3817,2349,1210,627
CH65,13242,1571,5180,4222,1950
CH66,14431,4148,6799,2407,931
CH7,22565,10800,8022,2420,1012
CH8,8277,3261,3211,1169,400
CM0,7649,3450,2274,1204,517
CM1,31246,7509,9926,6160,6839
CM11,8971,3812,3174,1267,588
CM12,7949,3015,3148,904,775
CM13,11777,3544,3878,1870,1903
CM14,9380,1905,2325,1733,2850
CM15,9264,3705,3324,936,1020
CM16,10452,2588,3970,2031,1518
CM17,10724,2555,2906,3483,1639
CM18,10839,750,1537,6058,2398
CM19,8760,1279,1725,3524,1907
CM2,24818,5405,8303,5483,4810
CM20,10744,840,1365,4453,3614
CM21,4562,1201,1334,954,865
CM22,7727,3490,2360,1046,510
CM23,17219,5865,5082,3012,2774
CM24,3040,935,1007,714,319
CM3,22976,12051,5973,2664,1835
CM4,3883,1553,1331,496,358
CM5,4166,1235,1797,581,415
CM6,11017,4740,3381,1587,1042
CM7,27403,8106,9554,5511,3503
CM8,15102,2858,4726,5025,2169
CM9,14504,5290,4905,2632,1245
CO1,10702,1045,2769,3006,3058
CO10,23194,8269,7319,5472,1584
CO11,6132,2535,2116,742,543
CO12,10487,2846,3273,2437,1399
CO13,6516,3493,1862,287,635
CO14,3174,1076,905,435,574
CO15,22082,8659,6639,1705,3555
CO16,10800,5003,3362,944,978
CO2,15816,2731,5002,3900,3720
CO3,13289,5312,4305,1575,1754
CO4,20739,6063,6177,4067,4162
CO5,12483,5974,4007,1247,1043
CO6,11572,5498,3708,1532,622
CO7,14768,6449,5247,1731,959
CO8,611,279,187,129,5
CO9,11267,3479,4100,2323,1069
CR0,70629,5105,16596,17463,24875
CR2,32209,9217,10245,3545,6719
CR3,28466,8852,9019,3528,5742
CR4,40450,2029,7865,15089,11124
CR5,551,132,117,134,125
CR6,115,71,40,0,1
CR7,1230,93,305,396,206
CR8,476,86,75,159,134
CR9,140,10,32,54,42
CT1,12934,1760,3779,3109,3483
CT10,12235,4209,4255,1490,1410
CT11,13674,1504,3472,4362,2693
CT12,7767,1762,3260,1569,914
CT13,4527,1351,1632,1035,295
CT14,16230,3559,5493,4594,1814
CT15,6356,2888,2120,898,248
CT16,10061,1440,2303,3025,2374
CT17,7693,922,1926,3323,1143
CT18,7271,3135,2125,1202,446
CT19,12536,1174,3553,4862,1860
CT2,12444,3193,4414,2530,1755
CT20,10403,1375,1464,1579,3340
CT21,7697,2454,2113,1503,1145
CT3,7547,2363,2983,1677,410
CT4,5686,2590,1650,943,253
CT5,14935,5870,4672,2153,1437
CT6,17291,6822,4809,2112,1917
CT7,6079,2045,1822,857,846
CT8,3845,455,889,1030,801
CT9,18608,2657,4752,4468,4307
CV1,14044,823,1771,5339,4766
CV10,24837,5382,9532,6919,2472
CV11,17018,6258,4380,4007,1908
CV12,14459,2874,6907,2919,1420
CV13,4757,2295,1741,549,87
CV2,28299,2369,8209,12892,4229
CV21,18889,3518,5598,5924,3034
CV22,14831,4821,6481,2108,1235
CV23,13702,6690,3886,2259,526
CV3,28297,4450,10649,8316,4394
CV31,15144,2210,5828,3287,2920
CV32,14297,2778,4348,2974,2946
CV33,8977,2903,3616,1629,683
CV34,15186,3865,3941,4049,2803
CV35,11306,5674,3190,1712,400
CV36,5470,2458,1575,970,339
CV37,19121,6295,5657,3633,2803
CV4,13258,2812,4180,3363,2680
CV5,19922,2988,6062,8128,2237
CV6,34089,3659,10724,15987,3024
CV7,9260,3296,3272,1764,692
CV8,12774,4414,4349,2239,1401
CV9,8896,2659,3154,2077,758
CW1,20470,5084,8683,4524,1554
CW10,7603,3096,2544,1418,377
CW11,12322,5188,4038,2123,723
CW12,15320,6469,5128,2526,869
CW2,18432,5759,7243,3572,1193
CW3,5058,2585,1510,617,233
CW4,4363,2618,1002,465,201
CW5,13923,5178,4129,2748,1536
CW6,5769,3206,1744,575,74
CW7,14405,4536,5344,3346,939
CW8,17559,5953,6471,3447,1291
CW9,14907,4808,5908,2881,963
DA1,26758,1900,8398,9298,6243
DA10,4556,449,1160,1649,1166
DA11,16711,1724,4752,5677,3658
DA12,18633,2421,6509,5869,3062
DA13,5950,2566,2128,917,173
DA14,11051,1017,3723,1727,3946
DA15,11461,862,5367,3744,1182
DA16,14435,555,9102,2814,1513
DA17,8689,638,2625,2492,2564
DA18,2234,82,194,801,1139
DA2,9349,1512,3824,2492,1326
DA3,7265,3033,1636,1920,585
DA4,3459,747,1233,888,478
DA5,8000,1747,3918,1408,693
DA6,4443,490,1823,735,1127
DA7,13168,831,8668,1854,1408
DA8,12999,592,4169,3991,3872
DA9,5772,585,1239,1589,2189
DE1,12130,941,1512,3495,5031
DE11,20669,7001,8335,3909,1135
DE12,9546,3987,3478,1528,381
DE13,19939,8220,7068,3250,1051
DE14,12917,2118,3358,4692,2099
DE15,10083,3276,3340,2085,1216
DE2,45438,10376,22204,8848,3211
DE21,957,536,303,111,2
DE22,20417,6354,7134,4223,2232
DE23,21326,5701,7506,5840,1799
DE24,2023,883,655,352,127
DE3,7845,3349,3337,667,400
DE4,20900,8359,6933,3636,1257
DE5,35170,12657,14034,6178,1572
DE55,13990,4716,5833,2685,572
DE56,2512,1389,574,313,182
DE6,18556,9144,5340,2736,773
DE65,2092,1006,433,346,299
DE7,52199,18113,20058,10059,2682
DE72,122,114,2,6,0
DE73,1541,809,373,296,53
DE74,251,154,61,29,7
DE75,112,110,2,0,0
DH1,21295,4662,9478,4532,2084
DH2,15398,2904,6381,4781,1048
DH3,11623,2330,4870,3360,928
DH4,15385,3757,6667,4329,413
DH5,9146,1483,3889,3318,313
DH6,15935,3184,8336,4105,183
DH7,19193,3867,8630,5854,520
DH8,18253,3882,6640,6794,597
DH9,17319,2382,5312,8924,428
DH98,171,3,45,22,92
DL1,24285,3483,10106,7065,2920
DL10,9716,3640,3352,1831,506
DL11,1859,925,534,321,24
DL12,6046,2030,1859,1615,349
DL13,6666,1979,1805,2519,198
DL14,17910,4015,5525,7382,673
DL15,10004,2516,3075,4051,272
DL16,9838,2320,3667,3341,405
DL17,8642,1488,3556,3375,94
DL2,8025,3448,2480,1636,369
DL3,17801,2811,6900,5649,1990
DL4,4441,576,1280,2425,103
DL5,12363,3139,3535,5122,510
DL6,8822,3308,2683,2009,658
DL7,5695,2366,2006,929,298
DL8,8273,3795,2746,1220,297
DL9,4557,790,2089,1265,358
DN1,6119,418,818,2109,1717
DN10,6530,3553,1867,751,235
DN11,13285,3897,6160,2604,388
DN12,10872,1521,5669,2843,693
DN14,22017,7999,7013,5205,1252
DN15,16185,4248,7681,2087,1545
DN16,14082,2571,7662,1924,1621
DN17,15358,4793,6967,1993,1127
DN18,6177,2516,1893,1362,239
DN19,2659,1541,727,352,12
DN2,10850,1111,6821,1840,712
DN20,8510,4135,2874,1031,281
DN21,17567,6570,5384,4180,1008
DN22,16518,6526,5815,2771,1019
DN3,13424,4423,6517,1580,667
DN31,6706,474,709,3792,1204
DN32,11624,944,2695,6007,1169
DN33,9120,2360,4387,1682,606
DN34,7213,857,3568,2351,373
DN35,15226,2724,5035,5526,1190
DN36,9035,5060,3028,623,202
DN37,11929,4847,4327,1895,693
DN38,1131,567,402,141,6
DN39,1278,611,480,164,13
DN4,22668,6608,8529,5310,1749
DN40,4774,1484,2304,726,199
DN41,116,96,18,1,0
DN5,18309,4140,9425,3570,779
DN6,12519,2452,6363,2907,549
DN7,9290,2717,4364,1721,256
DN8,8055,1921,3882,1516,471
DN9,8417,5177,2193,675,274
DT1,10366,1824,2209,3125,2662
DT10,5549,2529,1827,702,356
DT11,12548,4950,3488,2541,1032
DT2,11078,5013,3193,1885,497
DT3,11943,4659,2799,2721,1293
DT4,16771,3309,3917,4527,3312
DT5,5489,745,1089,2559,809
DT6,10731,4349,2404,2148,1314
DT7,2846,1451,583,345,267
DT8,2748,1219,794,427,216
DT9,9262,3297,2725,2257,616
DY1,16277,2658,8138,2084,2733
DY10,18108,5429,5886,3706,2286
DY11,13664,3450,6220,2399,1208
DY12,6593,2778,1807,927,247
DY13,9744,3191,3589,1461,883
DY14,4009,2216,1005,408,52
DY2,12852,1529,6356,3179,1391
DY3,16020,4432,7359,2164,1745
DY4,19125,2407,7995,4047,4386
DY5,18635,4007,9449,2472,2219
DY6,13018,4535,6292,1173,618
DY7,3365,1643,1036,325,238
DY8,21458,5326,9382,3637,2380
DY9,11586,3661,4590,1707,1340
E1,36875,341,754,3213,28744
E10,18996,760,1812,6125,6510
E11,22130,1070,3308,6776,6957
E12,12939,786,1453,5337,3764
E13,18229,1210,1968,6517,6439
E14,43739,414,1159,3163,37318
E15,23068,825,1746,5721,13038
E16,23329,750,1761,3924,15992
E17,40912,1518,4567,14873,13955
E18,8371,407,2174,1717,3189
E1W,415,1,1,1,411
E2,19731,126,329,1504,15943
E20,2987,20,35,123,2765
E3,25155,277,585,3000,19217
E4,25559,1422,8305,8008,6456
E5,20658,403,932,3885,10970
E6,23927,1943,3738,10328,6030
E7,14765,1035,1808,6039,3124
E8,21026,292,870,2479,12685
E9,14607,208,597,2169,9573
EC1A,1509,3,5,36,1191
EC1M,1443,10,10,56,932
EC1N,1375,6,7,19,1124
EC1R,2962,11,21,146,1985
EC1V,8707,32,45,259,7265
EC1Y,2050,7,7,14,1940
EC2A,691,4,1,6,544
EC2P,241,0,1,0,190
EC2Y,923,1,1,39,856
EC3N,158,0,0,0,146
EC4A,110,0,0,0,99
EC4Y,98,1,0,2,87
EN1,20169,915,5210,6810,5962
EN10,7865,2203,1788,1721,1949
EN11,9173,1037,3066,2577,2190
EN2,12162,1410,3441,2711,3983
EN3,21219,1393,4754,6861,6804
EN4,12267,1807,4193,1916,3455
EN5,16079,2394,5358,2604,4499
EN6,12097,3232,4961,1448,2030
EN7,8839,2130,2788,2888,843
EN8,15042,1176,4227,4700,4282
EN9,9851,1331,2854,2918,2185
EX1,13900,2027,3098,4129,3477
EX10,8957,3805,1963,1692,936
EX11,4151,2004,1110,698,151
EX12,5091,2019,1190,779,730
EX13,7794,3563,2165,1344,450
EX14,10060,4092,3184,1875,566
EX15,10167,4219,2984,2078,583
EX16,15346,5645,4426,3532,1075
EX17,9209,3935,2666,1710,575
EX18,1902,1046,466,283,21
EX19,1727,972,486,221,21
EX2,20085,3960,6222,5493,3217
EX20,10179,4483,2690,2033,572
EX21,1916,1170,496,175,18
EX22,5259,3007,1184,684,138
EX23,7061,3234,1761,1063,490
EX3,1977,611,365,623,258
EX31,13796,6447,3487,2358,948
EX32,10014,2993,2315,3046,1114
EX33,4829,2354,1265,693,245
EX34,6810,1865,1120,1746,1011
EX35,735,243,145,184,58
EX36,4253,1713,1046,1025,209
EX37,1141,648,303,155,11
EX38,3880,1561,1037,975,160
EX39,17288,6321,3631,4927,1473
EX4,20832,3606,5431,6887,3516
EX5,9374,3364,2958,2358,368
EX6,6593,2979,1668,1209,231
EX7,6637,2144,1504,1384,995
EX8,16897,4591,4575,3794,2378
EX9,3169,1092,839,540,437
FY0,129,2,30,26,61
FY1,17359,792,3738,6724,3329
FY2,11498,1323,5665,2105,1707
FY3,13941,1885,5968,4264,1351
FY4,20537,3124,7957,6037,2149
FY5,20555,4845,11402,2028,1449
FY6,13470,4764,5658,1327,960
FY7,11549,1805,3328,4568,1284
FY8,21247,5121,6456,3133,4400
GL1,18417,2040,5491,4410,4884
GL10,7509,2319,3046,1468,467
GL11,8831,3226,3147,1460,756
GL12,5886,2484,1831,1056,315
GL13,2462,807,672,694,135
GL14,7371,2652,2641,1361,400
GL15,10181,4640,3533,1320,416
GL16,6099,2621,2201,725,319
GL17,5509,2917,1772,548,114
GL18,4128,1921,1168,613,292
GL19,4350,2784,1040,307,60
GL2,23957,7954,8883,4902,1580
GL20,12836,4216,4134,2800,1297
GL3,14927,3833,7138,2423,1306
GL4,19013,5610,7865,3463,1798
GL5,14664,4216,5429,2639,1610
GL50,13670,1486,2464,3291,3939
GL51,21768,4219,9095,4040,3622
GL52,21535,6263,7283,3987,2707
GL53,7588,2644,2584,1519,623
GL54,11517,5015,3555,2042,555
GL55,2783,1298,824,498,115
GL56,4368,1430,1525,945,354
GL6,9673,4784,2410,1650,510
GL7,20592,7174,6144,4249,2149
GL8,4199,1406,1381,855,374
GL9,710,300,266,132,1
GU1,15299,3826,4010,1752,4341
GU10,12649,6582,3296,1523,791
GU11,11556,1524,3384,2355,3396
GU12,12564,2492,4633,3121,1984
GU13,15090,7201,3415,1700,2298
GU14,22803,4578,7374,5387,4652
GU15,19621,8002,4517,2719,3688
GU16,8602,3338,2675,1305,907
GU17,13672,5215,3809,3273,1056
GU18,3101,1739,503,397,377
GU19,2609,857,877,368,403
GU2,11724,2616,5302,1632,1759
GU20,1834,1118,406,157,94
GU21,21194,6139,5139,4593,4607
GU22,14575,5166,3440,1851,3571
GU23,3136,1573,975,266,174
GU24,6211,2784,1972,985,327
GU25,2630,1308,567,242,373
GU26,3613,1629,667,284,696
GU27,7825,3336,2091,1045,994
GU28,3073,1165,976,520,287
GU29,4535,1421,1219,935,610
GU3,3638,1527,1265,380,135
GU30,4144,1752,1009,677,616
GU31,6155,2415,1520,1182,702
GU32,4773,1509,1365,929,759
GU33,3375,1585,975,466,234
GU34,14311,5703,3870,2330,1988
GU35,9186,3165,2348,2377,1073
GU4,5559,2383,1458,965,579
GU47,80,14,24,32,10
GU5,4640,2330,1339,458,309
GU51,2197,766,552,495,374
GU52,549,131,120,188,109
GU6,6599,2908,1693,823,921
GU7,10205,3112,3116,1813,1554
GU8,6647,2827,2126,870,594
GU9,11619,3843,3364,2126,1850
HA0,18033,1456,5783,3083,6195
HA1,17563,1164,3748,2492,7155
HA2,20713,1223,8449,4888,4797
HA3,25436,2334,11358,5208,4619
HA4,21190,3464,7418,4982,4480
HA5,17007,4828,6140,1377,3944
HA6,8943,3530,1314,967,2536
HA7,13553,2498,5484,1002,4042
HA8,24160,2356,9298,4529,6498
HA9,17933,1450,5342,1902,8017
HD1,14677,1581,3159,5804,2690
HD2,11264,2963,3901,3239,946
HD3,14318,2649,4891,4858,1424
HD4,11508,2448,3305,4473,1011
HD5,12911,2012,5493,3992,1197
HD6,12489,2221,4479,4094,1352
HD7,24379,6886,6704,8969,1084
HD8,14004,5637,4580,3269,302
HD9,126,20,64,41,1
HG1,17599,2272,5525,4261,3305
HG2,13640,3770,4516,2488,1425
HG3,12285,5902,3511,1925,575
HG4,11106,3626,3350,2480,1028
HG5,8560,3146,2826,1433,691
HP1,12416,2417,2517,4258,2765
HP10,9738,3945,2941,1406,1142
HP11,7903,1314,1975,963,2996
HP12,7696,1436,3226,1050,1604
HP13,16495,2648,6585,2751,3889
HP14,8112,3754,2273,1455,406
HP15,6468,2728,2105,1071,469
HP16,5267,2848,1066,836,387
HP17,11225,4907,3567,1450,1029
HP18,9133,3571,3324,1457,655
HP19,11267,1443,3376,3789,2282
HP2,17205,2067,3679,6143,4923
HP20,6384,963,1905,1793,1398
HP21,13393,2050,4667,3949,2421
HP22,11451,4776,4069,1755,702
HP23,8070,2455,2428,2145,647
HP3,13265,2727,3831,3660,2668
HP4,10230,3453,2695,2018,1685
HP5,10760,2379,3358,2714,1868
HP6,6578,2614,1635,811,1280
HP7,3926,1465,1222,503,562
HP8,2699,1648,546,302,150
HP9,6703,3624,1229,676,991
HR1,16174,6395,4775,2493,1562
HR2,16812,6351,5056,3161,1837
HR3,3939,2362,794,541,87
HR4,12920,4281,4217,2647,1224
HR5,2930,1562,663,403,124
HR6,8893,3770,2653,1545,568
HR7,4024,1891,965,595,245
HR8,6586,2959,1858,993,415
HR9,8970,4174,2032,1284,865
HU1,4061,52,223,427,2659
HU10,9221,2505,4146,1648,779
HU11,7840,3059,3411,1133,101
HU12,10998,4038,4947,1566,293
HU13,6678,1207,2348,2324,601
HU14,3771,2018,1213,373,128
HU15,10070,4503,3659,1440,377
HU16,7458,2053,3241,1119,909
HU17,18681,6428,6091,4222,1596
HU18,3713,1315,1127,808,268
HU19,3099,652,1047,1074,149
HU2,1858,98,196,762,558
HU20,129,11,104,9,3
HU3,13131,764,2671,5795,2487
HU4,10473,788,4428,4247,817
HU5,21884,1471,4428,12894,1799
HU6,13659,1039,5205,6335,881
HU7,19911,3260,6326,8866,1297
HU8,15159,1412,5276,7145,988
HU9,17093,1287,5776,8104,1680
HX1,12385,1054,1803,6443,2138
HX2,16003,2004,6540,5447,1663
HX3,18097,2738,5673,7521,1722
HX4,4664,1184,1205,1845,244
HX5,3879,376,1014,1524,663
HX6,8078,1374,1987,3355,821
HX7,5984,1000,1324,2800,555
IG1,22631,1339,3786,8462,5705
IG10,13817,2439,4177,3659,3175
IG11,22176,898,3325,6747,10505
IG2,11166,547,2474,4767,2701
IG3,10342,863,2510,3915,1695
IG4,3066,296,1123,1053,474
IG5,5794,478,3171,943,1034
IG6,11111,703,3417,3847,2634
IG7,7994,1866,2526,1654,1745
IG8,13703,1586,4563,3167,3751
IG9,5007,687,1674,994,1439
IP1,18714,2493,7181,3897,3967
IP10,4995,2196,1680,617,352
IP11,11466,3425,3282,2539,1454
IP12,11655,4713,3513,2022,1059
IP13,8643,4517,2736,958,252
IP14,18952,7950,6477,2885,1244
IP15,1513,603,422,296,115
IP16,3134,912,1272,670,203
IP17,5600,2595,1770,888,206
IP18,2050,924,518,432,109
IP19,4633,2234,1498,653,166
IP2,13875,2040,4510,3437,3551
IP20,4007,1859,1435,455,156
IP21,5472,2923,1876,469,58
IP22,10136,5037,2969,1374,517
IP23,2803,1548,773,367,63
IP24,12318,3650,3392,3713,1232
IP25,9231,4863,2590,1173,386
IP26,4389,2608,1318,329,54
IP27,8517,4042,2531,1362,444
IP28,13388,5497,4368,2176,882
IP29,3950,2249,1192,358,94
IP3,15423,2577,6862,3054,2456
IP30,6290,3369,1874,790,179
IP31,8463,4615,2486,1000,153
IP32,7961,1867,2075,2514,1388
IP33,10514,2312,2586,3377,1913
IP4,15315,3949,5000,3235,2416
IP5,7326,3678,1893,1040,574
IP6,7393,3113,2462,1114,465
IP7,6595,2950,1999,1214,274
IP8,4317,1846,1505,771,142
IP9,4871,2440,1580,609,142
KT1,11246,831,2909,1241,4810
KT10,9081,4629,2020,857,1270
KT11,6660,3199,1521,837,893
KT12,17119,4036,5136,2923,4393
KT13,9160,2756,1553,1611,2682
KT14,5506,1511,1549,1108,1122
KT15,12206,2916,4469,1435,2746
KT16,8375,2004,2123,1504,1783
KT17,11778,4051,3381,1292,2530
KT18,8106,2784,2472,847,1682
KT19,14150,2345,6208,2446,2517
KT2,12962,2515,2924,2028,4726
KT20,8094,3045,1793,1327,1156
KT21,5706,2521,1907,396,725
KT22,10043,3978,2429,965,2205
KT23,4507,2320,1106,362,589
KT24,3195,2174,584,113,219
KT3,14966,2140,5296,3651,3015
KT4,11082,1381,4113,3252,1821
KT5,8778,949,3488,1073,2168
KT6,13218,1560,2992,1959,4853
KT7,3512,1023,1067,582,649
KT8,8520,1725,2704,2013,1532
KT9,7663,676,2997,2477,1305
L1,6467,73,363,356,4506
L10,7107,542,4013,2127,350
L11,13646,1026,5722,5955,853
L12,13361,3483,6050,2482,1119
L13,14784,506,3849,7796,1764
L14,12069,974,5656,4399,884
L15,13001,637,3509,6624,1187
L16,5644,1026,4113,316,140
L17,11757,980,1652,3751,3160
L18,10116,1252,4597,2731,1170
L19,9907,883,3997,3341,1212
L2,1773,5,6,5,1288
L20,17399,916,5129,7809,2829
L21,10599,547,3906,4182,1624
L22,6724,294,2395,2100,873
L23,12533,1889,6883,1573,1757
L24,7687,808,2335,3804,700
L25,15147,2264,6928,3295,2476
L26,6055,1394,2727,1394,471
L27,2662,127,784,1624,120
L28,2745,164,685,1326,564
L3,6723,177,1033,1073,4044
L30,8869,700,3557,3228,1289
L31,13232,2697,8455,1100,820
L32,9399,1138,3878,3559,730
L33,7424,1039,3059,2664,634
L34,7416,1689,2934,1613,979
L35,13190,2578,6186,3212,953
L36,16348,2075,6851,5956,1311
L37,10045,4292,4581,308,719
L38,993,685,234,53,14
L39,12039,3789,5423,1403,1127
L4,18953,784,4697,10940,1967
L40,8452,3151,3481,1016,429
L5,5441,242,1784,1722,1509
L6,9793,617,2071,4681,1547
L67,100,2,11,2,84
L68,233,45,106,78,3
L69,2546,103,377,360,932
L7,6565,335,1199,2735,1608
L70,53,2,28,7,15
L8,11731,544,2425,4848,2709
L9,11800,1137,3786,5439,882
LA1,22905,3158,7261,8335,3233
LA10,1662,682,452,351,107
LA11,5395,2370,1451,807,338
LA12,9408,2802,3196,2648,395
LA13,9469,1932,3873,3048,512
LA14,16629,1160,4347,8634,1857
LA15,3390,397,1027,1759,101
LA16,1408,411,398,573,9
LA17,553,251,174,120,0
LA18,3722,831,1087,1591,88
LA19,339,132,91,105,5
LA2,9659,3856,3334,1934,190
LA20,504,258,102,117,12
LA21,636,189,174,168,42
LA22,2176,647,503,568,217
LA23,3655,1064,900,819,577
LA3,11169,1996,4822,1946,1227
LA4,11281,1037,5390,2095,1723
LA5,7716,2654,2716,1655,335
LA6,5165,2007,1604,1105,226
LA7,2101,859,653,365,146
LA8,3784,1699,1058,645,174
LA9,14086,2793,4856,3860,1869
LD1,5969,3195,1248,575,510
LD2,2583,1261,682,360,80
LD3,8303,3463,2409,1676,452
LD4,352,237,78,27,1
LD5,387,205,98,43,14
LD6,1247,575,274,270,71
LD7,2163,1124,538,329,89
LD8,1610,818,380,223,70
LE1,8383,183,230,425,6182
LE10,23539,8315,8727,3830,2049
LE11,24471,6068,8823,5394,3421
LE12,30090,12838,10161,4792,1559
LE13,12528,4163,4894,2178,906
LE14,8094,4190,2576,1029,158
LE15,14780,6855,4085,2538,873
LE16,16659,7134,4999,2885,1180
LE17,9561,5210,2650,1076,387
LE18,14451,2959,7591,2661,970
LE19,8035,3028,3282,1128,458
LE2,45551,8305,16069,12171,6394
LE3,42568,7990,18681,9884,4245
LE4,38024,5531,17291,9685,4690
LE5,29289,5537,12094,7976,3054
LE55,225,101,67,28,29
LE6,36457,14769,12874,6474,1652
LE65,332,158,85,62,24
LE67,2407,1109,903,310,57
LE7,20026,8562,7103,2921,1126
LE8,16796,7299,6264,1988,989
LE9,23549,8993,9285,3515,1366
LL11,19938,5867,7970,3776,1983
LL12,11145,4634,4519,1238,543
LL13,13395,4214,3686,3134,2038
LL14,14654,3967,6223,3049,1137
LL15,5093,2706,1271,672,273
LL16,6755,3250,1993,1142,214
LL17,2596,1307,644,411,126
LL18,18146,7417,6202,1849,1710
LL19,8813,3935,3304,772,566
LL20,3177,1351,848,646,237
LL21,2799,1487,727,479,47
LL22,8868,4418,2713,895,608
LL23,1650,661,342,462,122
LL24,1027,511,247,210,32
LL25,207,83,86,34,0
LL26,1869,709,564,379,120
LL27,282,116,93,49,8
LL28,6806,2334,2278,571,1091
LL29,7977,1871,2603,1473,1197
LL30,10521,3046,2804,1553,1993
LL31,4132,1239,1790,570,385
LL32,2833,945,1110,535,111
LL33,2053,661,671,440,148
LL34,1968,454,651,550,189
LL35,516,171,167,121,30
LL36,2050,799,527,467,157
LL37,339,153,78,82,19
LL38,365,201,100,47,5
LL39,145,79,23,27,0
LL40,1960,968,424,370,107
LL41,2806,582,551,1514,102
LL42,1036,238,197,234,200
LL43,239,154,58,3,8
LL44,369,175,103,76,11
LL45,450,273,130,33,0
LL46,942,424,172,194,105
LL48,1298,528,247,469,26
LL49,1722,492,319,666,165
LL51,525,316,121,71,9
LL52,1303,606,257,319,37
LL53,6857,3324,1447,1429,351
LL54,5075,1983,1307,1654,54
LL55,9175,2700,2620,3008,587
LL56,1051,237,230,438,89
LL57,9762,1896,3262,3253,897
LL58,1847,857,348,515,44
LL59,2463,1231,582,371,180
LL60,1405,691,465,229,4
LL61,2422,1232,614,496,41
LL62,1172,712,190,175,56
LL63,728,428,129,153,12
LL64,283,116,68,61,19
LL65,10634,4120,2410,3110,674
LL66,885,564,148,151,7
LL67,463,221,105,113,11
LL68,2257,1073,667,392,35
LL69,144,77,41,25,1
LL70,153,122,14,7,0
LL71,837,473,125,199,17
LL72,293,155,57,75,0
LL73,213,163,37,12,1
LL74,1204,888,156,59,63
LL75,616,322,171,95,5
LL76,174,157,8,5,1
LL77,2637,1023,717,587,251
LN1,14750,4225,3242,4334,2035
LN10,3409,2121,779,193,131
LN11,14035,6417,4096,2441,642
LN12,6856,3440,2200,426,360
LN13,3716,2155,979,335,94
LN2,18451,6933,5149,3561,2204
LN3,7420,4332,2001,831,112
LN4,17774,9749,5173,1890,434
LN5,14418,4989,3519,3983,1374
LN6,26261,10828,9402,3772,1896
LN7,3047,1601,821,437,92
LN8,3738,1796,1044,681,118
LN9,4307,2148,1171,602,221
LS1,6215,109,457,744,4055
LS10,16854,1284,6660,4699,3879
LS11,16264,1018,3707,6954,3499
LS12,19666,1745,6495,6455,3724
LS13,17247,1111,7158,5536,3004
LS14,17526,2125,8424,3594,3147
LS15,15212,3397,8202,2328,848
LS16,17603,4460,7531,1550,3407
LS17,18529,5063,8619,836,3584
LS18,9208,1915,3932,1846,1197
LS19,8789,1173,3773,2673,932
LS2,3851,47,170,425,2354
LS20,5473,1423,2025,1353,472
LS21,8200,1820,2771,2459,791
LS22,7342,3530,1779,1102,774
LS23,4027,1605,1354,766,203
LS24,5690,2055,2004,1124,391
LS25,19170,5924,8743,3190,1062
LS26,13718,3486,6438,2667,935
LS27,16952,3327,6087,4845,2040
LS28,16678,2692,6339,5182,1886
LS29,14225,4411,3607,3212,1969
LS3,748,22,49,321,226
LS4,4163,100,1045,2006,692
LS5,3066,240,1187,930,520
LS6,17241,994,4328,6257,3287
LS7,13120,733,4212,3714,3369
LS8,18803,2264,7933,4622,2735
LS9,17150,655,4222,5423,6199
LU1,18838,1869,4834,4264,5933
LU2,24892,4647,10238,4805,4339
LU3,22182,3504,9801,4832,3428
LU4,17899,1816,8722,4360,2675
LU5,17411,2461,6741,4959,2779
LU6,13390,3757,4562,2877,1796
LU7,25394,7710,8106,6045,2922
M1,7685,54,156,240,5588
M10,21001,1372,7938,7208,3965
M11,9736,592,3146,4118,1630
M12,8218,653,2309,3318,1595
M13,7225,293,1879,2401,2137
M14,17683,919,4490,7077,3933
M15,10929,213,869,1709,7555
M16,14395,613,4661,3338,4241
M17,976,36,335,300,261
M18,9811,542,3431,4175,1378
M19,14039,532,6551,4257,1994
M2,187,0,0,0,187
M20,20825,1161,8142,3496,5127
M21,11928,526,5032,2870,2176
M22,18925,1339,7944,5348,3849
M23,14492,1244,5298,4053,3591
M24,22946,2862,9646,7009,3115
M25,22799,3143,10626,4971,3506
M26,14962,2325,5560,4820,1962
M27,19146,1862,9844,4465,2652
M28,24801,4808,11167,6225,2312
M29,19995,3668,8995,5395,1631
M3,9134,62,465,571,7487
M30,26232,2183,9912,7557,5741
M31,20711,2766,11390,3885,2157
M32,11299,509,5534,2907,2006
M33,25254,3915,11040,4956,4500
M34,21681,1985,10869,6188,2274
M35,19234,1830,9391,5801,1887
M4,8551,47,151,289,7106
M40,462,30,173,217,26
M41,125,0,12,0,111
M43,275,90,144,14,15
M44,439,153,121,81,83
M46,533,178,126,88,139
M5,11930,278,1742,3223,6511
M50,1819,6,9,3,1765
M6,13117,608,4403,4278,3341
M7,12165,1228,3418,3174,3756
M8,10119,723,3624,3173,2119
M9,16038,1270,5997,5026,3371
ME1,15081,1855,4142,5215,3001
ME10,21194,3800,7707,6601,2493
ME11,2012,173,761,880,77
ME12,16344,5021,4752,4459,1312
ME13,12687,2732,4070,4273,1040
ME14,16059,4297,4233,3308,3430
ME15,21749,4008,8029,5791,3292
ME16,13582,2534,4675,3245,2517
ME17,10273,4205,3484,1502,554
ME18,3231,1265,1009,512,176
ME19,10371,4028,2837,2339,952
ME2,16678,2426,6350,5859,1694
ME20,8571,1444,3829,2002,1128
ME3,11672,2890,5065,2345,777
ME4,13492,934,2193,6005,3564
ME5,20878,4222,7373,7421,1537
ME6,4631,410,1756,1712,641
ME7,19739,2385,3633,9879,2731
ME8,20536,3887,7891,6735,1687
ME9,8117,2791,3007,1767,308
MK1,4616,1037,1350,1079,961
MK10,8836,2699,2231,1531,2325
MK11,5048,1056,1610,1484,813
MK12,7108,1121,2002,2658,1117
MK13,6804,1565,2104,2253,791
MK14,7754,2221,1796,2277,1344
MK15,3006,1280,855,379,461
MK16,8501,2898,2902,1994,554
MK17,9070,3694,3060,1322,718
MK18,13921,6011,4020,2786,893
MK19,5087,1898,2044,773,276
MK2,5363,544,1763,1958,998
MK3,10120,2355,3970,2126,1596
MK4,9196,3551,2600,1852,1136
MK40,17862,3016,4075,3197,5265
MK41,17522,5302,6712,3723,1446
MK42,21573,3888,8373,5254,3517
MK43,16367,6953,5727,2780,598
MK44,7118,3796,1857,1183,113
MK45,20203,8170,6722,3817,1018
MK46,3815,1633,987,957,156
MK5,5953,2586,1539,770,999
MK6,10028,1510,2375,4024,1932
MK7,5800,2320,1625,944,845
MK8,4644,1801,1598,617,590
MK9,1971,32,58,153,1633
N1,41498,328,1237,4787,26720
N10,11770,316,1856,2871,3710
N11,13695,522,2998,3544,4750
N12,13016,764,3488,2164,4940
N13,13844,543,2929,4548,3104
N14,10625,871,4660,1438,3064
N15,20606,811,1396,5485,8156
N16,23725,339,827,4815,10872
N17,25248,1294,2634,7272,10565
N18,11911,828,2040,4174,4074
N19,17873,195,670,2736,8550
N1C,546,5,1,2,518
N2,10324,1000,1989,1969,4062
N20,6684,1407,2098,784,1879
N21,8062,1033,3085,1291,1932
N22,16240,671,1501,4486,5430
N3,10385,938,2494,1110,3656
N4,23186,290,715,3432,10502
N5,10492,98,304,1730,4842
N6,8144,701,907,1092,3355
N7,20884,176,568,2192,12709
N8,16035,227,992,3740,5279
N9,17217,1179,3605,5834,5390
NE1,6496,196,224,547,4550
NE10,17088,1431,9702,2925,2518
NE11,7480,742,3812,1637,1021
NE12,17671,2912,7119,4677,2727
NE13,10000,3196,4416,1503,729
NE15,16165,2209,7905,3447,2258
NE16,10958,2486,5252,2158,850
NE17,2385,453,451,1397,57
NE18,411,105,174,99,23
NE19,1894,981,513,347,13
NE2,10543,442,1336,2532,3420
NE20,4740,3136,987,245,338
NE21,8246,1169,3973,2439,567
NE22,9282,2325,3870,1855,866
NE23,18085,3875,7195,4889,1937
NE24,18094,2914,7990,4649,2031
NE25,14461,2434,7633,2320,1651
NE26,7587,486,3175,2128,1100
NE27,6759,1839,2892,1401,546
NE28,21753,2088,8302,5558,4667
NE29,17603,1471,6358,3889,4626
NE3,21486,2266,9217,4733,4437
NE30,9257,560,4036,1779,1773
NE31,10980,1445,4472,3096,1623
NE32,10517,641,5451,2749,1358
NE33,14540,335,2681,4580,5316
NE34,22366,1745,12006,6144,1972
NE35,3142,633,1232,894,279
NE36,2959,595,1410,734,174
NE37,9596,1086,3071,4086,1197
NE38,13052,3276,3759,4480,1365
NE39,3609,950,1613,954,64
NE4,13730,729,3656,3516,4731
NE40,6694,1225,2649,2374,356
NE41,821,238,226,287,35
NE42,5408,1315,2341,1315,321
NE43,2015,774,654,497,61
NE44,691,370,203,69,25
NE45,1526,455,429,432,160
NE46,7071,2247,2192,1500,790
NE47,3166,1300,980,777,48
NE48,1320,476,392,402,17
NE49,1635,217,470,684,189
NE5,20943,2254,9620,5441,3239
NE6,22878,907,5852,6963,6748
NE61,16026,5262,5680,3801,1019
NE62,3936,471,2546,664,210
NE63,12962,2395,2662,6222,1348
NE64,2508,106,719,1469,152
NE65,9318,3528,2924,2316,341
NE66,8077,2506,2647,1781,870
NE67,479,235,166,58,9
NE68,858,217,330,227,40
NE69,178,62,48,47,4
NE7,5959,904,3255,832,711
NE70,945,347,341,208,18
NE71,1395,381,544,322,62
NE8,14058,496,2446,3580,6072
NE9,15399,1313,7118,3901,2564
NG1,7190,173,373,650,4620
NG10,21284,5617,10051,3406,1492
NG11,16959,3825,6213,4935,1750
NG12,16534,8007,5289,1845,932
NG13,9582,5234,2616,1049,459
NG14,8735,4851,2676,509,440
NG15,20127,7351,7223,3847,1350
NG16,27579,11311,9778,4776,1294
NG17,32541,9415,14194,6190,2124
NG18,22011,6336,8550,4045,2452
NG19,21757,7354,10148,3024,881
NG2,24056,6141,6424,5674,4354
NG20,11990,2603,6031,2658,506
NG21,10388,3114,4865,1897,339
NG22,12739,4884,5582,1391,483
NG23,7700,5029,1970,535,70
NG24,20863,5897,7282,4697,2265
NG25,3538,2024,862,309,216
NG3,22956,6152,6827,4574,4122
NG31,21269,6464,7318,4636,2150
NG32,5124,3136,1378,384,33
NG33,4249,2197,1381,593,53
NG34,18723,9102,5942,2359,788
NG4,17541,5219,6662,3281,1958
NG5,37714,8943,14948,7955,4824
NG6,16469,2292,6591,5191,2071
NG7,19229,1874,4785,5979,4548
NG8,24348,7417,10216,4886,1548
NG9,30811,9007,11757,5566,3629
NN1,15828,987,1188,6318,5495
NN10,17609,5028,6062,4498,1495
NN11,18059,6420,5840,4027,1366
NN12,11316,5134,3728,1712,562
NN13,9285,4104,2653,1556,726
NN14,20616,8749,6450,3908,1111
NN15,17952,5554,7723,2861,1526
NN16,12465,2123,3201,4361,2224
NN17,14043,2703,6213,3397,1483
NN18,14964,4126,5244,3998,1457
NN2,17423,3149,6233,5312,2012
NN29,5254,1719,2328,938,177
NN3,29702,7928,10913,8066,2481
NN4,20433,8617,5689,3942,1924
NN5,18488,3519,6862,4645,3185
NN6,15152,7481,4796,2032,377
NN7,11755,4879,4629,1584,381
NN8,22567,5082,7361,6443,2976
NN9,11717,3796,4448,2478,775
NP1,24859,5058,8576,8447,2262
NP10,3232,1529,716,754,210
NP11,389,145,159,55,30
NP12,13500,2719,6293,3756,531
NP13,8767,824,1643,5607,501
NP15,4718,2854,1085,472,174
NP16,9748,4110,2614,2064,584
NP18,7679,3157,2287,1587,576
NP19,22872,2312,7231,9535,3070
NP2,11532,1382,3368,5729,880
NP20,22630,2574,7964,6851,4047
NP23,14155,1717,4416,6506,1193
NP25,6531,3025,1651,991,621
NP26,9879,4250,3540,1329,619
NP3,163,97,44,21,0
NP4,20443,4377,6600,7180,1888
NP44,20261,3913,4810,9002,2300
NP7,11671,4658,3387,2101,1105
NP8,2034,1135,513,243,99
NR1,16214,1164,2804,3873,6889
NR10,11186,5339,3779,1321,324
NR11,9375,4473,3073,1126,406
NR12,10182,5308,3014,1021,509
NR13,13107,7376,4097,1226,265
NR14,12040,6529,3336,1423,581
NR15,7071,4011,2247,644,68
NR16,5242,2929,1592,520,79
NR17,7382,3865,2149,911,304
NR18,8884,3976,2909,1297,574
NR19,9410,3709,2953,1791,718
NR2,14161,988,1786,5753,4408
NR20,8626,4848,2763,788,109
NR21,7664,2863,3073,1227,299
NR22,297,77,139,54,10
NR23,1625,561,603,298,91
NR24,1992,912,558,472,23
NR25,4091,2086,1154,548,203
NR26,3856,1859,884,482,436
NR27,5703,2120,1135,901,877
NR28,7376,2959,2428,1214,629
NR29,9555,5428,2588,1011,268
NR3,15684,923,3461,5983,4600
NR30,14245,2609,2973,4816,2777
NR31,22301,6263,5862,6958,2115
NR32,18110,5517,4168,5804,1751
NR33,18015,5949,5577,4517,1141
NR34,9686,4215,2847,2129,264
NR35,4622,2002,1423,870,182
NR4,9624,3485,2666,1802,1417
NR5,12965,3293,4875,2818,1811
NR6,10149,3194,4757,1379,685
NR7,13967,3663,6419,2125,1614
NR8,8932,4804,2092,1344,560
NR9,7553,4204,2422,643,185
NW1,27468,207,610,2407,18685
NW10,39659,1384,5378,7315,15855
NW11,13720,1573,3875,1268,4566
NW2,26073,1340,4542,3267,9797
NW3,24097,793,1399,2040,10953
NW4,12857,1543,2696,1094,5410
NW5,10094,124,369,1360,4915
NW6,28635,369,730,2608,14201
NW7,9848,1668,3415,1155,2786
NW8,13047,390,454,640,10686
NW9,25744,1010,6386,3981,12901
OL1,11759,1163,3233,4704,2386
OL10,12633,1737,3835,5410,1469
OL11,20206,4080,7118,6316,2218
OL12,19216,4182,5637,6634,2276
OL13,7047,1484,1899,3122,372
OL14,7237,1077,1356,3952,560
OL15,6704,1363,2409,2388,378
OL16,12631,1904,5339,4176,992
OL2,17738,2627,7309,5712,1857
OL3,6885,1821,2024,2153,546
OL4,16953,2797,5144,7367,1387
OL5,5442,521,1658,2421,574
OL6,13343,1589,4811,4566,1917
OL7,6732,557,2517,2355,1116
OL8,15232,1322,5373,6959,1365
OL9,13730,1333,5062,5607,1584
OX1,8133,1826,1590,1992,2071
OX10,12173,3633,4512,2468,1044
OX11,18652,5427,6882,3846,1958
OX12,13026,4706,4110,2487,1326
OX13,6831,3035,2169,903,395
OX14,18119,5229,5276,3995,2874
OX15,9467,4350,2885,1572,476
OX16,21638,4023,8281,4912,3561
OX17,6361,2781,2302,1011,110
OX18,11202,3683,3793,2568,814
OX2,15571,3468,4402,3319,3435
OX20,3013,966,921,683,309
OX25,5616,2246,1958,1095,115
OX26,14855,4551,4553,4238,1295
OX27,2699,1053,910,511,92
OX28,12803,3255,4366,3006,1790
OX29,10083,4224,3424,1762,439
OX3,17699,2685,6940,3092,3931
OX33,3013,1434,754,325,241
OX39,3417,1283,1137,693,221
OX4,23378,1582,7664,7669,4779
OX44,3193,1391,1240,376,38
OX49,1877,736,709,294,76
OX5,9823,2860,4088,1816,794
OX7,9386,3250,3233,1910,682
OX9,6463,2105,1967,1467,770
PE1,21343,3377,8185,3862,4664
PE10,10939,5535,3214,1479,577
PE11,20307,9917,6428,2331,1113
PE12,18514,10975,5482,1386,240
PE13,16789,7330,5098,2026,1626
PE14,9663,5959,2793,620,118
PE15,13459,6554,3768,2073,815
PE16,4871,1814,1658,1014,268
PE17,27432,11970,8710,4100,1689
PE18,23168,9293,6355,4498,2323
PE19,17808,5410,5288,4166,2496
PE2,22491,6520,7238,5413,2959
PE20,6830,3487,2261,481,446
PE21,19372,6972,6398,3234,2228
PE22,6650,4628,1602,271,80
PE23,3850,2243,946,445,109
PE24,5389,3220,1152,369,277
PE25,10552,3405,3270,958,1623
PE27,101,15,34,35,17
PE28,928,352,354,168,45
PE29,586,137,175,116,153
PE3,12705,3520,2877,4016,2100
PE30,20758,5016,6854,4775,3246
PE31,9606,4723,3204,1185,275
PE32,6820,3686,2365,578,52
PE33,6254,3454,1867,707,70
PE34,5425,3005,1827,455,65
PE36,2776,1116,639,336,459
PE37,5274,2553,1560,670,355
PE38,6858,3334,1905,1046,446
PE4,12912,3965,4738,2616,1324
PE5,578,324,183,58,6
PE6,16498,8808,4914,1674,472
PE7,19210,8086,5817,3100,1924
PE8,7171,3253,2022,1469,214
PE9,13928,4538,4627,3328,1089
PL1,15117,426,925,3156,7340
PL10,1808,600,547,470,75
PL11,4535,1168,1428,1267,443
PL12,9955,3624,2698,2610,691
PL13,5032,2114,1216,720,452
PL14,10928,4306,3167,2506,565
PL15,9662,4682,2151,1635,775
PL16,383,168,132,62,18
PL17,4421,2161,1081,695,270
PL18,2346,999,683,564,30
PL19,7103,2706,1874,1512,649
PL2,14379,533,4412,6256,1888
PL20,5597,2592,1502,1070,228
PL21,8845,3472,2895,1892,274
PL22,1901,813,428,429,111
PL23,1562,674,364,369,70
PL24,4833,1516,1845,964,166
PL25,12900,4813,3802,2054,1595
PL26,12275,5270,3502,2027,455
PL27,5645,2391,1534,922,504
PL28,1837,692,582,351,106
PL29,743,416,187,98,7
PL3,12948,1293,4390,4890,1351
PL30,4349,2656,1076,402,37
PL31,6498,1539,1847,1944,851
PL32,1758,833,418,310,119
PL33,902,335,264,165,57
PL34,710,373,175,54,23
PL35,361,163,97,61,12
PL4,12581,209,931,5382,2482
PL5,19681,1344,7902,6686,2978
PL6,17547,3790,4822,7344,1181
PL7,13796,2943,6936,2845,859
PL8,2304,1169,600,384,86
PL9,12576,4461,5210,1952,633
PO1,13861,336,688,4549,7435
PO10,8962,3178,2826,1850,741
PO11,8191,4053,1623,605,1474
PO12,20942,2246,5130,8179,4390
PO13,15301,2730,4873,4464,2931
PO14,15752,5622,4821,3320,1727
PO15,9647,3334,3255,1876,1060
PO16,13726,3390,5492,2690,1704
PO17,3492,1339,860,530,448
PO18,7247,2904,2205,1325,531
PO19,14703,2872,3827,3678,3626
PO2,17522,402,2756,9722,3075
PO20,15085,6445,4418,2124,1329
PO21,20037,6070,4663,2941,4450
PO22,12813,5080,3219,2418,1645
PO3,7955,436,1552,4763,891
PO30,14264,4432,4299,3133,1763
PO31,6541,1983,2152,1426,677
PO32,4038,898,1327,1017,547
PO33,14739,4515,4592,1753,2149
PO34,899,607,155,45,35
PO35,1632,999,357,78,149
PO36,8032,3132,2157,980,1086
PO37,4193,1347,1029,247,933
PO38,5634,2162,1536,706,646
PO39,1592,601,462,174,207
PO4,18142,575,1879,10536,3158
PO40,2336,941,757,214,324
PO41,833,407,234,91,60
PO5,11785,304,949,2403,5335
PO6,17158,1922,6462,5505,2834
PO7,18984,6119,6270,3428,2751
PO8,14592,6520,4003,2233,1625
PO9,20870,3485,6397,6754,3675
PR0,180,16,31,25,100
PR1,31195,4016,9575,10735,5073
PR11,125,81,43,1,0
PR2,32730,6903,14236,7317,3684
PR25,15857,4399,6389,3446,1275
PR26,5053,2089,1494,1079,321
PR3,17273,7280,5487,2893,735
PR4,26504,11277,9891,3547,980
PR5,17278,4630,7397,3538,1397
PR6,16223,5323,4696,4995,876
PR7,26192,7519,9680,5975,2629
PR8,25240,5803,11704,1788,3624
PR9,19440,3253,9539,1140,3432
RG1,21437,1127,2509,6172,9114
RG10,8260,4162,2071,1122,596
RG11,31409,15528,6735,4111,3929
RG12,34530,7412,6694,12032,7530
RG13,17888,4224,6143,3601,3223
RG14,12238,3247,3166,2439,2783
RG15,7184,3547,1946,1029,366
RG16,7677,3796,2322,1005,338
RG17,3229,911,1093,681,430
RG18,349,300,24,1,24
RG19,602,186,194,148,64
RG2,17152,2553,6491,4200,3410
RG21,14014,1355,3507,3917,4406
RG22,17186,5050,4429,5658,1829
RG23,5305,1848,1592,1563,243
RG24,16436,4851,3316,5211,2721
RG25,6453,2627,2019,1200,475
RG26,9636,3798,3007,1888,695
RG27,8873,4022,2166,1577,852
RG28,2886,981,916,659,243
RG3,31202,5782,10839,8038,5222
RG30,215,2,1,3,190
RG31,139,111,23,3,1
RG4,16914,6047,5261,3073,1913
RG40,868,170,260,197,236
RG41,349,93,109,95,52
RG42,1661,524,311,294,279
RG5,11094,3027,4892,1776,1223
RG6,12992,5317,4175,2051,1184
RG7,12330,5017,3649,1752,1387
RG8,6418,3184,1775,783,441
RG9,8938,3410,2164,1854,1017
RH1,22011,4327,6461,4223,5596
RH10,31068,7656,7646,8183,6743
RH11,21442,1968,4906,9489,4670
RH12,22856,6456,6215,4678,4751
RH13,16103,6539,4347,2284,2448
RH14,6708,2867,1889,1027,725
RH15,14417,4177,4827,3043,1949
RH16,17162,5029,4703,2678,3927
RH17,6883,3087,2018,872,606
RH18,2370,997,649,215,342
RH19,14380,5423,3480,2215,2434
RH2,9744,2736,2971,1401,1981
RH20,11219,5884,2431,1434,1152
RH3,1941,637,704,306,153
RH4,7675,1813,2178,1368,1762
RH5,5550,2226,1613,880,451
RH6,13848,4270,4505,2094,2485
RH7,3628,1293,1147,553,424
RH8,6140,2326,1596,1060,852
RH9,1828,391,668,457,268
RM1,12010,972,4418,2010,3707
RM10,16032,895,3920,6512,4159
RM11,13876,3093,5475,2742,2095
RM12,13740,694,7107,3889,1709
RM13,11935,1658,4083,3686,2198
RM14,10477,1746,6265,1198,1023
RM15,12045,955,3764,4468,2603
RM16,22459,3924,7317,5846,5075
RM17,10800,996,3006,2948,3532
RM18,6891,373,2266,2515,1547
RM19,253,1,10,22,220
RM2,4987,894,1782,762,1290
RM3,17996,1161,6318,5721,4305
RM4,1455,598,532,207,69
RM5,8061,613,3697,2232,1307
RM6,12426,576,3456,4419,3522
RM7,10353,574,3332,3311,2813
RM8,16021,915,3982,7845,2598
RM9,12460,720,2951,7102,1362
S1,7622,492,794,1027,4458
S10,19462,3529,5219,5493,3481
S11,14756,2948,4452,3565,2959
S12,16741,2483,10653,1799,1631
S13,14020,1618,7305,2734,2207
S14,4529,222,708,1826,1752
S17,7171,3115,2327,659,942
S18,11078,4619,4689,916,715
S19,12937,4392,4468,2827,1141
S2,17410,912,6611,5854,3580
S20,489,200,112,83,91
S21,8663,2528,4184,1332,451
S25,9446,3079,4573,1273,400
S26,10990,3572,5314,1471,511
S3,6360,214,945,633,4048
S30,35546,11804,13772,7095,2289
S35,887,176,240,267,147
S36,206,85,58,53,10
S4,4922,459,1727,1693,929
S40,19667,5913,7582,3335,2344
S41,15701,3497,7195,2867,1748
S42,13349,5544,5341,1528,556
S43,17848,4825,8717,3023,957
S44,9197,2476,4261,1869,503
S45,5718,1404,2302,1398,495
S5,24517,1446,12065,7960,2689
S6,24394,3285,7793,8891,3546
S60,19355,3774,10390,2706,2080
S61,15195,1990,6900,3798,2309
S62,10085,1629,5375,2125,775
S63,18545,3509,8744,5127,903
S64,12642,2406,5621,3381,953
S65,13747,1833,7595,2453,1615
S66,18912,5491,8314,3559,1258
S7,5842,770,1908,1961,593
S70,20442,2939,8048,6422,2515
S71,21041,4788,11326,3429,1266
S72,11470,2478,5769,2737,367
S73,12364,2296,6160,3083,634
S74,7537,1663,3646,1773,346
S75,18954,6638,7728,3361,977
S8,19008,2186,6728,5873,3736
S80,13405,3071,5697,2996,1184
S81,15808,5425,7716,1965,578
S9,9977,650,4948,3079,1138
SA1,24904,1455,5635,10105,6029
SA10,14205,4506,5842,2561,1068
SA11,15937,2402,6205,5384,1599
SA12,14863,2293,7121,3714,1534
SA13,7405,847,3109,2926,348
SA14,16788,6282,7409,2429,446
SA15,15722,3131,4988,6046,1099
SA16,3847,1323,1513,752,171
SA17,4038,1667,1455,786,76
SA18,13320,4979,5605,1709,705
SA19,4752,3087,897,460,109
SA2,15360,4564,5692,2526,1839
SA20,1209,491,366,279,32
SA3,11265,5127,3254,1399,1165
SA31,8827,3073,2431,1920,897
SA32,2288,1792,360,65,19
SA33,5481,3585,1192,476,75
SA34,2490,1613,440,225,85
SA35,613,384,119,51,26
SA37,1149,880,181,52,5
SA38,2203,1433,414,191,84
SA39,1439,926,383,88,16
SA4,19655,6944,7953,3041,1411
SA40,1545,794,460,167,62
SA41,759,471,160,61,44
SA42,1260,582,286,263,47
SA43,5443,2761,1529,700,299
SA44,4608,3005,1042,343,74
SA45,568,265,138,122,14
SA46,1503,741,304,303,75
SA47,81,18,47,10,2
SA48,3473,2109,791,342,111
SA5,15742,2206,6252,5323,1667
SA6,14124,3651,5585,3619,930
SA61,7236,2144,2214,1717,802
SA62,9658,5602,2699,903,139
SA63,327,285,29,8,1
SA64,932,252,324,296,19
SA65,1683,619,565,358,80
SA66,1551,964,276,178,37
SA67,2628,1468,582,354,120
SA68,2223,1415,506,111,80
SA69,1754,949,429,124,171
SA7,5661,1941,2547,942,196
SA70,3457,1218,1092,422,491
SA71,5299,2091,1320,1281,372
SA72,4229,892,1093,1486,462
SA73,8979,2275,3080,2249,1046
SA8,5354,1904,2529,449,359
SA9,6364,1681,2998,1231,347
SE1,37843,256,724,2516,30053
SE10,18815,292,868,3605,12510
SE11,10172,62,225,1153,7268
SE12,12936,716,3025,3585,4263
SE13,20109,395,1651,4333,9016
SE14,12979,229,972,2813,6057
SE15,27925,591,1812,6102,14722
SE16,22924,256,1037,2983,17577
SE17,13795,134,307,1349,10766
SE18,34671,1260,4179,9767,15753
SE19,14119,884,1809,2099,6010
SE2,9048,433,1454,3725,3160
SE20,10951,230,1062,2245,4949
SE21,7795,669,1625,1653,2337
SE22,12337,236,1618,3198,3450
SE23,15461,659,2009,4007,5086
SE24,8944,237,1166,2316,2623
SE25,14123,454,2015,4449,4609
SE26,12025,430,1230,2583,5254
SE27,8392,242,1382,1742,3093
SE28,10424,590,1689,3495,4363
SE3,14595,1007,2841,3320,5217
SE4,10390,223,1209,2967,2891
SE5,19306,330,786,2118,12654
SE6,20191,729,4023,5945,5636
SE7,7731,256,1416,2494,2760
SE8,11150,141,360,1244,8593
SE9,24629,1189,8905,7275,5950
SG1,23105,2719,4530,9283,5936
SG10,1242,564,304,179,181
SG11,3395,1169,1292,629,211
SG12,12754,2497,4084,2741,2947
SG13,7246,1394,1801,2218,1583
SG14,8627,1453,2566,2401,1851
SG15,2691,501,908,883,332
SG16,3087,936,1020,709,197
SG17,5756,2179,1601,1368,462
SG18,13009,3817,4710,2977,1237
SG19,10243,3254,3441,2634,731
SG2,17239,2966,3701,8502,1831
SG3,2689,743,857,632,370
SG4,13039,3131,4400,2558,2453
SG5,13415,3277,4697,2809,2084
SG6,14515,2764,3683,4840,2795
SG7,6213,1525,2003,1566,762
SG8,16622,6307,5459,2968,1531
SG9,4929,1852,1676,994,326
SK1,7985,192,1741,2877,2617
SK10,20168,7341,4872,5087,2069
SK11,15522,4024,4791,4954,1237
SK12,22681,7795,7681,5376,1111
SK13,15056,3433,3749,6197,1207
SK14,21831,3037,6862,9039,2456
SK15,12261,2229,3790,4240,1629
SK16,8036,1053,2866,2510,1471
SK17,13121,3134,4401,3150,1377
SK2,13105,2107,6045,3067,1491
SK22,151,6,18,91,21
SK23,83,17,22,34,10
SK3,12214,887,5649,3970,1455
SK4,15222,2463,6135,3266,2492
SK5,13196,849,4927,4367,2549
SK6,21574,5682,9327,4064,1972
SK7,17356,7211,6818,1620,1479
SK8,23880,7405,10533,2876,2523
SK9,17275,6385,4392,3345,2660
SL0,4948,1444,1654,731,854
SL1,29531,3557,8915,5999,9452
SL2,18639,3268,4923,5782,4122
SL3,16802,3098,5075,3980,4008
SL4,18583,3506,5014,4411,4034
SL5,9136,3698,2441,1007,1630
SL6,31958,10434,8628,5155,6429
SL7,8343,3274,1785,1899,1040
SL8,2820,934,872,441,465
SL9,8490,5044,1245,688,1194
SM1,19531,1202,5397,4279,7129
SM2,12087,2993,1301,1084,6046
SM3,7397,288,3377,2383,1057
SM4,14545,477,3522,7166,2748
SM5,15366,1678,4386,5240,3172
SM6,14036,1395,3763,2682,5362
SM7,6573,2497,2087,643,1147
SN1,15729,1729,2835,6140,3655
SN10,14608,4885,4523,3093,1610
SN11,11467,3945,3649,2771,863
SN12,12191,4056,4501,2402,959
SN13,8027,2684,2486,1718,846
SN14,12048,4400,3844,2770,778
SN15,13249,4546,4306,2593,1250
SN16,6095,2610,1697,1190,352
SN17,115,52,59,4,0
SN2,28733,6074,9687,8662,3672
SN25,8185,2081,1897,2170,1962
SN3,22775,4219,9003,5994,3366
SN38,405,87,39,108,100
SN4,11698,3896,4506,2004,949
SN5,14083,5463,3709,3388,1357
SN6,9160,3772,2752,1883,586
SN7,5992,2138,1690,1411,570
SN8,10370,4435,3142,1795,663
SN9,3360,1500,1001,598,164
SO1,50173,5982,11122,9884,19496
SO14,5371,353,702,1542,1798
SO15,396,15,32,46,300
SO16,4822,932,1988,765,857
SO17,6275,700,1675,928,2330
SO18,17303,4552,4849,2644,4447
SO19,24451,3812,7407,5308,7041
SO20,4044,1909,1218,478,311
SO21,9779,4624,2721,1400,520
SO22,12053,3683,3458,2737,1697
SO23,8826,1612,1611,2442,2497
SO24,4120,1823,1092,760,278
SO3,39274,16746,10619,6681,4074
SO30,1297,317,254,434,290
SO31,630,167,188,125,146
SO32,498,194,206,55,43
SO4,50241,21903,13095,8295,5021
SO40,268,133,67,57,7
SO41,393,68,66,118,106
SO45,77,4,2,28,40
SO5,46420,16417,12288,10037,6244
SO50,761,184,141,161,269
SO51,1221,411,300,344,157
SO53,1188,641,210,323,10
SP1,10574,2534,2970,2404,1908
SP10,18020,4393,4829,5552,2808
SP11,12672,4617,4308,2222,1215
SP2,13698,3146,4078,3804,2166
SP3,5527,2723,1725,718,120
SP4,14301,4597,5378,2863,1047
SP5,9111,5446,2330,920,189
SP6,5740,3067,1421,532,406
SP7,6360,2428,1700,1443,566
SP8,6261,2579,1937,1111,467
SP9,3561,526,1436,912,626
SR1,4937,219,731,1787,1784
SR2,14469,1966,5898,3916,1747
SR3,16376,2060,9843,2236,1963
SR4,16529,1380,8496,5310,1053
SR5,15328,1063,9214,3445,1344
SR6,12510,1360,5933,3565,1261
SR7,13552,2089,5400,5133,702
SR8,15654,2587,6030,6269,667
SS0,20950,2316,4843,3548,4651
SS1,13465,2793,2402,1841,3651
SS11,8006,2497,3399,883,855
SS12,7781,2471,3032,1377,729
SS13,9950,1287,2052,4118,2302
SS14,11106,422,1818,6369,2384
SS15,13952,2376,2993,5303,3029
SS16,12349,2615,2041,4859,2645
SS17,12974,1504,6221,3521,1437
SS2,15491,1598,5769,3146,3452
SS22,129,61,30,9,20
SS3,11532,2439,4341,2616,1628
SS4,9196,2632,4011,947,1323
SS5,9164,3576,4150,400,476
SS6,13813,4665,6598,979,1300
SS7,20514,7193,9756,1131,1869
SS8,16196,8048,4224,1693,985
SS9,20536,4399,8610,2671,2804
ST1,15166,1537,5121,5835,2098
ST10,11543,5329,4141,1533,235
ST11,4473,1740,1996,490,179
ST12,2557,1103,812,343,185
ST13,12273,3739,4032,3350,724
ST14,8920,3492,3330,1418,539
ST15,10456,4659,2546,1882,1030
ST16,15936,3710,5351,3959,2255
ST17,16545,5422,6537,2467,1696
ST18,7143,4279,1878,568,286
ST19,7025,2963,2495,833,487
ST2,15919,2398,9234,2342,1726
ST20,3446,1955,1033,288,100
ST21,2325,1252,644,275,114
ST3,28784,5537,16507,4486,1898
ST4,24661,3796,9054,8928,2136
ST5,34933,7708,15174,7645,3683
ST6,28287,4284,12286,8754,2417
ST7,23947,7989,11202,3429,1036
ST8,8129,3120,3455,1195,228
ST9,3984,2045,1765,129,8
SW10,8990,91,329,1002,5178
SW11,37189,393,1441,7066,20671
SW12,15032,335,1320,3620,5020
SW13,7402,483,1781,2285,2038
SW14,6877,537,1696,1981,1718
SW15,26742,1263,2323,4568,14796
SW16,32017,1460,5395,8196,9655
SW17,25813,508,2415,8049,8398
SW18,27104,520,2229,7192,11722
SW19,31874,2101,4561,7526,13045
SW1A,887,8,5,58,614
SW1E,1311,12,9,38,1133
SW1H,493,1,0,21,416
SW1P,6129,17,28,255,5425
SW1V,10089,33,53,544,6907
SW1W,3667,29,75,643,2531
SW1X,2673,62,106,462,1494
SW1Y,165,1,0,2,109
SW2,23066,333,1747,3291,11376
SW20,10520,947,2309,3353,2616
SW3,8905,125,354,1955,5107
SW4,17763,247,972,2550,9586
SW5,7847,33,71,315,4882
SW6,30011,293,1288,7067,13190
SW7,5861,59,205,626,3292
SW8,15172,155,351,1308,10799
SW9,17336,238,704,1829,11172
SY1,12916,1727,5380,3493,1595
SY10,9125,5650,2330,703,212
SY11,10770,3407,3939,2249,891
SY12,3712,1743,1278,454,118
SY13,9319,4581,2751,1256,447
SY14,2305,1126,822,269,51
SY15,3452,2120,752,427,85
SY16,7179,2773,1644,1885,671
SY17,1649,995,346,255,17
SY18,2025,800,426,480,220
SY19,421,298,75,42,0
SY2,8700,2247,3646,1692,860
SY20,3070,1318,627,890,109
SY21,7582,4155,1863,914,368
SY22,2555,1427,633,355,63
SY23,11348,4531,2549,2021,1255
SY24,1986,946,532,308,99
SY25,1419,828,346,207,5
SY3,15788,5743,5638,2658,1207
SY4,10390,5738,3071,960,387
SY5,8751,4903,2525,758,322
SY6,3965,2381,920,290,238
SY7,4355,2410,1225,495,104
SY8,8117,3530,2153,1771,390
SY9,930,370,347,152,28
TA1,20208,4557,5714,4953,3813
TA10,4833,2479,1376,605,181
TA11,3943,1757,1372,583,156
TA12,2753,898,847,757,156
TA13,2110,878,611,513,36
TA14,1512,437,457,547,32
TA15,226,45,60,111,0
TA16,899,203,367,271,37
TA17,329,166,85,63,3
TA18,4326,1356,1393,1131,271
TA19,5749,2170,1813,1250,282
TA2,13038,3031,4342,3613,1671
TA20,9366,3397,2721,1949,955
TA21,9503,3142,2847,2278,870
TA22,1192,548,423,138,32
TA23,3331,1107,1037,734,222
TA24,8008,2381,2389,1557,956
TA3,5555,3012,1471,807,90
TA4,7735,3327,2229,1595,336
TA5,5329,2317,1848,812,171
TA6,22559,3913,7860,7221,2868
TA7,6255,3307,2018,636,76
TA8,7860,2765,2602,1188,806
TA9,5310,1614,1628,1022,695
TD12,671,311,196,156,1
TD15,7481,1418,2932,1913,826
TF1,19787,5898,8072,3179,2241
TF10,9545,4445,3327,985,524
TF11,5300,2036,2060,780,311
TF12,2599,1002,978,399,127
TF13,1623,808,426,276,50
TF2,16051,4915,7298,2490,1014
TF3,11420,2836,3613,3857,1025
TF4,8126,2335,3192,1726,763
TF5,2001,1148,550,219,57
TF6,1522,810,540,84,26
TF7,8197,1781,2442,2940,821
TF8,293,108,78,52,30
TF9,9613,4407,3370,1130,412
TN1,7425,581,1513,1343,2122
TN10,7281,1779,3624,978,668
TN11,7471,2968,2528,1165,529
TN12,12320,4145,4736,2208,843
TN13,10866,4342,2423,1693,1781
TN14,6490,2709,1772,1241,572
TN15,9081,3649,2910,1479,503
TN16,7609,2939,1989,1642,792
TN17,5932,2443,1920,963,351
TN18,3155,1214,1080,516,232
TN19,2428,1217,669,342,101
TN2,12040,3344,3396,2198,2482
TN20,1864,998,428,195,138
TN21,6976,3295,1961,712,772
TN22,10851,4682,3134,1714,923
TN23,18133,4085,5555,5240,2750
TN24,14251,3193,5004,3725,1973
TN25,6868,3411,1794,1105,375
TN26,5437,2784,1472,626,111
TN27,4768,2022,1486,679,291
TN28,3973,2130,926,499,284
TN29,5299,2196,2124,588,183
TN3,6073,3000,1653,849,344
TN30,4401,1900,1276,625,423
TN31,6579,2637,1919,1250,529
TN32,1819,851,475,327,52
TN33,5187,2600,1332,647,413
TN34,15894,3400,3167,3505,3214
TN35,7099,2433,1755,1989,612
TN36,1087,529,304,136,70
TN37,9891,1808,1580,2096,2284
TN38,10536,1995,2892,1879,2084
TN39,13341,5614,2593,1438,2439
TN4,10717,2143,3677,1918,2017
TN40,7512,1959,1351,748,2183
TN5,3439,1425,1114,526,258
TN6,10146,4876,2693,1077,1121
TN7,770,342,258,90,53
TN8,5182,1544,1320,1491,637
TN9,6974,887,2443,1485,1772
TQ1,17370,2261,2372,4763,4362
TQ10,1740,571,549,470,68
TQ11,2220,763,592,626,108
TQ12,26469,9191,7682,6291,1911
TQ13,9049,3527,2180,2193,362
TQ14,9016,3408,1576,1616,1327
TQ2,14346,2963,4471,3470,2081
TQ3,14859,4012,4540,2505,2103
TQ4,8979,2938,2152,1484,1317
TQ5,8800,2854,2395,2078,980
TQ6,3962,1315,912,843,456
TQ7,7949,3347,2015,1566,595
TQ8,781,281,209,140,111
TQ9,7667,2382,2290,1812,654
TR1,10792,2789,2993,2926,1518
TR10,6057,2148,1494,1287,685
TR11,12972,3606,3640,3054,1534
TR12,4231,2301,934,627,97
TR13,8868,3847,2257,1679,637
TR14,13398,3908,3268,4353,1142
TR15,10421,2790,2964,2930,1171
TR16,6590,2878,1757,1423,224
TR17,1154,359,401,237,42
TR18,10339,1752,2080,3742,1706
TR19,4301,1709,972,1283,161
TR2,4345,1934,1327,773,162
TR20,3293,1756,723,581,46
TR21,737,225,167,135,70
TR22,76,52,17,4,0
TR24,73,11,22,24,6
TR25,53,32,14,3,0
TR26,5127,1682,1292,1201,542
TR27,6001,1966,1632,1761,347
TR3,5199,2931,1310,712,146
TR4,4475,1980,1299,890,163
TR5,1632,879,358,251,74
TR6,1655,667,411,156,254
TR7,10409,2682,2420,2108,2071
TR8,4092,1942,958,787,187
TR9,3070,1025,1095,555,95
TS1,8712,782,1283,4313,1779
TS10,17116,3169,8061,4238,1106
TS11,5303,1419,2918,646,234
TS12,10225,2138,3832,3019,658
TS13,4552,836,1404,2076,152
TS14,8524,2744,3063,2026,540
TS15,6737,3878,1332,992,424
TS16,4970,1647,2349,612,306
TS17,19542,7324,6507,3957,1573
TS18,11634,1855,4904,2982,1400
TS19,15045,2407,8036,3633,792
TS2,431,25,198,207,1
TS20,9243,1203,5161,1850,890
TS21,5323,1863,2099,1090,184
TS22,4634,2337,1791,305,149
TS23,12178,2000,5363,3745,949
TS24,11739,1008,3879,4508,1948
TS25,17455,2806,7495,5676,1228
TS26,9535,3273,2502,2889,685
TS27,4712,1112,1616,1712,165
TS28,2383,602,1053,685,20
TS29,2607,392,1382,804,7
TS3,13073,878,6359,4381,1298
TS4,7759,942,3269,2475,964
TS5,15121,1576,9132,3355,852
TS6,13193,1633,7239,3174,1020
TS7,10280,4116,4390,992,714
TS8,8713,2850,2590,2043,1140
TS9,5679,2284,1820,1141,292
TW1,12936,890,2509,3262,3999
TW10,8729,750,1547,2361,2747
TW11,10586,946,2258,2817,3310
TW12,9639,1589,2826,2554,2180
TW13,14383,700,4438,3602,5083
TW14,11592,660,4449,2500,3478
TW15,12358,2490,4972,1893,2468
TW16,8865,1883,2555,2082,2076
TW17,5765,1488,1950,1119,895
TW18,11496,2114,3908,2097,2825
TW19,6798,1488,1875,1503,1719
TW2,11903,670,5245,3325,1878
TW20,8652,1885,2999,1789,1599
TW3,17332,1038,5492,2641,6290
TW4,9188,589,3246,2036,2731
TW5,9569,654,4226,1570,2754
TW6,599,29,189,93,246
TW7,15123,730,4144,3289,5916
TW8,11250,223,1122,1970,6966
TW9,8924,524,1565,2335,3152
UB1,13772,877,3666,4503,3463
UB10,15143,3600,4854,3393,2780
UB11,580,28,135,163,220
UB18,133,15,30,83,2
UB2,10826,893,2719,2611,3649
UB3,17359,1059,6786,3460,5178
UB4,13565,862,6323,2842,2889
UB5,17183,523,4863,3690,7248
UB6,16936,895,5420,5350,3780
UB7,12665,938,4116,2556,4412
UB8,13004,1694,4049,2102,4419
UB9,5598,1197,1781,965,1387
W1,120,0,1,0,106
W10,15492,236,526,2404,8962
W11,14734,140,437,2010,7763
W12,21782,413,1778,3858,10194
W13,15736,762,2927,3909,5096
W14,16718,150,324,1698,8861
W1A,5517,34,60,273,3999
W1B,336,0,0,5,291
W1C,505,0,15,8,424
W1D,589,1,0,4,462
W1G,620,0,4,52,437
W1H,2511,30,31,164,1823
W1J,111,2,0,7,83
W1K,121,0,9,42,53
W1M,693,1,2,9,588
W1N,237,0,0,1,226
W1P,1501,4,3,51,1163
W2,19560,160,323,1214,13551
W3,22856,715,3841,2699,10708
W4,19834,704,2919,4917,6998
W5,19033,1478,2602,3477,7041
W6,13635,123,543,2737,6778
W7,10394,429,2435,3110,2981
W8,6336,111,279,1296,3332
W9,14454,102,253,715,8037
WA1,11416,1598,5045,2529,1828
WA10,19431,2623,7441,6744,1963
WA11,17449,2529,10365,3610,825
WA12,11432,2347,4831,3090,922
WA13,5882,1933,2214,1044,538
WA14,13815,2889,4166,3156,2751
WA15,15810,4217,7104,2619,1632
WA16,9263,3960,2517,1694,824
WA2,18156,2575,6234,6721,2278
WA3,21219,6724,9028,3811,1377
WA4,21913,5718,9138,4340,2145
WA5,24602,7674,10453,4458,1700
WA6,8512,3456,2943,1217,483
WA7,27291,5095,9312,9687,2786
WA8,27471,5868,9829,8796,2513
WA9,21569,2682,9140,7913,1615
WC1A,1196,5,6,17,913
WC1B,313,3,1,2,256
WC1E,230,2,2,4,204
WC1H,2720,9,12,43,2327
WC1N,2109,10,19,113,1480
WC1R,118,1,0,1,112
WC1V,117,1,1,4,102
WC1X,1440,18,35,163,740
WC2A,219,2,1,3,161
WC2B,834,6,1,4,703
WC2E,421,0,2,7,327
WC2H,412,1,1,12,312
WD1,31362,4228,7493,8085,9284
WD17,217,11,61,12,132
WD18,187,1,3,3,179
WD19,185,23,34,72,18
WD2,30499,3930,11495,6797,6779
WD23,116,4,8,11,84
WD24,127,2,4,18,103
WD25,410,121,118,85,81
WD3,16179,4781,5961,2113,2737
WD4,4470,1505,1255,608,794
WD5,4275,846,1486,1159,592
WD6,16228,1534,4616,4690,4913
WD7,4416,1982,964,610,724
WF1,19449,3458,6821,4288,3941
WF10,22268,3562,10041,6558,1741
WF11,7831,1222,3684,1723,956
WF12,15281,2904,6654,4021,1401
WF13,10595,1257,3513,3550,1840
WF14,8939,2468,3636,1894,697
WF15,7947,1599,3006,2341,886
WF16,4038,798,1784,952,420
WF17,15330,2209,5624,5154,1840
WF2,22253,5737,10704,3302,2256
WF3,13446,4150,5243,3191,740
WF4,18127,5205,8289,3716,691
WF5,9172,2121,4022,2159,664
WF6,9499,2020,4007,2559,757
WF7,10396,2429,4247,3140,437
WF8,15566,4283,7368,2214,1401
WF9,16572,3570,8191,3712,880
WN1,10939,1637,3810,3165,1863
WN2,22731,3969,10916,6019,1544
WN3,12601,2627,6772,2405,662
WN4,11818,2567,6435,2327,372
WN5,19417,3343,9791,4814,1153
WN6,17499,5367,7365,3720,812
WN7,21839,2942,8529,7803,2038
WN8,19273,3935,5888,7044,2215
WR1,7154,392,795,2000,2891
WR10,9483,4189,3010,1419,466
WR11,20298,6638,7001,3920,1957
WR12,2723,1144,791,387,227
WR13,5657,3094,1603,406,219
WR14,14517,4683,4775,1955,2107
WR15,3035,1376,959,463,112
WR2,13515,4325,5448,2128,1148
WR3,9987,2976,4082,1660,951
WR4,10753,2859,3656,2407,1662
WR5,13245,4486,4772,2445,1174
WR6,3554,2148,930,246,56
WR7,2124,1423,529,135,18
WR8,3137,1499,940,407,155
WR9,13620,5122,4055,2514,1541
WS1,11456,1683,2733,3314,2981
WS10,19646,1794,9718,4730,2920
WS11,20773,5887,10061,2162,2264
WS12,14588,4829,6719,1524,1221
WS13,13677,4216,3969,2738,2349
WS14,6792,3463,1916,755,555
WS15,15997,5395,6369,2685,1059
WS2,15636,1031,6421,4881,2969
WS3,21669,3589,10099,4745,2885
WS4,7353,1741,3237,1370,850
WS5,7379,2654,3235,829,595
WS6,6819,1823,3440,1082,378
WS7,12866,4239,5772,1652,893
WS8,7106,1525,3409,1123,895
WS9,10319,3022,4570,1195,1393
WV1,9116,660,3117,1825,2664
WV10,23848,3232,12887,3966,3248
WV11,14810,2324,7927,1881,2317
WV12,9970,1765,5056,1697,1354
WV13,8476,1346,3668,1920,1310
WV14,19699,2981,9647,3238,3418
WV15,4244,1441,1570,829,135
WV16,7289,3085,2149,1160,559
WV2,7426,981,3073,1860,1196
WV3,12751,3416,4385,2132,2168
WV4,11860,2734,6416,881,1681
WV5,5772,2223,2313,522,589
WV6,17969,6283,6165,2374,2598
WV7,2466,840,1008,398,92
WV8,6207,1895,2256,1034,860
WV9,2859,941,1333,166,273
YO1,20041,3475,6181,4984,4118
YO10,150,2,5,2,126
YO11,14472,1970,4122,2532,3431
YO12,17119,3165,6400,4574,2134
YO13,3902,2057,1194,508,59
YO14,5303,1715,1967,846,418
YO15,8352,2173,2369,1397,1071
YO16,10497,2513,4629,1926,1135
YO17,10958,3797,4034,2053,686
YO18,5230,2286,1424,1126,252
YO19,3088,2000,752,279,26
YO2,29227,5951,11267,7691,3423
YO21,6992,2038,2385,1386,647
YO22,3312,1100,1231,665,208
YO23,494,300,47,26,2
YO24,171,107,14,50,0
YO25,14671,6208,5423,2371,336
YO26,2984,1584,815,409,120
YO3,34398,9172,12862,7429,3770
YO30,1144,355,419,253,100
YO31,264,21,54,56,133
YO4,16888,8547,5158,2152,727
YO42,373,155,128,83,6
YO43,317,194,104,17,1
YO5,2477,1076,699,437,153
YO6,13218,6341,3887,2222,479
YO61,131,84,43,3,1
YO7,8564,3330,2521,1912,528
YO8,20304,7502,7416,3776,1246
