outcode,avg_asking_price,Avg asking rent(p/m),avg_gross_yield
AL1,617044,2148.0,4.18
AL10,396676,1549.0,4.69
AL2,642219,1962.0,3.67
AL3,797264,2332.0,3.51
AL4,749391,2350.0,3.76
AL5,779548,2433.0,3.75
AL6,951465,2809.0,3.54
AL7,354577,1510.0,5.11
AL8,559859,1592.0,3.41
AL9,928237,2423.0,3.13
B1,249170,1702.0,8.2
B10,247432,1041.0,5.05
B11,240753,1279.0,6.37
B12,232510,1251.0,6.46
B13,353095,1164.0,3.96
B14,290810,1177.0,4.86
B15,388035,1667.0,5.16
B16,238722,1410.0,7.09
B17,462061,1606.0,4.17
B18,235983,1446.0,7.35
B19,261398,1309.0,6.01
B2,198645,1076.0,6.5
B20,334880,1059.0,3.79
B21,248552,1295.0,6.25
B23,201428,972.0,5.79
B24,273039,1258.0,5.53
B25,256626,1426.0,6.67
B26,241759,1356.0,6.73
B27,257046,1330.0,6.21
B28,358586,1605.0,5.37
B29,391863,2193.0,6.72
B3,281252,1444.0,6.16
B30,308374,1197.0,4.66
B31,272396,1228.0,5.41
B32,262944,1310.0,5.98
B33,256867,1459.0,6.82
B34,243701,1189.0,5.85
B35,189358,3315.0,21.01
B36,330878,1788.0,6.48
B37,238848,1123.0,5.64
B38,333586,1025.0,3.69
B4,272319,1507.0,6.64
B42,233937,1268.0,6.5
B43,292075,1786.0,7.34
B44,214531,1334.0,7.46
B45,443974,1513.0,4.09
B46,488110,1454.0,3.57
B47,426096,1754.0,4.94
B48,631624,2183.0,4.15
B49,488171,1352.0,3.32
B5,217945,1557.0,8.57
B50,400111,1375.0,4.12
B6,199663,2087.0,12.54
B60,421963,1247.0,3.55
B61,413566,1395.0,4.05
B62,405121,1043.0,3.09
B63,280430,916.0,3.92
B64,265448,2100.0,9.49
B65,236848,1379.0,6.99
B66,235110,1493.0,7.62
B67,249095,1093.0,5.27
B68,270970,1041.0,4.61
B69,236157,881.0,4.48
B7,380818,2332.0,7.35
B70,215646,1332.0,7.41
B71,252448,1094.0,5.2
B72,433512,1263.0,3.5
B73,394060,1442.0,4.39
B74,699883,2224.0,3.81
B75,487628,1864.0,4.59
B76,411727,1618.0,4.72
B77,296115,966.0,3.91
B78,442234,1470.0,3.99
B79,404970,1051.0,3.11
B8,215486,1076.0,5.99
B80,419417,1162.0,3.32
B9,211444,1072.0,6.08
B90,364800,1420.0,4.67
B91,515375,1687.0,3.93
B92,382235,1379.0,4.33
B93,675928,1481.0,2.63
B94,882095,1946.0,2.65
B95,867032,1600.0,2.21
B96,565050,1500.0,3.19
B97,344815,912.0,3.17
B98,300625,951.0,3.8
BA1,704939,2662.0,4.53
BA10,698103,1870.0,3.21
BA11,508811,1636.0,3.86
BA12,401819,1383.0,4.13
BA13,363275,1268.0,4.19
BA14,371684,1110.0,3.58
BA15,521940,1588.0,3.65
BA16,381877,1549.0,4.87
BA2,620522,1846.0,3.57
BA20,342256,1217.0,4.27
BA21,299269,938.0,3.76
BA22,480217,1494.0,3.73
BA3,494647,1289.0,3.13
BA4,467175,1615.0,4.15
BA5,592993,1488.0,3.01
BA6,545110,1225.0,2.7
BA7,544056,1303.0,2.87
BA8,496121,1465.0,3.54
BA9,440980,1394.0,3.79
BB1,233105,1081.0,5.56
BB10,240210,604.0,3.02
BB11,159325,687.0,5.17
BB12,243685,642.0,3.16
BB18,265035,690.0,3.12
BB2,252037,1003.0,4.78
BB3,253014,898.0,4.26
BB4,352419,1010.0,3.44
BB5,179448,657.0,4.39
BB6,251624,990.0,4.72
BB7,428939,1335.0,3.73
BB8,260689,898.0,4.13
BB9,227384,707.0,3.73
BD1,63434,895.0,16.93
BD10,286609,983.0,4.12
BD11,354208,861.0,2.92
BD12,235864,853.0,4.34
BD13,255866,719.0,3.37
BD14,250670,946.0,4.53
BD15,285653,925.0,3.89
BD16,293348,957.0,3.91
BD17,335109,900.0,3.22
BD18,275024,754.0,3.29
BD19,311738,1049.0,4.04
BD2,216730,829.0,4.59
BD20,341906,811.0,2.85
BD21,192137,636.0,3.97
BD22,324463,788.0,2.91
BD23,458627,1535.0,4.02
BD24,384744,725.0,2.26
BD3,123967,956.0,9.25
BD4,231038,933.0,4.85
BD5,243851,619.0,3.05
BD6,192274,831.0,5.19
BD7,188373,679.0,4.33
BD8,173676,769.0,5.31
BD9,267024,801.0,3.6
BH1,315130,1280.0,4.87
BH10,357343,1475.0,4.95
BH11,370309,1343.0,4.35
BH12,361005,1453.0,4.83
BH13,1227209,2503.0,2.45
BH14,909558,1926.0,2.54
BH15,372952,1386.0,4.46
BH16,530367,1475.0,3.34
BH17,352698,1279.0,4.35
BH18,626338,2675.0,5.13
BH19,502499,980.0,2.34
BH2,305243,1410.0,5.54
BH20,631379,1600.0,3.04
BH21,618283,1839.0,3.57
BH22,466936,1504.0,3.87
BH23,541104,1590.0,3.53
BH24,663688,1960.0,3.54
BH25,470065,1614.0,4.12
BH3,632229,1529.0,2.9
BH31,468378,1525.0,3.91
BH4,466097,1301.0,3.35
BH5,334382,1234.0,4.43
BH6,524375,1533.0,3.51
BH7,470164,1320.0,3.37
BH8,420425,1485.0,4.24
BH9,381242,1705.0,5.37
BL0,371442,1273.0,4.11
BL1,304932,1011.0,3.98
BL2,276725,880.0,3.82
BL3,248600,791.0,3.82
BL4,217516,1095.0,6.04
BL5,357751,908.0,3.05
BL6,362038,1129.0,3.74
BL7,414506,998.0,2.89
BL8,360310,1088.0,3.62
BL9,321481,1084.0,4.05
BN1,527398,1930.0,4.39
BN10,386271,1950.0,6.06
BN11,363165,1789.0,5.91
BN12,491321,1332.0,3.25
BN13,475189,1706.0,4.31
BN14,458952,1094.0,2.86
BN15,368134,2075.0,6.76
BN16,633915,1578.0,2.99
BN17,330134,1303.0,4.74
BN18,543012,2096.0,4.63
BN2,522938,2153.0,4.94
BN20,541385,1411.0,3.13
BN21,345769,1388.0,4.82
BN22,332285,1191.0,4.3
BN23,330057,1408.0,5.12
BN24,368787,1304.0,4.24
BN25,450307,1491.0,3.97
BN26,570983,1857.0,3.9
BN27,491803,1413.0,3.45
BN3,584781,2080.0,4.27
BN41,372972,2045.0,6.58
BN42,598433,1334.0,2.67
BN43,479566,2487.0,6.22
BN44,619428,2050.0,3.97
BN5,741944,1810.0,2.93
BN6,640952,2515.0,4.71
BN7,628352,2103.0,4.02
BN8,770638,2117.0,3.3
BN9,322950,1043.0,3.88
BR1,604617,1986.0,3.94
BR2,710299,1885.0,3.18
BR3,616625,1863.0,3.63
BR4,592903,2235.0,4.52
BR5,604368,2097.0,4.16
BR6,917650,2235.0,2.92
BR7,973550,3267.0,4.03
BR8,454730,1689.0,4.46
BS1,398047,2137.0,6.44
BS10,410919,1930.0,5.64
BS11,330719,1477.0,5.36
BS13,316800,1564.0,5.92
BS14,347743,1568.0,5.41
BS15,327378,1733.0,6.35
BS16,392147,2217.0,6.78
BS2,334620,1942.0,6.96
BS20,439248,1835.0,5.01
BS21,496329,1140.0,2.76
BS22,349248,1211.0,4.16
BS23,286655,982.0,4.11
BS24,373020,1553.0,5.0
BS25,556611,1650.0,3.56
BS26,633052,1240.0,2.35
BS27,414686,1258.0,3.64
BS28,746709,1600.0,2.57
BS29,434590,1350.0,3.73
BS3,362765,2081.0,6.88
BS30,517585,1599.0,3.71
BS31,526466,1846.0,4.21
BS32,465399,1967.0,5.07
BS34,353369,2632.0,8.94
BS35,467276,1692.0,4.35
BS36,536263,1849.0,4.14
BS37,470376,1404.0,3.58
BS39,593644,2194.0,4.43
BS4,350152,1955.0,6.7
BS40,828506,1822.0,2.64
BS41,653905,1950.0,3.58
BS48,546150,2504.0,5.5
BS49,530743,1205.0,2.72
BS5,349060,2125.0,7.31
BS6,575841,2373.0,4.95
BS7,472279,2530.0,6.43
BS8,654994,2624.0,4.81
BS9,625861,2609.0,5.0
CA1,197523,722.0,4.39
CA10,507475,1199.0,2.84
CA11,428965,1512.0,4.23
CA12,514401,1500.0,3.5
CA13,341263,1790.0,6.29
CA14,239576,674.0,3.38
CA15,229103,795.0,4.16
CA16,432640,645.0,1.79
CA17,429688,965.0,2.69
CA2,189820,619.0,3.91
CA20,274237,675.0,2.95
CA22,256361,,
CA25,228912,875.0,4.59
CA26,220094,575.0,3.14
CA27,283629,,
CA28,224248,1155.0,6.18
CA3,262387,956.0,4.37
CA4,597998,1430.0,2.87
CA5,401450,1080.0,3.23
CA6,357058,559.0,1.88
CA7,274889,976.0,4.26
CA8,546439,900.0,1.98
CA9,231363,2268.0,11.76
CB1,516325,2731.0,6.35
CB10,686864,1739.0,3.04
CB11,734867,2021.0,3.3
CB2,717021,2807.0,4.7
CB21,641026,1907.0,3.57
CB22,677497,1851.0,3.28
CB23,532363,1727.0,3.89
CB24,448868,1475.0,3.94
CB25,467873,1558.0,4.0
CB3,728774,3507.0,5.77
CB4,464302,2027.0,5.24
CB5,568201,2199.0,4.64
CB6,383818,1439.0,4.5
CB7,394330,1309.0,3.98
CB8,494277,1568.0,3.81
CB9,414694,1608.0,4.65
CF10,212113,1856.0,10.5
CF11,290078,1739.0,7.19
CF14,469989,1448.0,3.7
CF15,436877,1177.0,3.23
CF23,470604,1652.0,4.21
CF24,273653,1665.0,7.3
CF3,357588,1569.0,5.27
CF31,283360,1014.0,4.29
CF32,329545,874.0,3.18
CF33,255363,825.0,3.88
CF34,196806,567.0,3.46
CF35,372944,1267.0,4.08
CF36,406153,1226.0,3.62
CF37,200450,1056.0,6.32
CF38,299246,993.0,3.98
CF39,200533,760.0,4.55
CF40,141842,768.0,6.5
CF41,146782,722.0,5.9
CF42,156225,700.0,5.38
CF43,105286,706.0,8.05
CF44,236544,688.0,3.49
CF45,152997,891.0,6.99
CF46,297907,802.0,3.23
CF47,207613,845.0,4.88
CF48,243551,722.0,3.56
CF5,395249,1497.0,4.54
CF61,380020,1095.0,3.46
CF62,361305,1087.0,3.61
CF63,233758,938.0,4.82
CF64,483634,1657.0,4.11
CF71,634186,1577.0,2.98
CF72,342133,1261.0,4.42
CF81,172193,623.0,4.34
CF82,258177,984.0,4.57
CF83,327344,1440.0,5.28
CH1,302033,1049.0,4.17
CH2,404527,936.0,2.78
CH3,479971,1660.0,4.15
CH4,400581,1982.0,5.94
CH41,139888,962.0,8.25
CH42,205423,796.0,4.65
CH43,346500,795.0,2.75
CH44,178790,773.0,5.19
CH45,259267,853.0,3.95
CH46,237764,1036.0,5.23
CH47,441422,1606.0,4.37
CH48,611234,1409.0,2.77
CH49,269408,1331.0,5.93
CH5,274342,943.0,4.12
CH6,251548,845.0,4.03
CH60,565233,1487.0,3.16
CH61,351032,1150.0,3.93
CH62,294084,957.0,3.91
CH63,373238,1290.0,4.15
CH64,451579,1244.0,3.31
CH65,189987,892.0,5.63
CH66,304256,882.0,3.48
CH7,354417,876.0,2.97
CH8,313768,906.0,3.46
CM0,416825,1546.0,4.45
CM1,442114,1604.0,4.35
CM11,707568,2383.0,4.04
CM12,674119,1743.0,3.1
CM13,801382,2920.0,4.37
CM14,540042,1746.0,3.88
CM15,683796,2277.0,4.0
CM16,804547,2801.0,4.18
CM17,494323,2019.0,4.9
CM18,393849,1349.0,4.11
CM19,570440,2035.0,4.28
CM2,437959,1549.0,4.24
CM20,391000,1590.0,4.88
CM21,541413,1669.0,3.7
CM22,683960,2008.0,3.52
CM23,501328,1644.0,3.94
CM24,634663,1270.0,2.4
CM3,649518,1987.0,3.67
CM4,1037870,1669.0,1.93
CM5,719106,2983.0,4.98
CM6,673317,1742.0,3.1
CM7,444087,1450.0,3.92
CM77,560071,1520.0,3.26
CM8,572508,1171.0,2.45
CM9,495397,1812.0,4.39
CO1,267676,1116.0,5.0
CO10,474979,1367.0,3.45
CO11,478600,1212.0,3.04
CO12,322006,1128.0,4.2
CO13,389739,1425.0,4.39
CO14,293308,1513.0,6.19
CO15,277298,1165.0,5.04
CO16,350569,1502.0,5.14
CO2,327103,1327.0,4.87
CO3,439246,1362.0,3.72
CO4,409301,1555.0,4.56
CO5,493735,1242.0,3.02
CO6,584787,1848.0,3.79
CO7,524614,1610.0,3.68
CO8,635041,,
CO9,501459,1714.0,4.1
CR0,407560,1826.0,5.38
CR2,506445,1709.0,4.05
CR3,649574,1981.0,3.66
CR4,426348,1977.0,5.56
CR5,752771,2698.0,4.3
CR6,568754,2431.0,5.13
CR7,397254,1687.0,5.1
CR8,616658,1918.0,3.73
CT1,336183,1083.0,3.87
CT10,527102,1193.0,2.72
CT11,348496,1106.0,3.81
CT12,380970,1430.0,4.5
CT13,479553,1467.0,3.67
CT14,432140,1224.0,3.4
CT15,545704,1450.0,3.19
CT16,329758,975.0,3.55
CT17,268845,1368.0,6.11
CT18,469840,1094.0,2.79
CT19,319855,1346.0,5.05
CT2,425579,1274.0,3.59
CT20,373260,1230.0,3.95
CT21,504176,1194.0,2.84
CT3,527601,1470.0,3.34
CT4,739740,2027.0,3.29
CT5,519011,1387.0,3.21
CT6,394503,1397.0,4.25
CT7,372172,1283.0,4.14
CT8,344783,1126.0,3.92
CT9,364747,1311.0,4.31
CV1,210195,1231.0,7.03
CV10,271057,1044.0,4.62
CV11,324810,1004.0,3.71
CV12,289390,1011.0,4.19
CV13,570353,1212.0,2.55
CV2,228205,1096.0,5.76
CV21,263206,901.0,4.11
CV22,382354,1295.0,4.06
CV23,460906,1345.0,3.5
CV3,319014,1263.0,4.75
CV31,391958,1886.0,5.77
CV32,470156,1966.0,5.02
CV33,489647,1709.0,4.19
CV34,388841,1335.0,4.12
CV35,780757,1901.0,2.92
CV36,596102,3811.0,7.67
CV37,492389,2094.0,5.1
CV4,365293,1592.0,5.23
CV47,492092,1386.0,3.38
CV5,340607,1312.0,4.62
CV6,232219,1140.0,5.89
CV7,518116,1459.0,3.38
CV8,487583,1490.0,3.67
CV9,435899,890.0,2.45
CW1,245773,844.0,4.12
CW10,337936,1107.0,3.93
CW11,385715,927.0,2.88
CW12,378410,1099.0,3.49
CW2,322384,977.0,3.64
CW3,528024,1215.0,2.76
CW4,591011,1974.0,4.01
CW5,467244,1441.0,3.7
CW6,711329,1814.0,3.06
CW7,255532,1223.0,5.74
CW8,369837,1194.0,3.87
CW9,344581,1001.0,3.49
DA1,362723,1815.0,6.0
DA10,345101,1768.0,6.15
DA11,358234,1317.0,4.41
DA12,401348,1316.0,3.93
DA13,640313,2071.0,3.88
DA14,467717,1691.0,4.34
DA15,531613,2022.0,4.56
DA16,449745,1961.0,5.23
DA17,347369,1915.0,6.62
DA2,477563,2156.0,5.42
DA3,558664,1800.0,3.87
DA4,542818,1433.0,3.17
DA5,569294,2308.0,4.86
DA6,519029,1681.0,3.89
DA7,477296,1802.0,4.53
DA8,361045,1650.0,5.48
DA9,317692,1820.0,6.87
DE1,192819,905.0,5.63
DE11,280163,733.0,3.14
DE12,396590,915.0,2.77
DE13,432075,986.0,2.74
DE14,211168,801.0,4.55
DE15,322709,1500.0,5.58
DE21,280223,865.0,3.7
DE22,357233,958.0,3.22
DE23,303338,849.0,3.36
DE24,239513,825.0,4.13
DE3,358561,1099.0,3.68
DE4,426738,1203.0,3.38
DE45,617341,1348.0,2.62
DE5,310411,768.0,2.97
DE55,306055,898.0,3.52
DE56,355970,1157.0,3.9
DE6,515637,1031.0,2.4
DE65,386661,1007.0,3.13
DE7,318709,942.0,3.55
DE72,374869,1340.0,4.29
DE73,394805,1157.0,3.52
DE74,387462,775.0,2.4
DE75,274274,1025.0,4.48
DH1,359769,1268.0,4.23
DH2,214606,987.0,5.52
DH3,281108,712.0,3.04
DH4,234251,729.0,3.73
DH5,191084,659.0,4.14
DH6,219559,684.0,3.74
DH7,242365,814.0,4.03
DH8,250615,816.0,3.91
DH9,169241,566.0,4.01
DL1,183688,687.0,4.49
DL10,380241,863.0,2.72
DL11,455463,868.0,2.29
DL12,376593,785.0,2.5
DL13,301374,769.0,3.06
DL14,173909,617.0,4.26
DL15,170569,603.0,4.24
DL16,191511,598.0,3.75
DL17,160360,607.0,4.54
DL2,332649,1286.0,4.64
DL3,263310,692.0,3.15
DL4,95127,509.0,6.42
DL5,189270,720.0,4.56
DL6,382988,1196.0,3.75
DL7,395050,992.0,3.01
DL8,398987,913.0,2.75
DL9,203385,756.0,4.46
DN1,237558,588.0,2.97
DN10,390818,1046.0,3.21
DN11,240538,862.0,4.3
DN12,237329,788.0,3.98
DN14,321417,856.0,3.2
DN15,220984,618.0,3.36
DN16,162396,719.0,5.31
DN17,242937,705.0,3.48
DN18,242126,648.0,3.21
DN19,305162,778.0,3.06
DN2,235069,636.0,3.25
DN20,272962,753.0,3.31
DN21,260375,664.0,3.06
DN22,376978,810.0,2.58
DN3,247110,976.0,4.74
DN31,107220,604.0,6.76
DN32,147564,603.0,4.9
DN33,213098,1040.0,5.86
DN34,173476,1007.0,6.97
DN35,191702,836.0,5.23
DN36,277368,1180.0,5.11
DN37,303196,1090.0,4.31
DN38,311225,,
DN39,291409,1324.0,5.45
DN4,267897,689.0,3.09
DN40,197434,759.0,4.61
DN41,292878,1004.0,4.11
DN5,279734,687.0,2.95
DN6,272625,635.0,2.8
DN7,278848,754.0,3.24
DN8,256783,668.0,3.12
DN9,363235,876.0,2.89
DT1,333197,1383.0,4.98
DT10,537049,1079.0,2.41
DT11,472371,1683.0,4.28
DT2,669560,1579.0,2.83
DT3,471791,1317.0,3.35
DT4,336212,1121.0,4.0
DT5,293417,916.0,3.75
DT6,487764,1556.0,3.83
DT7,543152,1757.0,3.88
DT8,506208,1447.0,3.43
DT9,505901,1110.0,2.63
DY1,240058,855.0,4.27
DY10,368113,1098.0,3.58
DY11,351355,863.0,2.95
DY12,433004,1302.0,3.61
DY13,354113,834.0,2.83
DY14,474513,1143.0,2.89
DY2,217977,920.0,5.06
DY3,318492,918.0,3.46
DY4,226682,1062.0,5.62
DY5,229091,1098.0,5.75
DY6,319606,1035.0,3.89
DY7,570495,1200.0,2.52
DY8,327012,1156.0,4.24
DY9,545874,1266.0,2.78
E1,741960,3332.0,5.39
E10,484618,2051.0,5.08
E11,642698,2250.0,4.2
E12,497014,2109.0,5.09
E13,400006,2164.0,6.49
E14,669908,3085.0,5.53
E15,492856,2420.0,5.89
E16,475086,2418.0,6.11
E17,545910,2220.0,4.88
E18,499379,2359.0,5.67
E2,630791,2802.0,5.33
E3,451366,2479.0,6.59
E4,565732,2013.0,4.27
E5,665905,2625.0,4.73
E6,392919,2166.0,6.62
E7,468987,2111.0,5.4
E8,696206,2972.0,5.12
E9,625041,2975.0,5.71
EC1,958219,3705.0,4.64
EC2,2364547,4082.0,2.07
EC3,1507727,5500.0,4.38
EC4,1375060,4848.0,4.23
EN1,487279,2045.0,5.04
EN10,664499,1640.0,2.96
EN11,458688,1522.0,3.98
EN2,587505,2233.0,4.56
EN3,371695,1983.0,6.4
EN4,1023511,3816.0,4.47
EN5,908456,2548.0,3.37
EN6,823532,3088.0,4.5
EN7,691444,3541.0,6.15
EN8,391066,1546.0,4.74
EN9,571114,2709.0,5.69
EX1,366703,1637.0,5.36
EX10,513684,1418.0,3.31
EX11,609545,1003.0,1.97
EX12,425340,914.0,2.58
EX13,443452,960.0,2.6
EX14,421225,1018.0,2.9
EX15,451371,1061.0,2.82
EX16,444512,1135.0,3.06
EX17,536858,891.0,1.99
EX18,497351,1225.0,2.96
EX19,402160,1100.0,3.28
EX2,372866,1523.0,4.9
EX20,431218,990.0,2.75
EX21,447007,1156.0,3.1
EX22,439221,927.0,2.53
EX23,386333,1164.0,3.62
EX24,670044,1643.0,2.94
EX3,765094,2198.0,3.45
EX31,466280,917.0,2.36
EX32,386973,900.0,2.79
EX33,548449,1234.0,2.7
EX34,358840,844.0,2.82
EX35,535035,,
EX36,397759,1017.0,3.07
EX37,623757,1167.0,2.25
EX38,325306,886.0,3.27
EX39,389046,1085.0,3.35
EX4,348231,1555.0,5.36
EX5,492756,1270.0,3.09
EX6,464521,1303.0,3.37
EX7,335755,1290.0,4.61
EX8,392286,1388.0,4.25
EX9,520889,1550.0,3.57
FY1,123086,650.0,6.34
FY2,192032,620.0,3.87
FY3,191295,794.0,4.98
FY4,212283,624.0,3.53
FY5,227361,896.0,4.73
FY6,289708,1103.0,4.57
FY7,186182,637.0,4.11
FY8,372487,986.0,3.18
GL1,233639,1301.0,6.68
GL10,418939,1399.0,4.01
GL11,432057,1906.0,5.29
GL12,545250,1529.0,3.37
GL13,486634,2982.0,7.35
GL14,322233,826.0,3.08
GL15,384947,1508.0,4.7
GL16,388856,900.0,2.78
GL17,387295,1200.0,3.72
GL18,437682,960.0,2.63
GL19,808096,1300.0,1.93
GL2,405655,1445.0,4.27
GL20,377729,1795.0,5.7
GL3,358846,1285.0,4.3
GL4,411213,1431.0,4.18
GL5,484159,1157.0,2.87
GL50,477521,1387.0,3.49
GL51,405610,1382.0,4.09
GL52,554814,1807.0,3.91
GL53,711254,1318.0,2.22
GL54,776956,3113.0,4.81
GL55,743106,1749.0,2.82
GL56,720867,3124.0,5.2
GL6,824598,2691.0,3.92
GL7,714383,2249.0,3.78
GL8,660591,2231.0,4.05
GU1,499805,1938.0,4.65
GU10,1110479,3500.0,3.78
GU11,318977,1383.0,5.2
GU12,419149,2021.0,5.79
GU14,372183,1617.0,5.21
GU15,521283,1747.0,4.02
GU16,530394,2412.0,5.46
GU17,540595,1870.0,4.15
GU18,635570,3300.0,6.23
GU19,478991,1809.0,4.53
GU2,510980,2108.0,4.95
GU20,1542331,2792.0,2.17
GU21,502019,2046.0,4.89
GU22,690618,2360.0,4.1
GU23,1016360,3758.0,4.44
GU24,867587,3792.0,5.24
GU25,2495380,5528.0,2.66
GU26,662723,2450.0,4.44
GU27,833818,1586.0,2.28
GU28,841339,1900.0,2.71
GU29,633659,2926.0,5.54
GU3,817379,2497.0,3.67
GU30,845836,2657.0,3.77
GU31,727226,2531.0,4.18
GU32,806043,1579.0,2.35
GU33,779101,2267.0,3.49
GU34,610206,1674.0,3.29
GU35,515931,2844.0,6.61
GU4,787819,2600.0,3.96
GU46,553405,2260.0,4.9
GU47,543480,1681.0,3.71
GU5,948213,3545.0,4.49
GU51,485475,1817.0,4.49
GU52,583221,1313.0,2.7
GU6,744995,2074.0,3.34
GU7,615119,2852.0,5.56
GU8,1097603,6677.0,7.3
GU9,601709,2376.0,4.74
HA0,521215,2048.0,4.72
HA1,481634,2037.0,5.08
HA2,476702,1947.0,4.9
HA3,567715,2087.0,4.41
HA4,580236,1988.0,4.11
HA5,739479,2151.0,3.49
HA6,1208917,2445.0,2.43
HA7,890120,3010.0,4.06
HA8,570557,2205.0,4.64
HA9,539298,2187.0,4.87
HD1,195397,760.0,4.67
HD2,350382,950.0,3.25
HD3,278147,773.0,3.33
HD4,327370,967.0,3.54
HD5,262351,817.0,3.74
HD6,295728,1057.0,4.29
HD7,324254,774.0,2.86
HD8,402141,1099.0,3.28
HD9,447857,1235.0,3.31
HG1,402052,1530.0,4.57
HG2,576100,1395.0,2.91
HG3,675602,1494.0,2.65
HG4,353839,1321.0,4.48
HG5,498579,2057.0,4.95
HP1,445245,1676.0,4.52
HP10,784423,2634.0,4.03
HP11,577400,1809.0,3.76
HP12,421194,1713.0,4.88
HP13,413581,1350.0,3.92
HP14,824055,2993.0,4.36
HP15,649789,1805.0,3.33
HP16,928929,2010.0,2.6
HP17,846519,2111.0,2.99
HP18,586489,2099.0,4.29
HP19,301237,1449.0,5.77
HP2,399517,1741.0,5.23
HP20,314102,1446.0,5.52
HP21,351698,1708.0,5.83
HP22,686900,2075.0,3.62
HP23,760471,3216.0,5.07
HP27,755434,2580.0,4.1
HP3,614567,1642.0,3.21
HP4,793573,2156.0,3.26
HP5,665096,1631.0,2.94
HP6,871613,1986.0,2.73
HP7,854730,2330.0,3.27
HP8,1311331,3589.0,3.28
HP9,1662621,7123.0,5.14
HR1,421770,1228.0,3.49
HR2,543224,1243.0,2.75
HR3,591771,1100.0,2.23
HR4,367847,970.0,3.16
HR5,427203,1133.0,3.18
HR6,541350,1105.0,2.45
HR7,356078,750.0,2.53
HR8,454318,939.0,2.48
HR9,528010,1222.0,2.78
HU1,145394,834.0,6.88
HU10,331677,1008.0,3.65
HU11,278337,824.0,3.55
HU12,255071,984.0,4.63
HU13,262730,888.0,4.06
HU14,495387,1456.0,3.53
HU15,365929,913.0,2.99
HU16,285317,1269.0,5.34
HU17,336768,902.0,3.21
HU18,245971,717.0,3.5
HU19,202094,653.0,3.88
HU2,133016,692.0,6.24
HU3,129817,560.0,5.18
HU4,178697,724.0,4.86
HU5,191363,720.0,4.51
HU6,217377,721.0,3.98
HU7,190667,700.0,4.41
HU8,173332,686.0,4.75
HU9,134756,734.0,6.54
HX1,154286,679.0,5.28
HX2,277347,856.0,3.7
HX3,325304,998.0,3.68
HX4,389451,861.0,2.65
HX5,231314,820.0,4.25
HX6,340965,787.0,2.77
HX7,360738,1426.0,4.74
IG1,517105,1699.0,3.94
IG10,874071,2363.0,3.24
IG11,325237,1784.0,6.58
IG2,411308,1820.0,5.31
IG3,508835,1819.0,4.29
IG4,632820,1781.0,3.38
IG5,596647,2258.0,4.54
IG6,543842,1840.0,4.06
IG7,1047366,3869.0,4.43
IG8,709160,2231.0,3.78
IG9,628979,2273.0,4.34
IP1,284114,1403.0,5.93
IP10,479353,3675.0,9.2
IP11,313093,1179.0,4.52
IP12,534823,1453.0,3.26
IP13,570250,1728.0,3.64
IP14,378410,1225.0,3.88
IP15,715317,2467.0,4.14
IP16,335180,1083.0,3.88
IP17,422691,1233.0,3.5
IP18,668846,1807.0,3.24
IP19,882672,1327.0,1.8
IP2,236826,1149.0,5.82
IP20,324547,1594.0,5.89
IP21,447277,1492.0,4.0
IP22,441944,1306.0,3.55
IP23,427315,1513.0,4.25
IP24,300207,1300.0,5.2
IP25,365650,1228.0,4.03
IP26,490122,1318.0,3.23
IP27,294617,1369.0,5.58
IP28,378947,1352.0,4.28
IP29,783507,1983.0,3.04
IP3,283323,1464.0,6.2
IP30,466541,1290.0,3.32
IP31,537959,1349.0,3.01
IP32,323595,1454.0,5.39
IP33,334372,1520.0,5.46
IP4,304827,1520.0,5.98
IP5,389158,1184.0,3.65
IP6,396946,1212.0,3.66
IP7,504874,868.0,2.06
IP8,440236,1200.0,3.27
IP9,489831,1300.0,3.18
KT1,660251,2567.0,4.67
KT10,1292289,4082.0,3.79
KT11,1453159,5251.0,4.34
KT12,809120,2822.0,4.19
KT13,1327951,3914.0,3.54
KT14,577996,2925.0,6.07
KT15,480002,2023.0,5.06
KT16,598326,2242.0,4.5
KT17,654473,2473.0,4.53
KT18,626008,2680.0,5.14
KT19,515299,2197.0,5.12
KT2,1165042,3127.0,3.22
KT20,966383,3892.0,4.83
KT21,753243,2803.0,4.47
KT22,946558,7629.0,9.67
KT23,907233,2988.0,3.95
KT24,1139534,4306.0,4.53
KT3,798501,2613.0,3.93
KT4,629556,2901.0,5.53
KT5,634998,2966.0,5.61
KT6,591436,2419.0,4.91
KT7,811724,3813.0,5.64
KT8,648284,4005.0,7.41
KT9,454841,1821.0,4.8
L1,193525,1291.0,8.01
L10,205559,829.0,4.84
L11,145264,816.0,6.74
L12,309339,1267.0,4.91
L13,139825,867.0,7.44
L14,193816,759.0,4.7
L15,235009,1380.0,7.05
L16,377071,1250.0,3.98
L17,297009,1091.0,4.41
L18,448879,1405.0,3.76
L19,281110,954.0,4.07
L2,144297,1299.0,10.8
L20,120405,882.0,8.79
L21,173029,815.0,5.65
L22,250471,830.0,3.98
L23,394973,1681.0,5.11
L24,266172,1181.0,5.32
L25,405577,1250.0,3.7
L26,332533,1023.0,3.69
L27,178746,838.0,5.63
L28,102455,791.0,9.26
L3,204897,1170.0,6.85
L30,190274,1278.0,8.06
L31,320433,1189.0,4.45
L32,194228,859.0,5.31
L33,169110,774.0,5.49
L34,325061,1975.0,7.29
L35,314552,935.0,3.57
L36,236642,1290.0,6.54
L37,534051,2777.0,6.24
L38,416456,,
L39,492013,728.0,1.78
L4,126389,884.0,8.39
L40,429761,1276.0,3.56
L5,146677,1273.0,10.41
L6,157571,1247.0,9.5
L7,201532,991.0,5.9
L8,203311,1023.0,6.04
L9,165887,866.0,6.26
LA1,232678,950.0,4.9
LA10,298087,,
LA11,371144,923.0,2.98
LA12,420140,1102.0,3.15
LA13,293096,1095.0,4.48
LA14,189707,781.0,4.94
LA15,216897,875.0,4.84
LA16,296030,,
LA17,292206,,
LA18,253265,653.0,3.09
LA19,510839,,
LA2,443377,1030.0,2.79
LA21,779091,1950.0,3.0
LA22,590207,899.0,1.83
LA23,473778,803.0,2.03
LA3,213176,874.0,4.92
LA4,210594,1194.0,6.8
LA5,360847,921.0,3.06
LA6,391608,1365.0,4.18
LA7,410935,998.0,2.91
LA8,506118,1302.0,3.09
LA9,338896,874.0,3.09
LD1,294612,567.0,2.31
LD2,330743,400.0,1.45
LD3,512913,964.0,2.26
LD6,319568,,
LD7,332890,1409.0,5.08
LD8,441966,798.0,2.17
LE1,166421,1038.0,7.48
LE10,347596,1019.0,3.52
LE11,287069,1027.0,4.29
LE12,403990,1093.0,3.25
LE13,308427,870.0,3.38
LE14,601995,1324.0,2.64
LE15,596217,1440.0,2.9
LE16,448928,1584.0,4.23
LE17,485426,1376.0,3.4
LE18,287047,1025.0,4.29
LE19,345795,957.0,3.32
LE2,322704,1057.0,3.93
LE3,269712,1016.0,4.52
LE4,292751,1128.0,4.62
LE5,315720,1242.0,4.72
LE6,470597,928.0,2.37
LE65,372440,932.0,3.0
LE67,363485,953.0,3.15
LE7,471262,1178.0,3.0
LE8,418115,1255.0,3.6
LE9,376682,965.0,3.07
LL11,277031,802.0,3.47
LL12,384246,1148.0,3.59
LL13,336042,879.0,3.14
LL14,249360,1125.0,5.41
LL15,362792,969.0,3.21
LL16,349160,1354.0,4.65
LL17,372430,,
LL18,223230,667.0,3.59
LL19,260947,900.0,4.14
LL20,342067,983.0,3.45
LL21,330298,,
LL22,309852,973.0,3.77
LL23,337903,550.0,1.95
LL24,340344,,
LL26,347548,725.0,2.5
LL28,328643,999.0,3.65
LL29,275116,840.0,3.66
LL30,340387,2995.0,10.56
LL31,339705,1369.0,4.84
LL32,333650,924.0,3.32
LL33,342850,550.0,1.93
LL34,282973,732.0,3.1
LL35,434558,,
LL36,259278,810.0,3.75
LL38,192818,,
LL40,339512,,
LL41,213485,750.0,4.22
LL42,342147,,
LL43,218791,900.0,4.94
LL44,303623,750.0,2.96
LL46,441771,625.0,1.7
LL48,333920,795.0,2.86
LL49,261851,2500.0,11.46
LL52,378583,,
LL53,401553,925.0,2.76
LL54,292271,795.0,3.26
LL55,266146,542.0,2.44
LL56,381864,950.0,2.99
LL57,275537,825.0,3.59
LL58,469060,995.0,2.55
LL59,345732,687.0,2.38
LL60,356869,1350.0,4.54
LL61,307072,895.0,3.5
LL64,523440,2400.0,5.5
LL65,411315,806.0,2.35
LL67,285636,1250.0,5.25
LL68,362369,523.0,1.73
LL71,432306,,
LL74,403824,1488.0,4.42
LL77,322286,573.0,2.13
LN1,321988,1148.0,4.28
LN10,434250,1189.0,3.29
LN11,347923,789.0,2.72
LN12,241895,1088.0,5.4
LN13,293625,975.0,3.98
LN2,389903,1010.0,3.11
LN3,328410,1455.0,5.32
LN4,272849,1272.0,5.59
LN5,277151,937.0,4.06
LN6,290938,969.0,4.0
LN7,319200,1200.0,4.51
LN8,367439,805.0,2.63
LN9,378625,837.0,2.65
LS1,280991,1306.0,5.58
LS10,233431,1201.0,6.17
LS11,192427,972.0,6.06
LS12,231794,1159.0,6.0
LS13,228839,763.0,4.0
LS14,472857,1382.0,3.51
LS15,345528,983.0,3.41
LS16,442277,1161.0,3.15
LS17,570276,1546.0,3.25
LS18,380159,1252.0,3.95
LS19,354762,967.0,3.27
LS2,190169,1595.0,10.06
LS20,423482,1280.0,3.63
LS21,485254,1024.0,2.53
LS22,618483,1929.0,3.74
LS23,555711,1270.0,2.74
LS24,544828,1324.0,2.92
LS25,382983,1059.0,3.32
LS26,339551,1097.0,3.88
LS27,265610,929.0,4.2
LS28,315430,1025.0,3.9
LS29,515083,1309.0,3.05
LS3,184302,1647.0,10.72
LS4,229562,1580.0,8.26
LS5,246931,1163.0,5.65
LS6,377951,2090.0,6.64
LS7,276391,1213.0,5.27
LS8,394195,1008.0,3.07
LS9,183352,1091.0,7.14
LU1,270137,1139.0,5.06
LU2,367352,1376.0,4.49
LU3,359090,1320.0,4.41
LU4,371035,1345.0,4.35
LU5,388195,1334.0,4.12
LU6,536394,1293.0,2.89
LU7,483034,1427.0,3.55
M1,283859,1830.0,7.74
M11,204473,1513.0,8.88
M12,215670,1242.0,6.91
M13,326569,1603.0,5.89
M14,292834,2309.0,9.46
M15,305855,1928.0,7.56
M16,328193,1330.0,4.86
M18,215135,1278.0,7.13
M19,332118,1911.0,6.9
M2,278972,1613.0,6.94
M20,452638,1672.0,4.43
M21,518582,1539.0,3.56
M22,269648,1129.0,5.02
M23,303522,1273.0,5.03
M24,291812,1058.0,4.35
M25,387087,1263.0,3.92
M26,263938,905.0,4.11
M27,296774,1146.0,4.63
M28,413501,1573.0,4.56
M29,318595,968.0,3.65
M3,289450,1908.0,7.91
M30,355851,1244.0,4.2
M31,284108,1042.0,4.4
M32,376080,1474.0,4.7
M33,456824,1435.0,3.77
M34,269542,1035.0,4.61
M35,313761,930.0,3.56
M38,200177,1000.0,5.99
M4,277733,1610.0,6.96
M40,256358,1287.0,6.02
M41,387465,1212.0,3.75
M43,245930,955.0,4.66
M44,269361,1088.0,4.85
M45,503214,1053.0,2.51
M46,254199,872.0,4.12
M5,231773,1442.0,7.47
M50,245182,1405.0,6.88
M6,248006,1276.0,6.17
M7,382654,1273.0,3.99
M8,247191,1532.0,7.44
M9,239359,1061.0,5.32
ME1,377047,1332.0,4.24
ME10,325625,1139.0,4.2
ME11,225000,1058.0,5.64
ME12,314877,1186.0,4.52
ME13,470339,1313.0,3.35
ME14,440715,1271.0,3.46
ME15,438909,1817.0,4.97
ME16,359871,1398.0,4.66
ME17,593418,2091.0,4.23
ME18,586207,1713.0,3.51
ME19,595567,1840.0,3.71
ME2,341125,1124.0,3.95
ME20,410766,1400.0,4.09
ME3,400638,1429.0,4.28
ME4,309894,1355.0,5.25
ME5,396525,1271.0,3.85
ME6,330892,1026.0,3.72
ME7,330640,1180.0,4.28
ME8,416787,1669.0,4.81
ME9,554947,1280.0,2.77
MK10,407567,1899.0,5.59
MK11,410978,1732.0,5.06
MK12,354847,1827.0,6.18
MK13,358488,1303.0,4.36
MK14,399509,1405.0,4.22
MK15,439428,1571.0,4.29
MK16,499472,1784.0,4.29
MK17,683456,1511.0,2.65
MK18,572118,1369.0,2.87
MK19,520009,1813.0,4.18
MK2,290046,1446.0,5.98
MK3,361095,1932.0,6.42
MK4,459656,1741.0,4.55
MK40,394992,1077.0,3.27
MK41,424284,1535.0,4.34
MK42,352923,1320.0,4.49
MK43,520018,1213.0,2.8
MK44,603635,1940.0,3.86
MK45,542080,1476.0,3.27
MK46,594310,1603.0,3.24
MK5,576678,1790.0,3.72
MK6,308770,1499.0,5.83
MK7,502373,1640.0,3.92
MK8,457593,1884.0,4.94
MK9,237142,1828.0,9.25
N1,904142,3486.0,4.63
N10,824738,2061.0,3.0
N11,544021,2288.0,5.05
N12,612014,3021.0,5.92
N13,587618,1850.0,3.78
N14,803234,2105.0,3.14
N15,541289,2536.0,5.62
N16,816257,2595.0,3.81
N17,410055,2590.0,7.58
N18,379465,1795.0,5.68
N19,681043,2793.0,4.92
N2,2961652,6981.0,2.83
N20,1299099,2798.0,2.58
N21,893395,2823.0,3.79
N22,590862,2407.0,4.89
N3,975542,2628.0,3.23
N4,720067,2662.0,4.44
N5,778029,3443.0,5.31
N6,2384738,3939.0,1.98
N7,623383,2824.0,5.44
N8,602964,2560.0,5.09
N9,367056,1735.0,5.67
NE1,201319,1511.0,9.01
NE10,163255,889.0,6.53
NE11,191328,959.0,6.01
NE12,258487,1201.0,5.58
NE13,356198,1428.0,4.81
NE15,275614,874.0,3.81
NE16,280388,899.0,3.85
NE17,167974,595.0,4.25
NE19,349233,,
NE2,372212,1787.0,5.76
NE20,862238,2554.0,3.55
NE21,183654,1286.0,8.4
NE22,256395,554.0,2.59
NE23,254963,971.0,4.57
NE24,185354,695.0,4.5
NE25,273996,766.0,3.35
NE26,361849,1874.0,6.21
NE27,259917,849.0,3.92
NE28,193257,1262.0,7.84
NE29,197792,887.0,5.38
NE3,362359,1448.0,4.8
NE30,377679,1841.0,5.85
NE31,205285,749.0,4.38
NE32,157990,708.0,5.38
NE33,151226,1328.0,10.54
NE34,206087,901.0,5.25
NE35,191568,525.0,3.29
NE36,316267,,
NE37,164223,645.0,4.71
NE38,232202,863.0,4.46
NE39,324377,844.0,3.12
NE4,163543,1156.0,8.48
NE40,273114,821.0,3.61
NE41,369282,,
NE42,232799,,
NE43,547091,1833.0,4.02
NE45,668839,1048.0,1.88
NE46,446079,1378.0,3.71
NE47,360748,710.0,2.36
NE48,350820,1250.0,4.28
NE49,254344,,
NE5,211274,870.0,4.94
NE6,207794,1350.0,7.8
NE61,497391,1715.0,4.14
NE62,222584,773.0,4.17
NE63,157492,739.0,5.63
NE64,203763,693.0,4.08
NE65,495765,789.0,1.91
NE66,497025,1007.0,2.43
NE67,469338,,
NE68,509568,650.0,1.53
NE7,274042,1143.0,5.01
NE70,349996,,
NE71,254266,658.0,3.11
NE8,154580,1197.0,9.29
NE9,263423,958.0,4.36
NG1,196314,1376.0,8.41
NG10,272080,881.0,3.89
NG11,381775,1067.0,3.35
NG12,495987,1649.0,3.99
NG13,428991,1167.0,3.26
NG14,444866,1564.0,4.22
NG15,344981,915.0,3.18
NG16,299897,957.0,3.83
NG17,251083,771.0,3.68
NG18,288091,725.0,3.02
NG19,244594,799.0,3.92
NG2,348255,1324.0,4.56
NG20,232197,781.0,4.04
NG21,298930,921.0,3.7
NG22,363866,1051.0,3.47
NG23,491876,1192.0,2.91
NG24,282592,826.0,3.51
NG25,510588,1299.0,3.05
NG3,304855,1309.0,5.15
NG31,262072,815.0,3.73
NG32,452403,1514.0,4.02
NG33,391418,1641.0,5.03
NG34,316337,1140.0,4.32
NG4,307425,1019.0,3.98
NG5,265825,1078.0,4.87
NG6,232914,925.0,4.77
NG7,277146,1485.0,6.43
NG8,324109,1531.0,5.67
NG9,378642,1422.0,4.51
NN1,222698,1064.0,5.73
NN10,302248,1028.0,4.08
NN11,384377,1234.0,3.85
NN12,523664,1722.0,3.95
NN13,491549,1792.0,4.37
NN14,397852,1201.0,3.62
NN15,344007,1101.0,3.84
NN16,244113,819.0,4.03
NN17,326013,1086.0,4.0
NN18,272416,1044.0,4.6
NN2,285123,1203.0,5.06
NN29,421172,1230.0,3.5
NN3,322740,1190.0,4.42
NN4,397536,1170.0,3.53
NN5,347537,1254.0,4.33
NN6,520189,1378.0,3.18
NN7,548293,1369.0,3.0
NN8,293019,1159.0,4.75
NN9,348210,1060.0,3.65
NP10,365400,1733.0,5.69
NP11,224503,768.0,4.11
NP12,273876,725.0,3.18
NP13,168170,681.0,4.86
NP15,588036,1394.0,2.84
NP16,497145,1242.0,3.0
NP18,493447,1100.0,2.68
NP19,238084,1673.0,8.43
NP20,297966,1601.0,6.45
NP22,190402,738.0,4.65
NP23,210346,845.0,4.82
NP24,136291,694.0,6.11
NP25,501174,1571.0,3.76
NP26,406502,1888.0,5.57
NP4,265379,1049.0,4.74
NP44,288403,893.0,3.72
NP7,457326,1503.0,3.94
NP8,569164,1175.0,2.48
NR1,247810,1278.0,6.19
NR10,459150,1514.0,3.96
NR11,437895,1389.0,3.81
NR12,463461,1582.0,4.1
NR13,423625,1165.0,3.3
NR14,503838,1306.0,3.11
NR15,535826,1749.0,3.92
NR16,554152,1733.0,3.75
NR17,414364,1237.0,3.58
NR18,422871,1370.0,3.89
NR19,337899,888.0,3.15
NR2,386875,1314.0,4.08
NR20,460829,1302.0,3.39
NR21,439073,1099.0,3.0
NR23,566880,1650.0,3.49
NR24,569834,1182.0,2.49
NR25,581391,1727.0,3.56
NR26,380763,915.0,2.88
NR27,340447,1027.0,3.62
NR28,354296,1090.0,3.69
NR29,308178,1172.0,4.56
NR3,250376,1446.0,6.93
NR30,232840,779.0,4.01
NR31,296214,1275.0,5.17
NR32,269673,1252.0,5.57
NR33,264946,1186.0,5.37
NR34,385834,1259.0,3.92
NR35,372833,1458.0,4.69
NR4,461619,1827.0,4.75
NR5,323306,1512.0,5.61
NR6,316931,1568.0,5.94
NR7,357982,1502.0,5.03
NR8,402730,1399.0,4.17
NR9,487309,1525.0,3.76
NW1,2120643,4541.0,2.57
NW10,631063,2591.0,4.93
NW11,1360638,4283.0,3.78
NW2,769982,2568.0,4.0
NW3,2356465,6121.0,3.12
NW4,748758,2547.0,4.08
NW5,915323,4380.0,5.74
NW6,945232,3411.0,4.33
NW7,1052773,3797.0,4.33
NW8,2321464,7051.0,3.64
NW9,499983,2230.0,5.35
OL1,250859,903.0,4.32
OL10,334281,1179.0,4.23
OL11,315348,1090.0,4.15
OL12,285327,962.0,4.05
OL13,279765,1085.0,4.65
OL14,376588,918.0,2.93
OL15,397470,953.0,2.88
OL16,276953,1036.0,4.49
OL2,295817,989.0,4.01
OL3,492697,1130.0,2.75
OL4,359074,933.0,3.12
OL5,285209,866.0,3.64
OL6,280793,1099.0,4.7
OL7,218562,1045.0,5.74
OL8,216871,949.0,5.25
OL9,254571,1074.0,5.06
OX1,964825,3086.0,3.84
OX10,792475,2146.0,3.25
OX11,472047,1701.0,4.32
OX12,466628,1712.0,4.4
OX13,662069,1945.0,3.53
OX14,500978,1562.0,3.74
OX15,595643,2953.0,5.95
OX16,316074,1427.0,5.42
OX17,696228,2033.0,3.5
OX18,609384,3360.0,6.62
OX2,1057247,3313.0,3.76
OX20,718033,4187.0,7.0
OX25,560536,2397.0,5.13
OX26,426813,1701.0,4.78
OX27,541433,1703.0,3.77
OX28,381987,1288.0,4.05
OX29,641842,2873.0,5.37
OX3,534199,2369.0,5.32
OX33,736116,2280.0,3.72
OX39,720977,3600.0,5.99
OX4,507279,2511.0,5.94
OX44,751857,2309.0,3.69
OX49,734856,2463.0,4.02
OX5,633626,1824.0,3.45
OX7,701011,2477.0,4.24
OX9,596805,2217.0,4.46
PE1,241810,979.0,4.86
PE10,323825,1140.0,4.22
PE11,274094,770.0,3.37
PE12,463907,786.0,2.03
PE13,271658,839.0,3.71
PE14,329481,1058.0,3.85
PE15,330257,1171.0,4.25
PE16,318367,1100.0,4.15
PE19,447451,1537.0,4.12
PE2,266833,968.0,4.35
PE20,277448,985.0,4.26
PE21,215134,713.0,3.98
PE22,331576,988.0,3.58
PE23,313711,648.0,2.48
PE24,286678,778.0,3.26
PE25,245267,604.0,2.96
PE26,331329,1186.0,4.3
PE27,375802,1397.0,4.46
PE28,539691,1640.0,3.65
PE29,321284,1291.0,4.82
PE3,323367,1221.0,4.53
PE30,266952,863.0,3.88
PE31,515371,1284.0,2.99
PE32,421049,1109.0,3.16
PE33,358490,2643.0,8.85
PE34,332614,1249.0,4.51
PE36,389065,1490.0,4.6
PE37,349531,2206.0,7.57
PE38,325111,1029.0,3.8
PE4,267614,1142.0,5.12
PE5,538571,823.0,1.83
PE6,387305,1192.0,3.69
PE7,335119,1317.0,4.72
PE8,480812,1594.0,3.98
PE9,489872,1635.0,4.01
PL1,258212,992.0,4.61
PL10,491318,,
PL11,447832,1543.0,4.13
PL12,397577,1272.0,3.84
PL13,345096,1100.0,3.83
PL14,353140,1019.0,3.46
PL15,408791,1356.0,3.98
PL16,413420,800.0,2.32
PL17,371534,1129.0,3.65
PL18,416553,849.0,2.45
PL19,479302,1382.0,3.46
PL2,201416,830.0,4.94
PL20,589671,1275.0,2.59
PL21,408253,1299.0,3.82
PL22,421690,1174.0,3.34
PL23,716053,1100.0,1.84
PL24,298157,1015.0,4.09
PL25,352036,945.0,3.22
PL26,411262,1223.0,3.57
PL27,797848,1323.0,1.99
PL28,709314,,
PL29,647352,1763.0,3.27
PL3,330884,1167.0,4.23
PL30,518028,1344.0,3.11
PL31,276727,703.0,3.05
PL32,335514,1225.0,4.38
PL34,434040,1600.0,4.42
PL35,475141,,
PL4,235972,1315.0,6.69
PL5,244157,796.0,3.91
PL6,339649,1672.0,5.91
PL7,341050,985.0,3.47
PL8,782966,1013.0,1.55
PL9,368551,1831.0,5.96
PO1,335695,1615.0,5.77
PO10,587922,1828.0,3.73
PO11,422190,1583.0,4.5
PO12,325292,1123.0,4.14
PO13,365170,1205.0,3.96
PO14,506146,1626.0,3.86
PO15,445306,1491.0,4.02
PO16,374042,1629.0,5.23
PO17,501512,1864.0,4.46
PO18,783730,2452.0,3.75
PO19,460550,1442.0,3.76
PO2,246397,995.0,4.85
PO20,568085,1724.0,3.64
PO21,401517,1404.0,4.2
PO22,481623,1394.0,3.47
PO3,277715,1135.0,4.9
PO30,400206,1120.0,3.36
PO31,480621,1300.0,3.25
PO32,294406,914.0,3.73
PO33,362319,1038.0,3.44
PO34,543998,1579.0,3.48
PO35,533901,1358.0,3.05
PO36,308678,1004.0,3.9
PO37,405416,951.0,2.81
PO38,403295,1313.0,3.91
PO39,401114,875.0,2.62
PO4,313675,1535.0,5.87
PO40,426083,1075.0,3.03
PO41,584361,1473.0,3.02
PO5,340671,1657.0,5.84
PO6,431142,1372.0,3.82
PO7,446748,1294.0,3.48
PO8,446223,1338.0,3.6
PO9,449079,1169.0,3.12
PR1,200301,1228.0,7.36
PR2,257345,1117.0,5.21
PR25,279885,1152.0,4.94
PR26,346806,1331.0,4.61
PR3,348864,1150.0,3.96
PR4,355496,1208.0,4.08
PR5,256818,1184.0,5.53
PR6,405787,1058.0,3.13
PR7,345780,868.0,3.01
PR8,355285,963.0,3.25
PR9,247575,824.0,3.99
RG1,399850,1681.0,5.04
RG10,1130399,4230.0,4.49
RG12,396176,1963.0,5.95
RG14,430346,1616.0,4.51
RG17,724795,2300.0,3.81
RG18,656404,1300.0,2.38
RG19,483603,1848.0,4.59
RG2,403157,1539.0,4.58
RG20,841716,2941.0,4.19
RG21,272119,1639.0,7.23
RG22,380125,1481.0,4.68
RG23,504136,1774.0,4.22
RG24,454099,1371.0,3.62
RG25,2030053,1720.0,1.02
RG26,593670,2006.0,4.05
RG27,600235,2192.0,4.38
RG28,492677,,
RG29,747285,2448.0,3.93
RG30,388413,1272.0,3.93
RG31,511870,1742.0,4.08
RG4,721883,1658.0,2.76
RG40,642775,2380.0,4.44
RG41,567555,1941.0,4.1
RG42,749472,2548.0,4.08
RG45,642692,2410.0,4.5
RG5,451636,1719.0,4.57
RG6,542054,1581.0,3.5
RG7,684466,2821.0,4.95
RG8,866220,2583.0,3.58
RG9,1038470,3036.0,3.51
RH1,495209,1923.0,4.66
RH10,478003,1670.0,4.19
RH11,397886,1447.0,4.36
RH12,557567,1776.0,3.82
RH13,667382,3141.0,5.65
RH14,735047,2394.0,3.91
RH15,457307,1657.0,4.35
RH16,549707,1859.0,4.06
RH17,911570,3311.0,4.36
RH18,573999,2660.0,5.56
RH19,624102,1713.0,3.29
RH2,633222,1859.0,3.52
RH20,687036,3250.0,5.68
RH3,783219,1758.0,2.69
RH4,630754,1650.0,3.14
RH5,787915,3540.0,5.39
RH6,496000,1777.0,4.3
RH7,627281,2354.0,4.5
RH8,915839,2495.0,3.27
RH9,629636,1800.0,3.43
RM1,396144,1835.0,5.56
RM10,341886,1949.0,6.84
RM11,967634,2485.0,3.08
RM12,496044,1866.0,4.51
RM13,411517,1895.0,5.53
RM14,700276,1666.0,2.85
RM15,404318,1544.0,4.58
RM16,488991,2135.0,5.24
RM17,334881,1471.0,5.27
RM18,334680,1490.0,5.34
RM19,249754,1349.0,6.48
RM2,553013,2071.0,4.49
RM20,281609,1783.0,7.6
RM3,410309,1896.0,5.55
RM4,936220,3980.0,5.1
RM5,473749,1704.0,4.32
RM6,368881,1769.0,5.75
RM7,398661,1893.0,5.7
RM8,362211,1888.0,6.25
RM9,367820,1825.0,5.95
S1,142497,945.0,7.96
S10,544188,932.0,2.06
S11,448924,1005.0,2.69
S12,225259,1217.0,6.48
S13,195109,1326.0,8.16
S14,152400,700.0,5.51
S17,599399,1178.0,2.36
S18,455040,1628.0,4.29
S2,173416,956.0,6.62
S20,238440,893.0,4.49
S21,347390,972.0,3.36
S25,290804,734.0,3.03
S26,324417,964.0,3.57
S3,144629,956.0,7.93
S32,604999,1670.0,3.31
S33,560000,1317.0,2.82
S35,344275,1013.0,3.53
S36,365413,823.0,2.7
S4,134000,767.0,6.87
S40,304486,956.0,3.77
S41,269911,833.0,3.7
S42,331849,988.0,3.57
S43,285262,809.0,3.4
S44,326080,947.0,3.49
S45,398253,970.0,2.92
S5,158941,862.0,6.51
S6,279505,1028.0,4.41
S60,278101,963.0,4.16
S61,234624,756.0,3.87
S62,231749,670.0,3.47
S63,207256,767.0,4.44
S64,202156,697.0,4.14
S65,283834,800.0,3.38
S66,279873,830.0,3.56
S7,329933,1119.0,4.07
S70,204541,745.0,4.37
S71,236551,707.0,3.59
S72,277473,786.0,3.4
S73,231739,674.0,3.49
S74,245204,764.0,3.74
S75,367685,952.0,3.11
S8,301882,1094.0,4.35
S80,283148,811.0,3.44
S81,321849,1081.0,4.03
S9,156934,795.0,6.08
SA1,175156,1161.0,7.95
SA10,255385,1051.0,4.94
SA11,203233,843.0,4.98
SA12,214830,959.0,5.36
SA13,201843,779.0,4.63
SA14,272121,831.0,3.66
SA15,247571,777.0,3.77
SA16,296060,832.0,3.37
SA17,312658,935.0,3.59
SA18,263804,862.0,3.92
SA19,418583,808.0,2.32
SA2,355953,1161.0,3.91
SA20,334333,,
SA3,447007,1412.0,3.79
SA31,287358,829.0,3.46
SA32,450350,939.0,2.5
SA33,375720,1107.0,3.54
SA34,456866,842.0,2.21
SA37,582936,700.0,1.44
SA38,333602,800.0,2.88
SA39,351209,,
SA4,305560,1005.0,3.95
SA40,429549,625.0,1.75
SA41,361478,888.0,2.95
SA42,532180,1250.0,2.82
SA43,400758,673.0,2.02
SA44,403675,875.0,2.6
SA45,346743,1100.0,3.81
SA46,327683,925.0,3.39
SA48,391231,671.0,2.06
SA5,242595,960.0,4.75
SA6,266906,897.0,4.03
SA61,253966,751.0,3.55
SA62,414532,1789.0,5.18
SA63,460313,,
SA64,318686,995.0,3.75
SA65,310487,875.0,3.38
SA66,399051,,
SA67,414608,1008.0,2.92
SA68,372875,775.0,2.49
SA69,395063,,
SA7,258171,923.0,4.29
SA70,384827,1469.0,4.58
SA71,358038,911.0,3.05
SA72,228240,6050.0,31.81
SA73,277826,671.0,2.9
SA8,267195,975.0,4.38
SA9,252748,775.0,3.68
SE1,1101302,3807.0,4.15
SE10,565324,2450.0,5.2
SE11,854187,3253.0,4.57
SE12,534778,1986.0,4.46
SE13,536174,2139.0,4.79
SE14,491929,2399.0,5.85
SE15,574230,2819.0,5.89
SE16,595139,2569.0,5.18
SE17,587846,3077.0,6.28
SE18,467071,2177.0,5.59
SE19,558168,1848.0,3.97
SE2,379593,1732.0,5.48
SE20,432017,1554.0,4.32
SE21,898025,3272.0,4.37
SE22,718589,2959.0,4.94
SE23,604550,2326.0,4.62
SE24,770463,2855.0,4.45
SE25,382991,1888.0,5.92
SE26,560720,2739.0,5.86
SE27,617519,2393.0,4.65
SE28,346155,1837.0,6.37
SE3,658611,2572.0,4.69
SE4,645279,2152.0,4.0
SE5,684762,2705.0,4.74
SE6,465557,2278.0,5.87
SE7,501402,2083.0,4.99
SE8,457021,2219.0,5.83
SE9,507547,2205.0,5.21
SG1,389948,1476.0,4.54
SG10,1877284,2500.0,1.6
SG11,737098,2425.0,3.95
SG12,635909,1887.0,3.56
SG13,687568,3760.0,6.56
SG14,724400,2001.0,3.31
SG15,372454,1595.0,5.14
SG16,510858,1499.0,3.52
SG17,521427,1659.0,3.82
SG18,480964,1473.0,3.68
SG19,520076,1135.0,2.62
SG2,482588,1681.0,4.18
SG3,603703,2453.0,4.88
SG4,633833,1621.0,3.07
SG5,556184,1765.0,3.81
SG6,452791,1419.0,3.76
SG7,492950,1930.0,4.7
SG8,606967,1451.0,2.87
SG9,678691,1965.0,3.47
SK1,181255,961.0,6.36
SK10,770718,2586.0,4.03
SK11,487821,1316.0,3.24
SK12,563066,1594.0,3.4
SK13,350604,1341.0,4.59
SK14,308569,944.0,3.67
SK15,371201,996.0,3.22
SK16,262487,998.0,4.56
SK17,371519,1215.0,3.92
SK2,350672,1425.0,4.88
SK22,416793,1125.0,3.24
SK23,437454,1110.0,3.04
SK3,277537,1270.0,5.49
SK4,405324,1158.0,3.43
SK5,288724,1019.0,4.24
SK6,416852,1500.0,4.32
SK7,583077,1573.0,3.24
SK8,434614,1854.0,5.12
SK9,726556,3007.0,4.97
SL0,819489,1952.0,2.86
SL1,375036,1707.0,5.46
SL2,777255,2291.0,3.54
SL3,657248,2185.0,3.99
SL4,706919,3159.0,5.36
SL5,1154574,6477.0,6.73
SL6,777790,2344.0,3.62
SL7,1229621,2709.0,2.64
SL8,1079723,2450.0,2.72
SL9,1186887,3422.0,3.46
SM1,408857,1981.0,5.81
SM2,526135,1957.0,4.46
SM3,502840,2227.0,5.31
SM4,501595,1927.0,4.61
SM5,510904,2135.0,5.01
SM6,421681,1850.0,5.26
SM7,678489,2438.0,4.31
SN1,255427,1218.0,5.72
SN10,450103,1295.0,3.45
SN11,376102,1850.0,5.9
SN12,394248,1246.0,3.79
SN13,678424,1438.0,2.54
SN14,613711,2173.0,4.25
SN15,430587,1170.0,3.26
SN16,589453,1659.0,3.38
SN2,255724,1166.0,5.47
SN25,334148,1286.0,4.62
SN26,500235,,
SN3,340693,1504.0,5.3
SN4,601607,2006.0,4.0
SN5,360419,1238.0,4.12
SN6,915990,1172.0,1.54
SN7,501709,1745.0,4.17
SN8,617962,1728.0,3.36
SN9,647172,1759.0,3.26
SO14,261335,1348.0,6.19
SO15,318598,1260.0,4.75
SO16,402647,1563.0,4.66
SO17,314538,1616.0,6.17
SO18,275960,1169.0,5.08
SO19,272311,1523.0,6.71
SO20,765151,3068.0,4.81
SO21,880353,2356.0,3.21
SO22,696548,1338.0,2.31
SO23,554722,1626.0,3.52
SO24,783738,2403.0,3.68
SO30,447046,1290.0,3.46
SO31,547949,1532.0,3.36
SO32,624184,1982.0,3.81
SO40,450626,977.0,2.6
SO41,710153,2596.0,4.39
SO42,980966,2738.0,3.35
SO43,854855,1863.0,2.62
SO45,429469,1869.0,5.22
SO50,347443,1208.0,4.17
SO51,631286,1543.0,2.93
SO52,485589,2329.0,5.76
SO53,477725,1695.0,4.26
SP1,353280,1930.0,6.56
SP10,327315,870.0,3.19
SP11,588992,1935.0,3.94
SP2,356440,1158.0,3.9
SP3,737683,2167.0,3.53
SP4,494233,1481.0,3.6
SP5,828184,1867.0,2.71
SP6,590074,2009.0,4.09
SP7,536984,1524.0,3.41
SP8,453580,1666.0,4.41
SP9,530082,,
SR1,109938,719.0,7.85
SR2,186405,640.0,4.12
SR3,266590,677.0,3.05
SR4,163862,772.0,5.65
SR5,136426,703.0,6.18
SR6,336627,864.0,3.08
SR7,203828,799.0,4.7
SR8,121197,583.0,5.77
SS0,431362,1514.0,4.21
SS1,454868,1199.0,3.16
SS11,459845,1743.0,4.55
SS12,464343,1350.0,3.49
SS13,355687,1594.0,5.38
SS14,291394,1525.0,6.28
SS15,372138,1738.0,5.6
SS16,425038,1783.0,5.03
SS17,476154,1589.0,4.0
SS2,333428,1390.0,5.0
SS3,470216,1204.0,3.07
SS4,419321,1304.0,3.73
SS5,533721,2019.0,4.54
SS6,517425,1946.0,4.51
SS7,455603,1729.0,4.55
SS8,347980,1200.0,4.14
SS9,498932,1811.0,4.36
ST1,152047,757.0,5.97
ST10,376046,1019.0,3.25
ST11,343822,1148.0,4.01
ST12,515161,1000.0,2.33
ST13,391623,796.0,2.44
ST14,381423,984.0,3.1
ST15,381361,1025.0,3.23
ST16,262073,757.0,3.47
ST17,372564,1081.0,3.48
ST18,507478,1263.0,2.99
ST19,430069,1634.0,4.56
ST2,217624,692.0,3.82
ST20,448425,1248.0,3.34
ST21,604231,1024.0,2.03
ST3,238213,983.0,4.95
ST4,224239,790.0,4.23
ST5,262403,931.0,4.26
ST6,173259,702.0,4.86
ST7,310708,1235.0,4.77
ST8,300862,935.0,3.73
ST9,370843,4095.0,13.25
SW1,3528219,8805.0,2.99
SW10,2068505,6169.0,3.58
SW11,1159703,4569.0,4.73
SW12,844620,3152.0,4.48
SW13,1614346,4362.0,3.24
SW14,964096,4090.0,5.09
SW15,907043,3949.0,5.22
SW16,581735,2208.0,4.55
SW17,693580,2745.0,4.75
SW18,792196,3252.0,4.93
SW19,1089376,3863.0,4.26
SW2,627841,2661.0,5.09
SW20,900579,3694.0,4.92
SW3,2373651,5905.0,2.99
SW4,735731,3327.0,5.43
SW5,1395559,4240.0,3.65
SW6,1243876,4519.0,4.36
SW7,3152297,12021.0,4.58
SW8,1659985,4482.0,3.24
SW9,614578,2685.0,5.24
SY1,313487,1128.0,4.32
SY10,474984,825.0,2.08
SY11,296262,1430.0,5.79
SY12,355254,1016.0,3.43
SY13,387472,958.0,2.97
SY14,546830,1999.0,4.39
SY15,445090,450.0,1.21
SY16,356298,623.0,2.1
SY17,360330,1500.0,5.0
SY18,276178,555.0,2.41
SY19,333265,,
SY2,377825,1731.0,5.5
SY20,328442,1200.0,4.38
SY21,361289,735.0,2.44
SY22,448702,1020.0,2.73
SY23,332374,945.0,3.41
SY24,326290,647.0,2.38
SY25,295650,,
SY3,388742,1099.0,3.39
SY4,439130,1040.0,2.84
SY5,454095,1034.0,2.73
SY6,582093,931.0,1.92
SY7,493492,1018.0,2.48
SY8,403364,830.0,2.47
SY9,479915,725.0,1.81
TA1,297455,1189.0,4.8
TA10,535208,2538.0,5.69
TA11,648376,2132.0,3.95
TA12,462317,1283.0,3.33
TA13,539333,1142.0,2.54
TA14,554151,3500.0,7.58
TA16,457188,995.0,2.61
TA18,350151,1468.0,5.03
TA19,465457,1039.0,2.68
TA2,341653,1138.0,4.0
TA20,453638,1121.0,2.97
TA21,378352,1094.0,3.47
TA22,424671,651.0,1.84
TA23,339620,,
TA24,427954,1134.0,3.18
TA3,570538,1321.0,2.78
TA4,485097,1408.0,3.48
TA5,552613,1182.0,2.57
TA6,304806,1215.0,4.78
TA7,508072,2726.0,6.44
TA8,327420,1011.0,3.71
TA9,419580,958.0,2.74
TF1,292953,1377.0,5.64
TF10,426037,912.0,2.57
TF11,431126,1555.0,4.33
TF12,338465,933.0,3.31
TF13,423425,795.0,2.25
TF2,289846,1087.0,4.5
TF3,248699,1304.0,6.29
TF4,272751,1030.0,4.53
TF5,405132,,
TF6,498351,1204.0,2.9
TF7,225037,944.0,5.03
TF8,395585,1668.0,5.06
TF9,406061,1403.0,4.15
TN1,406241,1573.0,4.65
TN10,571447,1163.0,2.44
TN11,886316,2280.0,3.09
TN12,622778,2443.0,4.71
TN13,919223,2452.0,3.2
TN14,927650,2389.0,3.09
TN15,808656,3630.0,5.39
TN16,691476,2526.0,4.38
TN17,736170,1719.0,2.8
TN18,698539,2321.0,3.99
TN19,775942,2103.0,3.25
TN2,572299,1831.0,3.84
TN20,916595,1279.0,1.67
TN21,725779,1403.0,2.32
TN22,687608,2621.0,4.57
TN23,379195,1432.0,4.53
TN24,368190,1411.0,4.6
TN25,554812,1397.0,3.02
TN26,676255,2227.0,3.95
TN27,723949,2133.0,3.54
TN28,401388,1218.0,3.64
TN29,380458,1114.0,3.51
TN3,1082218,6521.0,7.23
TN30,602830,1949.0,3.88
TN31,522354,1946.0,4.47
TN32,667981,3675.0,6.6
TN33,556972,1605.0,3.46
TN34,401052,1326.0,3.97
TN35,484139,1721.0,4.27
TN36,372332,1100.0,3.55
TN37,321320,1165.0,4.35
TN38,365369,1206.0,3.96
TN39,494133,1285.0,3.12
TN4,557899,2130.0,4.58
TN40,332041,1242.0,4.49
TN5,792364,2621.0,3.97
TN6,655955,2233.0,4.09
TN7,1002172,1650.0,1.98
TN8,693015,1950.0,3.38
TN9,420509,1487.0,4.24
TQ1,378374,1222.0,3.88
TQ10,453092,800.0,2.12
TQ11,436035,1200.0,3.3
TQ12,397354,1140.0,3.44
TQ13,486834,1143.0,2.82
TQ14,453248,1162.0,3.08
TQ2,365275,1171.0,3.85
TQ3,326613,1133.0,4.16
TQ4,282082,1109.0,4.72
TQ5,384214,1077.0,3.36
TQ6,577612,1234.0,2.56
TQ7,642481,1262.0,2.36
TQ8,1280255,1173.0,1.1
TQ9,673812,1512.0,2.69
TR1,458218,1584.0,4.15
TR10,353798,1589.0,5.39
TR11,588318,1985.0,4.05
TR12,571606,1516.0,3.18
TR13,450182,2089.0,5.57
TR14,328678,909.0,3.32
TR15,274663,1063.0,4.64
TR16,403654,1433.0,4.26
TR17,567086,3157.0,6.68
TR18,347223,2940.0,10.16
TR19,485523,1367.0,3.38
TR2,734337,1316.0,2.15
TR20,509274,3015.0,7.1
TR26,583388,1227.0,2.52
TR27,334853,1109.0,3.97
TR3,606650,1619.0,3.2
TR4,521277,1212.0,2.79
TR5,522887,1233.0,2.83
TR6,558437,1416.0,3.04
TR7,427612,1001.0,2.81
TR8,393053,2765.0,8.44
TR9,331616,1195.0,4.32
TS1,125584,585.0,5.59
TS10,225364,866.0,4.61
TS11,204836,1025.0,6.0
TS12,240792,733.0,3.65
TS13,334941,696.0,2.49
TS14,254108,831.0,3.92
TS15,410422,1145.0,3.35
TS16,318430,775.0,2.92
TS17,226640,914.0,4.84
TS18,198615,636.0,3.84
TS19,186647,631.0,4.06
TS20,207290,584.0,3.38
TS21,300904,801.0,3.19
TS22,475131,1272.0,3.21
TS23,153163,711.0,5.57
TS24,132056,636.0,5.78
TS25,129421,538.0,4.99
TS26,226776,637.0,3.37
TS27,262105,663.0,3.04
TS28,178831,578.0,3.88
TS29,149181,576.0,4.63
TS3,97899,657.0,8.05
TS4,138008,695.0,6.04
TS5,194072,767.0,4.74
TS6,171559,885.0,6.19
TS7,335317,1622.0,5.8
TS8,218391,861.0,4.73
TS9,367773,1054.0,3.44
TW1,1070198,3768.0,4.23
TW10,1146026,5401.0,5.66
TW11,844383,2791.0,3.97
TW12,799110,2176.0,3.27
TW13,399004,1704.0,5.12
TW14,400796,1738.0,5.2
TW15,486257,1633.0,4.03
TW16,592394,2248.0,4.55
TW17,682459,2359.0,4.15
TW18,517889,1908.0,4.42
TW19,664783,2347.0,4.24
TW2,680589,2470.0,4.36
TW20,862436,2384.0,3.32
TW3,457734,1875.0,4.92
TW4,506040,1630.0,3.87
TW5,614367,2162.0,4.22
TW7,619487,2306.0,4.47
TW8,588617,2745.0,5.6
TW9,945508,4195.0,5.32
UB1,481533,1916.0,4.77
UB10,659425,1965.0,3.58
UB2,474287,2095.0,5.3
UB3,401788,1866.0,5.57
UB4,444054,1799.0,4.86
UB5,401537,1740.0,5.2
UB6,513765,1895.0,4.43
UB7,402704,1787.0,5.33
UB8,432920,2090.0,5.79
UB9,583925,2810.0,5.77
W1,3582771,8390.0,2.81
W10,1040313,3982.0,4.59
W11,1732478,8844.0,6.13
W12,928927,3204.0,4.14
W13,678112,2552.0,4.52
W14,1468407,4158.0,3.4
W2,1690874,5553.0,3.94
W3,655449,2729.0,5.0
W4,993272,4049.0,4.89
W5,941884,2472.0,3.15
W6,1073089,4576.0,5.12
W7,577787,1953.0,4.06
W8,3447334,10274.0,3.58
W9,1113347,4102.0,4.42
WA1,298293,903.0,3.63
WA10,235285,1109.0,5.66
WA11,227852,771.0,4.06
WA12,264357,1006.0,4.57
WA13,461052,2132.0,5.55
WA14,822097,3385.0,4.94
WA15,892402,3475.0,4.67
WA16,854792,2215.0,3.11
WA2,248938,1129.0,5.44
WA3,359620,987.0,3.29
WA4,457549,1313.0,3.44
WA5,308236,1090.0,4.24
WA6,437254,1210.0,3.32
WA7,238900,726.0,3.65
WA8,326324,989.0,3.64
WA9,241473,847.0,4.21
WC1,1226652,3853.0,3.77
WC2,2061108,6389.0,3.72
WD17,537032,2065.0,4.61
WD18,383600,1873.0,5.86
WD19,608696,2109.0,4.16
WD23,710725,2270.0,3.83
WD24,399859,1513.0,4.54
WD25,626536,2248.0,4.31
WD3,816412,2996.0,4.4
WD4,696811,2276.0,3.92
WD5,603120,2500.0,4.97
WD6,582098,2174.0,4.48
WD7,2440237,6504.0,3.2
WF1,266400,819.0,3.69
WF10,235269,807.0,4.12
WF11,243593,706.0,3.48
WF12,321434,984.0,3.67
WF13,167839,795.0,5.68
WF14,342431,863.0,3.02
WF15,314263,875.0,3.34
WF16,212510,997.0,5.63
WF17,267365,981.0,4.4
WF2,331732,977.0,3.53
WF3,332429,1045.0,3.77
WF4,359433,944.0,3.15
WF5,282781,812.0,3.45
WF6,246528,807.0,3.93
WF7,280932,800.0,3.42
WF8,341318,977.0,3.43
WF9,236760,662.0,3.36
WN1,281424,726.0,3.1
WN2,228186,753.0,3.96
WN3,224033,1146.0,6.14
WN4,234976,867.0,4.43
WN5,262759,785.0,3.59
WN6,281947,818.0,3.48
WN7,211794,811.0,4.6
WN8,308266,807.0,3.14
WR1,326715,813.0,2.99
WR10,454235,1408.0,3.72
WR11,406883,1216.0,3.59
WR12,690953,2044.0,3.55
WR13,565314,2198.0,4.67
WR14,409614,1200.0,3.52
WR15,485918,1667.0,4.12
WR2,433616,761.0,2.11
WR3,391762,1057.0,3.24
WR4,242449,926.0,4.58
WR5,356923,1139.0,3.83
WR6,620851,2150.0,4.16
WR7,688547,1075.0,1.87
WR8,678349,1297.0,2.29
WR9,483295,1220.0,3.03
WS1,267639,954.0,4.28
WS10,223050,1016.0,5.47
WS11,283749,921.0,3.89
WS12,286534,1026.0,4.3
WS13,425793,1386.0,3.91
WS14,550957,1380.0,3.01
WS15,387562,1289.0,3.99
WS2,192941,821.0,5.11
WS3,260883,1014.0,4.66
WS4,286543,944.0,3.95
WS5,396376,1516.0,4.59
WS6,339607,1003.0,3.54
WS7,339696,1004.0,3.55
WS8,272737,1854.0,8.16
WS9,387349,1233.0,3.82
WV1,179681,979.0,6.54
WV10,288890,1036.0,4.3
WV11,273218,1041.0,4.57
WV12,217481,1030.0,5.68
WV13,216080,1026.0,5.7
WV14,227999,953.0,5.02
WV15,586969,1799.0,3.68
WV16,411345,1185.0,3.46
WV2,199506,1010.0,6.08
WV3,315792,1163.0,4.42
WV4,295213,993.0,4.04
WV5,563033,1677.0,3.57
WV6,373040,1512.0,4.86
WV7,384043,1250.0,3.91
WV8,386474,1704.0,5.29
WV9,285600,1173.0,4.93
YO1,439245,1877.0,5.13
YO10,373275,1444.0,4.64
YO11,233919,806.0,4.13
YO12,222320,959.0,5.18
YO13,429127,1029.0,2.88
YO14,256346,924.0,4.33
YO15,224022,620.0,3.32
YO16,210515,701.0,4.0
YO17,339444,1191.0,4.21
YO18,407810,862.0,2.54
YO19,485141,1471.0,3.64
YO21,348884,883.0,3.04
YO22,327923,800.0,2.93
YO23,448817,1775.0,4.75
YO24,377507,1496.0,4.76
YO25,330095,803.0,2.92
YO26,508606,1579.0,3.73
YO30,433611,1320.0,3.65
YO31,358566,1515.0,5.07
YO32,395394,1355.0,4.11
YO41,417285,1436.0,4.13
YO42,351845,1171.0,3.99
YO43,371097,952.0,3.08
YO51,443003,2213.0,5.99
YO60,552982,1200.0,2.6
YO61,524869,1674.0,3.83
YO62,513152,828.0,1.94
YO7,529608,1501.0,3.4
YO8,339523,1012.0,3.58
