outcode,Avg Sold sqft v/s Size(Small),Avg Sold sqft v/s Size(Medium),Avg Sold sqft v/s Size(Large)
AL1,935.75,500.14,261.33
AL10,778.04,475.2,238.84
AL2,669.86,371.52,207.81
AL3,685.46,398.39,209.86
AL4,640.64,366.09,201.69
AL5,975.65,503.57,260.45
AL6,788.41,416.52,231.01
AL7,597.53,353.4,184.42
AL8,721.42,391.81,209.44
AL9,954.48,492.63,241.59
B1,2785.66,1456.71,791.93
B10,212.06,134.61,73.71
B11,323.01,196.9,108.67
B12,485.66,255.39,144.54
B13,321.82,162.27,85.12
B14,230.38,150.12,79.02
B15,1262.58,663.39,298.21
B16,571.14,276.64,153.98
B17,367.78,214.25,112.41
B18,348.69,207.93,99.62
B19,259.72,149.66,79.54
B2,13636.53,6307.84,inf
B20,215.88,120.97,63.78
B21,177.68,118.98,63.76
B23,180.9,110.14,56.64
B24,498.42,299.05,154.44
B25,201.89,137.74,71.2
B26,442.62,306.43,143.55
B27,230.3,136.28,71.0
B28,245.84,165.19,85.35
B29,624.27,391.92,205.96
B3,9876.75,4709.82,1959.98
B30,259.31,165.02,85.42
B31,200.31,131.04,66.45
B32,197.97,138.96,70.15
B33,181.59,119.33,58.55
B34,147.22,100.0,50.12
B35,676.67,504.18,253.33
B36,190.07,129.67,65.29
B37,587.37,393.43,195.79
B38,216.88,146.59,69.9
B39,0.0,,
B4,32567.94,11713.08,4982.4
B42,241.63,152.96,77.73
B43,205.1,142.74,71.54
B44,201.89,145.92,71.2
B45,370.5,240.32,106.7
B46,517.82,301.68,156.28
B47,346.99,218.32,116.23
B48,631.0,375.34,179.77
B49,475.44,268.38,133.64
B5,1585.0,821.85,405.3
B50,363.16,213.63,115.55
B6,1028.63,627.88,332.5
B60,422.81,240.56,122.93
B61,343.66,214.24,108.88
B62,389.72,257.49,127.61
B63,210.57,139.06,68.56
B64,279.42,172.66,87.15
B65,190.6,125.25,60.33
B66,421.5,257.58,128.24
B67,148.5,103.67,52.58
B68,161.52,110.29,53.51
B69,830.43,523.61,255.81
B7,456.65,300.65,135.78
B70,299.62,180.33,92.96
B71,162.52,105.8,49.84
B72,526.07,284.04,156.14
B73,490.23,278.35,154.92
B74,531.04,315.41,148.58
B75,372.11,234.17,121.81
B76,1078.84,634.06,325.6
B77,327.38,214.29,112.78
B78,556.98,357.99,167.89
B79,360.53,210.05,107.12
B8,202.39,137.4,69.34
B80,368.04,221.06,106.47
B86,0.0,,
B9,373.29,246.58,129.84
B90,601.87,364.29,194.06
B91,732.65,395.4,219.47
B92,306.01,198.49,94.97
B93,667.63,365.61,195.78
B94,736.23,407.88,197.53
B95,739.19,417.2,184.18
B96,517.91,273.15,146.0
B97,344.39,193.34,102.99
B98,565.44,392.67,186.82
BA1,994.77,518.64,258.22
BA10,495.71,279.58,143.46
BA11,471.9,271.8,131.85
BA12,401.38,227.9,116.92
BA13,359.32,204.44,104.29
BA14,331.64,191.55,101.46
BA15,454.52,265.78,139.2
BA16,335.36,190.0,96.28
BA2,658.88,398.8,197.66
BA20,434.51,234.23,117.54
BA21,317.85,197.69,97.57
BA22,423.01,252.94,132.42
BA27,,0.0,
BA3,345.99,213.61,109.18
BA35,0.0,,
BA39,0.0,,
BA4,435.38,237.28,119.64
BA5,505.49,282.23,149.2
BA6,378.19,210.04,110.65
BA7,449.26,262.04,129.35
BA8,376.81,234.32,115.22
BA9,520.72,295.39,142.99
BB1,357.74,239.55,119.25
BB10,171.48,111.23,55.12
BB11,194.09,121.08,60.54
BB12,218.98,141.91,70.07
BB18,180.32,115.34,58.46
BB2,243.52,158.72,74.69
BB23,,0.0,
BB3,172.76,116.77,55.66
BB4,265.73,160.83,77.69
BB5,171.06,118.58,57.43
BB6,283.47,199.2,96.13
BB7,372.16,224.43,110.39
BB8,198.23,125.01,61.13
BB9,144.84,97.44,48.94
BD1,1556.73,582.08,287.29
BD10,206.2,128.18,64.44
BD11,273.22,158.33,83.8
BD12,165.78,106.03,52.52
BD13,194.62,109.97,56.09
BD14,172.41,94.98,50.22
BD15,170.86,105.65,55.37
BD16,324.69,181.61,96.1
BD17,335.1,183.28,99.09
BD18,216.97,113.82,62.55
BD19,348.04,194.92,101.58
BD2,171.57,108.2,53.15
BD20,263.69,157.54,81.67
BD21,188.71,107.15,58.27
BD22,209.48,127.92,63.12
BD23,403.6,236.0,118.0
BD24,361.19,189.48,98.7
BD3,239.27,139.19,79.92
BD4,270.06,170.96,86.27
BD5,209.42,117.14,63.4
BD6,145.02,89.14,45.72
BD7,245.94,137.08,76.72
BD8,180.81,91.08,48.5
BD9,194.23,94.86,53.91
BE37,0.0,,
BG8,,0.0,
BH1,790.87,366.68,185.01
BH10,275.58,174.05,89.89
BH11,320.67,203.94,102.75
BH12,468.1,289.79,145.05
BH13,873.01,557.56,247.57
BH14,574.02,299.72,159.76
BH15,598.93,351.67,180.11
BH16,370.65,224.34,114.66
BH17,345.24,212.21,112.29
BH18,426.61,260.12,143.48
BH19,415.07,240.67,126.32
BH2,1160.77,543.78,271.89
BH20,408.28,249.65,125.91
BH21,564.74,320.02,169.92
BH22,437.99,259.14,141.35
BH23,568.22,335.99,176.44
BH24,556.4,316.65,166.44
BH25,388.23,230.93,123.16
BH3,583.24,263.95,156.12
BH31,493.95,290.14,163.86
BH4,735.7,408.12,188.03
BH5,460.52,213.38,104.61
BH6,410.71,212.32,114.4
BH7,437.67,221.37,129.09
BH8,651.0,328.28,171.47
BH9,296.45,167.9,94.39
BL0,258.57,158.77,81.84
BL1,377.45,211.18,104.67
BL2,226.6,146.13,70.43
BL23,0.0,,
BL3,241.91,149.55,77.6
BL4,247.97,165.31,74.82
BL5,471.23,297.56,147.77
BL6,305.61,186.61,90.5
BL7,374.38,226.75,114.22
BL8,268.68,168.82,84.04
BL9,377.08,233.11,112.96
BN1,1143.44,556.81,292.33
BN10,324.74,191.89,102.72
BN11,442.57,215.54,114.96
BN12,348.6,219.37,120.6
BN13,407.63,249.98,130.59
BN14,376.5,218.06,115.19
BN15,309.01,192.84,95.75
BN16,395.33,247.51,124.3
BN17,497.08,288.48,139.87
BN18,574.21,356.41,175.18
BN19,0.0,,
BN2,607.93,332.7,166.5
BN20,413.27,247.25,130.31
BN21,493.07,238.04,122.18
BN22,283.76,178.66,90.17
BN23,379.37,242.93,123.43
BN24,418.38,258.56,134.55
BN25,366.23,219.74,113.83
BN26,467.47,268.29,132.22
BN27,389.57,235.09,119.61
BN3,764.65,388.92,198.74
BN41,301.97,194.73,89.42
BN42,312.74,210.39,102.4
BN43,411.77,243.48,131.46
BN44,503.53,281.63,144.18
BN45,772.46,382.43,217.82
BN5,598.34,341.2,175.31
BN6,605.1,363.06,188.6
BN67,0.0,,
BN7,643.02,348.84,180.82
BN8,555.32,327.73,167.29
BN9,367.13,240.18,111.49
BN91,,,0.0
BR1,819.54,455.3,226.2
BR15,0.0,,
BR2,570.68,325.85,167.4
BR20,0.0,,
BR23,0.0,,
BR27,,0.0,
BR3,657.73,342.69,183.69
BR4,617.05,308.52,181.48
BR5,516.88,328.92,173.12
BR6,591.93,364.36,177.58
BR7,699.95,401.61,202.47
BR76,,0.0,
BR8,612.21,393.16,192.17
BS1,4827.84,2172.02,1099.2
BS10,431.91,282.55,142.3
BS11,1019.63,687.7,318.92
BS13,227.53,153.15,76.11
BS14,301.8,200.26,96.09
BS15,261.68,171.19,87.23
BS16,405.44,243.99,130.05
BS17,inf,561.21,inf
BS2,1460.15,696.99,350.1
BS20,498.15,281.16,148.28
BS21,410.1,232.1,120.43
BS22,255.45,154.19,80.39
BS23,366.24,194.27,101.09
BS24,359.87,228.11,116.67
BS25,501.24,263.29,152.37
BS26,418.47,237.69,124.84
BS27,392.63,214.16,118.33
BS28,557.57,297.85,167.75
BS29,325.13,215.39,107.22
BS3,497.04,294.54,148.65
BS30,408.1,246.25,124.22
BS31,390.33,234.2,125.48
BS32,1727.98,889.68,450.72
BS34,535.11,338.74,180.11
BS35,798.34,479.0,260.09
BS36,394.04,259.13,139.72
BS37,359.58,235.48,117.81
BS39,377.74,224.86,113.04
BS4,432.75,269.97,137.02
BS40,547.01,310.7,168.13
BS41,453.15,261.57,142.36
BS46,,0.0,
BS48,485.76,278.25,150.98
BS49,375.02,228.83,120.01
BS5,349.09,221.54,101.5
BS6,621.96,288.22,160.41
BS7,355.77,212.87,115.2
BS8,682.26,349.88,172.0
BS81,0.0,,
BS87,0.0,,
BS9,467.01,271.78,147.37
C03,0.0,0.0,
C06,,0.0,
C07,,0.0,
C08,,0.0,
C09,,0.0,
C39,0.0,,
C6,,,0.0
CA1,327.49,202.82,98.24
CA10,293.57,173.59,93.69
CA11,357.6,199.66,106.02
CA12,456.48,252.07,131.56
CA13,283.51,160.34,87.33
CA14,213.11,135.79,68.2
CA15,131.22,83.61,42.2
CA16,295.09,162.06,86.34
CA17,274.48,161.99,83.74
CA18,352.02,192.65,84.88
CA19,278.61,156.45,86.55
CA2,177.01,111.53,56.46
CA20,201.3,123.88,62.47
CA21,167.89,108.04,63.74
CA22,146.78,101.15,46.33
CA23,225.93,122.22,68.09
CA24,155.6,102.81,51.4
CA25,131.18,82.42,44.67
CA26,146.87,87.17,47.23
CA27,226.54,122.9,69.95
CA28,156.69,102.98,49.55
CA3,255.86,157.11,77.2
CA4,389.99,230.87,123.33
CA5,293.56,169.71,93.98
CA6,380.43,224.52,118.58
CA7,230.38,137.85,74.64
CA8,281.68,165.43,89.33
CA9,235.8,132.04,69.94
CB1,1082.87,618.54,321.83
CB10,895.28,507.75,260.17
CB11,711.01,390.47,197.96
CB2,1414.03,824.4,399.81
CB21,636.56,375.67,201.02
CB22,701.2,409.03,205.37
CB23,731.18,430.11,229.52
CB24,469.74,266.19,148.57
CB25,389.86,232.61,122.48
CB27,,0.0,
CB3,1358.34,679.17,351.1
CB37,,,0.0
CB4,1174.69,671.25,349.68
CB5,1086.21,611.65,307.15
CB6,313.18,194.02,105.37
CB66,,0.0,
CB7,358.53,202.25,105.64
CB8,704.84,388.31,201.38
CB9,297.03,190.46,89.44
CF1,909.74,inf,inf
CF10,2933.2,1571.46,814.0
CF11,519.21,270.89,145.57
CF13,,,0.0
CF14,468.0,273.31,135.2
CF15,373.93,216.83,117.29
CF16,,0.0,
CF21,0.0,,
CF23,478.21,292.99,148.23
CF24,474.74,250.32,135.64
CF3,270.09,182.63,78.92
CF31,263.21,163.6,85.3
CF32,256.98,174.46,86.05
CF33,201.51,142.58,69.65
CF34,122.15,89.58,41.29
CF35,276.47,184.32,94.65
CF36,312.05,180.03,94.03
CF37,239.53,169.43,79.15
CF38,189.01,122.69,66.29
CF39,140.9,99.32,49.83
CF40,99.22,69.66,33.15
CF41,92.13,65.81,32.25
CF42,96.94,69.5,32.53
CF43,106.24,76.33,36.4
CF44,142.89,96.3,46.89
CF45,121.04,87.29,39.82
CF46,139.56,97.44,44.29
CF47,120.41,88.3,40.97
CF48,184.74,129.49,59.98
CF49,0.0,,
CF5,272.77,166.69,78.61
CF61,233.79,154.5,76.59
CF62,248.02,157.23,79.32
CF63,179.98,114.99,58.36
CF64,340.6,197.77,102.04
CF65,,0.0,
CF7,322.14,inf,inf
CF71,451.06,257.24,141.93
CF72,250.13,157.87,80.52
CF81,181.96,131.22,61.88
CF82,174.71,121.09,55.79
CF83,213.87,147.35,68.75
CF85,0.0,,
CH1,761.82,437.65,216.8
CH11,,,0.0
CH2,293.87,178.42,89.61
CH3,391.5,237.3,122.02
CH37,0.0,,
CH4,443.24,277.51,131.78
CH41,253.34,156.61,70.19
CH42,164.63,104.76,50.99
CH43,215.77,133.66,63.2
CH44,131.92,83.45,44.61
CH45,281.98,148.0,82.22
CH46,154.49,109.92,56.32
CH47,352.27,193.18,101.62
CH48,414.09,243.85,125.81
CH49,242.72,159.57,80.53
CH5,311.03,205.45,102.04
CH51,,0.0,
CH6,175.23,116.82,57.35
CH60,453.48,252.34,136.05
CH61,245.3,162.23,82.62
CH62,430.66,300.65,146.02
CH63,250.27,169.91,84.17
CH64,345.15,203.03,101.09
CH65,494.93,342.64,176.41
CH66,217.47,141.06,71.55
CH7,231.09,143.43,72.34
CH8,192.0,119.52,61.71
CL3,,0.0,
CM0,374.65,211.69,109.29
CM1,897.17,510.92,267.07
CM10,,0.0,
CM11,440.31,278.49,132.45
CM12,545.81,295.67,159.09
CM13,829.85,474.83,234.46
CM14,1067.65,580.65,296.83
CM15,631.95,352.84,191.49
CM16,803.51,441.93,224.71
CM17,483.22,283.27,148.01
CM18,276.57,192.51,95.79
CM19,568.27,353.83,164.14
CM2,827.52,462.54,239.64
CM20,900.04,533.36,260.65
CM21,565.61,294.89,147.45
CM22,576.77,332.22,177.47
CM23,667.83,365.31,184.23
CM24,1842.72,1009.48,571.58
CM3,567.51,304.86,161.79
CM3B,,0.0,
CM4,836.21,436.2,224.02
CM5,669.06,386.6,190.92
CM6,566.86,312.62,165.44
CM7,405.27,231.07,116.56
CM77,694.27,407.38,215.25
CM8,429.33,258.36,124.23
CM9,437.0,256.18,126.82
CN23,0.0,,
CN7,0.0,0.0,
CO01,0.0,0.0,
CO1,772.8,421.26,202.82
CO10,424.03,255.88,127.39
CO11,343.96,198.67,103.81
CO12,267.72,164.01,82.08
CO13,332.83,196.23,105.66
CO14,269.02,159.96,84.66
CO15,271.01,151.38,78.15
CO16,369.1,209.68,106.7
CO17,0.0,,
CO2,366.11,224.99,112.49
CO3,435.78,257.68,130.27
CO4,533.83,309.37,165.59
CO5,400.34,235.61,123.56
CO6,501.15,281.64,144.4
CO7,401.6,241.64,123.43
CO8,616.72,325.36,161.51
CO9,400.13,237.24,121.62
CR0,877.04,494.33,243.84
CR10,0.0,,
CR2,547.72,289.8,158.43
CR20,0.0,,
CR3,632.43,344.96,179.92
CR4,401.29,246.95,109.52
CR5,524.7,313.06,167.81
CR6,815.95,465.87,231.97
CR7,387.19,216.69,114.66
CR8,660.7,352.54,194.28
CR9,40770.37,13590.12,inf
CRO,0.0,,
CS2,,0.0,
CT1,594.11,354.66,174.27
CT10,825.76,480.77,254.53
CT11,274.83,154.59,77.99
CT12,458.27,289.66,137.07
CT13,405.09,249.08,122.06
CT14,317.62,186.2,95.15
CT15,388.7,244.98,128.42
CT16,291.25,182.69,90.12
CT17,307.4,186.13,95.25
CT18,356.2,205.3,115.17
CT19,253.12,160.08,84.61
CT2,398.26,243.94,122.01
CT20,368.79,200.44,101.11
CT21,615.18,351.04,183.22
CT3,424.79,254.15,128.72
CT4,574.73,332.49,171.93
CT45,0.0,,
CT5,380.77,225.15,115.77
CT6,362.43,202.63,109.92
CT7,323.32,197.43,98.28
CT8,330.06,194.5,94.3
CT9,323.42,177.45,91.98
CV1,1160.02,629.12,284.13
CV10,394.97,269.47,132.26
CV11,377.06,235.66,126.89
CV12,194.36,128.37,61.89
CV13,437.98,254.89,127.45
CV2,347.73,230.7,109.11
CV21,475.03,278.17,144.96
CV22,310.31,189.94,100.84
CV23,799.06,479.77,255.21
CV3,460.65,294.3,146.89
CV31,469.64,279.25,136.55
CV32,466.81,263.94,128.08
CV33,481.53,306.6,152.83
CV34,684.89,403.23,212.44
CV35,582.2,344.47,172.24
CV36,631.6,355.61,178.93
CV37,698.29,405.84,201.2
CV4,531.68,315.45,158.07
CV43,0.0,,
CV47,459.46,281.22,139.08
CV5,302.84,193.09,96.11
CV6,306.25,204.17,98.34
CV7,423.23,263.81,136.45
CV8,605.66,346.83,182.79
CV9,358.54,216.36,108.18
CW1,418.43,267.63,127.07
CW10,458.6,277.57,136.39
CW11,391.44,232.52,122.42
CW12,339.45,193.57,105.03
CW2,246.67,162.22,77.35
CW3,327.7,190.25,99.86
CW4,546.15,310.82,169.91
CW5,480.76,270.9,141.46
CW6,499.08,284.63,155.03
CW7,340.28,223.78,115.53
CW8,338.92,207.44,106.47
CW9,369.1,223.41,115.24
D15,,,0.0
DA1,590.61,349.0,182.37
DA10,427.31,277.17,45.08
DA11,560.43,328.18,169.43
DA12,323.19,206.48,96.96
DA13,441.81,276.37,148.26
DA14,904.76,490.55,260.3
DA15,406.72,229.43,129.68
DA16,380.79,256.8,133.51
DA17,1075.78,637.52,327.41
DA18,1174.39,671.08,339.35
DA2,602.61,366.37,187.33
DA3,432.71,266.01,148.19
DA4,516.87,296.64,143.03
DA5,418.09,266.71,142.9
DA6,532.25,302.44,159.43
DA7,362.86,221.05,118.61
DA8,641.86,387.54,170.81
DA9,872.42,475.16,257.71
DD2,0.0,,
DD4,0.0,,
DD8,0.0,,0.0
DE1,835.51,402.92,203.33
DE11,244.74,152.14,78.18
DE12,464.31,301.66,148.25
DE13,353.69,212.81,112.46
DE14,673.03,397.7,202.53
DE15,291.83,174.06,90.17
DE2,425.79,131.01,inf
DE21,314.91,200.5,100.77
DE22,261.53,157.63,82.26
DE23,200.44,121.54,64.59
DE24,371.53,243.06,124.44
DE29,,0.0,
DE3,264.73,163.17,92.08
DE4,338.67,198.98,104.26
DE45,466.48,272.11,138.97
DE5,435.65,279.47,136.26
DE55,301.0,194.57,96.61
DE56,316.06,188.76,93.98
DE6,446.49,254.1,132.43
DE65,480.97,282.71,143.79
DE67,,0.0,
DE7,197.16,126.11,62.22
DE72,281.21,177.43,89.59
DE73,348.89,202.81,108.35
DE74,933.94,576.31,305.3
DE75,185.96,122.42,57.96
DG1,0.0,0.0,0.0
DG10,0.0,0.0,
DG11,0.0,0.0,0.0
DG12,0.0,0.0,0.0
DG13,0.0,0.0,0.0
DG14,0.0,0.0,0.0
DG16,312.76,172.64,66.61
DG2,0.0,0.0,0.0
DG3,0.0,,0.0
DG4,0.0,0.0,
DG6,0.0,0.0,0.0
DG7,0.0,0.0,0.0
DG8,0.0,0.0,0.0
DG9,0.0,0.0,0.0
DH1,606.59,369.23,187.05
DH11,inf,297.29,inf
DH14,0.0,0.0,
DH16,0.0,0.0,
DH17,0.0,,
DH2,168.6,111.37,54.09
DH3,206.84,129.27,64.49
DH4,178.63,118.54,59.27
DH5,147.36,96.88,43.78
DH59,,0.0,
DH6,149.25,99.97,46.68
DH7,194.84,128.7,58.94
DH8,188.92,123.66,59.14
DH9,157.05,109.19,48.58
DL0,,0.0,
DL1,347.51,231.67,106.69
DL10,327.34,189.06,94.13
DL11,422.11,222.69,118.58
DL12,329.88,180.03,98.38
DL13,233.26,139.55,71.3
DL14,178.44,119.22,56.72
DL15,151.79,99.83,49.03
DL16,439.83,285.07,141.23
DL17,156.71,103.82,46.01
DL2,390.68,239.37,123.4
DL3,249.93,153.98,80.59
DL4,115.39,81.26,38.78
DL5,376.92,268.73,130.44
DL6,387.99,237.11,117.07
DL7,355.79,214.55,110.2
DL8,366.02,204.01,107.87
DL9,231.96,166.31,81.62
DN1,476.07,254.74,132.6
DN10,300.15,174.0,92.75
DN11,242.65,174.62,81.93
DN12,151.24,109.06,47.46
DN14,304.28,184.65,95.59
DN15,311.84,216.8,97.7
DN16,149.7,105.31,51.32
DN17,204.46,141.67,68.49
DN18,212.62,136.68,71.13
DN19,192.29,112.58,61.53
DN2,197.83,151.83,68.66
DN20,226.93,139.82,70.82
DN21,217.57,143.08,69.35
DN22,259.19,157.63,79.57
DN23,0.0,,
DN3,235.93,151.51,72.82
DN31,207.15,144.88,67.74
DN32,163.09,113.86,56.33
DN33,148.82,105.13,55.49
DN34,119.82,86.87,42.02
DN35,160.29,115.35,55.19
DN36,236.0,144.1,75.74
DN37,226.11,151.48,69.3
DN38,218.87,149.06,73.27
DN39,230.55,129.36,73.5
DN4,292.14,196.53,98.27
DN40,139.53,99.1,49.9
DN41,250.5,148.21,81.77
DN44,0.0,,
DN5,182.35,127.3,58.93
DN55,0.0,,
DN6,306.37,230.51,105.41
DN7,192.42,131.56,61.67
DN8,196.11,134.94,66.55
DN9,270.09,159.0,87.33
DS14,,0.0,
DS30,0.0,,
DT1,408.14,224.82,122.25
DT10,441.2,255.82,130.36
DT11,404.81,241.02,122.67
DT2,472.17,280.96,141.41
DT3,439.04,258.92,140.9
DT4,401.12,225.63,114.02
DT5,221.87,139.17,73.25
DT6,442.47,241.68,126.42
DT7,465.7,254.02,130.79
DT8,432.48,243.5,125.98
DT9,433.68,256.28,130.46
DX15,,,0.0
DX8,0.0,,
DY1,317.14,195.62,100.15
DY10,354.64,214.06,102.42
DY11,349.26,222.26,111.64
DY12,443.59,255.7,129.69
DY13,296.61,184.55,92.19
DY14,1270.7,709.92,390.13
DY2,181.88,120.69,61.06
DY3,243.6,162.4,80.45
DY4,222.04,134.88,67.13
DY5,265.11,167.57,85.81
DY6,253.9,163.88,86.25
DY7,455.87,244.49,129.5
DY8,266.42,167.36,83.97
DY84,0.0,,
DY9,378.35,227.65,119.92
E1,3652.98,1906.42,941.32
E10,708.2,382.63,198.97
E11,514.77,256.53,135.84
E12,342.26,189.8,94.9
E13,491.03,286.44,153.91
E14,2140.53,1220.3,606.64
E15,2165.66,1237.51,644.86
E16,2285.34,1384.39,648.55
E17,654.55,381.72,199.24
E18,570.06,292.22,162.49
E1W,957.98,513.37,265.01
E2,1119.87,629.26,305.81
E20,2538.79,1767.2,887.96
E22,0.0,0.0,
E3,1072.94,633.54,329.06
E4,482.28,284.98,145.13
E5,611.3,289.28,155.02
E6,598.26,381.75,196.01
E7,353.52,192.83,103.22
E8,917.88,467.28,250.74
E9,599.98,335.18,173.99
EC1,0.0,0.0,
EC1A,11711.73,5509.71,2514.98
EC1H,0.0,,
EC1M,6496.89,3394.8,1697.4
EC1N,11577.74,5423.79,3107.79
EC1R,4401.83,2382.63,1105.37
EC1V,6289.28,3424.71,1631.46
EC1Y,12959.56,6833.26,3311.27
EC2,0.0,,
EC2A,11128.51,5819.45,2788.23
EC2M,36456.24,13411.85,8003.37
EC2N,70284.72,23053.35,inf
EC2R,23276.08,16163.91,inf
EC2V,81089.13,18222.49,9624.92
EC2Y,2252.06,1132.2,595.49
EC3,0.0,0.0,
EC3A,16172.67,7321.53,inf
EC3M,41203.52,inf,5053.24
EC3N,33892.68,15011.45,8044.84
EC3R,21399.32,9639.27,4652.0
EC3V,35919.75,inf,inf
EC4,0.0,,
EC4A,29371.19,12015.59,inf
EC4M,22746.46,9419.98,5808.56
EC4N,41095.33,inf,inf
EC4R,23947.11,10769.62,3030.76
EC4V,26949.61,14128.93,5863.33
EC4Y,16548.1,9653.13,5319.08
EH11,0.0,,
EH17,0.0,,
EH19,0.0,,
EH26,0.0,,
EN1,765.99,453.92,221.82
EN10,677.08,338.54,175.11
EN11,1190.52,662.7,340.15
EN2,849.35,454.48,239.2
EN3,756.38,446.62,220.17
EN4,807.51,437.97,198.01
EN5,934.07,482.87,238.4
EN6,793.64,465.24,226.75
EN7,477.67,301.69,142.12
EN8,768.47,463.98,229.01
EN9,525.63,296.36,145.53
EV1V,0.0,,
EX1,631.86,363.46,179.35
EX10,431.59,254.73,132.5
EX11,431.42,242.44,128.7
EX12,386.49,212.73,104.63
EX13,402.16,230.28,117.97
EX14,421.07,234.72,117.86
EX15,393.57,230.79,112.45
EX16,393.98,221.82,108.18
EX17,379.73,214.76,111.05
EX18,424.43,239.38,125.11
EX19,426.59,247.76,125.16
EX2,542.78,319.0,166.59
EX20,364.55,214.44,107.15
EX21,393.48,213.26,121.27
EX22,371.88,217.3,116.93
EX23,399.88,220.65,116.97
EX24,427.68,258.76,129.77
EX3,547.32,302.58,159.05
EX30,inf,83.95,inf
EX31,388.14,236.83,122.04
EX32,341.8,196.16,101.16
EX33,373.24,223.3,114.24
EX34,399.63,208.21,106.8
EX35,471.04,248.92,134.26
EX36,483.56,291.99,142.82
EX37,426.21,246.36,127.86
EX38,299.28,185.0,93.53
EX39,337.75,199.03,100.29
EX4,610.03,343.8,176.54
EX5,447.02,271.93,140.05
EX6,466.22,265.86,138.66
EX7,358.8,196.56,101.36
EX8,342.48,197.81,101.02
EX9,435.48,261.28,130.65
EX94,,0.0,
FK1,0.0,,
FX6,0.0,,
FY1,313.64,151.22,74.94
FY2,207.06,117.47,60.94
FY3,149.98,94.94,45.19
FY4,230.69,136.75,66.58
FY5,227.16,139.16,71.51
FY6,280.66,165.23,83.11
FY7,226.29,145.93,72.96
FY8,340.92,184.91,94.86
G20,0.0,,
G51,0.0,,
G52,0.0,,
G66,0.0,,
G68,0.0,0.0,
G84,0.0,,
GL1,603.71,310.94,163.42
GL10,415.56,255.17,130.91
GL11,361.47,202.55,101.71
GL12,423.03,246.19,132.31
GL13,396.66,233.33,118.66
GL14,276.03,163.18,82.12
GL15,327.87,201.68,101.21
GL16,275.68,159.85,84.92
GL17,270.49,164.54,88.15
GL18,361.38,207.07,112.2
GL19,485.42,274.69,151.43
GL2,444.72,258.01,134.82
GL20,469.52,267.14,134.15
GL3,472.75,299.16,158.33
GL4,402.56,240.82,124.01
GL5,397.66,224.76,113.87
GL50,756.36,406.24,188.79
GL51,435.99,253.03,131.2
GL52,440.03,240.7,123.19
GL53,558.71,313.99,165.91
GL54,665.83,385.48,194.44
GL55,755.0,425.45,236.86
GL56,640.51,385.4,184.95
GL6,580.76,306.62,157.14
GL7,716.61,388.97,195.28
GL8,645.39,377.39,186.07
GL9,547.2,311.69,167.65
GU05,,0.0,
GU1,1387.89,744.11,369.31
GU10,879.05,487.87,246.13
GU11,807.02,439.62,225.24
GU12,408.19,252.34,130.35
GU13,inf,154.85,inf
GU14,688.59,439.57,219.68
GU15,703.9,360.01,205.94
GU16,770.59,473.17,257.48
GU17,426.67,285.71,137.34
GU18,600.13,292.86,167.93
GU19,558.97,296.23,145.61
GU2,699.07,443.16,227.68
GU20,1787.87,977.74,509.78
GU21,1317.19,698.44,368.1
GU22,745.24,396.58,202.47
GU23,806.1,473.45,248.84
GU24,745.71,459.86,234.82
GU25,2265.82,1194.95,493.15
GU26,962.31,486.58,263.13
GU27,796.68,422.76,199.37
GU28,837.32,480.36,231.3
GU29,818.07,461.48,223.11
GU3,795.72,488.74,238.8
GU30,648.7,353.35,183.39
GU31,629.92,366.74,178.48
GU32,875.32,471.33,229.77
GU33,694.57,384.6,194.71
GU34,661.53,362.99,189.99
GU35,520.89,318.82,170.43
GU36,0.0,,
GU4,884.68,417.17,210.29
GU46,445.96,269.19,142.99
GU47,452.86,261.57,138.91
GU5,999.58,556.22,278.11
GU51,613.34,321.1,174.51
GU52,528.27,309.22,171.94
GU6,780.89,445.3,226.37
GU7,766.77,431.44,215.72
GU8,976.66,560.38,263.93
GU9,601.77,344.38,176.59
H10,,0.0,
HA0,661.55,366.86,197.82
HA1,998.31,501.87,257.14
HA10,,0.0,
HA2,502.95,294.52,163.46
HA3,539.47,313.08,166.98
HA4,586.4,345.56,181.44
HA5,662.19,355.72,194.76
HA6,892.25,464.26,228.42
HA7,691.48,412.66,197.98
HA8,467.28,270.53,146.86
HA9,2519.75,1291.82,676.78
HB1,0.0,,
HD1,552.48,245.05,138.75
HD2,276.58,151.51,81.93
HD3,227.7,129.43,64.71
HD4,216.73,121.67,58.28
HD5,259.85,160.34,74.87
HD6,258.82,142.01,73.27
HD7,215.41,130.38,68.18
HD8,322.98,184.79,96.81
HD9,293.53,174.11,89.3
HG1,623.03,352.15,170.15
HG12,0.0,,
HG2,463.38,266.44,140.2
HG22,,,0.0
HG3,542.31,306.14,162.23
HG4,417.79,238.74,122.46
HG5,500.61,287.85,152.17
HG8,,0.0,
HG9,,0.0,
HO9,0.0,,
HP1,446.79,257.61,129.68
HP10,646.72,380.42,193.26
HP11,1113.62,549.2,306.46
HP12,530.7,295.88,153.37
HP13,537.12,309.69,155.55
HP14,592.72,373.56,194.97
HP15,463.12,291.88,160.06
HP16,717.66,388.43,209.65
HP17,660.8,370.05,205.58
HP18,577.22,357.81,183.08
HP19,457.53,267.92,138.32
HP2,946.86,563.69,277.95
HP20,595.69,328.01,178.47
HP21,365.93,217.27,116.65
HP22,589.89,346.13,186.97
HP23,603.31,339.05,178.87
HP27,644.99,351.82,188.36
HP3,715.09,438.04,210.63
HP4,818.29,439.5,220.7
HP5,569.72,323.49,164.38
HP6,769.54,400.41,207.37
HP7,878.43,495.26,243.47
HP8,1000.95,532.74,253.12
HP9,1090.6,583.17,280.91
HR0,0.0,,
HR1,391.3,226.22,116.03
HR11,0.0,,
HR12,0.0,,
HR2,355.05,201.62,101.77
HR3,459.25,255.55,138.38
HR4,387.25,216.61,111.16
HR5,334.9,186.98,92.15
HR6,367.1,203.27,107.41
HR7,406.19,218.72,110.3
HR8,444.96,246.37,124.97
HR9,434.57,227.97,122.71
HRW,0.0,,
HT12,0.0,,
HU1,1040.92,517.4,222.68
HU10,317.89,193.97,100.39
HU11,232.21,143.37,70.16
HU12,226.86,132.17,67.55
HU13,488.44,299.17,141.87
HU14,472.41,275.44,143.09
HU15,336.2,199.44,103.22
HU16,311.87,181.7,93.7
HU17,313.43,188.06,93.75
HU18,195.44,112.63,61.76
HU19,133.18,79.79,39.8
HU2,242.8,129.64,69.2
HU20,318.4,202.54,107.7
HU3,197.05,114.64,58.11
HU32,0.0,0.0,
HU4,161.91,106.64,51.35
HU5,140.9,85.58,41.82
HU6,191.22,120.59,62.84
HU7,210.82,141.82,72.22
HU8,130.81,87.21,44.02
HU9,235.27,153.04,68.68
HX1,329.24,174.3,93.01
HX12,,0.0,
HX2,203.0,123.25,59.76
HX3,226.01,128.17,66.11
HX37,,,0.0
HX4,268.67,156.72,79.02
HX5,353.05,206.21,108.38
HX6,248.21,138.83,75.32
HX7,273.6,155.83,81.47
HX8,0.0,,
IG1,1027.95,523.0,280.18
IG10,625.84,370.02,176.0
IG11,1245.85,702.2,359.27
IG17,0.0,,
IG2,505.15,275.54,146.42
IG22,0.0,,
IG3,397.64,200.92,109.33
IG4,663.7,363.05,205.7
IG5,392.04,224.5,127.2
IG6,406.48,254.07,137.78
IG7,702.96,430.79,195.72
IG8,572.81,332.92,178.68
IG9,531.27,292.65,159.87
IL3,0.0,,
IM2,,,0.0
IM3,,,0.0
IP1,471.84,285.72,135.71
IP10,430.54,252.86,133.87
IP11,348.55,203.58,105.52
IP12,442.91,256.81,133.3
IP13,455.13,259.02,135.0
IP14,378.38,221.22,114.36
IP15,540.94,308.64,158.19
IP16,320.43,197.41,100.73
IP17,448.82,256.47,130.23
IP18,496.59,292.11,154.06
IP19,385.77,221.2,114.86
IP2,418.02,260.28,126.72
IP20,484.19,277.27,135.17
IP21,370.37,219.14,114.33
IP22,379.58,208.97,113.91
IP23,572.63,325.93,179.1
IP24,326.08,202.95,105.26
IP25,299.22,181.21,91.61
IP26,343.5,208.96,110.77
IP27,236.31,146.9,72.15
IP28,431.62,272.53,135.7
IP29,437.07,261.52,131.84
IP3,644.51,411.71,194.46
IP30,464.01,265.67,140.0
IP31,435.95,264.55,133.42
IP32,533.06,333.16,183.81
IP33,569.23,314.62,158.04
IP4,326.93,190.95,100.04
IP5,478.94,271.94,147.88
IP6,428.14,244.0,124.95
IP7,486.79,303.72,153.17
IP8,408.82,239.66,116.56
IP9,476.3,283.89,153.46
KA13,0.0,,
KA7,0.0,,
KT1,1223.05,661.85,337.09
KT10,1352.93,694.02,358.28
KT11,1387.06,762.96,341.58
KT12,888.02,505.01,216.57
KT13,1863.34,985.57,458.67
KT14,614.35,340.73,175.53
KT15,548.57,312.78,164.81
KT16,1495.15,792.3,397.85
KT17,704.88,358.13,201.85
KT18,808.25,436.56,230.61
KT19,544.05,334.07,184.87
KT1D,0.0,,
KT2,1012.8,529.85,231.34
KT20,907.85,520.89,239.81
KT21,683.91,387.78,203.72
KT22,1139.99,560.81,259.48
KT23,762.67,363.17,201.59
KT24,1023.27,547.33,303.3
KT25,,,0.0
KT3,716.52,401.27,212.76
KT4,487.99,270.43,147.53
KT5,567.42,299.69,158.82
KT6,1116.85,607.41,299.5
KT7,1191.11,586.25,342.82
KT8,740.07,416.72,200.64
KT9,531.26,336.3,177.52
KW10,,0.0,
KY16,,,0.0
L1,1911.43,840.38,351.93
L10,146.01,100.09,48.12
L11,134.47,104.42,48.33
L12,233.09,148.33,74.5
L13,182.25,123.74,57.99
L14,141.23,96.85,44.99
L15,198.73,122.66,64.26
L16,223.96,152.61,84.12
L17,270.62,143.69,70.87
L18,303.54,195.72,105.3
L19,229.59,159.98,70.5
L2,5365.07,2434.35,1082.43
L20,186.44,127.28,56.09
L21,147.36,96.98,47.81
L22,220.41,125.1,59.6
L23,277.77,167.13,84.31
L24,521.29,385.96,169.26
L25,265.03,169.09,81.71
L26,254.3,164.14,82.52
L27,117.34,88.3,32.25
L28,96.19,62.09,inf
L29,289.57,215.87,116.65
L3,1655.39,897.2,463.2
L30,195.23,146.91,64.79
L31,279.54,185.51,91.3
L32,141.79,97.23,44.58
L33,422.21,301.58,127.28
L34,375.92,231.07,112.44
L35,175.16,121.37,53.34
L36,175.56,122.56,55.35
L37,336.63,205.88,105.55
L38,303.82,192.67,106.75
L39,322.96,191.59,97.6
L4,116.56,84.56,40.78
L40,385.03,231.02,116.48
L41,149.52,inf,inf
L5,254.17,167.02,68.51
L6,178.0,104.64,46.78
L7,452.11,250.72,118.16
L8,376.03,217.88,88.81
L9,157.18,102.83,49.67
LA1,282.79,169.68,86.01
LA10,383.37,195.84,109.77
LA11,318.95,186.74,95.64
LA12,321.73,185.0,97.8
LA13,184.4,122.37,61.26
LA14,180.54,113.69,56.46
LA15,154.33,101.94,47.69
LA16,176.76,112.76,61.12
LA17,296.13,167.25,95.97
LA18,158.62,103.39,48.45
LA19,209.96,125.63,63.15
LA2,343.18,203.05,106.4
LA20,372.15,206.43,112.44
LA21,432.15,246.94,118.84
LA22,644.79,328.81,166.92
LA23,619.64,332.87,162.41
LA3,227.12,135.05,66.04
LA4,184.52,104.51,54.42
LA5,269.33,170.1,85.05
LA6,366.36,209.75,109.32
LA7,317.75,187.47,100.04
LA8,406.99,235.29,130.38
LA9,361.54,206.14,104.91
LD1,267.93,154.6,83.54
LD2,290.45,160.97,88.0
LD3,303.41,182.05,93.89
LD4,286.93,161.77,87.68
LD5,336.19,182.54,94.47
LD6,224.56,139.64,74.85
LD7,266.73,161.76,82.86
LD8,309.94,189.55,92.86
LE1,1892.15,823.43,409.82
LE10,470.69,288.55,147.63
LE11,358.9,212.97,111.98
LE12,363.05,215.37,113.05
LE13,520.77,330.13,177.76
LE14,383.12,218.92,117.88
LE15,417.74,244.85,125.83
LE16,511.32,285.49,149.6
LE17,944.79,537.9,287.54
LE18,247.77,160.59,77.43
LE19,1021.26,612.76,324.35
LE2,324.42,196.58,100.97
LE21,0.0,,0.0
LE22,,0.0,
LE24,0.0,,
LE26,0.0,,0.0
LE3,309.47,204.42,105.6
LE32,0.0,,
LE4,244.35,160.64,81.26
LE5,211.74,134.37,72.94
LE54,,0.0,
LE57,0.0,,
LE6,282.64,174.5,84.32
LE65,639.63,379.44,205.38
LE67,353.79,225.43,114.74
LE7,461.77,269.7,141.15
LE72,0.0,0.0,
LE8,324.98,194.43,101.24
LE9,311.29,190.17,98.45
LF17,,,0.0
LG13,,0.0,
LL11,219.95,136.25,71.95
LL12,246.91,161.28,81.13
LL13,288.2,168.95,85.58
LL14,209.18,137.09,66.73
LL15,289.56,169.21,88.77
LL16,259.0,146.77,76.24
LL17,333.61,188.59,91.98
LL18,208.38,124.35,62.1
LL19,251.98,150.3,76.49
LL20,340.04,193.14,105.1
LL21,244.73,135.09,72.63
LL22,278.08,159.24,84.3
LL23,277.22,153.26,82.68
LL24,259.91,150.71,77.3
LL25,203.87,130.19,60.92
LL26,254.9,147.17,78.08
LL27,220.99,131.12,71.85
LL28,254.88,149.35,76.46
LL29,222.27,119.86,64.37
LL30,264.62,146.0,77.33
LL31,252.91,171.4,84.53
LL32,287.01,180.27,89.72
LL33,200.43,124.22,62.71
LL34,203.42,117.49,56.32
LL35,424.98,188.53,110.46
LL36,258.43,146.07,73.19
LL37,245.95,133.36,71.6
LL38,181.88,88.76,57.79
LL39,258.64,153.94,70.98
LL40,256.52,143.28,76.5
LL41,134.05,76.43,37.16
LL42,248.91,131.78,64.53
LL43,281.9,169.95,89.15
LL44,270.8,153.46,81.0
LL45,294.68,171.9,87.1
LL46,289.47,141.43,70.46
LL47,230.07,118.93,65.25
LL48,187.33,117.08,54.41
LL49,238.97,138.89,75.06
LL51,228.84,126.94,73.19
LL52,279.08,147.05,82.87
LL53,341.05,197.81,103.43
LL54,191.45,116.44,61.19
LL55,209.65,131.26,66.79
LL56,357.88,217.84,116.52
LL57,339.11,204.79,104.28
LL58,312.02,179.22,96.07
LL59,297.73,178.08,87.94
LL60,234.96,140.15,67.41
LL61,363.36,217.55,116.72
LL62,260.7,148.08,78.41
LL63,237.59,123.24,62.89
LL64,429.74,214.87,113.3
LL65,202.16,126.57,64.69
LL66,519.45,309.2,170.87
LL67,213.53,139.45,71.57
LL68,212.67,136.72,70.7
LL69,180.28,114.38,62.85
LL70,281.91,176.62,98.16
LL71,214.48,139.32,70.44
LL72,213.0,141.61,77.29
LL73,344.07,176.34,86.37
LL74,241.79,144.86,80.85
LL75,257.5,146.84,70.23
LL76,203.25,119.09,68.98
LL77,212.54,139.46,68.05
LL78,238.51,168.49,85.06
LN1,286.8,165.18,84.31
LN10,300.14,183.56,99.6
LN11,330.14,193.92,97.83
LN12,186.58,104.02,54.93
LN13,218.86,130.58,68.43
LN2,296.48,174.77,91.45
LN3,253.19,151.03,74.86
LN4,224.14,142.28,72.72
LN5,307.62,183.5,92.15
LN6,324.08,200.76,102.19
LN7,254.98,146.67,77.94
LN8,267.51,157.42,80.32
LN9,262.81,150.18,79.43
LP18,,0.0,
LR18,0.0,,
LS1,7636.26,4150.12,1655.0
LS10,545.23,325.14,173.73
LS11,796.61,448.1,238.99
LS12,363.19,214.61,109.8
LS13,191.66,120.68,62.06
LS14,263.93,166.44,77.85
LS15,282.85,177.87,92.26
LS16,462.96,266.79,139.3
LS17,392.41,229.46,117.65
LS18,335.66,200.22,101.45
LS19,310.18,181.61,90.55
LS2,7016.1,2960.02,1453.81
LS20,519.7,303.15,167.64
LS21,421.17,245.37,118.56
LS22,499.61,278.01,145.0
LS23,446.14,250.27,130.99
LS24,333.07,192.63,101.49
LS25,315.83,194.99,98.35
LS26,322.63,205.57,100.78
LS27,347.98,199.92,104.07
LS28,259.91,151.81,76.58
LS29,543.09,302.2,161.52
LS3,6754.63,2863.24,1444.41
LS4,317.73,200.05,97.76
LS5,619.58,362.57,184.12
LS6,559.74,294.1,159.93
LS7,297.6,169.33,93.98
LS75,,0.0,
LS8,253.85,150.11,77.41
LS9,351.73,213.07,99.37
LU1,1166.52,605.06,316.94
LU2,358.7,210.69,103.88
LU20,0.0,,
LU3,273.4,166.53,87.64
LU4,680.27,438.27,227.56
LU5,1072.81,681.79,320.74
LU6,423.3,243.49,120.68
LU7,454.61,265.36,132.76
M1,5633.36,3272.72,1668.14
M11,180.46,122.21,58.19
M12,393.37,251.01,103.15
M13,333.8,201.54,89.01
M14,394.62,232.55,113.24
M15,931.29,558.78,239.48
M16,373.94,183.62,92.17
M17,6942.79,3556.08,inf
M18,142.5,100.17,48.41
M19,205.03,136.05,68.67
M2,10326.77,5669.6,1647.58
M20,405.62,225.26,111.1
M21,356.07,195.06,103.37
M22,303.93,205.51,100.3
M23,231.4,160.2,76.42
M24,311.58,202.89,94.42
M25,307.89,187.74,97.52
M26,223.25,143.35,67.69
M27,267.1,178.07,85.77
M28,312.51,196.36,95.23
M29,201.88,127.97,63.14
M3,3624.75,2054.02,883.9
M30,220.85,135.4,60.12
M31,297.33,215.71,104.28
M32,388.41,261.65,119.88
M33,395.29,236.47,122.61
M34,216.34,138.79,64.52
M35,193.94,126.84,59.48
M38,112.48,77.54,30.98
M4,1105.26,650.76,319.41
M40,202.56,137.38,67.21
M41,454.86,292.42,150.32
M42,,0.0,
M43,196.63,128.54,63.66
M44,520.62,353.57,173.45
M45,231.17,144.48,67.99
M46,175.57,117.6,58.8
M5,570.89,353.89,131.36
M50,1980.71,1056.88,430.27
M6,215.22,140.03,71.66
M60,38672.4,inf,inf
M7,249.92,141.85,68.46
M8,216.7,122.14,57.17
M9,120.87,80.01,36.78
ME1,372.6,219.5,107.82
ME10,421.57,267.51,140.12
ME11,362.27,268.15,83.26
ME12,319.04,202.58,106.57
ME13,410.6,249.93,125.56
ME14,618.74,341.37,180.0
ME15,644.3,398.3,193.09
ME16,518.4,288.5,154.31
ME17,514.36,326.5,161.15
ME18,514.24,289.0,145.63
ME19,594.89,347.32,189.41
ME2,296.23,191.21,98.28
ME20,903.3,567.65,282.28
ME3,419.27,272.33,135.43
ME4,525.28,315.17,161.25
ME5,294.49,182.69,91.35
ME6,418.02,260.78,143.56
ME7,310.5,194.07,94.68
ME8,372.48,238.25,120.21
ME9,431.33,273.8,137.1
MG8,0.0,,
MG9,,0.0,
MK1,15947.27,4515.98,2001.19
MK10,1016.29,561.86,319.95
MK11,605.7,384.93,176.02
MK12,616.83,399.47,193.29
MK13,438.66,273.3,134.19
MK14,584.33,334.41,179.11
MK15,1300.32,671.83,358.31
MK16,2344.63,1366.0,665.62
MK17,802.04,453.61,234.49
MK18,570.83,316.08,170.46
MK19,431.4,256.03,138.1
MK2,334.8,232.76,110.34
MK20,0.0,0.0,
MK3,392.41,239.65,126.61
MK4,421.18,228.74,130.71
MK40,623.6,293.14,146.57
MK41,408.09,261.78,134.47
MK42,525.17,326.29,166.1
MK43,1021.27,619.72,337.34
MK44,623.4,345.79,192.44
MK45,431.44,244.48,133.35
MK46,515.13,292.77,154.56
MK5,715.96,360.89,203.86
MK6,425.62,239.89,124.96
MK7,645.88,298.92,164.12
MK8,575.03,304.43,176.72
MK9,4282.03,2082.09,1200.79
MR13,,0.0,
MR16,0.0,,
MR30,0.0,0.0,
MW10,0.0,,
N1,1201.42,611.95,319.79
N10,797.67,379.84,212.71
N11,775.04,411.11,222.48
N12,782.21,378.07,212.64
N13,486.38,253.5,140.42
N14,877.05,468.15,268.57
N15,643.44,325.62,168.21
N16,797.05,381.19,204.85
N17,877.43,496.66,259.34
N18,1044.68,696.9,323.76
N19,1006.12,471.65,257.61
N1C,2901.15,1729.52,752.6
N1O,0.0,,
N2,1470.68,735.33,348.77
N20,1211.11,615.48,302.17
N21,685.57,354.46,187.29
N22,694.29,356.36,195.48
N3,818.77,417.02,222.89
N31,0.0,,
N4,669.33,322.16,169.25
N5,983.47,484.01,260.73
N6,1914.45,858.54,418.38
N7,1367.34,682.73,348.51
N8,901.64,417.29,236.36
N9,348.37,221.08,101.29
NB1,0.0,,
NC1,0.0,,
ND7,,0.0,
NE1,3965.6,1895.8,1025.26
NE10,227.13,147.09,71.17
NE11,821.97,549.12,253.67
NE12,314.98,192.96,101.99
NE13,313.73,194.73,102.67
NE15,235.74,154.22,72.54
NE16,263.36,161.51,77.33
NE17,154.56,105.73,49.56
NE18,499.58,290.28,143.03
NE19,491.24,282.68,156.5
NE2,845.53,439.95,243.76
NE20,544.25,285.0,149.94
NE21,212.55,136.5,67.32
NE22,164.51,101.35,50.68
NE23,263.43,164.94,84.76
NE24,149.57,96.05,47.16
NE25,319.02,193.69,102.81
NE26,351.7,188.79,110.75
NE27,353.17,216.92,122.74
NE28,217.95,132.43,69.27
NE29,228.16,137.39,70.6
NE3,450.73,260.09,133.62
NE30,287.39,164.94,87.01
NE31,218.38,149.09,71.12
NE32,157.73,106.65,53.58
NE33,260.99,150.57,78.65
NE34,161.07,109.41,53.2
NE35,233.85,153.43,76.14
NE36,288.55,185.27,97.29
NE37,449.28,302.4,132.14
NE38,396.5,259.53,128.02
NE39,223.73,149.16,74.24
NE4,365.99,207.47,112.35
NE40,203.44,126.7,62.87
NE41,358.66,212.77,107.14
NE42,223.79,147.05,75.78
NE43,383.3,228.75,116.01
NE44,485.27,251.49,128.56
NE45,511.83,278.65,151.13
NE46,392.31,208.81,116.21
NE47,418.25,233.83,131.98
NE48,281.45,170.72,86.7
NE49,195.38,118.93,61.53
NE5,194.51,133.38,66.99
NE51,,0.0,
NE6,655.3,376.94,204.78
NE61,361.81,220.76,113.21
NE62,124.99,85.28,39.67
NE63,198.19,139.68,66.06
NE64,115.75,78.09,39.79
NE65,342.63,209.29,108.76
NE66,423.48,247.63,123.29
NE67,455.08,272.14,132.55
NE68,279.3,161.32,83.54
NE69,513.62,309.52,145.81
NE7,484.06,316.84,154.22
NE70,416.19,258.68,113.29
NE71,319.4,202.14,91.46
NE8,222.23,120.69,66.35
NE9,180.13,112.58,56.54
NG1,2915.6,1260.06,673.98
NG10,211.11,138.12,69.23
NG11,245.34,183.43,84.85
NG12,365.85,227.51,116.19
NG13,375.42,215.86,113.61
NG14,373.54,224.04,112.81
NG15,343.15,214.47,105.35
NG16,248.5,160.04,81.49
NG17,243.7,167.83,83.13
NG18,280.47,172.79,86.07
NG19,210.12,142.03,68.02
NG2,544.51,305.69,166.74
NG20,377.61,275.94,119.33
NG21,209.75,143.91,77.38
NG22,333.7,217.63,104.72
NG23,394.01,217.66,120.47
NG24,269.88,166.27,84.41
NG25,445.19,247.86,129.75
NG3,294.23,174.95,87.13
NG30,0.0,,
NG31,286.3,177.97,91.46
NG32,471.56,274.75,138.52
NG33,431.85,245.29,131.03
NG34,244.91,146.56,74.54
NG4,224.35,143.33,71.17
NG5,232.55,145.08,72.54
NG6,231.78,151.65,76.16
NG7,1860.33,1023.87,516.31
NG8,241.84,150.87,75.02
NG9,332.79,200.87,98.22
NH1,0.0,0.0,
NN1,601.1,322.41,159.97
NN10,308.32,198.21,102.77
NN11,653.58,392.15,196.07
NN12,627.78,366.2,187.8
NN13,557.78,323.61,168.96
NN14,679.9,417.56,215.82
NN15,494.23,310.54,161.63
NN16,245.62,157.57,77.68
NN17,524.23,331.54,168.81
NN18,317.97,212.04,106.47
NN2,290.64,182.14,84.95
NN20,,0.0,
NN22,,0.0,
NN29,316.99,202.98,98.47
NN3,408.45,256.64,133.3
NN4,1117.6,660.84,355.13
NN5,467.82,275.68,143.7
NN6,933.57,538.89,278.5
NN7,502.65,298.1,155.6
NN8,561.04,363.63,176.11
NN9,349.07,219.33,107.76
NNR6,,0.0,
NO12,,,0.0
NO25,0.0,,
NP10,341.78,214.75,107.37
NP11,183.12,129.06,58.66
NP12,196.46,140.59,66.92
NP13,107.15,75.5,35.65
NP15,467.62,267.92,134.51
NP16,416.58,255.55,131.08
NP18,296.93,183.11,96.37
NP19,259.21,175.98,88.8
NP20,331.46,199.77,99.44
NP22,126.16,87.61,43.21
NP23,139.24,94.57,44.2
NP24,133.37,94.69,44.6
NP25,401.32,220.35,115.38
NP26,386.94,232.82,124.31
NP4,166.77,112.19,53.42
NP44,260.54,174.49,87.37
NP5,inf,119.41,inf
NP7,354.17,205.36,104.41
NP8,428.7,251.14,124.74
NR0,0.0,,
NR1,392.84,210.2,104.42
NR10,328.78,196.16,103.29
NR11,361.13,206.53,107.17
NR12,336.97,192.24,98.18
NR13,368.63,222.77,118.29
NR14,411.65,236.19,128.99
NR15,379.33,208.32,108.96
NR16,372.66,215.9,116.75
NR17,371.21,212.12,109.99
NR18,380.54,225.7,112.85
NR19,311.89,173.58,86.04
NR2,581.89,331.78,165.16
NR20,361.33,208.57,111.06
NR21,318.31,196.45,96.46
NR22,375.36,244.8,113.98
NR23,474.96,271.41,137.44
NR24,383.48,218.24,116.71
NR25,507.03,298.25,148.99
NR26,292.17,167.11,89.01
NR27,308.61,174.35,88.76
NR28,317.59,179.51,89.75
NR29,350.4,194.34,102.81
NR3,313.02,191.29,96.97
NR30,267.81,144.57,72.28
NR31,288.98,176.46,89.02
NR32,266.03,160.58,79.93
NR33,231.58,136.42,68.52
NR34,335.38,200.95,99.0
NR35,334.79,202.99,97.47
NR4,432.86,261.9,139.04
NR43,0.0,,
NR5,313.58,200.9,107.56
NR6,311.03,198.95,97.93
NR7,354.07,218.13,111.38
NR8,330.03,183.35,98.86
NR9,400.2,233.45,117.71
NW1,3766.57,1816.02,833.58
NW10,1521.03,760.51,405.13
NW11,1452.0,632.32,343.89
NW2,1300.56,644.62,314.12
NW22,0.0,,
NW3,2164.11,1016.59,480.05
NW4,802.18,407.89,212.97
NW5,1193.5,560.43,292.95
NW6,1026.42,499.82,244.59
NW7,1126.03,595.05,314.13
NW8,2083.84,971.27,462.14
NW9,847.4,478.62,248.52
OL1,254.37,164.98,77.47
OL10,256.9,159.93,77.86
OL11,250.83,148.84,77.1
OL12,183.52,110.15,54.98
OL13,194.32,116.08,58.85
OL14,208.92,126.07,65.0
OL15,231.58,138.14,66.74
OL16,436.62,263.54,126.91
OL2,222.44,140.06,69.98
OL21,,,0.0
OL3,366.21,214.84,106.96
OL4,193.59,119.92,61.6
OL42,0.0,,
OL5,179.72,106.86,50.26
OL6,213.0,130.17,64.34
OL7,198.44,126.11,57.91
OL8,142.31,91.03,44.12
OL9,223.47,145.56,69.9
OX1,1679.46,829.01,399.22
OX10,574.11,356.34,175.88
OX11,738.2,440.33,225.1
OX12,512.9,313.93,151.11
OX13,667.73,401.73,208.49
OX14,837.28,476.39,243.44
OX15,589.43,346.67,182.15
OX16,672.8,393.98,210.25
OX17,579.99,336.84,177.82
OX18,475.61,295.96,142.97
OX2,1197.32,635.0,324.7
OX20,904.06,533.16,273.6
OX25,827.5,529.05,288.15
OX26,536.47,309.68,170.23
OX27,577.01,349.99,180.93
OX28,463.06,271.16,144.71
OX29,637.1,382.26,200.31
OX3,783.29,469.24,227.51
OX33,665.82,374.18,190.24
OX39,508.48,326.23,168.0
OX4,1284.02,770.41,391.8
OX44,1205.38,772.67,374.34
OX49,722.68,411.65,194.24
OX5,700.3,420.18,210.09
OX7,787.53,440.92,217.71
OX76,0.0,,
OX9,692.72,395.3,208.93
P07,0.0,0.0,
P08,0.0,,
P12,0.0,,
P26,,,0.0
P33,,0.0,
PA1,0.0,,
PA23,0.0,,
PA5,0.0,,
PE0,,0.0,
PE1,599.02,370.3,186.0
PE10,342.51,209.98,106.86
PE11,245.0,145.83,76.44
PE12,245.73,150.8,78.98
PE13,257.99,153.46,78.34
PE14,296.69,178.02,91.68
PE15,281.68,168.27,85.83
PE16,398.39,232.69,116.6
PE17,205.89,inf,inf
PE18,299.25,167.68,109.66
PE19,407.69,236.21,123.37
PE2,708.58,448.55,228.47
PE20,268.06,165.31,90.09
PE21,272.9,167.2,88.71
PE22,210.73,131.05,69.61
PE23,282.41,167.09,85.34
PE24,206.51,117.25,61.22
PE25,571.48,298.16,149.73
PE26,271.81,166.37,85.77
PE27,427.73,240.13,125.86
PE28,424.01,246.76,132.04
PE29,757.82,460.11,238.58
PE3,491.95,320.65,165.88
PE30,351.89,214.94,106.09
PE31,413.27,238.23,116.61
PE32,360.77,210.45,103.5
PE33,271.67,161.66,86.55
PE34,270.75,164.3,83.58
PE35,0.0,0.0,0.0
PE36,444.64,233.44,121.79
PE37,330.66,203.04,101.79
PE38,256.87,144.78,74.54
PE39,0.0,,
PE4,304.46,201.06,102.71
PE48,0.0,,
PE5,582.76,310.84,166.71
PE6,349.21,211.29,109.8
PE7,478.36,288.67,155.02
PE8,448.76,265.76,136.33
PE9,422.77,247.21,123.36
PH1,0.0,,
PH2,0.0,,
PH6,0.0,,
PL1,716.09,348.4,181.04
PL10,299.1,178.46,99.23
PL11,288.14,166.74,88.66
PL12,321.14,194.78,98.61
PL13,352.58,192.87,99.85
PL14,288.14,170.17,85.83
PL15,327.49,185.58,98.97
PL16,358.41,209.8,107.1
PL17,328.71,180.83,96.15
PL18,263.43,151.47,80.07
PL19,363.98,207.99,108.47
PL2,157.03,101.36,53.37
PL20,356.47,206.98,106.5
PL21,366.59,221.22,111.09
PL22,419.53,237.73,120.86
PL23,551.02,310.24,162.64
PL24,252.75,157.97,81.16
PL25,326.13,195.67,102.36
PL26,276.07,172.22,91.27
PL27,522.98,304.36,155.36
PL28,587.95,336.11,169.39
PL29,446.87,258.89,132.22
PL3,291.23,170.38,88.89
PL30,425.32,234.78,126.38
PL31,333.99,200.98,104.9
PL32,338.36,194.82,99.39
PL33,295.92,170.19,91.06
PL34,406.95,229.12,126.82
PL35,782.57,413.92,215.88
PL4,348.66,158.74,90.81
PL5,190.32,127.48,60.06
PL6,357.59,236.91,117.82
PL7,344.6,219.29,108.66
PL8,466.39,269.35,148.67
PL9,289.59,181.6,96.1
PL99,,,0.0
PO1,1010.99,595.26,287.55
PO10,411.65,258.91,134.08
PO11,385.45,207.3,111.12
PO12,278.69,171.0,82.84
PO13,307.52,205.95,104.9
PO14,492.04,304.8,151.73
PO15,744.77,461.36,243.61
PO16,563.12,339.9,180.52
PO17,648.15,384.49,188.17
PO18,668.9,389.28,195.44
PO19,548.59,320.42,164.58
PO2,234.95,145.76,75.5
PO20,506.56,301.32,150.66
PO21,471.22,260.41,138.72
PO22,398.99,234.81,122.74
PO3,893.69,607.04,299.33
PO30,373.28,221.33,112.48
PO31,366.9,218.86,113.41
PO32,276.98,180.3,87.27
PO33,308.1,168.79,83.31
PO34,369.42,221.65,114.65
PO35,362.22,214.54,109.95
PO36,295.37,166.43,86.42
PO37,322.29,175.6,89.72
PO38,346.34,192.41,95.39
PO39,385.15,206.9,107.45
PO4,298.23,195.1,93.2
PO40,298.75,172.74,85.15
PO41,444.76,253.63,136.45
PO5,372.45,186.22,96.94
PO6,697.36,456.45,237.4
PO7,626.97,362.98,188.95
PO8,439.38,271.27,144.49
PO9,392.95,250.81,126.56
PQ8,,0.0,
PR1,377.8,226.15,112.57
PR2,360.05,228.24,115.67
PR23,0.0,,
PR25,224.2,144.84,75.08
PR26,291.09,185.86,92.14
PR27,,0.0,
PR3,372.94,217.04,113.23
PR30,,0.0,
PR37,0.0,,
PR4,298.67,185.56,96.9
PR5,348.55,219.81,107.96
PR6,323.0,197.02,103.3
PR7,311.25,194.53,98.76
PR8,320.71,191.88,95.53
PR9,274.07,155.11,73.92
PU32,0.0,,
RE23,0.0,,
RF10,,0.0,
RG08,,0.0,0.0
RG1,1831.77,923.99,472.45
RG10,995.0,521.31,271.52
RG12,1159.13,693.31,367.25
RG14,678.07,370.14,190.03
RG15,0.0,,
RG17,727.33,428.87,199.63
RG18,485.28,289.54,148.51
RG19,995.22,577.32,273.74
RG2,1056.27,635.64,328.37
RG20,774.02,463.14,230.62
RG21,726.44,421.61,211.79
RG22,584.96,348.93,190.32
RG23,598.42,383.2,198.12
RG24,814.78,460.52,245.19
RG25,785.31,435.88,213.49
RG26,536.8,323.29,162.78
RG27,724.82,391.17,208.85
RG28,661.01,377.86,203.52
RG29,727.97,430.77,221.67
RG30,427.86,261.01,128.91
RG31,426.91,254.65,135.66
RG39,0.0,,
RG4,527.0,314.43,167.04
RG40,791.7,452.4,236.12
RG41,685.96,397.74,224.1
RG42,822.81,464.15,241.36
RG45,939.39,507.82,269.21
RG5,714.47,442.59,237.03
RG51,0.0,,
RG6,604.74,333.12,189.89
RG7,823.85,465.95,241.11
RG8,786.08,444.26,219.54
RG9,1201.68,649.29,319.49
RG91,0.0,,
RH1,748.71,416.31,214.88
RH10,1034.73,628.23,311.61
RH11,421.53,289.84,137.33
RH12,663.48,377.5,188.75
RH13,647.3,348.13,173.43
RH14,703.11,407.72,212.43
RH15,547.56,334.35,170.96
RH16,617.58,345.61,178.41
RH17,716.71,398.42,207.37
RH18,730.74,394.03,196.14
RH19,574.96,314.05,158.36
RH2,915.82,527.77,265.01
RH20,637.37,349.53,186.82
RH24,0.0,,
RH27,,0.0,0.0
RH3,715.74,425.51,208.58
RH4,797.66,412.47,215.96
RH5,932.48,488.8,244.4
RH6,839.74,485.02,261.69
RH7,537.73,306.03,157.49
RH8,685.06,399.31,194.46
RH9,490.95,314.38,154.23
RM1,1153.44,613.09,326.39
RM10,396.99,255.75,123.71
RM11,507.97,306.54,143.9
RM12,399.23,261.17,135.84
RM13,378.27,246.4,129.71
RM14,492.02,304.59,158.92
RM15,329.65,213.79,95.66
RM16,404.02,251.15,131.5
RM17,462.67,256.57,136.67
RM18,432.47,289.72,124.86
RM19,1502.2,845.2,365.49
RM2,518.92,274.72,152.77
RM20,4060.01,2428.41,499.69
RM3,505.84,334.05,173.57
RM4,717.43,409.97,208.49
RM5,295.96,200.04,100.96
RM6,347.6,214.4,111.37
RM7,607.49,378.25,197.51
RM8,267.85,176.02,86.77
RM9,550.17,356.84,153.23
RW2,0.0,,
S1,7382.11,2885.75,1540.94
S10,430.42,240.74,125.78
S11,412.23,237.56,126.27
S12,164.23,111.46,51.35
S13,151.16,100.78,50.15
S14,91.16,64.98,34.18
S16,0.0,,
S17,438.79,247.01,129.39
S18,336.85,213.82,105.53
S19,0.0,,
S2,476.45,299.48,138.53
S20,287.64,167.53,92.16
S21,184.66,117.06,58.79
S24,0.0,,
S25,238.1,158.01,76.56
S26,211.42,136.32,64.85
S3,2320.87,940.42,482.66
S32,463.62,252.54,131.07
S33,385.33,226.66,114.78
S35,281.17,174.18,87.59
S36,258.78,158.9,81.97
S4,675.36,412.72,204.47
S40,385.32,236.57,118.42
S41,254.69,160.61,82.16
S42,292.43,189.82,94.91
S43,232.88,154.55,78.34
S44,210.88,145.68,68.44
S45,281.96,178.99,90.34
S5,123.1,78.12,37.27
S59,,0.0,
S6,427.13,276.84,137.78
S60,420.54,267.64,138.73
S61,164.76,104.77,52.75
S62,155.0,105.22,47.49
S63,178.1,124.56,54.01
S64,162.48,105.31,48.81
S65,231.82,144.62,71.33
S66,209.26,138.87,67.82
S7,308.93,159.74,93.46
S70,211.93,127.16,64.6
S71,184.16,121.61,58.07
S72,167.9,113.75,54.95
S73,279.4,188.0,92.7
S74,173.44,116.17,57.01
S75,289.59,177.82,90.9
S8,255.55,162.97,86.04
S80,309.59,201.91,96.83
S81,211.74,144.43,71.93
S9,675.54,429.24,219.27
S94,,0.0,
SA1,487.45,279.18,144.02
SA10,172.75,115.17,57.32
SA11,143.95,98.21,47.99
SA12,152.62,113.65,51.98
SA13,152.32,108.74,49.68
SA14,265.38,178.49,88.08
SA15,159.64,108.89,52.51
SA16,182.42,124.9,58.57
SA17,211.4,132.57,69.84
SA18,162.29,109.15,54.58
SA19,332.79,191.94,107.49
SA2,273.2,162.07,89.83
SA20,290.43,168.62,95.48
SA23,0.0,,
SA3,345.61,197.86,105.75
SA31,301.65,176.26,90.91
SA32,347.08,194.9,108.74
SA33,333.63,188.49,103.34
SA34,311.36,187.32,102.86
SA35,277.5,174.61,103.73
SA36,257.07,153.35,86.09
SA37,370.66,202.71,115.84
SA38,259.42,150.63,83.02
SA39,256.71,158.12,88.49
SA4,213.69,139.28,70.27
SA40,228.19,145.66,79.19
SA41,294.09,178.72,95.43
SA42,367.82,219.27,125.43
SA43,282.91,161.76,87.44
SA44,268.64,155.36,87.13
SA45,285.53,169.46,91.22
SA46,259.15,141.16,79.1
SA47,237.51,154.38,77.51
SA48,263.71,150.37,84.72
SA4E,0.0,,
SA5,161.2,113.17,55.1
SA6,210.28,137.97,65.64
SA61,345.22,213.85,109.84
SA62,297.08,173.9,95.15
SA63,289.7,174.92,91.07
SA64,222.34,134.86,68.05
SA65,213.04,132.48,71.8
SA66,286.2,164.85,91.58
SA67,303.82,166.4,92.23
SA68,270.13,160.42,88.43
SA69,303.15,164.45,89.87
SA7,284.2,184.35,90.14
SA70,329.59,179.78,93.16
SA71,250.36,151.93,79.53
SA72,204.74,119.18,62.15
SA73,185.23,117.74,59.27
SA8,177.67,117.06,56.8
SA9,161.69,109.14,52.69
SB20,0.0,,
SE06,0.0,,
SE1,4553.49,2400.95,1205.96
SE10,927.39,536.02,268.52
SE11,879.99,486.41,244.22
SE12,478.16,286.03,145.92
SE13,609.52,314.24,157.92
SE14,751.32,378.73,191.12
SE15,908.58,479.07,258.32
SE16,937.33,524.56,255.66
SE17,589.91,333.83,180.82
SE18,609.84,362.46,179.53
SE19,593.91,315.69,153.69
SE2,360.96,231.14,114.65
SE20,418.44,214.21,110.4
SE21,980.12,510.65,266.52
SE22,654.69,322.61,180.5
SE23,485.4,253.25,134.83
SE24,867.91,430.69,240.41
SE25,336.07,180.48,89.83
SE26,846.98,470.36,242.38
SE27,502.53,264.85,134.24
SE28,417.71,242.59,75.32
SE3,673.13,388.96,189.45
SE32,0.0,,
SE37,0.0,,
SE4,440.7,233.38,122.04
SE5,774.9,414.6,199.08
SE6,441.63,220.82,120.64
SE7,927.62,548.13,295.56
SE8,930.98,501.0,264.62
SE9,400.04,241.46,122.95
SF4,0.0,0.0,
SG1,646.41,390.28,199.85
SG10,1083.54,502.77,252.39
SG11,675.61,375.94,195.05
SG12,609.39,326.42,161.8
SG13,994.85,550.15,271.7
SG14,852.77,459.75,217.13
SG15,354.63,197.72,106.9
SG16,421.55,254.97,146.63
SG17,480.04,289.68,150.69
SG18,491.04,286.08,147.18
SG19,371.28,224.05,114.49
SG2,308.54,213.46,102.91
SG23,,,
SG3,661.79,350.3,178.17
SG4,664.91,366.85,181.08
SG5,516.17,295.58,160.85
SG6,588.65,355.31,177.66
SG7,505.02,279.34,137.73
SG8,561.36,330.21,172.35
SG9,623.79,367.86,186.28
SH1,,0.0,
SK1,1094.21,634.23,269.81
SK10,561.59,303.81,152.53
SK11,437.07,236.25,116.02
SK12,384.74,229.05,122.09
SK13,235.12,140.98,73.69
SK14,195.47,131.53,62.83
SK15,199.57,118.33,56.66
SK16,259.21,158.41,71.58
SK17,313.02,185.46,95.08
SK18,0.0,,
SK2,241.08,152.04,76.02
SK22,264.35,162.17,83.58
SK23,308.78,183.91,92.06
SK3,281.83,180.06,87.99
SK4,410.15,231.89,113.48
SK5,185.06,123.38,56.43
SK6,352.83,217.83,111.88
SK7,394.24,234.59,125.84
SK8,456.47,280.91,150.76
SK9,549.73,309.21,157.07
SL0,978.82,562.82,277.55
SL1,965.73,513.32,248.81
SL10,0.0,,
SL13,0.0,,
SL2,635.76,378.02,168.51
SL3,1304.44,715.4,364.03
SL4,859.7,481.72,233.81
SL5,1087.07,619.9,266.93
SL6,871.95,498.26,252.31
SL7,1065.09,587.14,302.23
SL8,782.9,395.36,198.93
SL9,1030.64,546.16,270.98
SM1,891.69,503.64,263.31
SM19,0.0,,
SM2,662.79,307.53,164.99
SM23,0.0,,
SM3,612.57,383.94,208.73
SM4,363.91,233.45,118.97
SM5,407.78,228.93,124.87
SM6,518.98,280.43,148.35
SM7,797.33,446.5,251.41
SM8,0.0,,
SN1,439.24,259.55,132.34
SN10,401.53,224.19,120.1
SN11,347.14,205.93,107.05
SN12,359.18,213.45,114.03
SN13,446.43,261.98,139.33
SN14,552.0,322.97,164.88
SN15,487.43,276.76,142.61
SN16,618.54,346.99,181.61
SN2,349.64,230.85,115.56
SN25,349.59,198.17,111.19
SN26,461.63,280.95,165.71
SN3,811.84,509.24,273.12
SN4,504.68,297.63,152.06
SN5,565.62,305.04,158.02
SN6,476.8,261.33,144.61
SN7,470.38,270.47,140.05
SN8,741.78,401.45,207.08
SN9,543.91,312.75,154.32
SO13,0.0,,
SO14,1025.4,520.28,277.65
SO15,627.35,302.47,161.32
SO16,437.31,262.39,119.76
SO17,397.18,199.92,101.07
SO18,330.04,192.53,99.01
SO19,240.26,148.44,74.71
SO20,706.6,402.98,211.4
SO21,709.58,418.51,202.61
SO22,658.28,388.38,210.69
SO23,782.33,414.57,208.17
SO24,751.32,434.65,206.24
SO26,,,0.0
SO30,844.72,478.42,252.63
SO31,415.24,239.29,123.3
SO32,575.06,351.69,180.31
SO40,434.47,262.08,134.03
SO41,587.52,337.83,175.56
SO42,914.48,515.3,266.1
SO43,704.64,387.44,199.02
SO45,354.66,217.93,116.56
SO50,394.81,254.6,123.27
SO51,534.6,320.49,159.57
SO52,354.83,222.16,124.62
SO53,553.9,321.17,177.76
SP1,490.59,283.36,150.78
SP10,468.03,290.94,154.52
SP11,600.27,379.12,180.83
SP2,400.88,239.85,119.02
SP3,515.8,293.54,144.42
SP4,371.27,243.43,121.57
SP5,620.35,360.2,191.69
SP6,508.2,303.21,157.56
SP7,504.68,290.19,145.7
SP8,433.5,242.28,124.92
SP9,255.13,180.09,68.16
SQ17,0.0,,
SR1,682.2,359.37,148.52
SR2,216.96,120.53,61.85
SR3,246.48,146.98,75.22
SR4,179.05,113.34,59.71
SR5,247.9,153.46,73.58
SR6,244.6,140.38,71.12
SR7,233.33,148.99,66.39
SR8,167.05,114.04,53.5
SS0,308.56,162.4,84.15
SS1,592.92,286.58,157.03
SS11,440.38,263.23,137.6
SS12,399.46,233.92,117.49
SS13,400.04,271.87,134.95
SS14,1566.08,1097.77,551.56
SS15,639.18,417.41,210.78
SS16,333.67,193.18,101.96
SS17,321.05,214.56,106.22
SS2,408.67,247.89,128.21
SS20,0.0,,
SS3,303.99,184.9,96.15
SS4,453.26,258.63,131.67
SS5,464.81,270.53,142.83
SS6,474.23,278.19,150.2
SS66,,0.0,
SS7,365.39,215.95,113.35
SS8,314.69,178.23,93.67
SS9,370.63,212.71,114.31
ST1,368.56,241.69,114.81
ST10,487.35,291.57,150.95
ST11,233.31,148.1,75.53
ST12,342.53,211.64,111.68
ST13,303.05,180.26,92.94
ST14,325.17,196.22,100.27
ST15,489.11,275.91,146.02
ST16,525.71,332.79,166.14
ST17,308.27,188.24,95.81
ST18,483.92,287.2,154.94
ST19,342.17,214.23,104.17
ST2,136.15,94.12,45.24
ST20,338.29,192.15,105.81
ST21,417.14,235.05,126.03
ST3,209.24,141.92,67.07
ST4,433.19,279.74,136.75
ST5,286.91,182.51,90.32
ST6,252.92,169.41,83.52
ST7,288.37,187.96,95.25
ST8,197.34,127.2,67.36
ST9,280.58,176.25,89.49
SW1,4548.65,2452.64,1369.89
SW10,2322.79,1118.03,561.64
SW11,1524.97,781.71,428.68
SW12,857.1,439.18,238.3
SW13,1270.38,670.2,353.17
SW14,1107.12,549.13,309.19
SW15,912.69,491.45,237.6
SW16,598.16,306.88,161.19
SW17,819.44,439.17,207.44
SW18,981.04,508.56,265.53
SW19,1383.24,715.47,330.65
SW1A,37865.09,20196.41,9267.18
SW1D,0.0,,
SW1E,5459.64,2932.86,1314.11
SW1H,23041.72,12800.89,5337.82
SW1P,5645.82,2798.35,1456.16
SW1V,2838.13,1210.88,602.71
SW1W,7680.38,3646.61,1691.94
SW1X,3898.82,2059.27,1001.8
SW1Y,31894.73,13603.3,6140.01
SW1Z,0.0,,
SW2,630.02,317.75,168.39
SW20,1061.26,572.15,277.63
SW25,0.0,,
SW26,0.0,,
SW3,4405.45,1818.11,912.68
SW4,880.85,467.24,238.81
SW5,3121.31,1243.77,627.2
SW6,1748.63,838.19,442.89
SW6B,0.0,,
SW7,4345.24,2131.58,1064.13
SW8,1606.23,885.68,436.72
SW9,882.01,486.34,247.8
SY1,369.66,229.41,107.02
SY10,303.75,173.92,93.77
SY11,265.7,158.15,78.04
SY12,298.48,172.01,84.57
SY13,354.14,203.63,105.33
SY14,462.48,273.17,143.59
SY15,326.41,192.16,105.9
SY16,249.01,161.42,82.22
SY17,250.71,144.4,80.98
SY18,245.35,131.65,75.32
SY19,248.5,148.69,86.8
SY2,356.95,217.96,110.45
SY20,217.81,125.52,68.26
SY21,317.54,175.83,93.31
SY22,277.87,158.14,85.31
SY23,317.82,175.67,95.8
SY24,224.58,126.78,71.13
SY25,222.07,134.7,76.26
SY3,404.45,218.38,114.78
SY4,342.44,199.96,104.02
SY5,375.0,211.7,112.18
SY52,0.0,,
SY6,408.53,229.45,123.53
SY7,342.55,203.82,110.0
SY8,352.3,201.32,101.96
SY9,368.91,212.72,112.41
TA0,0.0,,
TA1,446.49,248.76,124.94
TA10,388.18,214.27,117.47
TA11,388.26,230.34,121.12
TA12,318.81,184.26,93.35
TA13,377.9,216.34,116.53
TA14,341.57,206.66,109.3
TA15,354.27,210.73,101.01
TA16,295.92,176.02,91.15
TA17,486.94,291.97,137.22
TA18,317.19,184.81,91.09
TA19,340.5,201.38,104.61
TA2,329.5,201.2,98.85
TA20,381.06,218.7,110.07
TA21,396.39,237.15,119.6
TA22,485.92,285.37,132.49
TA23,330.73,201.35,101.32
TA24,618.51,354.14,175.2
TA3,422.25,242.22,133.53
TA4,441.43,265.62,135.39
TA43,0.0,,
TA5,372.71,212.54,110.37
TA6,367.26,225.75,110.34
TA7,322.21,189.37,101.79
TA8,263.76,142.87,72.04
TA9,357.65,225.54,105.41
TD1,0.0,0.0,
TD10,0.0,0.0,0.0
TD11,0.0,0.0,0.0
TD12,281.04,171.51,68.99
TD13,0.0,0.0,0.0
TD14,0.0,0.0,0.0
TD15,277.64,169.37,83.58
TD2,0.0,0.0,0.0
TD3,,0.0,0.0
TD4,0.0,0.0,
TD5,110.63,73.11,35.33
TD6,0.0,0.0,0.0
TD7,0.0,0.0,0.0
TD8,0.0,0.0,0.0
TD9,201.4,133.18,56.36
TF1,287.57,177.16,91.86
TF10,327.94,199.32,102.49
TF11,385.49,220.61,110.37
TF12,231.87,140.78,65.97
TF13,406.53,237.14,124.55
TF2,208.65,133.46,70.74
TF20,,0.0,
TF3,269.51,188.91,90.0
TF4,204.3,122.51,66.69
TF5,237.91,144.37,74.41
TF6,354.85,218.15,111.82
TF7,319.26,233.89,114.45
TF70,0.0,0.0,
TF8,319.33,178.82,91.71
TF9,350.94,198.87,104.54
TH6,,0.0,0.0
TL9,,0.0,
TM36,,0.0,
TN1,1076.35,505.14,253.67
TN10,404.51,253.49,135.15
TN11,691.2,407.92,203.96
TN12,715.22,427.9,214.04
TN13,850.27,441.87,228.87
TN14,726.2,407.38,210.54
TN15,710.35,410.95,200.5
TN16,574.9,339.54,168.38
TN17,812.1,459.38,227.78
TN18,490.1,273.17,139.04
TN19,610.13,334.12,176.89
TN2,807.02,455.24,231.58
TN20,661.67,343.46,180.7
TN21,530.26,289.23,143.43
TN22,562.47,315.53,164.45
TN23,514.84,307.99,168.27
TN24,747.91,442.24,241.03
TN25,529.52,309.96,165.76
TN26,530.48,300.83,161.65
TN27,560.33,323.45,172.97
TN28,310.65,186.92,103.15
TN29,338.95,211.72,107.01
TN3,824.68,437.94,229.83
TN30,520.11,310.32,158.49
TN31,456.75,271.46,136.63
TN32,503.38,284.17,139.83
TN33,485.46,279.14,142.54
TN34,329.67,175.75,93.54
TN35,329.08,206.53,102.15
TN36,516.96,284.44,153.65
TN37,314.16,159.84,81.35
TN38,287.62,162.9,80.74
TN39,336.63,196.99,103.77
TN4,545.7,311.64,156.61
TN40,246.92,146.56,75.3
TN5,620.89,346.95,170.44
TN51,,,0.0
TN6,475.67,267.32,141.87
TN7,875.16,490.09,224.4
TN8,667.32,383.71,181.28
TN9,574.46,327.54,169.73
TQ1,380.93,197.03,96.03
TQ10,456.82,258.87,127.31
TQ11,364.06,208.48,105.11
TQ12,339.0,200.42,101.98
TQ13,509.99,299.25,151.23
TQ14,354.65,199.37,105.85
TQ2,361.68,210.76,104.0
TQ3,249.74,148.08,75.37
TQ4,393.86,227.11,118.81
TQ5,309.28,175.47,91.24
TQ6,560.84,313.14,161.97
TQ7,497.78,274.2,144.63
TQ8,772.66,427.17,214.45
TQ9,454.88,257.08,132.37
TR1,420.9,251.07,129.18
TR10,341.13,189.85,97.47
TR11,421.92,250.97,128.82
TR12,456.27,250.22,137.9
TR13,316.71,187.03,100.78
TR14,238.46,143.94,73.97
TR15,313.39,181.14,90.72
TR16,292.26,176.36,93.42
TR17,361.85,201.89,96.79
TR18,299.45,162.39,81.66
TR19,335.85,186.32,100.72
TR2,454.36,274.12,141.13
TR20,337.63,190.6,105.51
TR21,443.97,235.73,121.08
TR22,445.68,263.84,inf
TR23,796.68,383.89,221.87
TR24,92.9,41.75,25.28
TR25,444.34,320.24,182.29
TR26,443.5,230.69,128.51
TR27,440.31,258.32,134.47
TR3,404.19,236.6,126.53
TR31,0.0,,
TR4,401.65,227.6,120.85
TR5,424.91,241.38,124.35
TR6,349.6,189.28,101.56
TR7,453.36,248.36,131.02
TR8,546.48,320.73,166.67
TR9,281.57,171.03,86.55
TS1,285.0,171.0,82.14
TS10,185.27,120.68,62.05
TS11,164.31,109.56,56.82
TS12,212.79,130.98,65.33
TS13,190.97,119.87,57.4
TS14,228.68,145.71,73.5
TS15,368.64,198.95,110.92
TS16,379.51,232.29,117.9
TS17,280.22,177.64,90.85
TS18,392.9,241.51,120.2
TS19,131.39,90.75,44.62
TS2,457.54,312.69,159.31
TS20,178.55,116.81,56.81
TS21,330.13,194.19,96.29
TS22,401.14,243.96,129.69
TS23,145.62,109.21,54.09
TS24,149.42,99.61,48.88
TS25,144.56,100.08,46.65
TS26,194.62,110.5,57.19
TS27,202.53,126.58,62.25
TS28,158.83,103.56,46.72
TS29,121.85,84.87,37.37
TS3,123.23,89.96,41.74
TS4,291.25,192.33,94.76
TS5,149.06,100.86,50.86
TS6,161.03,110.42,51.99
TS7,236.23,147.2,75.81
TS77,,0.0,
TS8,270.31,165.54,84.39
TS9,394.52,224.97,112.49
TW1,1176.44,555.7,301.11
TW10,1127.3,630.53,307.45
TW11,1136.69,577.82,313.75
TW12,669.51,341.44,180.14
TW13,661.18,403.01,205.42
TW14,1145.04,704.64,331.6
TW15,565.76,336.4,179.52
TW16,998.99,563.54,304.16
TW17,575.79,345.47,183.79
TW18,1255.67,687.89,359.58
TW19,654.08,378.83,180.44
TW1O,0.0,,
TW2,633.24,366.61,203.09
TW20,1715.0,934.23,430.01
TW29,,0.0,
TW3,652.58,362.88,186.45
TW31,,,0.0
TW4,748.21,458.81,226.2
TW40,0.0,,
TW5,646.98,409.56,212.58
TW6,inf,24782.53,inf
TW7,638.97,352.53,186.73
TW8,1696.47,933.83,483.55
TW9,2136.74,1059.54,579.57
TX4,0.0,,
UB1,418.95,258.42,134.55
UB10,561.68,327.89,173.59
UB2,885.57,524.54,264.84
UB3,1019.41,605.88,305.82
UB4,760.0,461.68,236.36
UB5,316.37,194.64,98.95
UB6,832.53,510.51,252.87
UB7,1631.62,1002.71,479.55
UB8,1563.84,854.86,451.01
UB9,1009.96,566.73,298.09
UN4,0.0,,
W1,0.0,0.0,
W10,1064.18,527.3,228.51
W11,2465.98,1134.65,503.34
W12,1060.41,525.55,278.66
W13,897.6,448.8,231.87
W14,2238.63,1069.79,530.23
W15,896.62,inf,inf
W16,,,0.0
W19,0.0,,
W1B,10738.77,5023.02,2464.79
W1C,33064.14,20097.71,3583.87
W1D,16141.79,6479.78,3534.64
W1F,14599.32,6204.0,3104.81
W1G,5368.58,2982.28,1438.05
W1H,2233.79,1018.78,534.92
W1J,11077.61,5507.51,2315.86
W1K,8610.63,4235.9,2109.44
W1N,919.66,inf,207.61
W1P,540.95,inf,inf
W1S,34496.72,18552.93,8920.39
W1T,12871.79,5649.93,2355.87
W1U,6649.53,3240.98,1721.77
W1W,5813.09,2611.73,1271.5
W1X,inf,538.9,inf
W2,3326.04,1433.63,684.25
W25,,,0.0
W2G,0.0,0.0,
W3,1773.63,855.69,453.71
W4,1469.21,697.82,388.38
W5,1601.44,800.72,398.67
W57,,0.0,
W6,3499.44,1584.5,806.88
W7,551.45,309.83,163.88
W8,3466.32,1593.39,777.87
W9,1175.22,609.09,273.1
WA08,0.0,,
WA1,463.3,285.78,147.36
WA10,221.17,137.98,69.63
WA11,341.78,233.17,108.01
WA12,176.74,120.58,59.05
WA13,454.28,251.15,136.08
WA14,810.47,459.27,216.13
WA15,588.65,365.62,177.1
WA16,674.34,397.97,190.4
WA2,440.53,276.7,135.16
WA3,414.76,256.93,130.78
WA4,517.98,309.9,160.44
WA5,448.42,277.78,148.76
WA6,399.23,234.98,121.51
WA7,345.87,234.93,115.29
WA8,281.03,179.76,91.95
WA9,220.03,147.38,74.39
WC1,0.0,0.0,
WC1A,16773.21,7342.16,4390.52
WC1B,19912.57,10327.48,3033.15
WC1E,5163.19,2190.79,1095.4
WC1G,,,0.0
WC1H,8354.05,2720.7,1188.6
WC1N,7027.49,3082.22,1464.04
WC1R,7144.75,3468.97,673.38
WC1V,27134.31,13082.57,5768.71
WC1X,4444.22,2191.26,1083.09
WC2,0.0,,0.0
WC28,0.0,0.0,
WC2A,25469.5,13202.02,5167.07
WC2B,16907.64,7095.1,3960.01
WC2E,12026.43,5495.44,2776.03
WC2H,12219.07,5670.02,2498.85
WC2N,31664.74,13034.77,5948.42
WC2R,13534.03,6992.55,3921.05
WD1,13912.66,inf,inf
WD10,0.0,0.0,
WD17,1611.01,736.32,424.72
WD18,827.57,469.7,244.95
WD19,405.43,246.95,122.09
WD2,1346.59,307.12,inf
WD23,643.11,359.07,192.36
WD24,1029.55,635.05,319.02
WD25,686.4,416.75,212.16
WD3,817.55,466.01,225.43
WD31,0.0,,
WD4,907.11,464.44,251.32
WD5,466.59,255.61,146.25
WD6,815.65,481.45,225.6
WD64,0.0,,
WD7,950.74,516.54,242.97
WE2,0.0,,
WF1,371.29,208.44,107.52
WF10,334.28,223.91,115.21
WF11,219.68,144.59,68.31
WF12,246.21,147.2,79.42
WF13,183.7,100.63,52.13
WF14,248.43,146.4,73.76
WF15,199.82,113.17,54.19
WF16,156.61,92.29,49.22
WF17,231.42,131.67,70.99
WF2,438.67,274.17,138.32
WF3,239.63,147.11,74.95
WF4,248.19,151.55,74.14
WF5,248.83,145.24,75.12
WF6,522.32,337.14,179.94
WF7,218.18,136.36,71.03
WF8,232.18,149.1,70.66
WF9,267.54,179.75,84.82
WN1,300.0,179.46,88.16
WN2,174.84,116.84,56.7
WN3,174.72,116.36,56.59
WN4,183.01,125.39,59.53
WN5,282.19,188.13,92.84
WN6,237.67,156.3,77.8
WN7,198.01,130.17,64.49
WN8,307.13,208.51,94.94
WR1,810.01,394.25,192.03
WR10,390.06,228.09,121.41
WR11,446.95,258.15,134.29
WR12,785.77,454.58,230.22
WR13,463.66,268.05,148.53
WR14,365.56,211.93,107.9
WR15,361.9,203.09,107.64
WR2,321.71,196.91,103.82
WR3,341.86,209.25,111.85
WR4,474.02,288.02,153.21
WR5,442.28,269.21,142.67
WR6,500.51,275.47,151.05
WR7,452.96,263.93,146.28
WR8,615.8,335.89,175.56
WR9,450.45,259.58,136.74
WRI,0.0,,
WS1,1640.19,911.21,489.04
WS10,244.5,161.91,80.19
WS11,400.99,251.53,128.09
WS12,272.98,172.15,91.43
WS13,659.33,379.11,214.59
WS14,464.84,271.81,140.67
WS15,311.78,200.31,95.91
WS2,222.54,146.96,71.79
WS21,0.0,,
WS3,197.7,133.3,65.95
WS4,199.43,125.01,63.94
WS5,328.2,203.54,105.41
WS6,226.9,143.84,72.31
WS7,254.09,157.65,81.72
WS8,226.6,143.66,72.84
WS9,359.38,225.41,106.59
WV1,441.02,244.57,118.51
WV10,276.12,187.81,90.49
WV11,317.85,209.9,101.17
WV12,166.38,110.92,55.46
WV13,326.56,219.6,105.29
WV14,181.56,120.67,61.04
WV15,351.65,220.16,103.34
WV16,350.96,189.74,97.24
WV18,,0.0,
WV2,1595.01,1062.72,520.51
WV3,225.28,134.77,71.03
WV4,276.53,178.31,90.65
WV5,340.41,196.61,101.37
WV6,310.44,186.82,91.39
WV7,445.41,299.5,157.92
WV8,267.24,167.91,81.43
WV9,304.35,173.91,82.89
Y07,0.0,,
Y08,0.0,0.0,0.0
YN4,0.0,,
YO1,2030.6,987.52,481.49
YO10,678.26,402.16,210.39
YO11,357.47,200.67,95.1
YO12,238.85,141.62,72.74
YO13,320.38,194.35,100.14
YO14,245.61,142.95,73.35
YO15,257.69,122.4,67.38
YO16,175.51,103.58,52.32
YO17,374.44,217.62,106.09
YO18,393.03,226.49,117.74
YO19,395.63,229.72,126.6
YO21,322.05,175.91,93.45
YO22,292.07,174.74,90.07
YO23,385.98,225.97,116.14
YO24,316.89,185.09,99.83
YO25,309.85,179.66,90.27
YO26,458.97,268.38,136.45
YO30,610.28,361.85,171.08
YO31,406.96,226.78,123.38
YO32,334.4,194.35,102.89
YO41,544.97,313.33,168.3
YO42,370.86,203.09,113.73
YO43,290.18,171.79,90.66
YO51,426.05,238.58,131.38
YO60,466.11,267.92,142.96
YO61,507.48,267.95,141.92
YO62,500.54,281.3,142.41
YO7,395.38,229.26,119.15
YO8,265.86,156.79,82.26
