outcode,Avg sold per sqft.(New),Avg sold per sqft.(Old)
AL1,312.26,308.86
AL10,286.24,242.51
AL2,291.86,233.3
AL3,296.05,269.09
AL4,268.54,258.95
AL5,308.97,278.07
AL6,224.81,253.71
AL7,306.53,248.98
AL8,194.87,259.82
AL9,237.18,223.8
B1,256.55,231.26
B10,168.62,101.17
B11,229.86,115.54
B12,167.81,108.3
B13,181.91,155.77
B14,169.28,151.2
B15,197.48,179.89
B16,214.41,171.26
B17,226.63,195.57
B18,215.78,129.74
B19,191.59,113.08
B2,315.05,290.21
B20,270.17,141.02
B21,202.28,90.6
B23,179.22,122.9
B24,134.87,137.22
B25,163.12,120.83
B26,172.12,150.29
B27,112.5,126.76
B28,173.61,160.44
B29,212.17,142.2
B3,248.78,247.99
B30,211.55,152.32
B31,199.61,149.39
B32,252.3,137.58
B33,189.62,122.98
B34,157.19,148.09
B35,96.75,111.41
B36,176.28,146.32
B37,196.77,132.03
B38,232.76,127.77
B4,536.01,308.4
B42,231.28,142.56
B43,162.37,148.3
B44,164.23,129.99
B45,199.99,129.29
B46,172.62,155.61
B47,232.9,187.39
B48,255.65,239.33
B49,272.5,169.71
B5,260.23,208.21
B50,254.46,200.91
B6,48.37,93.76
B60,178.96,176.51
B61,175.51,160.02
B62,219.59,152.61
B63,152.59,159.23
B64,141.51,125.92
B65,153.18,129.18
B66,198.09,122.11
B67,118.87,124.22
B68,156.71,127.7
B69,175.24,119.77
B7,68.6,126.11
B70,182.46,113.12
B71,135.02,123.82
B72,194.66,168.7
B73,174.98,180.91
B74,153.21,158.15
B75,164.35,188.52
B76,119.28,157.51
B77,152.99,142.88
B78,210.25,139.82
B79,220.95,147.66
B8,145.44,104.35
B80,156.82,194.29
B9,79.71,117.01
B90,248.82,199.06
B91,159.74,209.4
B92,160.74,170.78
B93,197.86,220.43
B94,179.49,188.61
B95,174.6,241.0
B96,106.67,163.32
B97,178.64,187.26
B98,160.19,137.38
BA1,325.59,269.46
BA10,230.01,186.2
BA11,202.25,179.16
BA12,171.94,154.74
BA13,156.48,139.55
BA14,161.34,162.34
BA15,201.29,203.5
BA16,147.72,178.01
BA2,251.37,231.54
BA20,154.53,156.36
BA21,192.78,150.13
BA22,154.76,174.04
BA3,186.2,164.84
BA4,140.19,153.02
BA5,243.04,209.32
BA6,158.44,178.92
BA7,180.91,154.25
BA8,122.82,145.63
BA9,157.89,146.17
BB1,137.66,89.48
BB10,131.54,67.23
BB11,119.4,55.97
BB12,125.77,83.1
BB18,133.66,94.68
BB2,119.45,83.77
BB3,100.58,78.29
BB4,148.57,106.01
BB5,105.0,71.84
BB6,156.31,79.8
BB7,211.28,136.03
BB8,180.62,98.04
BB9,123.37,64.19
BD1,157.49,142.79
BD10,146.1,133.93
BD11,211.58,122.03
BD12,170.55,98.21
BD13,145.29,102.24
BD14,138.35,99.99
BD15,134.09,120.16
BD16,145.66,133.23
BD17,168.24,150.87
BD18,119.72,121.89
BD19,182.2,118.71
BD2,168.44,98.63
BD20,177.66,133.03
BD21,88.1,78.44
BD22,145.71,113.37
BD23,164.21,146.38
BD24,134.9,138.95
BD3,153.6,62.44
BD4,134.54,90.98
BD5,91.25,71.23
BD6,136.21,118.01
BD7,90.68,74.36
BD8,127.58,76.48
BD9,129.85,105.26
BH1,208.94,194.25
BH10,203.58,214.89
BH11,246.51,194.37
BH12,178.96,205.78
BH13,211.36,183.17
BH14,218.81,211.61
BH15,245.06,221.78
BH16,168.08,178.02
BH17,168.89,201.45
BH18,173.32,211.84
BH19,248.08,214.88
BH2,300.73,201.53
BH20,216.2,216.2
BH21,322.61,240.68
BH22,207.57,235.64
BH23,233.51,250.25
BH24,233.38,239.62
BH25,192.52,231.02
BH3,127.36,151.71
BH31,170.92,258.97
BH4,204.66,191.77
BH5,222.78,186.37
BH6,188.48,204.64
BH7,153.55,186.82
BH8,211.47,216.9
BH9,157.01,196.26
BL0,164.45,152.76
BL1,144.12,98.9
BL2,116.5,104.9
BL3,92.87,92.93
BL4,90.11,99.46
BL5,139.57,117.55
BL6,154.25,113.97
BL7,124.3,142.72
BL8,154.14,133.51
BL9,131.03,117.67
BN1,277.1,246.31
BN10,315.85,213.65
BN11,300.23,194.46
BN12,258.11,222.02
BN13,337.78,207.7
BN14,221.98,202.0
BN15,244.0,205.66
BN16,225.06,191.62
BN17,260.72,176.66
BN18,298.16,221.49
BN2,210.91,236.83
BN20,155.6,169.86
BN21,181.59,167.12
BN22,179.57,172.49
BN23,195.93,195.88
BN24,140.63,197.56
BN25,176.29,186.14
BN26,279.98,184.89
BN27,261.44,196.35
BN3,212.1,231.54
BN41,119.36,238.85
BN42,238.19,250.41
BN43,253.08,226.15
BN44,161.36,209.63
BN45,125.02,187.53
BN5,206.49,199.69
BN6,344.93,243.22
BN7,233.63,228.96
BN8,292.76,211.88
BN9,178.16,174.59
BR1,306.31,253.96
BR2,262.06,238.24
BR3,294.78,249.81
BR4,258.55,268.19
BR5,269.78,227.18
BR6,263.21,255.95
BR7,296.11,251.82
BR8,296.87,227.02
BS1,334.84,319.27
BS10,220.19,166.92
BS11,180.9,171.84
BS13,213.77,182.33
BS14,223.57,176.5
BS15,171.21,180.65
BS16,185.09,191.71
BS2,227.21,230.03
BS20,202.63,233.81
BS21,223.77,181.14
BS22,113.0,161.52
BS23,161.31,142.95
BS24,179.83,187.42
BS25,288.38,220.5
BS26,107.6,153.72
BS27,169.87,201.98
BS28,300.83,242.22
BS29,289.43,159.42
BS3,188.67,204.0
BS30,195.0,169.56
BS31,374.73,216.61
BS32,97.81,169.76
BS34,247.13,179.0
BS35,263.18,169.31
BS36,170.75,206.97
BS37,227.47,157.63
BS39,199.27,207.66
BS4,173.99,173.99
BS40,257.46,205.97
BS41,216.25,197.92
BS48,201.63,201.63
BS49,315.71,189.43
BS5,157.78,164.09
BS6,165.6,213.06
BS7,175.5,196.79
BS8,206.43,222.75
BS9,213.81,221.55
CA1,147.63,96.53
CA10,121.37,128.46
CA11,139.36,135.09
CA12,141.18,223.94
CA13,166.27,133.98
CA14,165.66,87.7
CA15,131.21,80.06
CA16,126.07,133.46
CA17,107.59,103.45
CA18,0.0,98.28
CA19,60.27,105.47
CA2,133.73,99.71
CA20,124.04,96.91
CA21,98.56,104.4
CA22,138.41,93.05
CA23,34.65,57.08
CA24,40.39,70.64
CA25,212.61,83.61
CA26,108.39,66.5
CA27,141.89,98.74
CA28,160.71,95.56
CA3,125.84,123.28
CA4,136.15,113.46
CA5,107.65,125.03
CA6,112.14,107.53
CA7,136.35,100.05
CA8,103.22,110.6
CA9,61.17,86.16
CB1,300.09,259.88
CB10,319.61,211.03
CB11,236.72,185.43
CB2,424.1,326.61
CB21,142.63,186.71
CB22,242.54,209.05
CB23,197.98,201.56
CB24,235.54,185.0
CB25,190.24,194.88
CB3,356.6,320.21
CB4,258.24,238.28
CB5,337.61,222.08
CB6,150.66,162.07
CB7,176.26,161.16
CB8,269.31,166.49
CB9,130.07,153.18
CF10,216.25,216.25
CF11,199.78,167.52
CF14,195.51,173.1
CF15,231.02,170.83
CF23,108.63,158.92
CF24,131.45,168.28
CF3,210.56,142.22
CF31,134.52,135.08
CF32,171.15,89.02
CF33,135.78,110.89
CF34,80.14,79.89
CF35,171.73,138.35
CF36,185.92,152.55
CF37,107.09,95.81
CF38,152.13,131.57
CF39,142.35,82.0
CF40,160.97,68.53
CF41,107.58,71.34
CF42,93.91,60.57
CF43,52.88,53.47
CF44,166.37,79.22
CF45,117.74,69.56
CF46,137.57,86.89
CF47,144.63,79.32
CF48,129.2,75.81
CF5,261.0,144.64
CF61,87.22,136.43
CF62,167.98,126.75
CF63,139.05,113.98
CF64,190.43,165.68
CF71,289.4,227.24
CF72,142.27,131.94
CF81,176.54,85.23
CF82,121.73,106.91
CF83,104.1,120.44
CH1,194.05,166.69
CH2,122.33,166.89
CH3,211.39,156.43
CH4,187.78,140.38
CH41,112.18,75.63
CH42,143.55,83.83
CH43,136.42,118.86
CH44,102.36,75.9
CH45,71.15,101.79
CH46,109.83,124.87
CH47,128.12,150.2
CH48,116.53,136.44
CH49,169.3,131.11
CH5,143.21,130.71
CH6,190.48,112.05
CH60,101.31,145.19
CH61,104.01,148.46
CH62,167.94,121.41
CH63,116.72,148.33
CH64,213.82,158.04
CH65,159.9,116.89
CH66,188.07,135.89
CH7,162.34,142.51
CH8,125.47,115.06
CM0,238.13,178.85
CM1,293.37,214.39
CM11,180.49,208.93
CM12,217.57,243.7
CM13,310.75,243.82
CM14,292.26,271.05
CM15,278.21,262.01
CM16,311.55,319.98
CM17,163.23,237.11
CM18,192.85,189.58
CM19,258.07,188.02
CM2,228.25,220.26
CM20,319.62,214.97
CM21,274.53,193.19
CM22,307.42,234.04
CM23,239.11,228.71
CM24,288.19,223.24
CM3,325.48,189.49
CM4,271.16,252.87
CM5,244.34,243.98
CM6,252.94,220.49
CM7,146.01,180.62
CM77,135.81,212.45
CM8,261.46,181.18
CM9,178.57,202.45
CO1,204.51,167.84
CO10,205.74,171.48
CO11,279.59,153.33
CO12,122.58,130.97
CO13,273.19,175.62
CO14,265.47,188.56
CO15,162.32,152.33
CO16,227.1,142.54
CO2,196.89,170.16
CO3,242.05,182.99
CO4,190.49,157.41
CO5,165.61,186.2
CO6,189.25,184.85
CO7,251.93,159.11
CO8,185.82,206.72
CO9,163.72,161.81
CR0,306.28,241.19
CR2,253.37,237.86
CR3,219.27,219.27
CR4,207.3,219.81
CR5,373.02,238.3
CR6,279.23,242.34
CR7,206.78,219.31
CR8,301.15,243.58
CR9,0.0,5912.0
CT1,275.18,223.74
CT10,191.66,173.97
CT11,171.92,144.19
CT12,176.5,156.42
CT13,278.63,212.63
CT14,211.29,169.04
CT15,102.07,180.94
CT16,271.82,156.15
CT17,144.86,141.74
CT18,146.05,191.28
CT19,242.1,147.03
CT2,151.84,209.25
CT20,272.8,144.85
CT21,242.28,188.98
CT3,233.89,180.28
CT4,130.11,190.45
CT5,188.92,214.21
CT6,187.8,185.35
CT7,172.45,158.08
CT8,155.47,157.7
CT9,178.62,146.3
CV1,180.47,129.41
CV10,190.72,128.7
CV11,199.64,128.23
CV12,152.75,136.3
CV13,207.41,172.09
CV2,172.76,126.49
CV21,209.42,161.22
CV22,240.84,160.41
CV23,242.76,180.16
CV3,197.43,153.43
CV31,165.24,168.64
CV32,207.84,193.34
CV33,317.38,205.37
CV34,214.51,196.69
CV35,205.94,206.02
CV36,194.29,187.76
CV37,227.19,209.01
CV4,191.34,141.43
CV47,234.27,168.21
CV5,213.03,139.6
CV6,161.11,122.33
CV7,185.78,151.79
CV8,170.65,186.81
CV9,199.51,149.9
CW1,163.67,111.06
CW10,129.36,132.94
CW11,201.17,142.74
CW12,225.86,139.36
CW2,194.26,117.61
CW3,163.43,131.72
CW4,197.76,169.35
CW5,154.37,142.63
CW6,215.19,189.66
CW7,135.87,124.97
CW8,190.93,129.92
CW9,129.92,128.64
DA1,330.78,226.18
DA10,418.11,166.16
DA11,233.7,187.6
DA12,194.25,194.25
DA13,359.1,227.28
DA14,300.86,253.49
DA15,209.58,238.26
DA16,235.41,227.9
DA17,200.2,196.23
DA18,22.3,141.39
DA2,209.61,209.66
DA3,229.36,205.39
DA4,164.66,209.57
DA5,222.18,222.18
DA6,346.86,246.16
DA7,208.95,234.54
DA8,214.26,192.89
DA9,249.86,216.63
DE1,197.42,168.68
DE11,157.76,128.71
DE12,122.42,140.27
DE13,205.65,142.12
DE14,166.17,113.88
DE15,203.07,122.89
DE21,144.2,127.87
DE22,218.47,135.43
DE23,171.43,101.81
DE24,174.52,113.14
DE3,221.29,154.62
DE4,196.95,168.45
DE45,139.32,231.37
DE5,186.32,119.19
DE55,159.82,101.25
DE56,119.9,139.94
DE6,194.46,159.4
DE65,143.49,147.64
DE7,110.42,110.37
DE72,121.92,145.26
DE73,172.1,142.58
DE74,216.59,143.02
DE75,109.52,106.76
DH1,219.24,140.56
DH2,152.51,103.09
DH3,193.87,102.47
DH4,165.53,93.47
DH5,160.27,79.55
DH6,149.63,89.78
DH7,135.23,98.64
DH8,133.26,88.67
DH9,141.95,72.11
DL1,149.32,98.62
DL10,83.23,120.95
DL11,135.6,162.42
DL12,185.0,153.79
DL13,114.5,89.56
DL14,135.21,80.17
DL15,153.98,89.82
DL16,171.61,98.24
DL17,162.74,61.03
DL2,157.91,132.98
DL3,111.87,99.39
DL4,159.99,60.46
DL5,130.26,98.55
DL6,199.43,140.04
DL7,130.24,153.84
DL8,132.82,156.25
DL9,144.55,113.61
DN1,147.93,86.43
DN10,125.74,120.9
DN11,165.54,114.16
DN12,127.14,95.68
DN14,174.96,114.56
DN15,92.25,91.17
DN16,145.62,108.36
DN17,104.96,99.41
DN18,128.05,107.66
DN19,56.93,100.09
DN2,225.27,101.91
DN20,95.01,109.68
DN21,137.62,88.99
DN22,170.67,120.48
DN3,139.21,144.88
DN31,150.79,62.2
DN32,112.56,64.13
DN33,147.73,122.21
DN34,68.37,91.78
DN35,87.63,86.76
DN36,154.63,126.47
DN37,140.87,115.6
DN38,68.78,89.38
DN39,168.69,105.17
DN4,163.65,105.22
DN40,128.83,86.04
DN41,107.16,120.55
DN5,137.41,104.2
DN6,159.88,98.75
DN7,129.47,97.11
DN8,118.32,95.78
DN9,128.49,121.86
DT1,268.45,214.55
DT10,147.92,212.83
DT11,210.14,220.64
DT2,169.95,193.75
DT3,225.92,185.58
DT4,216.19,198.83
DT5,200.63,152.7
DT6,150.31,197.9
DT7,245.85,196.71
DT8,179.26,208.33
DT9,200.85,187.16
DY1,141.36,150.91
DY10,162.74,143.31
DY11,210.29,156.21
DY12,110.01,160.7
DY13,164.05,155.18
DY14,129.98,172.46
DY2,136.46,111.85
DY3,165.34,149.99
DY4,122.56,116.11
DY5,143.91,140.23
DY6,245.3,192.93
DY7,138.63,193.2
DY8,181.88,178.05
DY9,241.11,207.11
E1,443.08,357.32
E10,341.9,252.8
E11,212.86,271.71
E12,156.61,196.34
E13,488.61,226.46
E14,451.54,411.7
E15,378.63,298.7
E16,471.77,310.67
E17,449.03,252.37
E18,262.18,272.01
E1W,474.85,401.33
E2,419.71,361.82
E20,651.65,785.32
E3,395.51,346.94
E4,287.53,265.26
E5,314.17,322.74
E6,168.78,206.23
E7,186.73,193.17
E8,470.67,429.49
E9,369.84,320.31
EC1A,433.8,542.25
EC1M,306.37,392.82
EC1N,654.46,504.97
EC1R,322.54,571.74
EC1V,783.46,602.98
EC1Y,605.96,524.98
EC2A,1327.43,762.58
EC2M,779.49,1601.92
EC2Y,885.14,603.51
EC3M,0.0,5846.1
EC3N,495.91,629.66
EC3R,1648.57,951.12
EC3V,185.81,765.03
EC4A,1109.28,677.59
EC4M,457.46,841.89
EC4R,182.23,514.54
EC4V,282.39,418.77
EC4Y,453.08,576.64
EN1,188.72,234.72
EN10,206.56,212.52
EN11,202.85,217.69
EN2,272.41,278.2
EN3,185.3,216.18
EN4,354.71,278.7
EN5,329.91,300.97
EN6,239.82,265.93
EN7,208.62,234.7
EN8,232.99,246.7
EN9,182.6,227.14
EX1,324.86,189.04
EX10,235.28,232.28
EX11,222.37,203.57
EX12,218.26,198.12
EX13,190.17,203.58
EX14,124.34,170.15
EX15,132.69,164.43
EX16,149.67,145.66
EX17,153.46,149.22
EX18,138.62,155.36
EX19,82.31,149.31
EX2,251.96,193.21
EX20,149.02,155.24
EX21,100.27,166.17
EX22,132.33,161.28
EX23,192.6,175.94
EX24,158.49,200.42
EX3,307.46,199.65
EX31,213.34,161.82
EX32,138.09,145.9
EX33,223.51,195.62
EX34,90.32,147.23
EX35,164.98,178.7
EX36,204.86,154.58
EX37,124.89,157.99
EX38,108.07,132.76
EX39,146.22,144.36
EX4,170.87,184.56
EX5,214.25,204.94
EX6,107.7,173.98
EX7,273.27,170.74
EX8,176.04,190.02
EX9,165.1,204.33
FY1,79.29,92.91
FY2,136.65,113.33
FY3,129.07,95.4
FY4,193.14,103.09
FY5,135.24,123.98
FY6,168.87,119.99
FY7,172.36,93.8
FY8,164.3,135.36
GL1,180.3,144.77
GL10,254.16,156.85
GL11,230.33,159.77
GL12,294.96,176.97
GL13,183.3,139.47
GL14,139.46,134.29
GL15,183.91,154.23
GL16,164.19,148.3
GL17,137.42,136.1
GL18,231.25,161.4
GL19,188.59,174.65
GL2,190.15,161.06
GL20,160.04,163.11
GL3,240.44,166.71
GL4,151.57,162.71
GL5,159.01,174.92
GL50,292.38,223.37
GL51,236.24,186.27
GL52,243.22,185.55
GL53,337.28,208.59
GL54,239.02,207.68
GL55,313.04,229.64
GL56,197.86,201.82
GL6,109.7,184.35
GL7,219.99,180.08
GL8,249.73,200.77
GL9,144.95,187.74
GU1,314.64,272.65
GU10,319.65,264.94
GU11,239.59,188.08
GU12,198.97,202.26
GU14,231.34,225.32
GU15,210.59,241.8
GU16,354.58,239.99
GU17,382.28,200.67
GU18,206.96,252.62
GU19,209.7,239.34
GU2,292.74,250.92
GU20,241.12,270.8
GU21,241.42,252.92
GU22,255.42,270.75
GU23,373.38,342.45
GU24,347.35,266.88
GU25,134.01,186.76
GU26,221.34,215.34
GU27,183.44,218.34
GU28,275.24,291.4
GU29,333.75,235.04
GU3,329.48,229.0
GU30,317.46,245.27
GU31,197.5,216.49
GU32,269.17,203.67
GU33,197.82,200.1
GU34,285.1,226.23
GU35,326.02,189.76
GU4,317.69,244.38
GU46,393.31,248.71
GU47,218.87,208.69
GU5,202.82,325.27
GU51,245.31,229.11
GU52,276.62,251.47
GU6,413.03,243.48
GU7,345.89,247.06
GU8,203.58,267.66
GU9,278.3,236.36
HA0,363.27,222.8
HA1,418.82,279.12
HA2,284.17,259.17
HA3,298.73,274.83
HA4,316.18,263.48
HA5,242.2,272.44
HA6,308.73,258.9
HA7,376.03,289.25
HA8,338.19,296.47
HA9,357.74,276.15
HD1,104.16,100.25
HD2,147.15,101.99
HD3,175.99,126.53
HD4,159.67,94.39
HD5,113.55,110.42
HD6,168.64,129.19
HD7,161.75,114.79
HD8,159.89,135.23
HD9,154.19,125.2
HG1,252.57,169.07
HG2,195.46,177.69
HG3,228.09,175.43
HG4,155.44,151.0
HG5,251.2,198.06
HP1,256.76,246.31
HP10,213.59,232.69
HP11,309.48,212.27
HP12,214.79,189.35
HP13,241.34,203.89
HP14,263.01,229.62
HP15,227.07,239.93
HP16,208.28,259.44
HP17,321.64,230.82
HP18,293.97,270.64
HP19,224.55,224.55
HP2,248.74,206.33
HP20,234.27,206.3
HP21,194.03,181.56
HP22,323.6,246.96
HP23,320.28,207.93
HP27,249.86,204.7
HP3,234.63,227.34
HP4,238.25,256.53
HP5,242.03,227.22
HP6,221.87,282.39
HP7,234.42,258.58
HP8,330.21,289.32
HP9,337.96,309.72
HR1,153.42,157.93
HR2,135.8,140.65
HR3,152.81,180.97
HR4,194.81,151.74
HR5,119.73,147.42
HR6,88.52,145.79
HR7,103.61,170.67
HR8,115.76,171.04
HR9,166.81,160.82
HU1,220.3,157.91
HU10,223.7,141.08
HU11,120.88,119.06
HU12,95.43,112.84
HU13,188.54,131.45
HU14,164.96,135.2
HU15,126.49,133.72
HU16,194.0,136.33
HU17,112.08,136.44
HU18,129.19,114.28
HU19,108.83,85.98
HU2,168.5,112.83
HU20,96.53,142.18
HU3,169.63,62.94
HU4,106.77,121.63
HU5,104.52,93.1
HU6,146.69,99.09
HU7,160.13,113.77
HU8,115.07,92.68
HU9,92.8,84.19
HX1,119.1,66.05
HX2,158.9,116.12
HX3,178.88,119.2
HX4,101.06,132.97
HX5,145.73,108.28
HX6,154.42,104.76
HX7,134.24,132.69
IG1,207.66,209.75
IG10,209.89,262.31
IG11,225.57,214.82
IG2,227.0,229.9
IG3,177.24,210.1
IG4,319.23,242.57
IG5,232.1,238.36
IG6,295.32,237.11
IG7,336.33,201.8
IG8,265.24,269.12
IG9,259.43,254.8
IP1,152.09,149.65
IP10,316.57,236.45
IP11,270.97,156.08
IP12,153.9,171.49
IP13,205.82,191.26
IP14,170.83,152.55
IP15,173.32,210.2
IP16,239.4,140.52
IP17,144.55,158.35
IP18,207.18,227.47
IP19,174.26,151.73
IP2,151.07,148.59
IP20,160.69,167.68
IP21,114.02,162.26
IP22,122.11,147.49
IP23,176.17,176.17
IP24,126.04,119.92
IP25,167.44,134.32
IP26,160.5,139.01
IP27,170.77,130.21
IP28,173.18,154.46
IP29,182.67,171.72
IP3,177.01,159.73
IP30,236.9,167.97
IP31,208.66,180.24
IP32,267.46,183.68
IP33,227.94,189.95
IP4,152.25,157.4
IP5,144.86,181.26
IP6,185.34,154.76
IP7,204.45,176.8
IP8,111.56,146.47
IP9,237.4,146.87
KT1,337.65,351.09
KT10,283.93,306.02
KT11,242.09,286.16
KT12,281.02,248.77
KT13,276.62,248.96
KT14,263.36,235.09
KT15,296.22,262.04
KT16,290.99,252.7
KT17,271.35,262.15
KT18,274.25,303.45
KT19,319.33,281.45
KT2,285.91,348.82
KT20,301.95,225.58
KT21,236.4,287.69
KT22,259.26,276.53
KT23,354.69,332.82
KT24,326.5,339.69
KT3,291.95,297.43
KT4,378.01,295.26
KT5,239.86,324.14
KT6,403.11,305.39
KT7,259.53,278.9
KT8,261.4,261.41
KT9,209.05,283.91
L1,173.65,197.42
L10,58.61,104.18
L11,132.4,87.49
L12,88.0,113.3
L13,103.35,88.36
L14,115.87,109.77
L15,121.43,91.85
L16,225.04,132.63
L17,135.55,144.49
L18,144.66,144.45
L19,158.24,131.22
L2,303.3,299.8
L20,152.27,71.38
L21,99.9,88.3
L22,118.73,159.52
L23,182.69,126.51
L24,161.86,90.5
L25,168.93,149.31
L26,113.47,124.0
L27,165.16,101.87
L28,171.66,89.66
L29,132.76,139.98
L3,163.09,190.63
L30,110.7,102.16
L31,135.53,141.91
L32,152.26,101.93
L33,97.76,102.25
L34,179.41,128.32
L35,106.41,117.94
L36,145.9,112.51
L37,182.77,152.66
L38,105.3,141.78
L39,223.33,194.41
L4,133.85,64.98
L40,218.55,169.17
L41,43.94,40.8
L5,94.1,68.9
L6,156.56,78.28
L7,137.75,79.94
L8,140.28,89.91
L9,93.24,87.11
LA1,161.74,127.09
LA10,62.23,152.05
LA11,129.0,151.25
LA12,166.32,130.09
LA13,179.32,104.56
LA14,162.04,77.49
LA15,97.68,100.04
LA16,69.26,79.39
LA17,141.12,143.46
LA18,96.79,71.62
LA19,104.95,90.42
LA2,135.9,135.1
LA20,96.4,117.5
LA21,125.34,219.98
LA22,256.93,267.63
LA23,239.45,199.15
LA3,112.82,107.72
LA4,110.88,109.41
LA5,142.05,141.57
LA6,126.32,142.88
LA7,92.78,155.39
LA8,145.18,166.23
LA9,137.26,161.6
LD1,118.95,120.78
LD2,58.13,110.52
LD3,160.72,139.33
LD4,23.93,123.86
LD5,283.6,161.36
LD6,135.68,117.01
LD7,89.07,137.43
LD8,131.42,140.18
LE1,204.71,224.12
LE10,190.44,158.36
LE11,189.36,150.65
LE12,205.2,151.89
LE13,173.86,139.24
LE14,173.85,149.59
LE15,156.19,156.81
LE16,193.96,172.67
LE17,200.5,161.69
LE18,242.2,136.07
LE19,263.7,150.69
LE2,167.49,145.1
LE3,121.89,140.24
LE4,177.19,133.16
LE5,179.42,134.61
LE6,159.85,156.48
LE65,225.39,165.62
LE67,168.37,122.19
LE7,228.15,164.7
LE8,236.76,159.84
LE9,202.18,144.33
LL11,171.31,135.28
LL12,187.0,136.92
LL13,124.52,133.89
LL14,107.87,119.54
LL15,145.7,122.56
LL16,173.63,118.05
LL17,243.75,136.53
LL18,139.22,110.05
LL19,124.1,128.6
LL20,162.23,126.89
LL21,125.39,99.49
LL22,167.71,125.26
LL23,122.68,100.17
LL24,67.59,123.02
LL25,0.0,120.3
LL26,149.38,123.78
LL27,158.94,158.94
LL28,166.22,136.38
LL29,142.04,101.25
LL30,85.95,138.84
LL31,188.35,136.17
LL32,111.77,131.38
LL33,51.01,124.04
LL34,187.28,115.33
LL35,200.97,170.83
LL36,124.17,113.74
LL37,227.34,131.16
LL38,103.32,95.38
LL39,88.12,72.26
LL40,158.81,145.96
LL41,103.4,76.98
LL42,112.19,140.3
LL43,86.62,173.23
LL44,109.55,129.29
LL45,104.21,105.24
LL46,64.07,109.15
LL47,164.75,82.38
LL48,66.27,107.6
LL49,81.56,120.65
LL51,0.0,124.98
LL52,73.24,137.41
LL53,166.72,138.14
LL54,132.26,96.28
LL55,182.71,110.62
LL56,151.1,129.36
LL57,185.6,117.72
LL58,135.42,139.65
LL59,138.2,116.88
LL60,143.47,117.85
LL61,145.43,126.04
LL62,49.59,92.49
LL63,176.26,77.55
LL64,169.75,132.41
LL65,114.79,95.82
LL66,0.0,120.26
LL67,185.19,128.04
LL68,78.69,96.16
LL69,89.24,128.42
LL70,0.0,168.03
LL71,92.02,107.23
LL72,99.73,131.54
LL73,0.0,124.6
LL74,158.34,144.76
LL75,120.44,136.87
LL76,0.0,83.87
LL77,120.89,116.29
LL78,229.0,176.96
LN1,137.07,123.17
LN10,107.39,133.33
LN11,143.49,120.39
LN12,101.12,117.98
LN13,124.42,122.27
LN2,148.39,118.72
LN3,143.99,150.6
LN4,101.76,129.0
LN5,142.92,111.16
LN6,149.46,135.79
LN7,132.66,107.57
LN8,125.98,128.4
LN9,118.4,131.55
LS1,322.39,340.99
LS10,188.4,126.91
LS11,159.46,86.74
LS12,161.85,122.31
LS13,130.44,127.22
LS14,220.16,135.62
LS15,149.38,147.27
LS16,252.18,178.63
LS17,176.41,170.2
LS18,194.54,178.55
LS19,162.32,172.24
LS2,205.39,212.24
LS20,197.62,171.41
LS21,193.79,156.53
LS22,209.42,161.66
LS23,246.43,192.62
LS24,200.9,151.62
LS25,219.54,140.95
LS26,153.37,142.39
LS27,157.71,139.91
LS28,135.8,137.2
LS29,185.84,185.41
LS3,276.3,145.99
LS4,167.47,153.62
LS5,148.53,163.1
LS6,135.11,155.98
LS7,118.56,146.64
LS8,158.08,125.38
LS9,182.95,99.1
LU1,204.18,189.06
LU2,234.22,173.39
LU3,156.77,151.17
LU4,167.74,157.94
LU5,260.29,167.76
LU6,206.7,185.5
LU7,224.52,185.08
M1,222.76,235.23
M11,175.23,66.95
M12,207.73,84.48
M13,177.09,114.52
M14,151.02,121.8
M15,216.63,191.67
M16,159.58,172.1
M18,149.31,68.91
M19,132.99,119.28
M2,426.07,1676.02
M20,194.17,211.77
M21,168.88,195.41
M22,137.41,154.34
M23,107.76,138.96
M24,162.95,112.95
M25,192.34,142.97
M26,188.57,117.73
M27,154.13,122.6
M28,156.42,144.69
M29,133.13,115.87
M3,260.76,232.45
M30,166.81,116.81
M31,136.5,127.34
M32,178.42,146.19
M33,148.8,176.85
M34,216.93,122.59
M35,152.58,109.72
M38,61.5,97.95
M4,228.88,224.49
M40,169.52,98.01
M41,172.33,164.25
M43,127.15,115.37
M44,139.11,126.94
M45,117.93,146.81
M46,182.7,113.92
M5,233.44,147.3
M50,248.52,234.78
M6,139.42,110.98
M7,143.72,102.65
M8,148.99,103.29
M9,123.09,82.83
ME1,257.7,172.37
ME10,192.18,162.36
ME11,274.96,132.95
ME12,183.23,142.31
ME13,257.72,175.25
ME14,290.9,226.32
ME15,223.35,213.9
ME16,221.45,209.48
ME17,287.77,227.43
ME18,187.07,182.67
ME19,249.38,253.83
ME2,207.62,161.36
ME20,267.61,209.18
ME3,230.22,185.58
ME4,244.07,155.95
ME5,195.77,164.33
ME6,331.78,187.04
ME7,207.81,152.8
ME8,250.31,186.28
ME9,178.8,181.53
MK1,255.17,429.15
MK10,234.79,221.8
MK11,427.42,200.72
MK12,225.24,174.65
MK13,141.13,158.24
MK14,253.25,151.41
MK15,161.65,156.46
MK16,187.25,179.81
MK17,318.22,213.29
MK18,236.71,176.49
MK19,213.68,204.06
MK2,173.96,150.76
MK3,264.47,185.71
MK4,200.32,192.54
MK40,262.61,158.69
MK41,187.82,172.18
MK42,230.8,153.13
MK43,273.46,191.66
MK44,239.47,176.38
MK45,258.37,184.54
MK46,253.91,175.75
MK5,176.34,180.26
MK6,105.97,144.25
MK7,140.74,164.91
MK8,388.41,140.26
MK9,275.04,237.25
N1,476.33,482.86
N10,312.61,317.91
N11,229.89,294.16
N12,307.05,307.11
N13,234.15,255.12
N14,204.63,261.88
N15,471.2,245.28
N16,287.24,344.69
N17,455.16,225.19
N18,230.35,210.61
N19,338.68,399.64
N1C,1314.01,1243.29
N2,147.21,322.78
N20,492.9,312.84
N21,118.3,235.1
N22,262.81,299.1
N3,440.97,337.72
N4,588.66,365.37
N5,446.69,446.69
N6,442.32,355.73
N7,489.32,422.33
N8,467.1,379.39
N9,171.38,195.53
NE1,229.33,242.75
NE10,143.15,110.66
NE11,118.54,107.25
NE12,158.75,133.8
NE13,222.44,127.24
NE15,185.45,97.2
NE16,139.74,116.67
NE17,165.91,73.68
NE18,175.01,187.28
NE19,218.01,167.14
NE2,178.38,197.49
NE20,190.71,153.55
NE21,181.08,119.57
NE22,119.28,89.46
NE23,174.06,102.42
NE24,155.29,90.91
NE25,170.53,136.01
NE26,128.11,127.24
NE27,215.51,136.09
NE28,176.79,105.02
NE29,96.39,110.02
NE3,201.8,151.45
NE30,90.7,153.02
NE31,207.36,95.17
NE32,132.31,102.47
NE33,156.96,92.33
NE34,170.61,113.78
NE35,155.25,115.48
NE36,187.32,157.01
NE37,73.95,92.51
NE38,217.4,110.48
NE39,147.07,112.76
NE4,131.28,94.62
NE40,189.99,100.65
NE41,163.27,181.93
NE42,137.88,122.31
NE43,57.58,113.16
NE44,125.9,150.5
NE45,296.83,191.3
NE46,174.41,148.2
NE47,119.09,131.0
NE48,110.41,116.38
NE49,105.75,105.75
NE5,189.66,112.62
NE6,163.68,122.77
NE61,167.8,122.63
NE62,99.26,98.63
NE63,145.28,72.67
NE64,173.11,83.35
NE65,150.59,122.19
NE66,143.6,134.9
NE67,122.82,139.2
NE68,130.61,122.7
NE69,94.57,148.26
NE7,140.48,141.03
NE70,119.19,113.08
NE71,176.36,121.34
NE8,179.39,99.66
NE9,162.32,129.07
NG1,199.47,203.84
NG10,132.05,130.29
NG11,222.39,128.78
NG12,264.22,155.96
NG13,156.09,149.78
NG14,213.38,174.58
NG15,176.22,122.44
NG16,150.43,123.44
NG17,128.39,107.65
NG18,159.61,104.52
NG19,150.39,103.29
NG2,161.75,167.74
NG20,136.35,90.54
NG21,199.05,114.72
NG22,158.98,119.36
NG23,145.91,142.59
NG24,156.04,126.59
NG25,185.58,166.37
NG3,153.54,119.58
NG31,144.11,118.75
NG32,96.86,131.29
NG33,111.52,118.59
NG34,96.06,122.96
NG4,124.94,130.89
NG5,156.04,130.04
NG6,150.3,99.0
NG7,147.4,113.2
NG8,270.51,123.5
NG9,198.97,145.54
NN1,144.34,150.62
NN10,170.15,141.8
NN11,140.35,145.38
NN12,256.69,192.08
NN13,164.61,164.65
NN14,159.15,140.05
NN15,193.12,137.22
NN16,117.0,115.92
NN17,197.7,119.69
NN18,166.58,133.27
NN2,287.11,144.73
NN29,152.44,134.27
NN3,240.83,136.84
NN4,140.76,147.46
NN5,214.23,150.58
NN6,191.51,155.44
NN7,188.47,175.31
NN8,155.99,118.04
NN9,168.33,139.05
NP10,164.02,164.02
NP11,157.06,98.16
NP12,121.16,106.47
NP13,82.57,66.74
NP15,132.64,185.86
NP16,199.48,153.37
NP18,137.39,150.62
NP19,170.12,113.38
NP20,180.45,124.47
NP22,81.14,72.23
NP23,129.92,77.95
NP24,58.66,59.22
NP25,156.73,155.68
NP26,120.27,149.14
NP4,154.16,104.56
NP44,230.64,116.92
NP7,196.62,154.49
NP8,204.02,171.4
NR1,204.02,173.42
NR10,121.26,158.08
NR11,121.42,124.23
NR12,156.8,143.74
NR13,216.9,173.16
NR14,214.9,160.77
NR15,97.99,130.42
NR16,150.93,143.78
NR17,163.09,147.23
NR18,225.15,173.2
NR19,106.72,129.65
NR2,193.31,182.94
NR20,184.82,157.81
NR21,92.76,140.22
NR22,296.73,232.17
NR23,329.29,233.53
NR24,134.81,155.41
NR25,203.18,190.48
NR26,169.74,164.89
NR27,201.06,163.02
NR28,86.83,135.03
NR29,195.95,148.27
NR3,205.74,150.75
NR30,115.41,115.75
NR31,171.97,124.99
NR32,201.47,141.68
NR33,159.63,147.35
NR34,102.47,157.34
NR35,157.4,152.53
NR4,228.82,181.15
NR5,175.79,158.26
NR6,179.95,165.52
NR7,153.49,170.79
NR8,126.08,161.54
NR9,216.09,179.13
NW1,575.21,502.48
NW10,455.92,288.9
NW11,262.27,419.64
NW2,313.99,327.07
NW3,627.21,465.35
NW4,279.85,296.45
NW5,625.11,446.82
NW6,603.45,397.01
NW7,445.11,325.08
NW8,479.46,431.24
NW9,497.91,288.52
OL1,86.69,86.69
OL10,167.89,101.9
OL11,177.17,113.9
OL12,164.35,119.26
OL13,178.73,87.01
OL14,155.44,93.24
OL15,148.24,132.62
OL16,172.65,108.71
OL2,131.91,119.38
OL3,152.71,155.42
OL4,122.88,93.67
OL5,219.19,132.04
OL6,163.59,111.26
OL7,126.34,97.05
OL8,114.41,77.51
OL9,165.98,97.31
OX1,234.19,357.69
OX10,360.22,232.7
OX11,263.35,200.15
OX12,328.17,220.49
OX13,360.43,241.24
OX14,285.37,221.96
OX15,220.24,192.33
OX16,266.21,173.33
OX17,203.8,188.09
OX18,193.99,198.68
OX2,282.73,292.32
OX20,365.68,238.12
OX25,243.33,215.68
OX26,227.86,202.15
OX27,212.58,192.13
OX28,235.87,215.47
OX29,325.02,234.4
OX3,195.89,237.2
OX33,133.52,222.53
OX39,388.87,257.62
OX4,145.85,238.61
OX44,317.04,233.61
OX49,342.87,284.92
OX5,230.86,223.99
OX7,185.37,199.48
OX9,381.09,228.66
PE1,136.93,119.82
PE10,156.52,138.14
PE11,133.05,131.02
PE12,111.22,121.28
PE13,130.22,133.05
PE14,108.4,142.85
PE15,134.56,137.25
PE16,154.52,135.76
PE19,190.98,167.73
PE2,194.5,140.21
PE20,120.11,117.15
PE21,120.68,104.99
PE22,65.73,118.29
PE23,108.82,126.86
PE24,88.81,123.47
PE25,135.17,149.81
PE26,154.15,138.34
PE27,196.61,166.74
PE28,215.81,153.79
PE29,182.55,163.44
PE3,200.33,117.17
PE30,173.6,145.77
PE31,160.24,176.78
PE32,155.3,170.62
PE33,141.96,162.76
PE34,182.81,169.92
PE36,204.49,152.84
PE37,202.72,146.95
PE38,164.12,169.78
PE4,215.21,134.43
PE5,295.33,223.14
PE6,137.78,131.83
PE7,172.27,142.86
PE8,159.15,175.41
PE9,157.83,148.83
PL1,200.61,143.74
PL10,109.58,200.59
PL11,128.11,132.35
PL12,125.25,145.17
PL13,200.55,178.87
PL14,186.03,161.66
PL15,147.26,144.54
PL16,147.74,185.81
PL17,167.46,141.22
PL18,153.02,135.53
PL19,182.41,159.49
PL2,190.16,124.14
PL20,127.26,152.77
PL21,183.08,160.35
PL22,130.55,160.47
PL23,126.27,198.14
PL24,119.99,148.18
PL25,181.93,167.69
PL26,130.0,147.27
PL27,123.86,152.29
PL28,216.39,202.8
PL29,139.6,244.05
PL3,123.86,127.7
PL30,107.95,173.36
PL31,179.7,150.13
PL32,146.45,169.45
PL33,115.77,165.23
PL34,164.85,169.04
PL35,149.57,162.44
PL4,110.55,121.67
PL5,174.29,131.36
PL6,200.2,152.96
PL7,142.13,159.09
PL8,246.29,182.44
PL9,221.93,158.86
PO1,224.72,173.65
PO10,281.85,228.4
PO11,150.74,183.04
PO12,152.66,150.37
PO13,206.78,156.49
PO14,185.29,178.88
PO15,140.06,199.2
PO16,172.04,196.2
PO17,172.73,217.2
PO18,275.2,268.59
PO19,293.96,233.85
PO2,125.35,143.55
PO20,236.45,202.44
PO21,259.92,175.53
PO22,264.48,187.29
PO3,213.43,172.31
PO30,171.94,160.47
PO31,149.08,158.08
PO32,195.01,166.48
PO33,145.79,149.68
PO34,88.69,159.64
PO35,133.76,181.18
PO36,119.15,142.97
PO37,140.41,148.16
PO38,115.51,151.18
PO39,121.34,143.23
PO4,158.79,165.04
PO40,152.11,167.32
PO41,129.33,202.62
PO5,149.79,158.68
PO6,182.74,167.12
PO7,284.17,191.15
PO8,239.78,189.91
PO9,248.73,171.35
PR1,160.72,112.37
PR2,112.37,112.11
PR25,187.73,117.28
PR26,155.63,124.51
PR3,189.14,139.15
PR4,190.57,138.8
PR5,143.3,122.68
PR6,161.91,130.69
PR7,177.19,134.01
PR8,135.47,121.92
PR9,153.2,134.65
RG1,278.54,224.16
RG10,206.19,276.49
RG12,317.84,231.33
RG14,278.45,253.14
RG17,174.99,209.43
RG18,209.74,246.44
RG19,292.85,227.05
RG2,360.18,219.48
RG20,252.87,281.71
RG21,225.76,204.67
RG22,235.1,210.98
RG23,438.95,237.23
RG24,260.82,209.79
RG25,249.45,214.25
RG26,207.21,212.02
RG27,312.13,312.18
RG28,333.14,241.83
RG29,386.53,335.28
RG30,233.73,207.7
RG31,237.71,212.9
RG4,170.36,224.16
RG40,314.15,247.54
RG41,313.46,254.72
RG42,252.83,237.66
RG45,306.08,251.26
RG5,386.29,223.07
RG6,224.01,202.3
RG7,293.0,252.38
RG8,197.63,240.75
RG9,276.3,276.3
RH1,235.11,231.63
RH10,172.25,216.63
RH11,318.59,189.95
RH12,340.21,239.16
RH13,192.51,196.57
RH14,254.74,242.63
RH15,268.34,224.53
RH16,348.63,261.52
RH17,299.64,247.21
RH18,258.03,220.61
RH19,242.89,212.68
RH2,249.47,267.38
RH20,214.66,247.86
RH3,429.62,262.45
RH4,325.29,306.88
RH5,251.86,273.95
RH6,357.74,245.47
RH7,232.35,254.73
RH8,326.58,259.69
RH9,150.03,208.38
RM1,244.84,256.14
RM10,166.12,193.17
RM11,171.43,204.08
RM12,302.7,272.54
RM13,376.6,227.74
RM14,312.4,259.95
RM15,189.81,205.52
RM16,151.58,230.46
RM17,172.32,180.99
RM18,204.61,159.29
RM19,217.55,180.65
RM2,196.2,276.34
RM20,335.95,173.4
RM3,332.59,219.51
RM4,154.97,228.6
RM5,199.28,220.83
RM6,202.1,216.54
RM7,209.55,235.14
RM8,228.66,195.57
RM9,189.8,207.75
S1,200.82,218.29
S10,184.66,143.72
S11,160.08,156.21
S12,143.14,123.46
S13,139.23,122.92
S14,165.89,96.79
S17,180.99,168.28
S18,208.92,161.86
S2,146.8,106.66
S20,142.44,119.69
S21,116.54,119.8
S25,112.17,103.93
S26,132.56,116.85
S3,165.98,156.5
S32,211.8,275.07
S33,243.52,215.69
S35,126.02,129.17
S36,184.4,133.18
S4,165.69,64.0
S40,180.72,157.96
S41,193.77,142.1
S42,177.1,128.62
S43,156.6,123.04
S44,145.77,102.52
S45,174.13,113.39
S5,150.13,99.64
S6,152.29,138.23
S60,198.88,122.08
S61,147.66,93.16
S62,118.04,93.55
S63,138.34,86.0
S64,147.78,91.93
S65,141.97,95.28
S66,123.57,107.45
S7,230.78,133.88
S70,150.55,96.09
S71,160.23,109.39
S72,141.76,101.97
S73,156.45,100.13
S74,147.49,109.06
S75,172.72,131.37
S8,153.16,143.47
S80,167.5,95.65
S81,130.67,107.31
S9,130.69,94.82
SA1,172.81,111.01
SA10,121.84,98.14
SA11,116.58,80.88
SA12,121.98,89.82
SA13,116.36,74.59
SA14,137.52,98.23
SA15,144.05,85.41
SA16,127.77,95.38
SA17,128.42,94.48
SA18,140.8,99.08
SA19,113.38,115.3
SA2,106.27,123.98
SA20,70.81,118.01
SA3,184.7,164.37
SA31,165.93,127.22
SA32,72.07,131.59
SA33,115.91,121.47
SA34,118.21,125.81
SA35,70.79,120.5
SA36,37.41,111.3
SA37,175.37,130.51
SA38,113.62,119.52
SA39,119.79,118.9
SA4,124.39,112.45
SA40,104.71,104.71
SA41,108.72,128.29
SA42,184.32,168.96
SA43,129.88,119.76
SA44,101.89,111.51
SA45,143.34,139.0
SA46,101.1,164.95
SA47,82.22,120.33
SA48,111.17,133.25
SA5,131.37,91.79
SA6,89.81,91.38
SA61,142.59,126.93
SA62,119.33,133.32
SA63,74.75,118.89
SA64,41.29,90.84
SA65,140.54,129.19
SA66,51.47,134.23
SA67,135.19,113.13
SA68,132.58,140.17
SA69,145.51,160.44
SA7,107.63,113.01
SA70,169.1,144.18
SA71,147.61,123.82
SA72,85.53,108.2
SA73,119.81,101.38
SA8,157.43,107.05
SA9,135.93,80.13
SE1,474.92,474.92
SE10,540.62,420.49
SE11,478.62,431.83
SE12,149.7,238.1
SE13,314.25,314.07
SE14,337.11,278.88
SE15,269.3,320.6
SE16,371.0,340.77
SE17,672.61,353.85
SE18,378.4,219.57
SE19,392.85,253.45
SE2,396.46,210.8
SE20,300.47,261.41
SE21,222.9,354.39
SE22,213.88,323.13
SE23,247.71,274.57
SE24,253.08,390.39
SE25,254.02,212.58
SE26,219.16,253.47
SE27,328.91,307.08
SE28,189.73,210.45
SE3,446.82,313.16
SE4,194.17,273.05
SE5,416.7,317.49
SE6,261.98,258.52
SE7,274.82,244.05
SE8,470.38,308.91
SE9,299.62,225.92
SG1,222.72,225.45
SG10,208.46,214.09
SG11,220.18,198.16
SG12,238.5,244.31
SG13,205.97,216.49
SG14,279.44,252.57
SG15,244.61,180.95
SG16,258.26,187.98
SG17,267.23,187.53
SG18,256.42,176.42
SG19,148.54,163.97
SG2,154.88,204.22
SG3,246.49,224.07
SG4,175.13,219.53
SG5,249.42,208.95
SG6,193.05,196.39
SG7,266.71,213.37
SG8,178.77,198.89
SG9,329.57,225.28
SK1,161.41,146.74
SK10,190.5,164.31
SK11,167.06,150.84
SK12,223.06,185.42
SK13,160.37,129.33
SK14,180.23,118.55
SK15,163.09,138.0
SK16,134.13,128.77
SK17,180.29,138.22
SK2,180.47,147.26
SK22,133.55,133.55
SK23,176.74,137.67
SK3,160.04,126.89
SK4,161.56,166.82
SK5,210.18,133.23
SK6,234.25,165.78
SK7,302.35,165.0
SK8,209.78,175.35
SK9,192.22,192.18
SL0,295.9,249.18
SL1,240.33,203.35
SL2,230.11,190.04
SL3,240.12,209.17
SL4,293.06,268.4
SL5,291.49,214.94
SL6,323.1,260.45
SL7,254.27,239.74
SL8,337.17,255.03
SL9,329.71,301.35
SM1,279.01,254.58
SM2,202.96,215.95
SM3,253.85,262.61
SM4,268.75,284.41
SM5,232.88,239.52
SM6,267.46,225.29
SM7,269.32,272.8
SN1,189.48,150.88
SN10,224.32,203.87
SN11,178.59,158.33
SN12,213.93,159.82
SN13,221.78,165.33
SN14,107.17,158.68
SN15,182.41,156.48
SN16,191.19,199.5
SN2,180.83,156.44
SN25,167.54,183.24
SN26,346.7,221.7
SN3,252.95,165.57
SN4,199.43,175.69
SN5,178.65,151.26
SN6,270.24,163.0
SN7,283.84,211.87
SN8,257.78,239.69
SN9,191.23,210.72
SO14,240.92,220.07
SO15,197.98,192.67
SO16,197.06,178.64
SO17,163.85,165.61
SO18,202.09,190.63
SO19,175.93,178.56
SO20,260.59,276.19
SO21,196.17,243.26
SO22,344.51,253.85
SO23,261.91,261.91
SO24,257.1,241.56
SO30,169.19,204.12
SO31,229.04,187.74
SO32,308.75,226.43
SO40,186.06,198.77
SO41,232.58,226.36
SO42,290.86,338.67
SO43,195.93,239.2
SO45,191.05,198.32
SO50,236.39,196.99
SO51,325.86,248.6
SO52,338.33,282.52
SO53,131.0,196.57
SP1,181.93,206.42
SP10,168.73,209.29
SP11,217.94,217.95
SP2,245.35,181.5
SP3,139.52,178.87
SP4,218.6,184.59
SP5,164.12,188.57
SP6,166.11,211.0
SP7,171.31,172.69
SP8,148.7,176.98
SP9,216.44,163.16
SR1,184.81,104.34
SR2,155.61,87.69
SR3,202.42,93.45
SR4,151.99,90.72
SR5,129.2,84.9
SR6,121.32,123.85
SR7,178.04,94.22
SR8,138.36,70.44
SS0,180.67,152.95
SS1,166.42,162.07
SS11,264.85,182.14
SS12,130.27,209.57
SS13,165.73,163.18
SS14,211.27,179.15
SS15,190.92,184.96
SS16,134.38,172.45
SS17,251.13,192.72
SS2,212.82,181.52
SS3,266.75,175.19
SS4,242.68,208.51
SS5,368.67,203.81
SS6,147.81,221.37
SS7,192.6,197.54
SS8,151.52,176.21
SS9,180.58,191.59
ST1,154.18,76.5
ST10,107.39,120.22
ST11,186.09,123.72
ST12,285.03,148.99
ST13,134.78,111.86
ST14,144.39,129.95
ST15,182.39,139.23
ST16,195.7,132.55
ST17,155.59,143.64
ST18,196.7,151.92
ST19,194.97,169.33
ST2,158.83,94.56
ST20,197.54,132.5
ST21,214.74,155.12
ST3,88.4,97.24
ST4,141.19,84.77
ST5,145.71,117.69
ST6,138.87,77.75
ST7,176.55,124.81
ST8,108.07,123.97
ST9,159.28,138.7
SW10,767.55,520.78
SW11,868.07,440.23
SW12,387.47,371.55
SW13,273.96,415.3
SW14,284.88,379.82
SW15,505.44,348.32
SW16,315.39,291.16
SW17,303.68,315.89
SW18,489.16,396.15
SW19,268.49,322.2
SW1A,251.33,500.31
SW1E,763.67,494.7
SW1H,493.04,367.58
SW1P,626.02,515.66
SW1V,425.77,532.21
SW1W,510.8,586.27
SW1X,327.85,520.66
SW1Y,442.42,594.04
SW2,364.52,340.67
SW20,393.02,348.1
SW3,652.28,535.88
SW4,473.43,453.14
SW5,706.48,561.43
SW6,749.04,495.61
SW7,303.63,522.49
SW8,826.01,446.49
SW9,459.24,376.99
SY1,162.85,150.06
SY10,134.89,147.95
SY11,154.6,137.98
SY12,138.91,123.76
SY13,156.45,132.31
SY14,199.13,165.08
SY15,78.64,125.92
SY16,113.62,118.84
SY17,101.06,108.59
SY18,47.42,105.07
SY19,55.97,130.12
SY2,246.9,165.3
SY20,83.99,131.83
SY21,79.83,128.77
SY22,103.6,131.63
SY23,122.44,152.1
SY24,135.22,156.74
SY25,97.52,116.84
SY3,170.96,152.69
SY4,161.89,143.01
SY5,175.17,147.34
SY6,126.33,166.26
SY7,116.0,151.49
SY8,103.32,144.48
SY9,159.59,140.01
TA1,192.5,169.17
TA10,144.71,140.53
TA11,194.95,167.8
TA12,141.46,146.02
TA13,157.37,163.34
TA14,221.35,168.23
TA15,128.76,169.08
TA16,243.32,168.83
TA17,99.8,192.21
TA18,167.5,150.08
TA19,122.41,149.77
TA2,185.69,155.58
TA20,144.55,149.53
TA21,175.81,147.3
TA22,184.78,242.52
TA23,134.54,155.24
TA24,154.94,160.33
TA3,202.4,180.58
TA4,138.71,172.31
TA5,179.99,160.7
TA6,183.44,136.73
TA7,146.91,155.03
TA8,124.98,151.19
TA9,142.64,153.53
TD12,130.38,116.21
TD15,141.32,106.37
TD9,62.08,109.79
TF1,158.14,134.47
TF10,186.54,149.24
TF11,251.05,164.15
TF12,206.66,156.39
TF13,185.33,170.06
TF2,136.4,126.77
TF3,199.91,100.54
TF4,198.13,132.91
TF5,99.63,122.95
TF6,202.13,164.76
TF7,127.33,92.56
TF8,206.58,171.5
TF9,148.27,127.82
TN1,218.7,219.44
TN10,302.21,263.19
TN11,269.97,223.27
TN12,354.48,216.42
TN13,190.24,235.11
TN14,280.88,243.43
TN15,215.48,205.05
TN16,233.54,194.03
TN17,244.99,240.65
TN18,286.07,200.35
TN19,172.73,171.39
TN2,310.4,216.2
TN20,260.81,193.46
TN21,213.28,187.12
TN22,197.52,191.76
TN23,184.02,176.21
TN24,168.43,185.5
TN25,221.66,235.23
TN26,203.25,223.14
TN27,319.4,236.75
TN28,246.72,172.7
TN29,148.18,169.56
TN3,179.49,191.0
TN30,269.06,219.55
TN31,187.12,201.42
TN32,97.5,182.44
TN33,184.16,199.5
TN34,182.16,146.63
TN35,146.14,152.45
TN36,71.09,200.73
TN37,135.9,147.02
TN38,153.32,145.59
TN39,212.6,159.73
TN4,244.48,215.18
TN40,193.42,139.71
TN5,255.87,211.52
TN6,199.48,187.51
TN7,132.55,224.62
TN8,226.74,211.04
TN9,263.31,266.95
TQ1,157.59,140.21
TQ10,200.09,160.08
TQ11,107.79,149.92
TQ12,227.97,168.27
TQ13,152.56,171.11
TQ14,187.55,168.77
TQ2,132.14,163.17
TQ3,111.75,150.45
TQ4,218.91,170.64
TQ5,189.07,154.29
TQ6,252.74,214.59
TQ7,179.59,197.11
TQ8,348.5,221.33
TQ9,219.13,193.35
TR1,216.42,188.87
TR10,189.43,173.2
TR11,203.06,193.39
TR12,174.31,219.14
TR13,135.21,162.8
TR14,157.89,139.43
TR15,154.07,155.02
TR16,184.04,150.14
TR17,92.78,178.11
TR18,215.28,192.56
TR19,105.65,175.37
TR2,154.09,157.85
TR20,149.48,168.38
TR21,237.35,261.61
TR22,0.0,221.8
TR25,0.0,427.22
TR26,262.64,227.23
TR27,198.31,171.46
TR3,154.03,165.08
TR4,175.37,159.21
TR5,290.76,208.96
TR6,219.06,157.72
TR7,202.72,199.24
TR8,209.78,174.82
TR9,93.61,147.81
TS1,164.84,64.76
TS10,144.62,105.29
TS11,145.76,117.81
TS12,156.69,98.65
TS13,104.14,80.13
TS14,188.16,115.95
TS15,200.78,131.72
TS16,125.3,133.59
TS17,120.99,119.95
TS18,160.24,91.6
TS19,121.42,97.37
TS2,139.56,41.27
TS20,146.09,106.68
TS21,180.82,118.6
TS22,196.66,103.02
TS23,112.71,97.83
TS24,136.05,68.65
TS25,127.19,89.68
TS26,145.61,74.91
TS27,95.58,84.69
TS28,167.36,72.66
TS29,108.93,75.04
TS3,121.19,68.76
TS4,183.2,92.99
TS5,171.4,108.61
TS6,162.56,81.28
TS7,257.49,125.38
TS8,199.46,147.74
TS9,146.08,155.16
TW1,289.02,312.68
TW10,573.42,363.09
TW11,400.6,352.48
TW12,257.39,300.28
TW13,191.52,253.08
TW14,118.71,242.82
TW15,223.09,270.13
TW16,277.71,268.83
TW17,213.12,274.01
TW18,323.84,277.07
TW19,223.23,239.41
TW2,242.24,306.83
TW20,263.71,260.54
TW3,311.22,265.83
TW4,222.46,239.29
TW5,240.62,227.4
TW7,281.85,282.36
TW8,470.6,376.48
TW9,430.18,396.17
UB1,347.41,209.49
UB10,356.96,252.28
UB2,380.45,230.77
UB3,396.88,249.75
UB4,200.38,236.12
UB5,274.7,245.28
UB6,331.57,290.52
UB7,369.88,244.79
UB8,327.35,275.03
UB9,291.07,241.08
W10,762.39,455.47
W11,480.45,519.41
W12,1094.75,397.37
W13,333.56,328.91
W14,1123.43,409.08
W15,0.0,896.62
W1B,5358.33,716.98
W1C,0.0,6696.21
W1D,787.38,991.9
W1F,2243.68,749.07
W1G,275.6,444.63
W1H,383.05,507.8
W1J,391.02,522.7
W1K,577.59,582.59
W1S,1248.8,1705.09
W1T,2082.0,688.66
W1U,484.71,642.38
W1W,891.05,571.5
W2,705.54,495.8
W3,505.42,347.34
W4,322.34,413.37
W5,411.63,327.19
W6,1023.72,467.63
W7,322.66,312.33
W8,1110.08,553.12
W9,386.14,434.66
WA1,163.74,139.46
WA10,149.53,97.81
WA11,86.58,108.29
WA12,162.52,119.58
WA13,216.21,202.4
WA14,189.06,183.93
WA15,138.23,180.51
WA16,161.02,190.13
WA2,162.8,120.04
WA3,155.35,133.2
WA4,175.1,166.23
WA5,165.61,131.43
WA6,136.8,149.59
WA7,140.52,106.21
WA8,170.23,116.9
WA9,167.04,95.14
WC1A,3628.91,629.44
WC1B,0.0,435.61
WC1E,853.19,636.28
WC1H,615.6,469.52
WC1N,772.32,558.21
WC1R,996.07,592.59
WC1V,455.01,699.49
WC1X,1284.98,507.81
WC2A,1262.05,1934.37
WC2B,1754.64,713.07
WC2E,1016.8,901.56
WC2H,916.27,710.96
WC2N,377.68,836.31
WC2R,1932.25,1533.72
WD17,265.94,268.21
WD18,290.35,235.75
WD19,325.45,254.44
WD23,377.6,274.9
WD24,206.72,244.68
WD25,303.12,232.36
WD3,175.17,264.9
WD4,222.88,263.01
WD5,149.1,268.44
WD6,297.19,243.15
WD7,199.51,250.95
WF1,248.63,120.77
WF10,180.25,110.48
WF11,150.98,110.33
WF12,154.4,110.94
WF13,133.06,101.38
WF14,153.24,130.77
WF15,160.13,123.74
WF16,118.32,125.29
WF17,120.55,107.29
WF2,132.56,132.56
WF3,139.91,125.11
WF4,113.06,122.31
WF5,131.34,133.6
WF6,111.72,113.95
WF7,177.47,110.95
WF8,174.2,130.98
WF9,134.66,99.16
WN1,124.14,124.14
WN2,128.16,96.41
WN3,139.11,107.1
WN4,91.02,104.63
WN5,163.46,108.52
WN6,183.14,120.3
WN7,145.97,98.37
WN8,164.64,116.3
WR1,211.65,177.51
WR10,223.53,186.23
WR11,206.82,174.01
WR12,226.88,172.23
WR13,210.59,202.29
WR14,205.07,183.49
WR15,112.24,164.93
WR2,245.78,172.2
WR3,208.62,162.74
WR4,111.13,175.29
WR5,195.53,166.2
WR6,206.96,192.92
WR7,242.35,204.66
WR8,204.06,194.79
WR9,218.44,183.56
WS1,141.84,107.84
WS10,156.22,115.74
WS11,198.29,145.0
WS12,188.7,143.11
WS13,244.59,180.78
WS14,209.16,198.65
WS15,157.94,136.93
WS2,117.58,102.05
WS3,135.49,126.81
WS4,150.82,132.55
WS5,122.06,133.33
WS6,139.32,142.84
WS7,179.2,144.45
WS8,114.46,150.43
WS9,136.33,146.47
WV1,173.71,120.42
WV10,170.52,109.38
WV11,194.42,133.68
WV12,134.97,135.63
WV13,165.36,114.49
WV14,156.65,122.48
WV15,164.31,153.93
WV16,156.03,153.27
WV2,183.92,101.51
WV3,156.01,137.52
WV4,151.17,132.6
WV5,167.93,152.42
WV6,151.08,127.27
WV7,270.4,174.98
WV8,227.27,164.37
WV9,131.78,139.03
YO1,253.96,232.29
YO10,147.22,171.66
YO11,169.85,113.27
YO12,121.09,118.91
YO13,193.04,148.1
YO14,161.77,134.85
YO15,83.46,114.96
YO16,128.57,122.74
YO17,171.98,138.15
YO18,179.0,162.64
YO19,149.57,169.56
YO21,129.93,124.24
YO22,151.55,173.82
YO23,182.84,167.94
YO24,180.58,180.58
YO25,114.62,117.38
YO26,157.52,166.93
YO30,139.22,168.11
YO31,169.31,184.49
YO32,143.37,186.59
YO41,126.13,155.56
YO42,186.16,156.88
YO43,137.6,142.52
YO51,262.0,177.32
YO60,158.01,172.0
YO61,158.44,192.7
YO62,228.81,162.81
YO7,199.8,160.57
YO8,178.25,135.74
