outcode,Avg Listing sqft v/s Size(Small),Avg Sold sqft v/s Size(Medium),Avg Sold sqft v/s Size(Large)
AL1,924.6,494.18,258.22
AL10,558.37,341.04,171.41
AL2,904.0,501.38,280.44
AL3,1089.23,633.06,333.48
AL4,1023.83,585.05,322.32
AL5,1131.6,584.05,302.08
AL6,1267.57,669.65,371.4
AL7,519.37,307.17,160.3
AL8,825.59,448.39,239.69
AL9,1347.44,695.45,341.05
B1,406.12,212.37,115.45
B10,314.9,199.89,109.46
B11,313.61,191.17,105.5
B12,354.11,186.22,105.39
B13,546.73,275.68,144.6
B14,380.52,247.94,130.52
B15,581.45,305.51,137.33
B16,388.03,187.95,104.61
B17,629.79,366.9,192.5
B18,337.29,201.13,96.37
B19,373.61,215.29,114.42
B2,379.96,175.76,-
B20,478.64,268.2,141.42
B21,307.88,206.17,110.48
B23,284.59,173.27,89.11
B24,384.33,230.6,119.09
B25,326.6,222.82,115.18
B26,311.95,215.96,101.17
B27,361.82,214.12,111.55
B28,450.19,302.49,156.29
B29,508.67,319.35,167.82
B3,512.34,244.31,101.67
B30,409.27,260.44,134.82
B31,361.52,236.51,119.94
B32,334.64,234.89,118.58
B33,345.85,227.27,111.51
B34,314.45,213.59,107.05
B35,231.47,172.47,86.66
B36,421.09,287.29,144.66
B37,312.53,209.34,104.18
B38,424.54,286.96,136.83
B39,0.0,,
B4,617.06,221.92,94.4
B42,314.98,199.39,101.32
B43,364.37,253.59,127.09
B44,273.02,197.33,96.28
B45,572.87,371.59,164.99
B46,676.82,394.32,204.27
B47,547.1,344.22,183.27
B48,850.43,505.86,242.28
B49,686.69,387.63,193.02
B5,361.57,187.48,92.46
B50,531.02,312.37,168.96
B6,271.33,165.62,87.7
B60,593.96,337.95,172.69
B61,539.97,336.62,171.08
B62,508.61,336.04,166.54
B63,372.18,245.78,121.18
B64,376.5,232.65,117.43
B65,318.9,209.56,100.94
B66,330.95,202.25,100.69
B67,312.73,218.32,110.73
B68,347.8,237.49,115.21
B69,327.46,206.47,100.87
B7,508.62,334.87,151.23
B70,308.22,185.5,95.63
B71,339.9,221.27,104.24
B72,619.61,334.55,183.9
B73,546.41,310.25,172.68
B74,927.75,551.03,259.57
B75,620.58,390.54,203.15
B76,570.91,335.53,172.3
B77,382.08,250.09,131.63
B78,575.1,369.63,173.35
B79,561.54,327.16,166.84
B8,270.53,183.66,92.68
B80,565.94,339.92,163.72
B86,0.0,,
B9,272.83,180.22,94.9
B90,491.17,297.29,158.37
B91,704.11,380.0,210.92
B92,493.21,319.92,153.06
B93,910.08,498.38,266.88
B94,1164.71,645.27,312.49
B95,1209.45,682.63,301.35
B96,802.67,423.35,226.27
B97,500.54,281.0,149.69
B98,372.39,258.6,123.04
BA1,1073.62,559.75,278.68
BA10,949.58,535.56,274.81
BA11,719.92,414.65,201.15
BA12,557.17,316.36,162.31
BA13,511.35,290.94,148.42
BA14,515.38,297.68,157.67
BA15,702.75,410.93,215.22
BA16,554.17,313.96,159.09
BA2,835.48,505.69,250.65
BA20,521.25,280.99,141.01
BA21,410.08,255.05,125.89
BA22,619.63,370.51,193.97
BA27,,0.0,
BA3,647.24,399.6,204.24
BA35,0.0,,
BA39,0.0,,
BA4,663.64,361.68,182.36
BA5,822.25,459.09,242.69
BA6,772.75,429.17,226.08
BA7,747.03,435.73,215.08
BA8,622.85,387.32,190.46
BA9,611.47,346.87,167.9
BB1,288.75,193.36,96.25
BB10,309.95,201.05,99.63
BB11,217.67,135.8,67.9
BB12,314.43,203.77,100.62
BB18,346.8,221.83,112.43
BB2,320.76,209.06,98.38
BB23,,0.0,
BB3,322.0,217.65,103.74
BB4,474.5,287.2,138.73
BB5,222.67,154.36,74.76
BB6,299.7,210.6,101.64
BB7,569.28,343.31,168.86
BB8,345.98,218.19,106.69
BB9,285.47,192.04,96.46
BD1,137.05,51.25,25.29
BD10,385.9,239.88,120.59
BD11,485.36,281.26,148.87
BD12,314.33,201.03,99.58
BD13,360.16,203.5,103.8
BD14,367.61,202.5,107.07
BD15,379.12,234.44,122.86
BD16,412.92,230.96,122.21
BD17,478.97,261.97,141.63
BD18,399.23,209.43,115.09
BD19,445.56,249.54,130.05
BD2,287.64,181.4,89.11
BD20,453.78,271.12,140.55
BD21,266.42,151.27,82.26
BD22,436.86,266.76,131.63
BD23,617.5,361.08,180.54
BD24,558.5,292.98,152.62
BD3,164.99,95.97,55.1
BD4,311.07,196.92,99.37
BD5,343.25,191.99,103.92
BD6,266.61,163.88,84.06
BD7,257.36,143.45,80.28
BD8,260.41,131.18,69.85
BD9,393.77,192.31,109.28
BE37,0.0,,
BG8,,0.0,
BH1,574.05,266.15,134.29
BH10,477.85,301.8,155.86
BH11,510.31,324.56,163.51
BH12,508.16,314.59,157.46
BH13,1500.15,958.08,425.42
BH14,1337.47,698.35,372.25
BH15,541.38,317.87,162.81
BH16,714.1,432.22,220.9
BH17,489.06,300.61,159.06
BH18,775.85,473.08,260.94
BH19,694.08,402.45,211.24
BH2,545.35,255.48,127.74
BH20,826.98,505.67,255.03
BH21,844.71,478.67,254.16
BH22,610.98,361.5,197.18
BH23,739.26,437.13,229.54
BH24,880.84,501.29,263.5
BH25,632.91,376.47,200.78
BH3,947.36,428.73,253.59
BH31,623.14,366.03,206.72
BH4,696.96,386.62,178.13
BH5,593.33,274.91,134.77
BH6,798.62,412.85,222.45
BH7,713.72,360.99,210.5
BH8,662.01,333.83,174.37
BH9,553.41,313.44,176.21
BL0,492.98,302.7,156.03
BL1,444.17,248.5,123.17
BL2,372.59,240.27,115.8
BL23,0.0,,
BL3,339.64,209.96,108.94
BL4,288.69,192.46,87.1
BL5,478.49,302.15,150.05
BL6,487.46,297.65,144.35
BL7,534.85,323.93,163.17
BL8,471.46,296.23,147.46
BL9,439.21,271.51,131.57
BN1,874.94,426.06,223.69
BN10,552.09,326.23,174.63
BN11,602.48,293.42,156.5
BN12,625.28,393.49,216.33
BN13,637.96,391.23,204.38
BN14,636.39,368.59,194.69
BN15,507.46,316.67,157.25
BN16,817.95,512.11,257.17
BN17,471.86,273.84,132.77
BN18,700.66,434.89,213.76
BN19,0.0,,
BN2,793.12,434.05,217.22
BN20,718.52,429.88,226.56
BN21,573.62,276.92,142.14
BN22,453.97,285.84,144.25
BN23,431.88,276.55,140.51
BN24,482.08,297.93,155.03
BN25,606.3,363.78,188.45
BN26,803.73,461.27,227.32
BN27,652.72,393.88,200.39
BN3,920.81,468.35,239.33
BN41,502.18,323.83,148.71
BN42,751.3,505.42,246.0
BN43,655.19,387.42,209.17
BN44,871.92,487.68,249.67
BN45,0.0,0.0,0.0
BN5,998.97,569.66,292.69
BN6,827.03,496.22,257.78
BN67,0.0,,
BN7,896.71,486.46,252.16
BN8,994.37,586.84,299.56
BN9,428.62,280.4,130.17
BN91,,,0.0
BR1,864.17,480.09,238.52
BR15,0.0,,
BR2,999.83,570.89,293.28
BR20,0.0,,
BR23,0.0,,
BR27,,0.0,
BR3,923.98,481.4,258.05
BR4,918.05,459.02,270.01
BR5,802.11,510.43,268.65
BR6,1184.06,728.84,355.22
BR7,1292.09,741.36,373.74
BR76,,0.0,
BR8,603.51,387.57,189.44
BS1,725.09,326.21,165.09
BS10,545.37,356.78,179.68
BS11,432.74,291.87,135.35
BS13,420.45,283.0,140.65
BS14,455.02,301.93,144.87
BS15,434.49,284.25,144.83
BS16,535.76,322.4,171.85
BS17,,0.0,
BS2,597.48,285.2,143.26
BS20,612.72,345.83,182.38
BS21,700.98,396.72,205.85
BS22,484.27,292.31,152.41
BS23,436.57,231.57,120.5
BS24,488.09,309.39,158.24
BS25,787.55,413.69,239.4
BS26,828.34,470.5,247.11
BS27,583.72,318.39,175.92
BS28,985.39,526.38,296.46
BS29,544.14,360.49,179.44
BS3,526.59,312.06,157.49
BS30,699.01,421.8,212.77
BS31,690.83,414.49,222.09
BS32,730.23,375.97,190.47
BS34,475.78,301.18,160.14
BS35,602.94,361.76,196.43
BS36,647.49,425.82,229.59
BS37,590.53,386.72,193.47
BS39,785.91,467.84,235.19
BS4,478.38,298.44,151.47
BS40,1084.09,615.77,333.21
BS41,855.63,493.9,268.8
BS46,,0.0,
BS48,735.35,421.21,228.55
BS49,684.83,417.86,219.15
BS5,491.34,311.81,142.86
BS6,938.55,434.94,242.07
BS7,645.23,386.06,208.93
BS8,1014.19,520.09,255.68
BS81,0.0,,
BS87,0.0,,
BS9,818.93,476.59,258.42
C03,0.0,0.0,
C06,,0.0,
C07,,0.0,
C08,,0.0,
C09,,0.0,
C39,0.0,,
C6,,,0.0
CA1,269.86,167.13,80.95
CA10,637.84,377.17,203.57
CA11,594.81,332.1,176.34
CA12,724.08,399.85,208.69
CA13,459.48,259.87,141.54
CA14,309.13,196.97,98.92
CA15,295.62,188.36,95.06
CA16,599.91,329.45,175.52
CA17,554.44,327.21,169.15
CA18,0.0,0.0,0.0
CA19,0.0,0.0,0.0
CA2,257.14,162.01,82.02
CA20,353.85,217.76,109.81
CA21,0.0,0.0,0.0
CA22,317.05,218.5,100.07
CA23,0.0,0.0,0.0
CA24,0.0,0.0,0.0
CA25,299.53,188.2,102.0
CA26,280.1,166.24,90.08
CA27,393.28,213.36,121.43
CA28,281.53,185.03,89.03
CA3,348.24,213.83,105.07
CA4,750.75,444.45,237.42
CA5,504.0,291.37,161.35
CA6,460.72,271.9,143.6
CA7,349.84,209.33,113.34
CA8,702.06,412.33,222.66
CA9,307.06,171.95,91.08
CB1,749.8,428.29,222.84
CB10,938.4,532.21,272.7
CB11,1018.98,559.6,283.71
CB2,1011.13,589.5,285.89
CB21,827.13,488.14,261.2
CB22,899.17,524.51,263.35
CB23,706.55,415.62,221.79
CB24,613.25,347.51,193.96
CB25,612.21,365.27,192.33
CB27,,0.0,
CB3,1109.92,554.96,286.89
CB37,,,0.0
CB4,673.99,385.13,200.63
CB5,808.14,455.07,228.52
CB6,495.25,306.81,166.63
CB66,,0.0,
CB7,555.07,313.11,163.55
CB8,695.75,383.3,198.79
CB9,536.47,343.98,161.54
CF1,0.0,,
CF10,339.76,182.02,94.29
CF11,449.16,234.34,125.93
CF13,,,0.0
CF14,671.75,392.29,194.06
CF15,588.17,341.07,184.49
CF16,,0.0,
CF21,0.0,,
CF23,624.58,382.67,193.6
CF24,438.33,231.12,125.24
CF3,467.9,316.39,136.71
CF31,376.07,233.76,121.88
CF32,413.73,280.88,138.53
CF33,316.32,223.81,109.33
CF34,237.45,174.13,80.27
CF35,455.89,303.93,156.07
CF36,559.01,322.5,168.45
CF37,248.3,175.63,82.05
CF38,375.69,243.87,131.76
CF39,245.13,172.79,86.7
CF40,178.07,125.02,59.49
CF41,181.82,129.87,63.64
CF42,190.97,136.92,64.08
CF43,132.18,94.97,45.28
CF44,296.97,200.14,97.45
CF45,189.52,136.67,62.34
CF46,360.37,251.6,114.37
CF47,250.49,183.69,85.23
CF48,301.69,211.46,97.95
CF49,0.0,,
CF5,556.36,340.0,160.35
CF61,464.54,307.0,152.18
CF62,472.76,299.7,151.2
CF63,314.74,201.08,102.06
CF64,651.17,378.1,195.08
CF65,,0.0,
CF7,0.0,,
CF71,807.1,460.3,253.96
CF72,441.46,278.62,142.1
CF81,213.3,153.82,72.54
CF82,315.6,218.75,100.78
CF83,412.53,284.22,132.6
CF85,0.0,,
CH1,434.36,249.53,123.61
CH11,,,0.0
CH2,552.67,335.55,168.53
CH3,619.32,375.39,193.03
CH37,0.0,,
CH4,516.88,323.61,153.67
CH41,203.06,125.53,56.26
CH42,272.64,173.49,84.44
CH43,459.87,284.88,134.69
CH44,237.29,150.11,80.24
CH45,382.42,200.72,111.51
CH46,298.5,212.39,108.81
CH47,601.14,329.65,173.4
CH48,796.94,469.3,242.12
CH49,352.52,231.75,116.96
CH5,353.99,233.83,116.14
CH51,,0.0,
CH6,324.58,216.39,106.23
CH60,761.04,423.48,228.31
CH61,448.28,296.47,150.98
CH62,369.21,257.75,125.18
CH63,462.33,313.89,155.49
CH64,599.33,352.55,175.54
CH65,245.14,169.71,87.38
CH66,392.59,254.65,129.16
CH7,457.31,283.85,143.16
CH8,399.54,248.72,128.41
CL3,,0.0,
CM0,575.92,325.42,168.0
CM1,627.17,357.16,186.7
CM10,,0.0,
CM11,888.31,561.84,267.22
CM12,963.51,521.94,280.84
CM13,1093.41,625.64,308.92
CM14,809.22,440.1,224.98
CM15,948.16,529.39,287.31
CM16,1132.49,622.87,316.72
CM17,675.35,395.9,206.87
CM18,515.35,358.72,178.49
CM19,802.96,499.96,231.93
CM2,635.75,355.35,184.11
CM20,567.58,336.34,164.37
CM21,824.57,429.9,214.95
CM22,882.53,508.34,271.55
CM23,727.73,398.08,200.75
CM24,867.99,475.5,269.23
CM3,928.35,498.7,264.66
CM3B,,0.0,
CM4,1481.13,772.61,396.8
CM5,963.47,556.73,274.93
CM6,919.89,507.33,268.47
CM7,634.73,361.91,182.55
CM77,732.85,430.02,227.22
CM8,782.17,470.69,226.33
CM9,676.82,396.76,196.42
CN23,0.0,,
CN7,0.0,0.0,
CO01,0.0,0.0,
CO1,428.75,233.72,112.52
CO10,630.39,380.41,189.39
CO11,663.63,383.31,200.29
CO12,439.93,269.51,134.89
CO13,516.07,304.27,163.84
CO14,412.87,245.49,129.93
CO15,415.51,232.09,119.82
CO16,498.53,283.21,144.11
CO17,0.0,,
CO2,449.54,276.26,138.13
CO3,600.1,354.85,179.38
CO4,567.54,328.91,176.04
CO5,664.77,391.24,205.17
CO6,798.94,449.0,230.21
CO7,686.45,413.04,210.99
CO8,880.56,464.54,230.6
CO9,675.17,400.32,205.23
CR0,610.7,344.21,169.79
CR10,0.0,,
CR2,746.83,395.15,216.03
CR20,0.0,,
CR3,914.35,498.74,260.12
CR4,618.89,380.85,168.91
CR5,984.99,587.69,315.02
CR6,768.01,438.5,218.34
CR7,605.02,338.59,179.16
CR8,855.07,456.26,251.43
CR9,0.0,0.0,
CRO,0.0,,
CS2,,0.0,
CT1,473.22,282.49,138.81
CT10,718.87,418.54,221.58
CT11,513.91,289.07,145.84
CT12,528.26,333.9,158.01
CT13,619.3,380.78,186.6
CT14,590.4,346.1,176.86
CT15,675.97,426.03,223.34
CT16,443.99,278.5,137.38
CT17,378.43,229.14,117.26
CT18,623.57,359.4,201.61
CT19,423.3,267.71,141.5
CT2,578.71,354.47,177.3
CT20,559.67,304.19,153.44
CT21,689.78,393.61,205.44
CT3,700.23,418.94,212.19
CT4,981.78,567.97,293.69
CT45,0.0,,
CT5,709.08,419.28,215.59
CT6,570.04,318.7,172.88
CT7,501.1,305.98,152.32
CT8,485.32,285.99,138.66
CT9,546.55,299.88,155.44
CV1,330.37,179.17,80.92
CV10,344.96,235.35,115.51
CV11,431.09,269.43,145.08
CV12,376.91,248.94,120.02
CV13,746.3,434.32,217.16
CV2,307.26,203.85,96.41
CV21,376.2,220.29,114.8
CV22,500.31,306.22,162.57
CV23,594.3,356.83,189.81
CV3,429.53,274.42,136.97
CV31,551.73,328.06,160.41
CV32,668.9,378.21,183.52
CV33,623.15,396.77,197.78
CV34,539.17,317.44,167.24
CV35,1021.61,604.46,302.23
CV36,826.56,465.38,234.16
CV37,672.71,390.98,193.83
CV4,514.19,305.08,152.87
CV43,0.0,,
CV47,643.9,394.11,194.91
CV5,455.3,290.31,144.49
CV6,308.2,205.47,98.96
CV7,660.64,411.79,212.99
CV8,676.09,387.16,204.04
CV9,578.52,349.11,174.55
CW1,326.19,208.63,99.06
CW10,455.0,275.4,135.32
CW11,515.6,306.27,161.26
CW12,509.5,290.54,157.65
CW2,410.28,269.82,128.65
CW3,690.91,401.11,210.54
CW4,784.39,446.4,244.03
CW5,641.95,361.74,188.9
CW6,905.28,516.29,281.21
CW7,325.2,213.87,110.42
CW8,483.93,296.2,152.03
CW9,463.95,280.81,144.85
D15,,,0.0
DA1,518.43,306.35,160.09
DA10,445.29,288.84,46.98
DA11,512.02,299.83,154.8
DA12,540.38,345.25,162.11
DA13,791.37,495.02,265.57
DA14,700.85,380.0,201.64
DA15,748.31,422.12,238.59
DA16,577.11,389.18,202.34
DA17,512.25,303.56,155.9
DA18,0.0,0.0,0.0
DA2,645.81,392.63,200.76
DA3,692.02,425.42,236.99
DA4,764.08,438.52,211.44
DA5,714.72,455.94,244.29
DA6,741.84,421.54,222.21
DA7,661.73,403.11,216.3
DA8,524.1,316.44,139.47
DA9,483.84,263.52,142.93
DD2,0.0,,
DD4,0.0,,
DD8,0.0,,0.0
DE1,325.7,157.07,79.26
DE11,377.22,234.49,120.5
DE12,493.14,320.39,157.46
DE13,565.37,340.18,179.77
DE14,301.82,178.35,90.82
DE15,437.1,260.7,135.05
DE2,0.0,0.0,
DE21,369.79,235.45,118.33
DE22,479.6,289.07,150.85
DE23,404.14,245.05,130.23
DE24,317.88,207.96,106.47
DE29,,0.0,
DE3,462.66,285.17,160.92
DE4,574.57,337.58,176.89
DE45,826.23,481.96,246.15
DE5,406.17,260.55,127.04
DE55,396.29,256.16,127.19
DE56,477.35,285.09,141.93
DE6,684.35,389.47,202.98
DE65,517.91,304.42,154.84
DE67,,0.0,
DE7,417.03,266.75,131.6
DE72,483.7,305.19,154.1
DE73,539.31,313.49,167.48
DE74,506.99,312.85,165.73
DE75,353.9,232.98,110.31
DG1,0.0,0.0,0.0
DG10,0.0,0.0,
DG11,0.0,0.0,0.0
DG12,0.0,0.0,0.0
DG13,0.0,0.0,0.0
DG14,0.0,0.0,0.0
DG16,0.0,0.0,0.0
DG2,0.0,0.0,0.0
DG3,0.0,,0.0
DG4,0.0,0.0,
DG6,0.0,0.0,0.0
DG7,0.0,0.0,0.0
DG8,0.0,0.0,0.0
DG9,0.0,0.0,0.0
DH1,477.48,290.64,147.24
DH11,,0.0,
DH14,0.0,0.0,
DH16,0.0,0.0,
DH17,0.0,,
DH2,276.91,182.91,88.84
DH3,373.08,233.18,116.33
DH4,298.12,197.84,98.92
DH5,250.03,164.37,74.28
DH59,,0.0,
DH6,287.29,192.43,89.86
DH7,312.73,206.57,94.61
DH8,323.37,211.66,101.23
DH9,215.39,149.74,66.62
DL0,,0.0,
DL1,243.79,162.53,74.85
DL10,527.25,304.53,151.61
DL11,631.55,333.18,177.42
DL12,519.09,283.29,154.81
DL13,399.98,239.3,122.26
DL14,223.9,149.6,71.17
DL15,217.08,142.76,70.12
DL16,254.17,164.74,81.61
DL17,215.91,143.04,63.4
DL2,413.43,253.31,130.58
DL3,354.53,218.41,114.31
DL4,119.52,84.17,40.17
DL5,228.36,162.81,79.03
DL6,508.3,310.64,153.37
DL7,524.31,316.17,162.4
DL8,545.1,303.83,160.64
DL9,248.62,178.26,87.48
DN1,361.8,193.6,100.78
DN10,504.28,292.34,155.83
DN11,290.22,208.85,97.99
DN12,293.98,212.01,92.25
DN14,420.57,255.22,132.13
DN15,281.24,195.52,88.11
DN16,206.62,145.35,70.83
DN17,300.93,208.52,100.81
DN18,312.42,200.84,104.51
DN19,393.76,230.53,126.0
DN2,273.6,209.99,94.95
DN20,354.82,218.61,110.74
DN21,331.37,217.93,105.63
DN22,500.32,304.28,153.61
DN23,0.0,,
DN3,327.96,210.62,101.22
DN31,141.01,98.62,46.12
DN32,185.26,129.33,63.98
DN33,257.11,181.63,95.87
DN34,213.75,154.97,74.96
DN35,231.3,166.45,79.64
DN36,357.64,218.38,114.78
DN37,372.09,249.27,114.04
DN38,366.0,249.26,122.52
DN39,385.98,216.58,123.06
DN4,336.33,226.26,113.13
DN40,241.34,171.42,86.32
DN41,383.23,226.74,125.1
DN44,0.0,,
DN5,351.19,245.17,113.49
DN55,0.0,,
DN6,320.6,241.22,110.3
DN7,347.61,237.67,111.42
DN8,318.08,218.86,107.95
DN9,462.27,272.14,149.46
DS14,,0.0,
DS30,0.0,,
DT1,476.23,262.33,142.65
DT10,723.09,419.27,213.66
DT11,626.93,373.27,189.98
DT2,863.95,514.09,258.75
DT3,635.23,374.62,203.86
DT4,495.79,278.88,140.93
DT5,395.06,247.81,130.43
DT6,697.15,380.8,199.19
DT7,764.55,417.03,214.73
DT8,701.92,395.2,204.47
DT9,673.45,397.96,202.59
DX15,,,0.0
DX8,0.0,,
DY1,337.91,208.43,106.71
DY10,510.43,308.1,147.41
DY11,466.32,296.75,149.05
DY12,583.01,336.07,170.46
DY13,476.79,296.65,148.19
DY14,629.77,351.84,193.35
DY2,285.22,189.26,95.75
DY3,410.96,273.97,135.73
DY4,323.99,196.82,97.95
DY5,317.66,200.79,102.82
DY6,418.2,269.93,142.07
DY7,787.53,422.37,223.72
DY8,439.66,276.19,138.56
DY84,0.0,,
DY9,714.27,429.77,226.4
E1,1209.31,631.12,311.62
E10,763.09,412.29,214.39
E11,1047.52,522.02,276.43
E12,756.95,419.76,209.88
E13,589.87,344.09,184.88
E14,1020.27,581.65,289.15
E15,763.14,436.07,227.23
E16,700.58,424.39,198.81
E17,812.77,473.99,247.4
E18,760.55,389.87,216.79
E1W,0.0,0.0,0.0
E2,993.26,558.12,271.23
E20,0.0,0.0,0.0
E22,0.0,0.0,
E3,676.35,399.36,207.43
E4,808.59,477.8,243.33
E5,1167.25,552.36,296.0
E6,544.83,347.65,178.5
E7,726.18,396.09,212.02
E8,1154.99,588.0,315.51
E9,967.81,540.67,280.66
EC1,1939.44,701.51,-
EC1A,0.0,0.0,0.0
EC1H,0.0,,
EC1M,0.0,0.0,0.0
EC1N,0.0,0.0,0.0
EC1R,0.0,0.0,0.0
EC1V,0.0,0.0,0.0
EC1Y,0.0,0.0,0.0
EC2,3994.1,-,-
EC2A,0.0,0.0,0.0
EC2M,0.0,0.0,0.0
EC2N,0.0,0.0,
EC2R,0.0,0.0,
EC2V,0.0,0.0,0.0
EC2Y,0.0,0.0,0.0
EC3,2296.65,1157.15,-
EC3A,0.0,0.0,
EC3M,0.0,,0.0
EC3N,0.0,0.0,0.0
EC3R,0.0,0.0,0.0
EC3V,0.0,,
EC4,2654.76,-,-
EC4A,0.0,0.0,
EC4M,0.0,0.0,0.0
EC4N,0.0,,
EC4R,0.0,0.0,0.0
EC4V,0.0,0.0,0.0
EC4Y,0.0,0.0,0.0
EH11,0.0,,
EH17,0.0,,
EH19,0.0,,
EH26,0.0,,
EN1,707.34,419.16,204.84
EN10,1028.91,514.45,266.1
EN11,687.32,382.6,196.38
EN2,894.77,478.78,252.0
EN3,556.96,328.87,162.12
EN4,1485.74,805.83,364.32
EN5,1383.58,715.24,353.13
EN6,1125.12,659.56,321.46
EN7,892.19,563.49,265.44
EN8,567.68,342.75,169.17
EN9,855.5,482.35,236.87
EV1V,0.0,,
EX1,524.12,301.49,148.77
EX10,681.76,402.38,209.31
EX11,797.58,448.21,237.94
EX12,627.22,345.23,169.81
EX13,600.21,343.69,176.06
EX14,600.02,334.47,167.95
EX15,616.67,361.62,176.19
EX16,616.37,347.03,169.25
EX17,722.84,408.82,211.38
EX18,645.06,363.82,190.15
EX19,527.3,306.24,154.71
EX2,517.02,303.86,158.68
EX20,572.31,336.65,168.22
EX21,584.9,317.01,180.26
EX22,581.93,340.04,182.98
EX23,535.7,295.59,156.7
EX24,864.57,523.1,262.34
EX3,1045.28,577.88,303.76
EX30,,0.0,
EX31,601.65,367.11,189.17
EX32,544.71,312.62,161.22
EX33,727.9,435.49,222.8
EX34,537.7,280.15,143.7
EX35,764.72,404.12,217.96
EX36,527.9,318.77,155.92
EX37,804.85,465.23,241.45
EX38,428.86,265.11,134.02
EX39,531.52,313.22,157.83
EX4,503.55,283.79,145.73
EX5,627.11,381.49,196.47
EX6,625.44,356.66,186.02
EX7,495.12,271.24,139.88
EX8,543.95,314.18,160.44
EX9,672.11,403.27,201.64
EX94,,0.0,
FK1,0.0,,
FX6,0.0,,
FY1,211.76,102.1,50.6
FY2,278.06,157.75,81.84
FY3,257.56,163.04,77.61
FY4,299.72,177.67,86.5
FY5,310.62,190.29,97.79
FY6,390.07,229.65,115.51
FY7,250.68,161.65,80.83
FY8,540.71,293.26,150.46
G20,0.0,,
G51,0.0,,
G52,0.0,,
G66,0.0,,
G68,0.0,0.0,
G84,0.0,,
GL1,372.95,192.09,100.96
GL10,556.01,341.41,175.15
GL11,617.53,346.03,173.76
GL12,713.45,415.21,223.15
GL13,645.86,379.92,193.2
GL14,440.24,260.26,130.97
GL15,503.7,309.84,155.49
GL16,523.56,303.58,161.28
GL17,492.89,299.84,160.63
GL18,576.93,330.59,179.13
GL19,1028.43,581.98,320.83
GL2,559.98,324.89,169.76
GL20,531.7,302.52,151.91
GL3,469.55,297.13,157.25
GL4,570.19,341.1,175.65
GL5,692.0,391.13,198.15
GL50,737.48,396.1,184.08
GL51,579.73,336.45,174.46
GL52,805.37,440.55,225.48
GL53,971.72,546.1,288.55
GL54,1021.4,591.34,298.27
GL55,958.85,540.32,300.81
GL56,943.25,567.55,272.36
GL6,1179.68,622.83,319.2
GL7,1002.23,544.0,273.12
GL8,889.43,520.09,256.43
GL9,0.0,0.0,0.0
GU05,,0.0,
GU1,748.93,401.53,199.29
GU10,1473.82,817.97,412.67
GU11,477.2,259.95,133.19
GU12,572.65,354.0,182.87
GU13,,0.0,
GU14,498.3,318.09,158.97
GU15,722.82,369.69,211.48
GU16,703.94,432.24,235.2
GU17,669.64,448.42,215.55
GU18,967.97,472.37,270.86
GU19,717.74,380.37,186.97
GU2,668.61,423.85,217.76
GU20,2046.97,1119.43,583.65
GU21,751.76,398.62,210.09
GU22,996.43,530.25,270.72
GU23,1329.9,781.09,410.53
GU24,1089.21,671.68,342.98
GU25,3381.41,1783.29,735.96
GU26,966.39,488.64,264.24
GU27,1196.54,634.95,299.44
GU28,1118.37,641.6,308.94
GU29,891.95,503.15,243.26
GU3,1030.28,632.81,309.2
GU30,1172.85,638.87,331.57
GU31,965.17,561.92,273.47
GU32,1188.63,640.03,312.02
GU33,1080.31,598.19,302.85
GU34,839.97,460.89,241.23
GU35,675.09,413.2,220.88
GU36,0.0,,
GU4,1261.9,595.05,299.96
GU46,750.12,452.78,240.51
GU47,753.6,435.27,231.15
GU5,1276.69,710.42,355.21
GU51,689.21,360.82,196.1
GU52,785.26,459.65,255.58
GU6,1003.08,572.0,290.78
GU7,875.54,492.64,246.32
GU8,1456.73,835.82,393.66
GU9,831.86,476.05,244.11
H10,,0.0,
HA0,793.81,440.2,237.36
HA1,780.76,392.5,201.1
HA10,,0.0,
HA2,681.34,398.98,221.44
HA3,811.43,470.91,251.15
HA4,816.75,481.3,252.71
HA5,1056.93,567.77,310.86
HA6,1754.88,913.11,449.25
HA7,1198.48,715.23,343.13
HA8,803.13,464.97,252.41
HA9,878.99,450.64,236.09
HB1,0.0,,
HD1,330.06,146.4,82.89
HD2,500.8,274.33,148.34
HD3,398.78,226.67,113.34
HD4,475.21,266.79,127.79
HD5,358.43,221.17,103.28
HD6,443.13,243.13,125.45
HD7,436.58,264.25,138.18
HD8,544.17,311.33,163.11
HD9,589.5,349.67,179.34
HG1,574.65,324.8,156.94
HG12,0.0,,
HG2,775.67,446.01,234.69
HG22,,,0.0
HG3,896.65,506.18,268.23
HG4,483.42,276.24,141.69
HG5,671.3,386.0,204.05
HG8,,0.0,
HG9,,0.0,
HO9,0.0,,
HP1,646.32,372.66,187.59
HP10,1041.08,612.4,311.1
HP11,941.1,464.11,258.99
HP12,621.11,346.29,179.5
HP13,600.36,346.15,173.86
HP14,1020.77,643.34,335.78
HP15,804.9,507.29,278.19
HP16,1236.03,669.0,361.09
HP17,1123.49,629.15,349.53
HP18,756.76,469.1,240.03
HP19,430.55,252.13,130.17
HP2,582.68,346.88,171.04
HP20,477.44,262.89,143.04
HP21,491.34,291.73,156.63
HP22,898.8,527.4,284.89
HP23,1038.97,583.89,308.03
HP27,1063.36,580.02,310.54
HP3,824.83,505.27,242.96
HP4,1134.24,609.2,305.91
HP5,922.23,523.64,266.08
HP6,1265.24,658.34,340.95
HP7,1193.72,673.03,330.86
HP8,1786.31,950.74,451.71
HP9,2271.5,1214.62,585.09
HR0,0.0,,
HR1,576.23,333.14,170.87
HR11,0.0,,
HR12,0.0,,
HR2,753.13,427.69,215.87
HR3,796.77,443.37,240.08
HR4,522.18,292.09,149.89
HR5,592.37,330.74,162.99
HR6,750.64,415.65,219.62
HR7,525.09,282.74,142.59
HR8,639.51,354.09,179.61
HR9,766.46,402.08,216.43
HRW,0.0,,
HT12,0.0,,
HU1,266.42,132.43,56.99
HU10,427.97,261.13,135.15
HU11,364.2,224.86,110.04
HU12,353.69,206.06,105.32
HU13,348.69,213.58,101.28
HU14,630.46,367.6,190.97
HU15,485.66,288.1,149.1
HU16,395.63,230.49,118.86
HU17,453.43,272.06,135.63
HU18,336.05,193.66,106.19
HU19,279.81,167.63,83.63
HU2,216.8,115.76,61.79
HU20,0.0,0.0,0.0
HU3,188.44,109.64,55.58
HU32,0.0,0.0,
HU4,242.36,159.63,76.86
HU5,271.01,164.61,80.44
HU6,288.5,181.94,94.81
HU7,239.37,161.03,82.01
HU8,230.04,153.36,77.42
HU9,186.85,121.55,54.55
HX1,227.52,120.45,64.28
HX12,,0.0,
HX2,378.92,230.06,111.54
HX3,457.9,259.68,133.95
HX37,,,0.0
HX4,516.88,301.51,152.02
HX5,325.6,190.18,99.95
HX6,479.95,268.45,145.64
HX7,500.21,284.89,148.95
HX8,0.0,,
IG1,828.28,421.41,225.75
IG10,1194.17,706.03,335.83
IG11,487.35,274.69,140.54
IG17,0.0,,
IG2,636.87,347.38,184.6
IG22,0.0,,
IG3,820.7,414.67,225.64
IG4,918.61,502.49,284.7
IG5,827.32,473.76,268.43
IG6,741.6,463.53,251.37
IG7,1357.1,831.65,377.84
IG8,968.86,563.1,302.22
IG9,898.99,495.2,270.53
IL3,0.0,,
IM2,,,0.0
IM3,,,0.0
IP1,406.08,245.9,116.79
IP10,601.8,353.44,187.11
IP11,440.72,257.41,133.43
IP12,720.1,417.54,216.72
IP13,756.83,430.72,224.48
IP14,516.99,302.26,156.25
IP15,962.91,549.4,281.59
IP16,451.29,278.03,141.86
IP17,577.49,330.0,167.56
IP18,887.69,522.17,275.4
IP19,1211.98,694.94,360.86
IP2,333.36,207.57,101.05
IP20,450.02,257.7,125.63
IP21,585.26,346.28,180.67
IP22,612.81,337.37,183.9
IP23,559.14,318.25,174.88
IP24,398.43,247.98,128.61
IP25,485.29,293.9,148.58
IP26,623.76,379.45,201.14
IP27,396.68,246.58,121.11
IP28,488.96,308.74,153.74
IP29,997.13,596.64,300.79
IP3,376.02,240.2,113.46
IP30,619.19,354.51,186.82
IP31,703.91,427.16,215.42
IP32,429.47,268.42,148.09
IP33,497.27,274.84,138.06
IP4,429.08,250.61,131.3
IP5,539.61,306.39,166.61
IP6,542.31,309.07,158.27
IP7,642.53,400.89,202.17
IP8,601.46,352.58,171.49
IP9,636.24,379.22,204.99
KA13,0.0,,
KA7,0.0,,
KT1,1005.24,543.98,277.06
KT10,1791.91,919.21,474.54
KT11,1928.62,1060.85,474.94
KT12,1132.08,643.8,276.1
KT13,1927.67,1019.59,474.5
KT14,813.6,451.24,232.46
KT15,686.06,391.17,206.11
KT16,896.56,475.1,238.57
KT17,965.11,490.34,276.38
KT18,894.74,483.28,255.29
KT19,683.9,419.94,232.39
KT1D,0.0,,
KT2,1742.09,911.39,397.93
KT20,1282.58,735.9,338.79
KT21,999.7,566.83,297.78
KT22,1441.61,709.18,328.13
KT23,1404.76,668.93,371.3
KT24,1534.29,820.67,454.77
KT25,,,0.0
KT3,1140.75,638.85,338.74
KT4,899.82,498.66,272.04
KT5,971.24,512.98,271.86
KT6,886.23,481.99,237.66
KT7,1197.0,589.15,344.51
KT8,914.2,514.76,247.85
KT9,612.41,387.67,204.63
KW10,,0.0,
KY16,,,0.0
L1,352.53,154.99,64.91
L10,268.97,184.38,88.64
L11,173.02,134.36,62.19
L12,410.55,261.26,131.23
L13,185.57,126.0,59.05
L14,250.09,171.49,79.67
L15,316.42,195.3,102.31
L16,454.95,310.01,170.88
L17,459.89,244.19,120.43
L18,546.41,352.33,189.56
L19,352.92,245.91,108.37
L2,291.43,132.23,58.8
L20,157.55,107.56,47.4
L21,232.63,153.09,75.47
L22,369.36,209.64,99.87
L23,516.82,310.97,156.87
L24,321.15,237.77,104.27
L25,537.2,342.74,165.62
L26,435.12,280.85,141.19
L27,218.5,164.42,60.05
L28,134.06,86.53,-
L29,0.0,0.0,0.0
L3,316.41,171.49,88.54
L30,232.59,175.02,77.19
L31,407.8,270.63,133.2
L32,250.62,171.85,78.8
L33,209.48,149.63,63.15
L34,450.73,277.06,134.82
L35,394.9,273.62,120.26
L36,297.09,207.4,93.66
L37,670.47,410.04,210.23
L38,496.03,314.55,174.28
L39,653.0,387.37,197.34
L4,158.67,115.12,55.52
L40,554.53,332.72,167.76
L41,0.0,,
L5,197.49,129.78,53.23
L6,232.36,136.6,61.07
L7,306.93,170.21,80.22
L8,304.65,176.53,71.96
L9,220.16,144.03,69.58
LA1,327.52,196.51,99.62
LA10,426.05,217.65,122.0
LA11,493.53,288.96,147.98
LA12,565.69,325.27,171.95
LA13,373.01,247.54,123.92
LA14,256.77,161.69,80.29
LA15,279.87,184.87,86.48
LA16,371.65,237.09,128.51
LA17,387.81,219.03,125.68
LA18,322.32,210.08,98.45
LA19,650.12,389.0,195.55
LA2,580.15,343.26,179.87
LA20,0.0,0.0,0.0
LA21,1096.66,626.67,301.58
LA22,884.39,451.0,228.94
LA23,677.16,363.76,177.48
LA3,300.07,178.42,87.25
LA4,305.7,173.14,90.16
LA5,465.61,294.07,147.03
LA6,516.64,295.79,154.16
LA7,543.76,320.82,171.2
LA8,635.4,367.34,203.55
LA9,484.38,276.18,140.56
LD1,396.67,228.89,123.69
LD2,447.13,247.8,135.47
LD3,661.82,397.09,204.8
LD4,0.0,0.0,0.0
LD5,0.0,0.0,0.0
LD6,401.2,249.49,133.73
LD7,423.65,256.93,131.6
LD8,554.86,339.34,166.24
LE1,328.96,143.16,71.25
LE10,468.01,286.91,146.79
LE11,401.29,238.12,125.21
LE12,536.17,318.07,166.95
LE13,403.57,255.84,137.76
LE14,776.77,443.87,239.01
LE15,774.59,454.02,233.32
LE16,622.49,347.56,182.13
LE17,644.25,366.8,196.08
LE18,380.97,246.92,119.05
LE19,465.59,279.35,147.87
LE2,437.86,265.31,136.27
LE21,0.0,,0.0
LE22,,0.0,
LE24,0.0,,
LE26,0.0,,0.0
LE3,348.02,229.88,118.75
LE32,0.0,,
LE4,383.06,251.83,127.38
LE5,407.38,258.52,140.34
LE54,,0.0,
LE57,0.0,,
LE6,615.77,380.17,183.7
LE65,494.3,293.23,158.72
LE67,469.01,298.84,152.11
LE7,625.46,365.31,191.19
LE72,0.0,0.0,
LE8,554.92,332.0,172.87
LE9,492.88,301.11,155.88
LF17,,,0.0
LG13,,0.0,
LL11,367.67,227.76,120.27
LL12,479.38,313.14,157.52
LL13,459.11,269.13,136.33
LL14,327.12,214.38,104.35
LL15,488.62,285.53,149.8
LL16,477.03,270.32,140.42
LL17,514.34,290.76,141.8
LL18,314.22,187.51,93.65
LL19,356.51,212.66,108.23
LL20,467.34,265.44,144.45
LL21,444.72,245.49,131.98
LL22,429.65,246.04,130.25
LL23,461.65,255.22,137.69
LL24,458.25,265.71,136.29
LL25,0.0,0.0,0.0
LL26,474.82,274.14,145.44
LL27,0.0,0.0,0.0
LL28,445.33,260.96,133.6
LL29,399.36,215.36,115.65
LL30,494.11,272.61,144.4
LL31,427.23,289.54,142.8
LL32,432.92,271.91,135.32
LL33,455.03,282.0,142.37
LL34,392.37,226.63,108.63
LL35,684.27,303.55,177.85
LL36,370.58,209.46,104.96
LL37,0.0,0.0,0.0
LL38,293.66,143.31,93.3
LL39,0.0,0.0,0.0
LL40,474.31,264.92,141.44
LL41,305.13,173.98,84.58
LL42,504.54,267.11,130.81
LL43,286.29,172.59,90.54
LL44,421.01,238.58,125.93
LL45,0.0,0.0,0.0
LL46,684.04,334.21,166.5
LL47,0.0,0.0,0.0
LL48,443.18,276.98,128.72
LL49,357.74,207.92,112.36
LL51,0.0,0.0,0.0
LL52,517.23,272.54,153.59
LL53,540.51,313.49,163.92
LL54,387.9,235.93,123.99
LL55,343.41,215.01,109.41
LL56,506.81,308.49,165.01
LL57,376.44,227.34,115.76
LL58,637.52,366.2,196.29
LL59,458.85,274.44,135.53
LL60,487.56,290.83,139.89
LL61,407.25,243.83,130.81
LL62,0.0,0.0,0.0
LL63,0.0,0.0,0.0
LL64,736.8,368.4,194.25
LL65,530.73,332.28,169.83
LL66,0.0,0.0,0.0
LL67,348.8,227.78,116.9
LL68,467.57,300.58,155.43
LL69,0.0,0.0,0.0
LL70,0.0,0.0,0.0
LL71,528.45,343.27,173.56
LL72,0.0,0.0,0.0
LL73,0.0,0.0,0.0
LL74,521.82,312.64,174.5
LL75,0.0,0.0,0.0
LL76,0.0,0.0,0.0
LL77,410.16,269.14,131.32
LL78,0.0,0.0,0.0
LN1,444.35,255.91,130.63
LN10,545.18,333.42,180.91
LN11,464.14,272.63,137.55
LN12,356.71,198.87,105.02
LN13,384.21,229.23,120.13
LN2,528.96,311.81,163.17
LN3,448.68,267.64,132.65
LN4,347.24,220.42,112.66
LN5,378.65,225.86,113.43
LN6,386.13,239.2,121.75
LN7,423.64,243.69,129.5
LN8,485.86,285.9,145.88
LN9,517.28,295.59,156.34
LP18,,0.0,
LR18,0.0,,
LS1,457.98,248.9,99.26
LS10,333.64,198.96,106.31
LS11,283.76,159.62,85.13
LS12,331.3,195.77,100.16
LS13,312.64,196.85,101.24
LS14,627.57,395.77,185.11
LS15,459.89,289.2,150.0
LS16,604.24,348.21,181.81
LS17,767.83,448.99,230.21
LS18,519.38,309.81,156.97
LS19,491.92,288.02,143.61
LS2,377.27,159.17,78.17
LS20,562.04,327.86,181.3
LS21,672.86,392.01,189.42
LS22,832.74,463.38,241.69
LS23,748.22,419.73,219.69
LS24,712.9,412.32,217.24
LS25,501.13,309.39,156.05
LS26,438.13,279.16,136.86
LS27,385.56,221.51,115.31
LS28,444.0,259.33,130.82
LS29,693.52,385.91,206.26
LS3,357.46,151.52,76.44
LS4,313.63,197.47,96.5
LS5,364.14,213.08,108.21
LS6,566.34,297.57,161.81
LS7,389.05,221.36,122.86
LS75,,0.0,
LS8,538.55,318.45,164.22
LS9,270.38,163.79,76.39
LU1,439.86,228.15,119.51
LU2,533.25,313.22,154.43
LU20,0.0,,
LU3,497.92,303.28,159.62
LU4,495.41,319.17,165.72
LU5,530.36,337.05,158.56
LU6,766.66,441.0,218.56
LU7,679.93,396.88,198.56
M1,432.32,251.16,128.02
M11,267.55,181.19,86.27
M12,299.05,190.82,78.42
M13,474.05,286.22,126.41
M14,412.2,242.9,118.28
M15,451.03,270.62,115.98
M16,534.92,262.67,131.84
M17,0.0,0.0,
M18,281.5,197.89,95.63
M19,434.57,288.36,145.54
M2,462.81,254.09,73.84
M20,667.48,370.69,182.83
M21,764.72,418.94,222.02
M22,352.83,238.58,116.44
M23,391.64,271.13,129.35
M24,387.29,252.19,117.36
M25,513.74,313.25,162.72
M26,356.4,228.84,108.07
M27,393.88,262.58,126.47
M28,541.06,339.96,164.87
M29,416.88,264.27,130.39
M3,451.95,256.1,110.21
M30,503.96,308.97,137.18
M31,356.68,258.77,125.09
M32,498.7,335.95,153.92
M33,633.44,378.93,196.48
M34,368.25,236.24,109.83
M35,422.45,276.3,129.55
M38,261.93,180.55,72.15
M4,409.56,241.14,118.36
M40,335.44,227.5,111.29
M41,518.46,333.3,171.34
M42,,0.0,
M43,332.86,217.6,107.77
M44,354.31,240.62,118.04
M45,667.86,417.41,196.43
M46,332.62,222.79,111.4
M5,347.36,215.32,79.93
M50,414.45,221.15,90.03
M6,333.92,217.26,111.19
M60,0.0,,
M7,564.28,320.27,154.56
M8,370.4,208.77,97.72
M9,317.68,210.28,96.68
ME1,530.9,312.76,153.64
ME10,433.4,275.01,144.06
ME11,276.86,204.93,63.63
ME12,415.05,263.54,138.64
ME13,624.23,379.96,190.89
ME14,639.75,352.96,186.11
ME15,599.64,370.69,179.71
ME16,522.39,290.72,155.5
ME17,755.22,479.39,236.61
ME18,800.88,450.09,226.8
ME19,779.29,454.98,248.12
ME2,446.36,288.11,148.09
ME20,545.17,342.59,170.36
ME3,509.87,331.19,164.69
ME4,436.21,261.73,133.91
ME5,549.83,341.1,170.55
ME6,452.07,282.03,155.26
ME7,451.72,282.33,137.75
ME8,545.36,348.84,176.0
ME9,706.26,448.32,224.49
MG8,0.0,,
MG9,,0.0,
MK1,0.0,0.0,0.0
MK10,556.82,307.84,175.3
MK11,561.48,356.83,163.17
MK12,484.8,313.97,151.92
MK13,490.42,305.55,150.02
MK14,579.93,331.9,177.76
MK15,658.46,340.2,181.44
MK16,692.58,403.5,196.62
MK17,920.22,520.45,269.05
MK18,793.31,439.27,236.89
MK19,661.79,392.77,211.85
MK2,369.13,256.63,121.65
MK20,0.0,0.0,
MK3,490.45,299.52,158.24
MK4,677.83,368.13,210.36
MK40,667.2,313.64,156.82
MK41,547.46,351.19,180.4
MK42,482.17,299.58,152.5
MK43,661.8,401.59,218.6
MK44,789.85,438.12,243.82
MK45,740.6,419.67,228.91
MK46,809.58,460.11,242.91
MK5,864.12,435.57,246.05
MK6,462.67,260.78,135.84
MK7,833.43,385.72,211.78
MK8,674.79,357.24,207.37
MK9,415.68,202.12,116.57
MR13,,0.0,
MR16,0.0,,
MR30,0.0,0.0,
MW10,0.0,,
N1,1459.38,743.34,388.45
N10,1277.02,608.1,340.54
N11,828.54,439.49,237.84
N12,980.3,473.82,266.49
N13,926.93,483.11,267.61
N14,1165.98,622.37,357.05
N15,911.66,461.35,238.33
N16,1378.79,659.42,354.36
N17,634.93,359.39,187.66
N18,513.07,342.27,159.01
N19,1176.71,551.62,301.29
N1C,0.0,0.0,0.0
N1O,0.0,,
N2,4585.81,2292.89,1087.54
N20,1946.62,989.26,485.68
N21,1326.71,685.94,362.44
N22,946.42,485.78,266.47
N3,1495.31,761.61,407.06
N31,0.0,,
N4,1219.17,586.81,308.28
N5,1268.1,624.08,336.19
N6,3956.23,1774.17,864.58
N7,1064.1,531.32,271.22
N8,1000.31,462.95,262.22
N9,516.67,327.89,150.22
NB1,0.0,,
NC1,0.0,,
ND7,,0.0,
NE1,352.89,168.7,91.23
NE10,223.04,144.45,69.89
NE11,250.42,167.29,77.28
NE12,353.15,216.35,114.35
NE13,459.61,285.28,150.42
NE15,365.79,239.3,112.56
NE16,375.89,230.52,110.38
NE17,217.25,148.62,69.67
NE18,0.0,0.0,0.0
NE19,450.62,259.31,143.56
NE2,540.31,281.14,155.76
NE20,1167.71,611.49,321.71
NE21,243.74,156.53,77.2
NE22,345.22,212.68,106.34
NE23,340.82,213.4,109.66
NE24,246.0,157.98,77.57
NE25,374.34,227.28,120.64
NE26,501.0,268.93,157.77
NE27,330.78,203.17,114.96
NE28,276.22,167.84,87.8
NE29,274.92,165.55,85.07
NE3,502.45,289.93,148.96
NE30,531.63,305.11,160.95
NE31,268.61,183.38,87.48
NE32,206.73,139.79,70.23
NE33,212.87,122.81,64.15
NE34,265.92,180.62,87.83
NE35,254.25,166.81,82.78
NE36,397.94,255.5,134.17
NE37,217.96,146.7,64.1
NE38,299.62,196.11,96.74
NE39,407.24,271.49,135.14
NE4,230.21,130.5,70.67
NE40,357.37,222.57,110.44
NE41,477.55,283.3,142.65
NE42,288.37,189.48,97.64
NE43,686.84,409.89,207.88
NE44,0.0,0.0,0.0
NE45,891.69,485.45,263.29
NE46,627.91,334.21,185.99
NE47,472.03,263.89,148.95
NE48,440.44,267.15,135.68
NE49,337.56,205.47,106.3
NE5,272.61,186.93,93.89
NE51,,0.0,
NE6,297.0,170.84,92.81
NE61,641.79,391.6,200.82
NE62,283.27,193.26,89.91
NE63,197.72,139.35,65.91
NE64,262.23,176.92,90.14
NE65,633.62,387.04,201.13
NE66,669.2,391.32,194.83
NE67,634.04,379.16,184.67
NE68,706.58,408.11,211.34
NE69,0.0,0.0,0.0
NE7,353.6,231.45,112.65
NE70,454.19,282.3,123.63
NE71,327.37,207.18,93.74
NE8,227.95,123.8,68.06
NE9,349.61,218.51,109.74
NG1,366.96,158.59,84.83
NG10,356.01,232.93,116.75
NG11,443.35,331.48,153.33
NG12,622.68,387.22,197.76
NG13,577.6,332.12,174.8
NG14,586.73,351.91,177.19
NG15,457.86,286.16,140.57
NG16,389.72,251.0,127.8
NG17,319.54,220.06,109.0
NG18,387.89,238.97,119.03
NG19,311.28,210.4,100.77
NG2,505.53,283.81,154.8
NG20,283.84,207.42,89.7
NG21,365.41,250.71,134.81
NG22,450.73,293.95,141.44
NG23,643.61,355.55,196.78
NG24,380.49,234.41,119.01
NG25,697.57,388.37,203.31
NG3,429.12,255.15,127.07
NG30,0.0,,
NG31,352.86,219.35,112.72
NG32,596.17,347.35,175.12
NG33,512.17,290.91,155.4
NG34,419.84,251.24,127.78
NG4,413.92,264.45,131.31
NG5,363.17,226.57,113.28
NG6,313.6,205.19,103.04
NG7,408.69,224.93,113.43
NG8,449.41,280.36,139.4
NG9,525.03,316.91,154.96
NH1,0.0,0.0,
NN1,350.67,188.08,93.32
NN10,390.0,250.71,130.0
NN11,517.53,310.52,155.26
NN12,695.0,405.42,207.91
NN13,667.05,387.0,202.06
NN14,514.39,315.91,163.28
NN15,450.13,282.83,147.21
NN16,333.51,213.95,105.48
NN17,431.45,272.86,138.93
NN18,342.0,228.06,114.52
NN2,380.8,238.64,111.3
NN20,,0.0,
NN22,,0.0,
NN29,536.01,343.23,166.5
NN3,422.3,265.34,137.82
NN4,543.12,321.15,172.58
NN5,489.2,288.28,150.27
NN6,680.66,392.9,203.06
NN7,709.84,420.98,219.74
NN8,388.89,252.06,122.07
NN9,455.63,286.28,140.65
NNR6,,0.0,
NO12,,,0.0
NO25,0.0,,
NP10,478.12,300.41,150.21
NP11,281.85,198.64,90.29
NP12,326.21,233.43,111.11
NP13,209.18,147.39,69.59
NP15,781.55,447.79,224.82
NP16,632.69,388.12,199.08
NP18,619.5,382.02,201.06
NP19,298.9,202.92,102.4
NP20,419.42,252.78,125.83
NP22,235.85,163.79,80.77
NP23,267.7,181.8,84.98
NP24,173.45,123.15,58.01
NP25,674.79,370.5,194.0
NP26,531.9,320.05,170.88
NP4,333.17,224.13,106.73
NP44,367.04,245.81,123.09
NP5,,0.0,
NP7,615.75,357.03,181.53
NP8,744.75,436.28,216.71
NR0,0.0,,
NR1,377.41,201.95,100.32
NR10,600.79,358.46,188.75
NR11,589.59,337.19,174.98
NR12,634.22,361.82,184.79
NR13,542.69,327.97,174.14
NR14,668.69,383.67,209.54
NR15,742.99,408.03,213.42
NR16,705.24,408.59,220.95
NR17,566.11,323.49,167.74
NR18,571.02,338.67,169.34
NR19,490.5,272.97,135.31
NR2,552.96,315.28,156.95
NR20,602.99,348.07,185.34
NR21,582.73,359.65,176.59
NR22,0.0,0.0,0.0
NR23,774.48,442.56,224.11
NR24,756.28,430.4,230.17
NR25,771.62,453.89,226.74
NR26,524.13,299.78,159.68
NR27,486.6,274.91,139.95
NR28,506.39,286.22,143.11
NR29,433.8,240.59,127.28
NR3,352.43,215.38,109.18
NR30,354.61,191.43,95.71
NR31,398.83,243.53,122.85
NR32,373.93,225.71,112.35
NR33,373.06,219.77,110.38
NR34,512.37,307.0,151.25
NR35,501.99,304.37,146.15
NR4,595.64,360.39,191.33
NR43,0.0,,
NR5,423.04,271.03,145.1
NR6,414.7,265.26,130.57
NR7,481.99,296.94,151.62
NR8,575.62,319.78,172.42
NR9,646.75,377.27,190.22
NW1,3648.42,1759.05,807.44
NW10,1028.56,514.28,273.96
NW11,2340.88,1019.42,554.42
NW2,1254.98,622.03,303.11
NW22,0.0,,
NW3,3916.35,1839.69,868.74
NW4,1159.37,589.51,307.8
NW5,1574.75,739.45,386.53
NW6,1568.12,763.61,373.68
NW7,1504.71,795.17,419.77
NW8,3921.33,1827.72,869.64
NW9,761.47,430.09,223.32
OL1,342.23,221.96,104.23
OL10,449.43,279.78,136.21
OL11,429.32,254.75,131.97
OL12,389.82,233.97,116.77
OL13,385.05,230.01,116.6
OL14,499.8,301.61,155.49
OL15,543.03,323.92,156.49
OL16,384.03,231.8,111.63
OL2,404.15,254.47,127.15
OL21,,,0.0
OL3,666.86,391.22,194.78
OL4,476.56,295.21,151.63
OL42,0.0,,
OL5,401.47,238.71,112.27
OL6,395.25,241.54,119.39
OL7,298.6,189.77,87.15
OL8,283.77,181.51,87.98
OL9,333.1,216.98,104.19
OX1,1545.43,762.85,367.36
OX10,1022.55,634.69,313.26
OX11,644.92,384.69,196.66
OX12,610.58,373.72,179.88
OX13,831.19,500.07,259.53
OX14,705.19,401.23,205.03
OX15,758.77,446.27,234.48
OX16,451.76,264.54,141.17
OX17,905.46,525.87,277.6
OX18,798.05,496.61,239.89
OX2,1534.71,813.93,416.19
OX20,966.77,570.15,292.58
OX25,667.64,426.85,232.48
OX26,600.79,346.81,190.64
OX27,679.74,412.3,213.14
OX28,545.97,319.71,170.61
OX29,828.18,496.91,260.39
OX3,739.68,443.11,214.84
OX33,1005.69,565.19,287.34
OX39,893.08,572.98,295.07
OX4,714.06,428.43,217.88
OX44,931.33,597.01,289.23
OX49,1003.97,571.88,269.84
OX5,853.13,511.88,255.94
OX7,977.51,547.28,270.23
OX76,0.0,,
OX9,827.54,472.23,249.6
P07,0.0,0.0,
P08,0.0,,
P12,0.0,,
P26,,,0.0
P33,,0.0,
PA1,0.0,,
PA23,0.0,,
PA5,0.0,,
PE0,,0.0,
PE1,330.36,204.23,102.58
PE10,430.45,263.9,134.31
PE11,365.97,217.83,114.19
PE12,598.59,367.36,192.4
PE13,365.77,217.57,111.06
PE14,425.14,255.08,131.37
PE15,450.54,269.14,137.28
PE16,448.14,261.75,131.16
PE17,0.0,,
PE18,0.0,0.0,0.0
PE19,613.22,355.28,185.56
PE2,359.27,227.43,115.84
PE20,348.32,214.8,117.07
PE21,291.26,178.45,94.68
PE22,416.28,258.86,137.5
PE23,410.49,242.87,124.04
PE24,397.51,225.71,117.85
PE25,379.77,198.14,99.5
PE26,433.54,265.36,136.81
PE27,545.52,306.26,160.52
PE28,706.18,410.97,219.91
PE29,438.94,266.5,138.19
PE3,411.53,268.23,138.76
PE30,369.11,225.46,111.29
PE31,704.11,405.88,198.67
PE32,558.81,325.97,160.31
PE33,462.57,275.25,147.37
PE34,435.22,264.11,134.35
PE35,0.0,0.0,0.0
PE36,573.73,301.21,157.15
PE37,463.9,284.85,142.8
PE38,464.68,261.9,134.84
PE39,0.0,,
PE4,355.18,234.55,119.82
PE48,0.0,,
PE5,747.45,398.68,213.82
PE6,499.75,302.37,157.13
PE7,444.77,268.39,144.14
PE8,620.4,367.41,188.48
PE9,659.57,385.68,192.46
PH1,0.0,,
PH2,0.0,,
PH6,0.0,,
PL1,428.37,208.42,108.3
PL10,642.88,383.57,213.29
PL11,611.83,354.06,188.26
PL12,527.66,320.04,162.03
PL13,500.94,274.02,141.86
PL14,483.04,285.28,143.89
PL15,558.5,316.48,168.79
PL16,537.82,314.82,160.7
PL17,526.81,289.81,154.09
PL18,560.86,322.49,170.48
PL19,654.83,374.19,195.16
PL2,263.55,170.11,89.57
PL20,760.87,441.79,227.31
PL21,541.83,326.97,164.19
PL22,576.12,326.47,165.97
PL23,992.89,559.02,293.05
PL24,395.71,247.32,127.06
PL25,479.41,287.64,150.47
PL26,532.58,332.24,176.07
PL27,1043.98,607.56,310.14
PL28,955.03,545.96,275.15
PL29,872.37,505.39,258.12
PL3,455.75,266.63,139.1
PL30,697.48,385.01,207.25
PL31,378.07,227.51,118.75
PL32,458.38,263.93,134.65
PL33,0.0,0.0,0.0
PL34,601.85,338.86,187.55
PL35,689.72,364.81,190.27
PL4,391.47,178.23,101.97
PL5,319.48,213.99,100.81
PL6,428.5,283.89,141.18
PL7,452.64,288.04,142.72
PL8,996.44,575.47,317.64
PL9,462.7,290.17,153.54
PL99,,,0.0
PO1,495.03,291.47,140.8
PO10,748.63,470.86,243.84
PO11,612.86,329.6,176.68
PO12,451.86,277.25,134.31
PO13,464.73,311.24,158.53
PO14,671.75,416.13,207.15
PO15,591.01,366.11,193.32
PO16,518.65,313.06,166.27
PO17,665.6,394.85,193.24
PO18,1025.5,596.81,299.63
PO19,648.28,378.64,194.48
PO2,341.66,211.95,109.79
PO20,764.88,454.97,227.49
PO21,592.09,327.21,174.31
PO22,661.12,389.08,203.38
PO3,358.34,243.4,120.02
PO30,554.93,329.03,167.21
PO31,656.63,391.68,202.96
PO32,396.39,258.03,124.89
PO33,534.29,292.7,144.47
PO34,701.93,421.16,217.84
PO35,715.74,423.94,217.26
PO36,442.55,249.37,129.48
PO37,590.81,321.92,164.47
PO38,576.42,320.23,158.76
PO39,573.31,307.97,159.94
PO4,416.31,272.35,130.1
PO40,605.83,350.31,172.68
PO41,786.8,448.67,241.39
PO5,555.25,277.63,144.52
PO6,556.31,364.13,189.38
PO7,628.85,364.07,189.52
PO8,583.88,360.48,192.01
PO9,594.23,379.28,191.38
PQ8,,0.0,
PR1,281.95,168.78,84.01
PR2,336.73,213.47,108.18
PR23,0.0,,
PR25,356.2,230.11,119.28
PR26,435.01,277.75,137.69
PR27,,0.0,
PR3,456.48,265.66,138.6
PR30,,0.0,
PR37,0.0,,
PR4,452.42,281.09,146.79
PR5,340.85,214.95,105.57
PR6,530.97,323.87,169.81
PR7,458.92,286.82,145.61
PR8,471.53,282.11,140.46
PR9,353.86,200.26,95.44
PU32,0.0,,
RE23,0.0,,
RF10,,0.0,
RG08,,0.0,0.0
RG1,651.71,328.74,168.09
RG10,1603.54,840.14,437.57
RG12,575.09,343.98,182.21
RG14,636.89,347.66,178.48
RG15,0.0,,
RG17,967.75,570.64,265.62
RG18,858.9,512.46,262.85
RG19,685.4,397.6,188.52
RG2,550.8,331.46,171.23
RG20,1071.21,640.97,319.18
RG21,407.1,236.27,118.69
RG22,519.33,309.78,168.97
RG23,641.59,410.84,212.41
RG24,649.04,366.84,195.31
RG25,2831.59,1571.65,769.79
RG26,787.91,474.52,238.92
RG27,820.05,442.57,236.29
RG28,673.1,384.77,207.24
RG29,978.51,579.02,297.96
RG30,546.74,333.53,164.73
RG31,699.32,417.14,222.22
RG39,0.0,,
RG4,944.58,563.57,299.4
RG40,878.17,501.82,261.91
RG41,764.17,443.09,249.66
RG42,1054.97,595.11,309.46
RG45,912.82,493.46,261.6
RG5,599.41,371.31,198.86
RG51,0.0,,
RG6,774.75,426.77,243.28
RG7,921.58,521.22,269.71
RG8,1121.2,633.66,313.13
RG9,1439.96,778.04,382.85
RG91,0.0,,
RH1,718.85,399.71,206.31
RH10,653.05,396.5,196.67
RH11,513.4,353.0,167.26
RH12,784.84,446.55,223.28
RH13,968.78,521.03,259.56
RH14,961.8,557.72,290.59
RH15,615.73,375.98,192.24
RH16,785.69,439.68,226.98
RH17,1199.54,666.83,347.08
RH18,807.97,435.67,216.87
RH19,892.02,487.24,245.68
RH2,865.12,498.55,250.33
RH20,938.64,514.74,275.12
RH24,0.0,,
RH27,,0.0,0.0
RH3,996.77,592.58,290.47
RH4,945.15,488.73,255.89
RH5,1126.16,590.32,295.16
RH6,687.76,397.24,214.33
RH7,832.52,473.79,243.83
RH8,1198.37,698.5,340.16
RH9,801.31,513.12,251.73
RM1,623.78,331.56,176.51
RM10,474.06,305.41,147.73
RM11,1284.24,774.97,363.81
RM12,658.35,430.69,224.01
RM13,538.47,350.74,184.65
RM14,891.21,551.71,287.87
RM15,550.85,357.24,159.84
RM16,658.39,409.27,214.29
RM17,510.02,282.83,150.66
RM18,450.62,301.87,130.1
RM19,396.53,223.1,96.48
RM2,815.5,431.74,240.08
RM20,408.79,244.51,50.31
RM3,544.56,359.61,186.86
RM4,1279.08,730.91,371.7
RM5,602.92,407.53,205.67
RM6,519.24,320.28,166.36
RM7,561.16,349.41,182.45
RM8,487.69,320.48,157.98
RM9,508.05,329.52,141.5
RW2,0.0,,
S1,307.87,120.35,64.26
S10,766.01,428.45,223.86
S11,613.33,353.44,187.87
S12,293.67,199.31,91.82
S13,258.95,172.63,85.91
S14,196.65,140.18,73.74
S16,0.0,,
S17,817.53,460.22,241.07
S18,579.11,367.61,181.44
S19,0.0,,
S2,244.1,153.44,70.97
S20,335.63,195.48,107.53
S21,454.56,288.16,144.72
S24,0.0,,
S25,370.09,245.61,119.01
S26,412.87,266.23,126.64
S3,285.88,115.84,59.45
S32,838.9,456.96,237.16
S33,743.23,437.19,221.39
S35,456.92,283.05,142.33
S36,484.97,297.79,153.61
S4,188.62,115.27,57.11
S40,422.21,259.21,129.76
S41,358.22,225.91,115.56
S42,416.62,270.44,135.22
S43,363.04,240.92,122.13
S44,402.31,277.92,130.58
S45,513.87,326.21,164.64
S5,223.73,141.98,67.73
S59,,0.0,
S6,370.96,240.43,119.66
S60,359.26,228.64,118.52
S61,315.9,200.89,101.15
S62,296.4,201.22,90.81
S63,260.2,181.97,78.91
S64,268.3,173.9,80.6
S65,387.78,241.92,119.32
S66,356.18,236.37,115.44
S7,478.93,247.65,144.9
S70,287.92,172.75,87.76
S71,313.95,207.32,98.99
S72,358.03,242.57,117.17
S73,299.02,201.21,99.21
S74,320.85,214.91,105.46
S75,487.99,299.64,153.18
S8,400.66,255.52,134.9
S80,370.5,241.63,115.88
S81,393.43,268.36,133.65
S9,214.41,136.23,69.59
S94,,0.0,
SA1,258.29,147.93,76.31
SA10,320.62,213.75,106.39
SA11,258.65,176.46,86.23
SA12,255.88,190.53,87.15
SA13,246.73,176.14,80.48
SA14,332.64,223.72,110.4
SA15,306.67,209.17,100.88
SA16,361.9,247.79,116.2
SA17,392.53,246.16,129.67
SA18,322.48,216.89,108.44
SA19,532.71,307.24,172.07
SA2,472.42,280.25,155.33
SA20,431.4,250.47,141.83
SA23,0.0,,
SA3,584.99,334.91,178.99
SA31,398.15,232.65,119.99
SA32,573.14,321.84,179.57
SA33,494.28,279.24,153.09
SA34,573.57,345.08,189.48
SA35,0.0,0.0,0.0
SA36,0.0,0.0,0.0
SA37,773.67,423.1,241.78
SA38,430.45,249.94,137.75
SA39,434.21,267.45,149.67
SA4,388.87,253.46,127.87
SA40,525.08,335.17,182.22
SA41,468.31,284.6,151.96
SA42,668.12,398.28,227.84
SA43,542.66,310.26,167.71
SA44,520.87,301.23,168.93
SA45,441.28,261.9,140.98
SA46,454.37,247.5,138.69
SA47,0.0,0.0,0.0
SA48,511.92,291.89,164.46
SA4E,0.0,,
SA5,304.56,213.83,104.1
SA6,349.94,229.6,109.24
SA61,337.06,208.8,107.25
SA62,534.88,313.1,171.31
SA63,577.9,348.93,181.67
SA64,400.09,242.68,122.46
SA65,389.8,242.4,131.38
SA66,514.9,296.58,164.77
SA67,566.44,310.24,171.96
SA68,482.07,286.29,157.82
SA69,547.8,297.16,162.4
SA7,333.12,216.08,105.66
SA70,541.69,295.47,153.11
SA71,468.49,284.3,148.83
SA72,311.82,181.52,94.66
SA73,358.49,227.86,114.72
SA8,339.44,223.63,108.51
SA9,321.66,217.11,104.83
SB20,0.0,,
SE06,0.0,,
SE1,1764.03,930.13,467.19
SE10,833.65,481.84,241.38
SE11,1354.43,748.65,375.88
SE12,764.35,457.23,233.25
SE13,873.9,450.55,226.42
SE14,831.78,419.28,211.58
SE15,919.78,484.98,261.51
SE16,906.4,507.25,247.22
SE17,919.1,520.12,281.73
SE18,688.76,409.36,202.77
SE19,878.91,467.17,227.44
SE2,526.35,337.05,167.17
SE20,719.27,368.22,189.77
SE21,1345.64,701.09,365.92
SE22,1131.51,557.58,311.96
SE23,936.08,488.39,260.02
SE24,1213.19,602.03,336.05
SE25,613.46,329.45,163.97
SE26,835.03,463.73,238.96
SE27,980.67,516.84,261.96
SE28,532.43,309.22,96.01
SE3,943.66,545.29,265.59
SE32,0.0,,
SE37,0.0,,
SE4,993.01,525.87,274.99
SE5,1090.82,583.64,280.25
SE6,772.35,386.17,210.98
SE7,716.65,423.47,228.34
SE8,735.85,395.99,209.16
SE9,703.77,424.8,216.3
SF4,0.0,0.0,
SG1,566.05,341.77,175.01
SG10,3006.97,1395.24,700.42
SG11,992.44,552.25,286.52
SG12,959.05,513.72,254.65
SG13,982.73,543.45,268.39
SG14,1085.47,585.21,276.38
SG15,549.24,306.21,165.56
SG16,659.17,398.69,229.28
SG17,692.03,417.61,217.23
SG18,666.91,388.55,199.89
SG19,690.24,416.52,212.85
SG2,605.86,419.16,202.09
SG23,,,
SG3,897.95,475.3,241.75
SG4,920.08,507.63,250.57
SG5,771.21,441.63,240.33
SG6,627.85,378.97,189.48
SG7,726.93,402.08,198.25
SG8,805.56,473.86,247.32
SG9,898.5,529.85,268.31
SH1,,0.0,
SK1,274.08,158.86,67.58
SK10,1084.88,586.9,294.66
SK11,722.8,390.69,191.87
SK12,735.94,438.13,233.53
SK13,472.37,283.24,148.06
SK14,398.15,267.92,127.98
SK15,514.71,305.18,146.13
SK16,369.48,225.8,102.03
SK17,502.19,297.55,152.53
SK18,0.0,,
SK2,465.41,293.5,146.75
SK22,553.16,339.35,174.9
SK23,583.26,347.4,173.89
SK3,373.68,238.74,116.67
SK4,579.15,327.44,160.24
SK5,394.46,262.97,120.28
SK6,545.45,336.75,172.96
SK7,752.36,447.68,240.14
SK8,560.79,345.1,185.22
SK9,978.25,550.25,279.5
SL0,1122.08,645.2,318.18
SL1,590.54,313.89,152.15
SL10,0.0,,
SL13,0.0,,
SL2,1094.08,650.54,290.0
SL3,968.14,530.96,270.18
SL4,1010.39,566.16,274.79
SL5,1554.54,886.48,381.72
SL6,1062.63,607.22,307.49
SL7,1691.5,932.46,479.98
SL8,1655.28,835.91,420.59
SL9,1625.61,861.45,427.4
SM1,622.69,351.7,183.87
SM19,0.0,,
SM2,842.75,391.04,209.78
SM23,0.0,,
SM3,677.03,424.34,230.69
SM4,685.29,439.62,224.04
SM5,741.63,416.36,227.1
SM6,635.96,343.65,181.79
SM7,900.49,504.27,283.94
SM8,0.0,,
SN1,365.08,215.73,109.99
SN10,624.12,348.47,186.68
SN11,499.16,296.11,153.93
SN12,526.78,313.05,167.25
SN13,917.97,538.7,286.49
SN14,826.31,483.47,246.82
SN15,597.06,339.01,174.69
SN16,793.65,445.22,233.03
SN2,342.7,226.26,113.26
SN25,476.12,269.9,151.43
SN26,603.55,367.32,216.66
SN3,458.72,287.74,154.32
SN4,810.02,477.7,244.07
SN5,539.89,291.17,150.83
SN6,1232.25,675.38,373.73
SN7,675.51,388.42,201.12
SN8,856.88,463.74,239.21
SN9,871.37,501.04,247.22
SO13,0.0,,
SO14,431.08,218.73,116.73
SO15,548.13,264.27,140.95
SO16,566.77,340.06,155.22
SO17,512.66,258.05,130.45
SO18,406.94,237.38,122.08
SO19,389.27,240.5,121.05
SO20,973.77,555.35,291.33
SO21,1136.64,670.39,324.55
SO22,914.01,539.26,292.53
SO23,831.22,440.47,221.18
SO24,1040.17,601.75,285.54
SO26,,,0.0
SO30,648.94,367.54,194.08
SO31,748.62,431.41,222.3
SO32,783.63,479.25,245.71
SO40,619.66,373.79,191.16
SO41,956.16,549.79,285.71
SO42,1283.58,723.29,373.5
SO43,1183.91,650.97,334.39
SO45,569.99,350.24,187.32
SO50,467.8,301.67,146.06
SO51,829.07,497.02,247.46
SO52,626.57,392.28,220.06
SO53,643.22,372.96,206.43
SP1,489.86,282.94,150.55
SP10,440.7,273.95,145.5
SP11,759.99,479.99,228.95
SP2,493.51,295.27,146.52
SP3,979.05,557.18,274.13
SP4,620.48,406.84,203.17
SP5,1068.62,620.49,330.22
SP6,772.11,460.67,239.39
SP7,723.01,415.73,208.73
SP8,628.94,351.51,181.24
SP9,683.98,482.81,182.73
SQ17,0.0,,
SR1,173.11,91.19,37.69
SR2,266.43,148.01,75.95
SR3,381.03,227.22,116.28
SR4,220.63,139.66,73.58
SR5,194.99,120.71,57.87
SR6,473.84,271.94,137.77
SR7,278.47,177.82,79.23
SR8,158.58,108.26,50.79
SS0,667.92,351.54,182.16
SS1,728.59,352.15,192.96
SS11,621.49,371.49,194.19
SS12,663.68,388.64,195.2
SS13,472.07,320.82,159.25
SS14,374.95,262.83,132.06
SS15,493.9,322.54,162.87
SS16,598.29,346.38,182.81
SS17,614.39,410.61,203.27
SS2,479.29,290.72,150.37
SS20,0.0,,
SS3,642.42,390.74,203.18
SS4,609.57,347.82,177.07
SS5,721.97,420.21,221.85
SS6,712.58,418.0,225.68
SS66,,0.0,
SS7,617.37,364.89,191.52
SS8,505.13,286.09,150.36
SS9,702.31,403.06,216.6
ST1,204.72,134.25,63.77
ST10,499.09,298.6,154.58
ST11,437.57,277.76,141.65
ST12,650.93,402.19,212.24
ST13,527.29,313.65,161.7
ST14,506.22,305.48,156.1
ST15,536.81,302.82,160.26
ST16,352.86,223.37,111.52
ST17,501.63,306.3,155.91
ST18,645.84,383.3,206.78
ST19,554.93,347.43,168.94
ST2,276.96,191.46,92.04
ST20,586.76,333.28,183.52
ST21,790.63,445.52,238.87
ST3,307.8,208.78,98.67
ST4,297.61,192.18,93.95
ST5,345.69,219.91,108.83
ST6,226.71,151.85,74.87
ST7,395.42,257.73,130.61
ST8,393.67,253.75,134.38
ST9,465.57,292.47,148.5
SW1,4863.22,2622.26,1464.62
SW10,3431.61,1651.74,829.75
SW11,1766.22,905.38,496.5
SW12,1265.61,648.5,351.87
SW13,2238.48,1180.92,622.31
SW14,1444.64,716.54,403.46
SW15,1337.57,720.23,348.21
SW16,916.02,469.96,246.84
SW17,1083.14,580.5,274.19
SW18,1203.16,623.71,325.65
SW19,1686.78,872.47,403.21
SW1A,0.0,0.0,0.0
SW1D,0.0,,
SW1E,0.0,0.0,0.0
SW1H,0.0,0.0,0.0
SW1P,0.0,0.0,0.0
SW1V,0.0,0.0,0.0
SW1W,0.0,0.0,0.0
SW1X,0.0,0.0,0.0
SW1Y,0.0,0.0,0.0
SW1Z,0.0,,
SW2,1005.66,507.2,268.79
SW20,1349.47,727.53,353.02
SW25,0.0,,
SW26,0.0,,
SW3,4240.78,1750.16,878.56
SW4,1120.52,594.36,303.79
SW5,2757.37,1098.74,554.07
SW6,1992.4,955.04,504.63
SW6B,0.0,,
SW7,4881.0,2394.4,1195.34
SW8,2613.86,1441.28,710.68
SW9,967.73,533.61,271.89
SY1,434.52,269.67,125.81
SY10,621.51,355.87,191.86
SY11,409.21,243.57,120.19
SY12,485.35,279.7,137.52
SY13,521.7,299.98,155.16
SY14,678.95,401.03,210.8
SY15,566.45,333.47,183.78
SY16,450.54,292.08,148.77
SY17,458.58,264.12,148.12
SY18,388.75,208.6,119.34
SY19,424.13,253.78,148.14
SY2,508.71,310.63,157.4
SY20,448.72,258.59,140.61
SY21,500.97,277.4,147.21
SY22,595.51,338.91,182.83
SY23,465.55,257.32,140.33
SY24,433.05,244.46,137.16
SY25,371.17,225.14,127.46
SY3,573.26,309.53,162.68
SY4,572.66,334.4,173.95
SY5,602.67,340.22,180.29
SY52,0.0,,
SY6,772.55,433.91,233.6
SY7,621.4,369.73,199.55
SY8,555.74,317.57,160.83
SY9,627.96,362.1,191.35
TA0,0.0,,
TA1,442.86,246.74,123.92
TA10,720.62,397.78,218.08
TA11,825.16,489.53,257.42
TA12,629.77,363.99,184.4
TA13,715.8,409.78,220.73
TA14,715.03,432.63,228.81
TA15,0.0,0.0,0.0
TA16,615.57,366.16,189.62
TA17,0.0,0.0,0.0
TA18,489.76,285.35,140.64
TA19,609.31,360.35,187.2
TA2,460.01,280.89,138.0
TA20,638.55,366.47,184.44
TA21,502.15,300.43,151.51
TA22,580.19,340.73,158.19
TA23,450.74,274.41,138.08
TA24,593.49,339.81,168.11
TA3,716.28,410.89,226.52
TA4,617.36,371.49,189.36
TA43,0.0,,
TA5,744.05,424.29,220.34
TA6,422.65,259.79,126.98
TA7,652.95,383.75,206.28
TA8,490.62,265.75,134.0
TA9,556.86,351.17,164.13
TD1,0.0,0.0,
TD10,0.0,0.0,0.0
TD11,0.0,0.0,0.0
TD12,0.0,0.0,0.0
TD13,0.0,0.0,0.0
TD14,0.0,0.0,0.0
TD15,0.0,0.0,0.0
TD2,0.0,0.0,0.0
TD3,,0.0,0.0
TD4,0.0,0.0,
TD5,0.0,0.0,0.0
TD6,0.0,0.0,0.0
TD7,0.0,0.0,0.0
TD8,0.0,0.0,0.0
TD9,0.0,0.0,0.0
TF1,394.44,243.0,126.0
TF10,557.55,338.87,174.25
TF11,589.01,337.09,168.64
TF12,462.42,280.75,131.57
TF13,561.97,327.81,172.17
TF2,379.26,242.59,128.59
TF20,,0.0,
TF3,308.07,215.93,102.87
TF4,378.2,226.79,123.46
TF5,530.11,321.69,165.81
TF6,617.31,379.49,194.53
TF7,275.09,201.53,98.62
TF70,0.0,0.0,
TF8,546.89,306.26,157.06
TF9,538.92,305.39,160.53
TH6,,0.0,0.0
TL9,,0.0,
TM36,,0.0,
TN1,699.29,328.18,164.81
TN10,737.35,462.07,246.35
TN11,1143.63,674.93,337.47
TN12,826.55,494.51,247.36
TN13,1293.91,672.43,348.3
TN14,1249.01,700.66,362.11
TN15,1073.24,620.88,302.93
TN16,917.72,542.02,268.79
TN17,991.19,560.69,278.02
TN18,954.35,531.94,270.74
TN19,1044.74,572.12,302.89
TN2,805.58,454.43,231.17
TN20,1252.26,650.04,341.99
TN21,1021.62,557.25,276.34
TN22,925.81,519.36,270.68
TN23,525.8,314.54,171.85
TN24,503.03,297.44,162.11
TN25,715.89,419.05,224.1
TN26,884.87,501.81,269.64
TN27,947.28,546.81,292.42
TN28,525.21,316.02,174.4
TN29,502.07,313.6,158.5
TN3,1478.54,785.17,412.06
TN30,788.8,470.63,240.36
TN31,693.26,412.03,207.39
TN32,886.54,500.47,246.26
TN33,749.92,431.2,220.19
TN34,610.8,325.62,173.3
TN35,633.49,397.58,196.64
TN36,519.57,285.87,154.42
TN37,514.68,261.86,133.27
TN38,530.37,300.39,148.88
TN39,664.83,389.04,204.94
TN4,773.59,441.79,222.01
TN40,464.02,275.42,141.5
TN5,1051.62,587.64,288.68
TN51,,,0.0
TN6,896.17,503.64,267.28
TN7,1330.08,744.84,341.04
TN8,933.09,536.53,253.48
TN9,601.03,342.69,177.58
TQ1,585.87,303.04,147.7
TQ10,619.02,350.78,172.52
TQ11,604.61,346.23,174.56
TQ12,542.95,321.0,163.34
TQ13,637.02,373.79,188.89
TQ14,638.39,358.89,190.53
TQ2,515.34,300.31,148.19
TQ3,452.89,268.53,136.68
TQ4,402.18,231.91,121.33
TQ5,537.73,305.08,158.64
TQ6,800.93,447.18,231.3
TQ7,880.96,485.27,255.95
TQ8,1749.1,966.99,485.47
TQ9,915.39,517.35,266.38
TR1,626.02,373.42,192.13
TR10,513.58,285.82,146.74
TR11,792.12,471.18,241.84
TR12,780.94,428.26,236.02
TR13,604.99,357.28,192.51
TR14,455.75,275.09,141.37
TR15,401.34,231.97,116.18
TR16,535.73,323.28,171.24
TR17,810.53,452.23,216.81
TR18,528.08,286.38,144.01
TR19,683.64,379.26,205.03
TR2,934.56,563.82,290.28
TR20,675.9,381.56,211.22
TR21,0.0,0.0,0.0
TR22,0.0,0.0,
TR23,0.0,0.0,0.0
TR24,0.0,0.0,0.0
TR25,0.0,0.0,0.0
TR26,854.06,444.25,247.48
TR27,465.14,272.89,142.05
TR3,782.77,458.21,245.04
TR31,0.0,,
TR4,712.18,403.57,214.28
TR5,718.61,408.22,210.29
TR6,791.95,428.77,230.07
TR7,630.58,345.45,182.23
TR8,522.85,306.86,159.46
TR9,447.14,271.59,137.44
TS1,176.77,106.06,50.95
TS10,294.89,192.08,98.76
TS11,257.16,171.47,88.92
TS12,319.58,196.71,98.12
TS13,442.63,277.83,133.04
TS14,327.88,208.92,105.39
TS15,560.72,302.62,168.71
TS16,416.66,255.03,129.44
TS17,296.56,188.0,96.14
TS18,275.4,169.28,84.26
TS19,240.83,166.35,81.79
TS2,0.0,0.0,0.0
TS20,275.11,179.98,87.54
TS21,399.36,234.92,116.48
TS22,574.91,349.64,185.87
TS23,182.43,136.82,67.76
TS24,175.26,116.84,57.33
TS25,166.99,115.61,53.89
TS26,314.45,178.54,92.4
TS27,347.86,217.41,106.92
TS28,237.34,154.74,69.81
TS29,189.86,132.23,58.23
TS3,124.59,90.95,42.2
TS4,183.16,120.96,59.6
TS5,242.5,164.09,82.74
TS6,221.37,151.79,71.47
TS7,426.74,265.92,136.95
TS77,,0.0,
TS8,294.05,180.08,91.81
TS9,495.18,282.37,141.19
TW1,1711.28,808.33,437.99
TW10,1613.17,902.28,439.96
TW11,1285.99,653.71,354.96
TW12,1237.34,631.02,332.91
TW13,579.2,353.04,179.95
TW14,581.8,358.03,168.49
TW15,684.46,406.98,217.19
TW16,833.86,470.39,253.89
TW17,918.88,551.33,293.31
TW18,763.7,418.38,218.7
TW19,965.01,558.92,266.21
TW1O,0.0,,
TW2,958.01,554.64,307.26
TW20,1290.22,702.84,323.5
TW29,,0.0,
TW3,708.75,394.12,202.5
TW31,,,0.0
TW4,723.28,443.52,218.66
TW40,0.0,,
TW5,827.2,523.64,271.79
TW6,,0.0,
TW7,899.25,496.14,262.8
TW8,911.41,501.69,259.78
TW9,1464.02,725.96,397.1
TX4,0.0,,
UB1,677.81,418.09,217.69
UB10,896.97,523.61,277.21
UB2,688.48,407.8,205.9
UB3,592.49,352.15,177.75
UB4,634.68,385.55,197.39
UB5,577.46,355.28,180.61
UB6,734.32,450.29,223.04
UB7,578.61,355.58,170.06
UB8,668.87,365.63,192.9
UB9,809.68,454.34,238.98
UN4,0.0,,
W1,8006.91,2550.58,-
W10,1757.26,870.71,377.33
W11,2964.44,1364.01,605.08
W12,1527.44,757.02,401.4
W13,1086.18,543.09,280.58
W14,2526.29,1207.25,598.36
W15,0.0,,
W16,,,0.0
W19,0.0,,
W1B,0.0,0.0,0.0
W1C,0.0,0.0,0.0
W1D,0.0,0.0,0.0
W1F,0.0,0.0,0.0
W1G,0.0,0.0,0.0
W1H,0.0,0.0,0.0
W1J,0.0,0.0,0.0
W1K,0.0,0.0,0.0
W1N,0.0,,0.0
W1P,0.0,,
W1S,0.0,0.0,0.0
W1T,0.0,0.0,0.0
W1U,0.0,0.0,0.0
W1W,0.0,0.0,0.0
W1X,,0.0,
W2,3141.78,1354.21,646.34
W25,,,0.0
W2G,0.0,0.0,
W3,1107.16,534.15,283.22
W4,1579.56,750.23,417.55
W5,1483.12,741.56,369.22
W57,,0.0,
W6,1914.59,866.9,441.45
W7,852.03,478.71,253.2
W8,5618.76,2582.81,1260.9
W9,1847.02,957.27,429.22
WA08,0.0,,
WA1,419.88,258.99,133.55
WA10,321.45,200.54,101.2
WA11,289.98,197.83,91.64
WA12,336.43,229.53,112.4
WA13,629.9,348.24,188.69
WA14,1123.16,636.46,299.51
WA15,1120.21,695.79,337.02
WA16,1102.96,650.92,311.42
WA2,347.36,218.18,106.58
WA3,477.29,295.66,150.49
WA4,607.26,363.31,188.09
WA5,409.09,253.42,135.72
WA6,580.32,341.56,176.62
WA7,308.26,209.38,102.75
WA8,426.99,273.12,139.71
WA9,315.96,211.64,106.83
WC1,2015.4,882.55,-
WC1A,0.0,0.0,0.0
WC1B,0.0,0.0,0.0
WC1E,0.0,0.0,0.0
WC1G,,,0.0
WC1H,0.0,0.0,0.0
WC1N,0.0,0.0,0.0
WC1R,0.0,0.0,0.0
WC1V,0.0,0.0,0.0
WC1X,0.0,0.0,0.0
WC2,2335.16,-,671.87
WC28,0.0,0.0,
WC2A,0.0,0.0,0.0
WC2B,0.0,0.0,0.0
WC2E,0.0,0.0,0.0
WC2H,0.0,0.0,0.0
WC2N,0.0,0.0,0.0
WC2R,0.0,0.0,0.0
WD1,0.0,,
WD10,0.0,0.0,
WD17,860.2,393.16,226.78
WD18,565.67,321.06,167.43
WD19,844.03,514.09,254.16
WD2,0.0,0.0,
WD23,985.5,550.24,294.77
WD24,562.85,347.18,174.4
WD25,855.98,519.71,264.58
WD3,1118.19,637.37,308.32
WD31,0.0,,
WD4,1011.5,517.89,280.24
WD5,889.39,487.23,278.77
WD6,831.98,491.09,230.12
WD64,0.0,,
WD7,3285.59,1785.08,839.65
WE2,0.0,,
WF1,386.71,217.1,111.99
WF10,307.85,206.2,106.1
WF11,323.29,212.79,100.53
WF12,430.6,257.43,138.89
WF13,247.5,135.59,70.24
WF14,469.98,276.96,139.53
WF15,456.19,258.37,123.71
WF16,299.13,176.27,94.01
WF17,376.35,214.13,115.45
WF2,440.27,275.17,138.82
WF3,445.2,273.31,139.25
WF4,483.95,295.51,144.56
WF5,404.17,235.91,122.01
WF6,322.58,208.21,111.13
WF7,372.85,233.03,121.39
WF8,452.99,290.91,137.87
WF9,314.23,211.11,99.62
WN1,390.23,233.44,114.67
WN2,294.43,196.77,95.49
WN3,292.07,194.52,94.61
WN4,295.0,202.13,95.96
WN5,339.04,226.03,111.54
WN6,358.82,235.98,117.46
WN7,277.13,182.19,90.26
WN8,387.01,262.74,119.63
WR1,551.87,268.61,130.83
WR10,611.59,357.63,190.36
WR11,564.19,325.87,169.51
WR12,917.03,530.51,268.67
WR13,709.72,410.31,227.36
WR14,567.98,329.28,167.64
WR15,654.25,367.15,194.58
WR2,567.38,347.28,183.11
WR3,512.62,313.76,167.72
WR4,335.93,204.12,108.58
WR5,473.71,288.34,152.81
WR6,812.38,447.13,245.17
WR7,864.43,503.68,279.17
WR8,954.86,520.83,272.23
WR9,660.28,380.51,200.45
WRI,0.0,,
WS1,382.53,212.52,114.06
WS10,298.03,197.35,97.75
WS11,382.05,239.65,122.04
WS12,380.29,239.82,127.37
WS13,573.3,329.65,186.59
WS14,741.82,433.78,224.5
WS15,495.95,318.63,152.57
WS2,256.07,169.1,82.6
WS21,0.0,,
WS3,341.36,230.17,113.88
WS4,382.62,239.83,122.68
WS5,511.88,317.45,164.4
WS6,444.37,281.7,141.62
WS7,450.13,279.28,144.77
WS8,370.06,234.61,118.96
WS9,514.09,322.45,152.48
WV1,273.65,151.75,73.54
WV10,372.24,253.2,121.99
WV11,362.61,239.46,115.41
WV12,288.64,192.43,96.21
WV13,284.3,191.19,91.66
WV14,304.38,202.31,102.33
WV15,757.38,474.18,222.58
WV16,597.11,322.82,165.43
WV18,,0.0,
WV2,264.78,176.42,86.41
WV3,437.88,261.95,138.06
WV4,386.67,249.33,126.76
WV5,780.71,450.93,232.48
WV6,509.65,306.7,150.03
WV7,457.42,307.58,162.18
WV8,505.7,317.74,154.1
WV9,414.58,236.9,112.91
Y07,0.0,,
Y08,0.0,0.0,0.0
YN4,0.0,,
YO1,751.51,365.48,178.2
YO10,517.59,306.89,160.55
YO11,355.15,199.37,94.49
YO12,308.27,182.78,93.88
YO13,556.96,337.86,174.09
YO14,360.84,210.01,107.76
YO15,365.13,173.44,95.47
YO16,300.89,177.57,89.7
YO17,463.75,269.53,131.4
YO18,557.16,321.07,166.9
YO19,625.99,363.48,200.32
YO21,498.66,272.37,144.7
YO22,435.22,260.38,134.21
YO23,615.9,360.57,185.32
YO24,531.39,310.37,167.41
YO25,444.45,257.71,129.49
YO26,684.8,400.43,203.59
YO30,601.25,356.49,168.55
YO31,520.5,290.05,157.8
YO32,540.19,313.96,166.21
YO41,548.18,315.18,169.29
YO42,473.73,259.42,145.28
YO43,489.37,289.72,152.89
YO51,587.95,329.25,181.31
YO60,703.75,404.52,215.86
YO61,738.82,390.1,206.62
YO62,701.08,394.0,199.47
YO7,713.08,413.47,214.89
YO8,457.14,269.6,141.45
