outcode,base_year,1_yr_growth,3_yr_growth,5_yr_growth,10_yr_growth
AL1,2024,-4.75,-5.08,1.47,10.11
AL10,2024,-6.92,-7.21,-3.2,10.0
AL2,2024,-4.56,-4.73,-1.49,6.36
AL3,2024,-4.21,-5.57,-0.97,8.53
AL4,2024,-6.64,-4.42,0.45,7.98
AL5,2024,-2.4,-5.13,-0.14,5.81
AL6,2024,-3.37,-5.39,-3.24,3.23
AL7,2024,-7.22,-5.78,-0.75,11.93
AL8,2024,-3.47,-4.81,-2.45,9.46
AL9,2024,-3.85,-2.67,0.28,8.01
B1,2024,-0.14,-1.58,-5.46,11.48
B10,2024,-5.49,-4.97,4.7,9.45
B11,2024,-6.67,-2.49,8.89,14.62
B12,2024,-3.89,2.67,7.56,9.81
B13,2024,-7.36,-10.49,-4.03,14.56
B14,2024,-6.94,-6.27,2.85,19.55
B15,2024,6.4,14.76,15.94,18.22
B16,2024,-6.89,-5.91,0.0,14.29
B17,2024,-6.62,-3.05,-0.52,17.69
B18,2024,-1.87,2.54,6.43,9.97
B19,2024,-6.16,-1.38,3.17,4.63
B2,2024,-1.66,35.3,92.45,10.36
B20,2024,-5.65,-7.46,1.99,11.27
B21,2024,-6.96,-5.16,10.22,14.83
B23,2024,-9.45,-6.16,3.1,18.55
B24,2024,-9.76,-5.47,3.64,17.09
B25,2024,-7.46,-5.52,4.98,14.32
B26,2024,-10.04,-7.38,0.9,22.0
B27,2024,-6.99,-3.32,6.27,16.45
B28,2024,-6.25,-8.02,-2.48,14.7
B29,2024,-5.4,0.65,6.92,19.56
B3,2024,1.77,5.03,12.4,21.43
B30,2024,-8.12,-1.84,6.53,25.26
B31,2024,-7.19,-1.56,5.75,16.55
B32,2024,-9.88,-4.13,6.69,17.29
B33,2024,-10.59,-7.27,3.4,18.17
B34,2024,-11.42,-7.7,2.48,21.0
B35,2024,-3.49,-6.25,-0.56,5.54
B36,2024,-7.69,-3.74,4.34,15.38
B37,2024,-4.76,-3.03,5.16,14.01
B38,2024,-3.49,2.98,13.43,14.57
B4,2024,5.94,14.56,13.22,14.29
B40,2024,-2.52,-7.2,-11.45,-8.48
B42,2024,-8.78,-1.45,7.8,24.1
B43,2024,-10.31,-8.1,3.23,16.57
B44,2024,-10.66,-4.7,7.77,23.13
B45,2024,-8.08,-1.63,8.81,20.25
B46,2024,-6.19,-6.54,-2.9,8.73
B47,2024,-5.93,-5.93,3.5,10.0
B48,2024,-4.5,-4.96,-0.34,4.57
B49,2024,0.08,-4.72,-4.02,6.87
B5,2024,-3.92,-2.19,-1.63,3.45
B50,2024,-2.73,0.4,3.75,6.71
B6,2024,-5.16,-1.92,5.97,10.13
B60,2024,-9.42,-6.78,2.21,13.24
B61,2024,-5.86,-3.4,1.92,12.21
B62,2024,-7.74,-5.14,-0.16,19.75
B63,2024,-7.5,-4.39,2.17,14.23
B64,2024,-5.56,1.31,11.44,14.3
B65,2024,-7.95,-5.05,4.44,16.92
B66,2024,-4.8,-1.49,6.93,4.51
B67,2024,-7.72,-5.01,1.8,13.72
B68,2024,-9.35,-3.89,5.65,15.38
B69,2024,-6.32,0.58,9.08,12.15
B7,2024,2.43,11.83,9.79,8.15
B70,2024,-4.71,-0.81,4.52,6.58
B71,2024,-6.07,-2.21,6.16,14.35
B72,2024,-11.1,-11.1,-7.24,12.63
B73,2024,-8.29,-11.79,-5.56,16.11
B74,2024,-6.51,-8.67,-1.28,15.79
B75,2024,-8.22,-5.63,-2.33,19.64
B76,2024,-5.85,-3.63,1.05,12.73
B77,2024,-9.94,-4.52,4.28,16.62
B78,2024,-4.22,-4.41,2.07,11.53
B79,2024,-5.65,-0.69,3.61,11.95
B8,2024,-4.73,-5.21,4.8,11.96
B80,2024,-6.18,-8.37,0.72,6.33
B9,2024,-7.03,-5.73,3.57,12.95
B90,2024,-6.98,-3.52,1.91,15.61
B91,2024,-8.0,-7.15,-3.16,15.0
B92,2024,-8.25,-6.89,0.44,16.53
B93,2024,-6.94,-4.72,-1.5,12.96
B94,2024,-6.18,-6.46,-2.71,6.0
B95,2024,-4.88,-4.99,-0.72,4.12
B96,2024,-3.32,-0.86,2.36,7.62
B97,2024,-9.85,-4.72,2.73,14.07
B98,2024,-7.32,-2.93,7.72,22.65
BA1,2024,-2.04,-0.13,1.99,12.64
BA10,2024,2.76,1.79,8.0,10.7
BA11,2024,-6.09,-5.16,1.83,13.1
BA12,2024,-2.52,1.62,8.1,13.23
BA13,2024,-8.27,-6.55,2.92,15.91
BA14,2024,-6.33,-4.31,2.67,12.7
BA15,2024,-2.79,-0.23,-0.87,8.97
BA16,2024,-7.84,-3.75,3.83,12.84
BA2,2024,-4.22,0.72,5.82,9.87
BA20,2024,-4.47,-3.42,0.0,9.3
BA21,2024,-3.93,-2.12,6.04,14.15
BA22,2024,0.19,-0.75,4.18,6.75
BA3,2024,-5.51,-2.1,4.66,10.81
BA4,2024,-3.51,2.19,5.38,6.49
BA5,2024,-1.39,-1.8,3.41,11.32
BA6,2024,-1.45,1.01,7.74,16.32
BA7,2024,-6.04,-0.85,6.17,7.7
BA8,2024,-3.81,-5.4,2.69,4.51
BA9,2024,-9.46,-4.47,0.7,9.07
BB1,2024,-3.79,1.15,7.45,9.05
BB10,2024,0.26,-0.54,10.36,11.75
BB11,2024,-3.17,-0.27,3.77,7.84
BB12,2024,-3.33,2.67,14.51,9.37
BB18,2024,-6.75,-2.6,7.05,8.74
BB2,2024,-2.94,2.56,8.98,10.27
BB3,2024,-5.18,-0.95,8.04,11.55
BB4,2024,-4.41,3.51,11.91,11.92
BB5,2024,-4.35,-3.47,7.02,10.42
BB6,2024,-3.05,4.26,2.94,8.11
BB7,2024,-2.46,-1.67,5.05,5.05
BB8,2024,-4.97,0.0,6.23,9.2
BB9,2024,-4.76,-1.72,7.58,10.52
BD1,2024,-0.54,14.37,18.32,5.09
BD10,2024,-5.52,0.39,6.2,8.9
BD11,2024,-5.08,-1.84,10.75,14.86
BD12,2024,-1.5,1.02,5.57,7.53
BD13,2024,-2.49,-3.4,5.03,8.68
BD14,2024,-2.91,-3.96,3.58,8.58
BD15,2024,-3.38,-2.58,6.88,9.26
BD16,2024,-3.12,-5.38,1.4,10.55
BD17,2024,-4.72,-0.85,4.66,10.11
BD18,2024,-3.7,0.64,7.95,11.5
BD19,2024,-4.05,-0.14,8.12,11.03
BD2,2024,-5.45,0.65,7.43,12.67
BD20,2024,-4.79,-1.15,4.42,10.62
BD21,2024,-3.32,1.85,5.99,6.37
BD22,2024,-4.12,-0.87,6.3,6.54
BD23,2024,-2.98,-2.16,1.28,4.96
BD24,2024,-4.7,-0.12,5.11,5.31
BD3,2024,-2.06,-1.16,5.56,4.89
BD4,2024,-2.39,0.91,10.27,8.72
BD5,2024,-1.37,2.64,10.67,10.82
BD6,2024,-5.96,-1.25,10.6,11.72
BD7,2024,-2.35,-2.92,5.66,9.67
BD8,2024,-3.26,0.65,3.38,4.0
BD9,2024,-3.61,-1.41,5.65,6.11
BD99,2024,-30.78,-57.16,-68.98,-57.53
BH1,2024,-6.44,-1.02,4.38,16.99
BH10,2024,-7.81,-5.56,0.85,15.76
BH11,2024,-5.61,-3.37,1.4,12.56
BH12,2024,-8.94,-7.69,0.0,18.1
BH13,2024,-1.82,-2.07,-1.29,11.72
BH14,2024,-4.25,-1.49,2.02,22.43
BH15,2024,-6.83,-4.92,1.05,16.0
BH16,2024,-5.8,-2.24,4.31,10.79
BH17,2024,-8.98,-6.22,2.05,15.94
BH18,2024,-6.52,-2.71,3.33,11.94
BH19,2024,-6.88,-3.37,0.57,7.41
BH2,2024,-3.66,2.61,4.15,15.61
BH20,2024,-3.88,-4.17,1.11,7.39
BH21,2024,-4.32,-5.11,1.06,8.09
BH22,2024,-5.2,-8.28,1.97,14.04
BH23,2024,-5.84,-4.25,1.57,13.83
BH24,2024,-4.99,-5.57,2.85,9.38
BH25,2024,-10.58,-10.71,-0.25,14.7
BH3,2024,-8.02,-0.83,1.28,19.0
BH31,2024,-7.22,-6.28,3.6,15.35
BH4,2024,-2.74,-2.9,10.71,26.38
BH5,2024,-2.13,-1.82,8.54,14.52
BH6,2024,-12.69,-15.34,-2.52,13.32
BH7,2024,-6.06,-5.51,1.72,13.81
BH8,2024,-4.98,-4.08,2.73,13.53
BH9,2024,-7.84,-8.22,-1.19,16.25
BL0,2024,-6.14,-4.62,5.6,14.6
BL1,2024,-3.93,-0.89,7.84,14.52
BL12,2024,-21.17,-44.62,-41.59,-32.3
BL2,2024,-6.31,0.21,11.11,17.0
BL3,2024,-4.47,0.68,12.85,12.27
BL4,2024,-7.18,-5.05,10.39,17.68
BL5,2024,-4.5,2.14,10.09,16.14
BL6,2024,-1.42,2.42,12.66,9.83
BL7,2024,-7.72,-2.46,7.25,5.02
BL8,2024,-7.21,-5.73,6.02,12.94
BL9,2024,-4.42,-0.45,12.63,15.57
BN1,2024,-7.18,-5.68,3.18,19.51
BN10,2024,-6.38,-5.85,2.17,15.48
BN11,2024,-5.93,-3.68,3.59,14.45
BN12,2024,-7.12,-7.78,2.12,12.57
BN13,2024,-6.78,-4.74,3.73,14.11
BN14,2024,-10.79,-9.1,1.35,16.95
BN15,2024,-9.81,-5.88,0.98,18.23
BN16,2024,-3.85,-3.51,4.02,15.38
BN17,2024,-8.12,-6.43,0.88,13.97
BN18,2024,-2.26,-1.22,3.16,9.18
BN2,2024,-9.05,-5.14,-0.05,14.27
BN20,2024,-5.32,-4.1,2.23,11.46
BN21,2024,-6.55,-3.74,0.0,15.5
BN22,2024,-7.97,-5.53,2.18,13.81
BN23,2024,-7.27,-5.45,0.5,13.79
BN24,2024,-5.41,-3.27,1.89,9.76
BN25,2024,-5.53,-5.15,0.36,10.63
BN26,2024,-8.56,-5.26,3.06,10.05
BN27,2024,-6.45,-3.47,6.35,12.68
BN3,2024,-4.64,-2.39,3.35,20.34
BN4,2024,-9.19,-23.29,-33.6,-50.3
BN41,2024,-10.36,-7.72,1.54,17.48
BN42,2024,-5.96,-6.96,6.74,18.28
BN43,2024,-10.9,-7.91,-2.14,14.32
BN44,2024,-6.31,-5.8,0.9,9.42
BN45,2024,-1.05,-4.3,9.28,2.42
BN5,2024,-1.65,-5.75,4.49,7.97
BN6,2024,-4.98,-0.38,3.93,13.77
BN7,2024,-2.21,-0.97,2.52,8.72
BN8,2024,-1.66,-0.78,0.89,6.33
BN9,2024,-7.2,-6.26,-1.37,14.28
BN99,2024,-16.37,-36.99,-49.46,0.59
BR1,2024,-6.83,-5.71,-1.42,14.6
BR2,2024,-6.87,-5.46,2.84,11.72
BR3,2024,-4.92,-4.49,2.84,14.55
BR4,2024,-6.22,-6.24,3.1,10.95
BR5,2024,-8.19,-7.61,0.62,13.7
BR6,2024,-5.79,-5.17,0.85,11.76
BR7,2024,-2.32,-5.8,-4.56,9.04
BR8,2024,-8.65,-6.64,1.36,18.26
BS1,2024,-7.78,7.86,11.11,5.83
BS10,2024,-8.81,-3.86,3.56,15.69
BS11,2024,-8.68,-6.49,1.82,23.18
BS12,2024,-2.52,-7.21,-11.46,-20.56
BS13,2024,-8.14,-4.87,2.33,14.29
BS14,2024,-7.57,-3.34,2.77,15.92
BS15,2024,-8.9,-7.3,1.68,16.98
BS16,2024,-8.42,-4.44,2.16,16.19
BS17,2024,15.0,17.84,-6.32,-11.54
BS18,2024,3.01,9.6,17.09,41.23
BS19,2024,1.51,4.67,8.03,17.47
BS2,2024,-6.99,-6.87,0.46,15.09
BS20,2024,-8.05,-6.89,1.05,13.31
BS21,2024,-8.33,-8.72,-1.54,13.57
BS22,2024,-8.58,-6.5,2.22,16.31
BS23,2024,-6.93,-2.73,6.14,13.69
BS24,2024,-4.43,-1.8,5.07,9.34
BS25,2024,-5.3,-4.18,-3.3,5.06
BS26,2024,-3.44,-6.35,1.9,5.03
BS27,2024,-6.47,-5.12,0.56,9.11
BS28,2024,-2.74,-1.82,3.2,9.3
BS29,2024,-1.87,0.38,4.08,2.98
BS3,2024,-11.02,-5.52,2.44,26.0
BS30,2024,-5.89,-6.26,-1.25,9.77
BS31,2024,-5.77,-4.21,-0.01,9.47
BS32,2024,-7.48,-2.71,6.02,24.87
BS34,2024,-6.72,-2.41,5.73,13.31
BS35,2024,-1.82,-0.77,3.26,8.27
BS36,2024,-6.76,-7.33,0.29,8.66
BS37,2024,-5.59,-3.72,2.34,12.63
BS39,2024,-3.03,-2.08,3.29,8.91
BS4,2024,-10.66,-6.11,3.47,19.9
BS40,2024,-0.88,-2.69,2.89,4.51
BS41,2024,-11.55,-11.25,-1.79,8.86
BS48,2024,-5.24,-2.03,2.6,7.71
BS49,2024,-4.23,-1.64,2.73,8.99
BS5,2024,-12.28,-12.28,-1.25,29.44
BS6,2024,-7.52,-9.36,-6.4,14.79
BS7,2024,-7.44,-7.44,1.72,20.53
BS8,2024,-4.96,-4.2,-3.09,12.97
BS9,2024,-7.01,-8.74,-2.48,14.88
CA1,2024,0.27,1.39,12.21,5.35
CA10,2024,-0.09,3.93,8.8,4.94
CA11,2024,-1.75,3.45,7.14,8.53
CA12,2024,-3.7,-2.0,6.04,6.86
CA13,2024,-3.34,0.43,4.62,5.11
CA14,2024,-0.39,2.53,6.22,5.39
CA15,2024,-1.0,-0.57,10.16,5.06
CA16,2024,-0.73,-4.4,2.61,4.5
CA17,2024,-4.3,1.91,7.13,13.05
CA18,2024,0.36,-8.07,-3.14,-7.08
CA19,2024,-2.55,-6.23,6.44,4.43
CA2,2024,-2.97,2.01,6.92,8.56
CA20,2024,-2.78,-3.85,3.86,0.0
CA21,2024,-6.18,4.52,9.38,13.28
CA22,2024,-2.07,0.21,8.41,9.95
CA23,2024,-7.97,-6.16,-10.52,2.6
CA24,2024,-0.66,3.82,40.8,-0.44
CA25,2024,-0.61,-5.01,0.89,6.37
CA26,2024,-3.51,-9.47,1.85,5.31
CA27,2024,-6.67,5.79,14.23,5.29
CA28,2024,-2.35,0.31,6.12,4.63
CA3,2024,-3.32,0.1,5.28,8.29
CA4,2024,-3.54,-4.44,5.26,4.0
CA5,2024,-2.68,1.85,6.09,5.51
CA6,2024,-2.12,-0.05,7.2,2.27
CA7,2024,-4.01,-0.1,1.08,2.85
CA8,2024,-3.04,1.55,4.2,5.17
CA9,2024,3.09,-1.6,4.91,3.07
CB1,2024,-6.48,-3.0,3.5,9.27
CB10,2024,-2.61,0.35,5.11,8.64
CB11,2024,-3.11,-2.77,3.78,9.11
CB2,2024,-2.45,3.17,6.49,6.07
CB20,2024,-23.2,-47.54,-60.17,39.14
CB21,2024,-4.4,-1.14,3.47,9.95
CB22,2024,-5.99,-4.03,1.6,7.56
CB23,2024,-2.79,-0.62,3.0,9.59
CB24,2024,-3.66,-3.33,1.45,10.23
CB25,2024,-2.29,-0.64,-3.11,9.16
CB3,2024,-1.73,3.67,4.04,9.24
CB4,2024,-4.3,-3.48,3.08,9.53
CB5,2024,-7.14,-2.44,2.63,15.38
CB6,2024,-6.62,-5.77,1.67,10.0
CB7,2024,-7.65,-6.91,-2.1,13.56
CB8,2024,-4.37,-4.83,-1.75,6.54
CB9,2024,-8.26,-4.16,-0.38,12.61
CF1,2024,-1.53,-4.46,-1.29,-7.96
CF10,2024,0.45,5.67,19.24,20.11
CF11,2024,-7.21,-2.79,5.64,16.65
CF14,2024,-10.23,-7.46,0.95,16.6
CF15,2024,-4.7,-2.79,1.81,10.53
CF2,2024,-7.71,-19.31,-28.31,-21.05
CF23,2024,-7.78,-5.0,5.4,15.85
CF24,2024,-6.35,-1.22,7.48,22.86
CF3,2024,-8.54,-4.59,8.47,16.28
CF31,2024,-6.71,-0.35,12.87,20.49
CF32,2024,-5.05,-3.86,6.02,11.81
CF33,2024,-8.35,-3.87,9.32,16.51
CF34,2024,-5.93,1.27,11.91,14.49
CF35,2024,-3.61,-0.56,9.77,12.1
CF36,2024,-7.93,-5.88,8.65,20.0
CF37,2024,-5.88,-0.77,11.74,14.12
CF38,2024,-9.11,-2.29,11.95,16.22
CF39,2024,-8.71,-4.35,12.65,19.07
CF4,2024,1.49,4.37,-0.66,-1.45
CF40,2024,-7.04,-0.58,12.07,16.52
CF41,2024,-14.29,-7.91,10.84,19.94
CF42,2024,-13.53,-10.22,13.88,24.84
CF43,2024,-3.68,-0.47,23.9,21.88
CF44,2024,-5.1,2.03,16.04,16.5
CF45,2024,-3.21,4.78,16.21,14.1
CF46,2024,-4.88,-0.71,6.6,11.7
CF47,2024,-6.9,1.28,13.92,12.0
CF48,2024,-4.76,-0.54,10.24,10.75
CF5,2024,-7.06,-2.36,8.76,19.01
CF61,2024,-5.55,-3.75,8.23,13.43
CF62,2024,-6.69,0.22,13.69,18.53
CF63,2024,-8.48,-5.03,6.72,16.15
CF64,2024,-6.72,-2.14,5.62,14.11
CF7,2024,-1.14,2.09,12.01,47.98
CF71,2024,-6.32,-3.31,4.56,6.67
CF72,2024,-7.1,-4.71,9.64,13.68
CF8,2024,-0.63,-1.88,-3.1,-6.01
CF81,2024,-6.11,-1.29,12.96,16.04
CF82,2024,-3.73,-0.08,9.15,16.28
CF83,2024,-5.49,0.05,9.24,17.43
CF99,2024,-13.8,-32.45,-44.46,-35.55
CH1,2024,-3.3,0.47,8.03,11.32
CH2,2024,-6.02,-3.13,0.12,10.42
CH3,2024,-2.09,0.18,5.46,10.21
CH4,2024,-4.62,3.09,8.3,11.37
CH41,2024,-3.62,4.14,11.86,7.26
CH42,2024,-6.4,-1.6,7.53,12.5
CH43,2024,-8.6,-4.98,4.26,11.71
CH44,2024,-6.5,0.0,12.62,16.95
CH45,2024,-7.67,-7.49,4.13,15.29
CH46,2024,-4.12,-3.35,9.01,15.05
CH47,2024,-5.2,-7.38,2.91,13.82
CH48,2024,-7.52,-4.74,2.72,14.68
CH49,2024,-8.78,-4.6,3.63,15.84
CH5,2024,-4.22,-1.48,5.06,11.53
CH6,2024,-2.04,0.25,7.35,6.47
CH60,2024,-5.19,-2.43,-0.1,13.21
CH61,2024,-5.43,-4.96,3.53,12.5
CH62,2024,-3.36,2.17,8.54,14.08
CH63,2024,-4.37,-1.88,6.29,12.07
CH64,2024,-5.39,-1.76,10.01,11.81
CH65,2024,-5.99,-1.43,9.16,12.7
CH66,2024,-5.42,-0.89,7.36,12.44
CH7,2024,-2.7,-1.81,7.31,8.84
CH8,2024,-3.05,-1.09,8.04,6.49
CH99,2024,-2.07,-5.97,-9.57,-17.47
CM0,2024,-5.3,-5.02,2.21,9.29
CM1,2024,-8.16,-6.16,-0.92,10.49
CM11,2024,-5.32,-5.43,1.67,14.81
CM12,2024,-7.93,-10.18,-3.99,12.28
CM13,2024,-4.17,-4.17,1.61,12.9
CM14,2024,-4.61,-5.43,-1.68,17.22
CM15,2024,-6.49,-5.52,-0.48,6.72
CM16,2024,-5.84,-6.23,-0.17,12.55
CM17,2024,-3.86,-1.39,0.22,12.48
CM18,2024,-12.25,-9.46,-2.5,20.43
CM19,2024,-8.65,-3.52,3.26,16.79
CM2,2024,-8.0,-5.74,-0.05,14.51
CM20,2024,-7.29,-4.54,1.13,16.16
CM21,2024,-5.66,-8.95,-2.61,7.57
CM22,2024,-3.9,-2.97,0.73,7.07
CM23,2024,-6.88,-6.24,-1.19,9.0
CM24,2024,-7.71,-8.6,0.22,5.9
CM3,2024,-4.36,-4.26,0.56,7.78
CM4,2024,0.11,0.95,-1.13,5.47
CM5,2024,-3.23,-4.19,1.85,5.97
CM6,2024,-4.0,-5.74,1.0,7.29
CM7,2024,-5.94,-2.15,1.75,15.56
CM77,2024,-4.23,-4.29,-0.96,10.34
CM8,2024,-5.48,-2.33,1.03,10.83
CM9,2024,-5.19,-5.19,3.55,8.15
CO1,2024,-4.52,0.29,2.8,16.17
CO10,2024,-4.26,-3.82,0.77,8.69
CO11,2024,-2.92,-0.83,1.87,9.17
CO12,2024,-9.63,-8.66,1.63,20.29
CO13,2024,-5.44,-3.49,1.67,14.5
CO14,2024,-10.37,-6.37,-3.1,20.73
CO15,2024,-9.73,-7.73,-0.31,19.98
CO16,2024,-10.86,-8.69,-0.85,12.77
CO2,2024,-9.41,-5.62,1.11,15.12
CO3,2024,-6.93,-4.73,1.85,10.21
CO4,2024,-5.96,-4.39,1.7,14.62
CO5,2024,-5.2,-6.24,-1.42,9.85
CO6,2024,-3.94,-3.92,0.52,6.07
CO7,2024,-4.06,-4.72,1.29,8.68
CO8,2024,-4.39,-7.94,-4.58,3.24
CO9,2024,-3.21,-3.48,1.65,6.12
CR0,2024,-6.76,-8.0,-3.5,12.53
CR2,2024,-7.22,-8.16,-3.74,9.44
CR24,2024,17.19,78.61,275.28,-65.25
CR3,2024,-6.75,-6.8,0.08,10.52
CR4,2024,-7.32,-10.34,-4.45,12.54
CR5,2024,-5.17,-5.83,0.41,10.47
CR6,2024,-1.38,-5.11,4.84,8.4
CR7,2024,-8.93,-11.68,-6.44,17.76
CR8,2024,-4.49,-7.79,-7.79,9.73
CR9,2024,-6.37,-19.34,-15.94,8.47
CT1,2024,-4.51,-2.48,0.0,7.54
CT10,2024,-6.58,-7.84,1.79,19.65
CT11,2024,-9.06,-6.54,2.56,18.33
CT12,2024,-10.14,-3.5,4.34,17.09
CT13,2024,-6.19,-3.03,3.23,7.24
CT14,2024,-9.09,-7.69,-0.15,15.38
CT15,2024,-6.87,-2.99,3.32,4.87
CT16,2024,-9.72,-9.77,1.28,12.55
CT17,2024,-5.41,-3.69,6.99,19.09
CT18,2024,-6.91,-8.28,-3.62,11.95
CT19,2024,-9.22,-5.0,0.67,22.5
CT2,2024,-4.92,-4.89,1.25,11.4
CT20,2024,-7.59,-6.5,0.58,13.1
CT21,2024,-5.73,-2.32,3.6,9.16
CT3,2024,-5.81,-0.96,5.06,9.89
CT4,2024,-3.89,-2.87,1.66,7.03
CT5,2024,-7.91,-6.75,0.46,18.27
CT6,2024,-8.53,-9.28,-3.27,18.0
CT7,2024,-6.92,-6.74,-0.75,15.08
CT8,2024,-7.42,-8.51,2.24,19.09
CT9,2024,-9.09,-7.34,3.45,23.08
CV1,2024,-5.55,-4.64,-2.83,13.88
CV10,2024,-9.76,-3.97,8.84,18.41
CV11,2024,-6.25,-4.0,3.67,15.94
CV12,2024,-5.67,-5.85,1.97,16.54
CV13,2024,-5.47,-2.06,3.83,8.55
CV2,2024,-9.69,-6.53,1.83,21.01
CV21,2024,-6.67,-2.96,5.0,14.44
CV22,2024,-4.2,-3.56,3.07,13.59
CV23,2024,-3.91,-0.15,3.84,7.01
CV3,2024,-8.03,-6.09,-1.55,17.29
CV31,2024,-4.03,-0.38,2.71,11.87
CV32,2024,-6.01,-5.76,-2.19,10.0
CV33,2024,-2.89,-5.27,2.03,3.99
CV34,2024,-2.82,0.2,3.39,9.7
CV35,2024,-4.36,-3.37,3.37,6.83
CV36,2024,-2.33,5.35,9.96,6.87
CV37,2024,-3.7,-2.38,5.13,6.49
CV4,2024,-9.76,-8.04,-3.43,15.26
CV47,2024,-1.2,-0.68,2.62,5.53
CV5,2024,-8.52,-5.53,0.65,19.2
CV6,2024,-9.64,-6.35,3.83,18.55
CV7,2024,-2.74,-5.72,-0.15,11.87
CV8,2024,-5.01,-1.99,3.16,15.1
CV9,2024,-2.79,-2.88,-2.41,11.87
CW1,2024,-5.02,0.0,7.81,13.98
CW10,2024,-4.1,-2.86,5.57,12.53
CW11,2024,-3.64,0.53,6.64,8.38
CW12,2024,-4.58,-5.55,0.1,8.07
CW2,2024,-4.65,1.37,7.61,10.71
CW3,2024,-2.29,-2.14,6.58,7.66
CW4,2024,-0.3,-4.13,5.61,8.59
CW5,2024,-5.56,-1.98,5.12,9.78
CW6,2024,0.91,-0.5,3.8,6.35
CW7,2024,-5.98,1.81,16.95,12.76
CW8,2024,-6.74,-2.98,7.86,9.15
CW9,2024,-5.2,-2.02,9.17,13.29
DA1,2024,-8.97,-7.19,0.0,17.72
DA10,2024,-3.82,-0.0,7.4,14.83
DA11,2024,-9.17,-8.4,-2.91,16.15
DA12,2024,-7.03,-4.56,1.88,19.0
DA13,2024,-6.86,-4.16,2.15,5.56
DA14,2024,-7.07,-4.88,1.06,19.63
DA15,2024,-6.59,-5.03,2.07,23.55
DA16,2024,-9.2,-7.42,-2.4,19.18
DA17,2024,-9.41,-9.32,-3.9,19.17
DA18,2024,-4.15,-4.63,2.0,10.68
DA2,2024,-7.4,-6.55,0.54,11.76
DA3,2024,-4.71,-6.39,-0.61,8.85
DA4,2024,-6.58,-0.74,4.36,7.58
DA5,2024,-7.7,-7.7,0.33,12.56
DA6,2024,-9.01,-6.57,-3.79,15.03
DA7,2024,-8.05,-9.09,-3.61,16.96
DA8,2024,-9.64,-8.12,-2.17,20.0
DA9,2024,-6.23,-3.23,-1.53,16.1
DE1,2024,-2.05,1.44,5.79,5.79
DE11,2024,-4.21,2.25,8.33,13.75
DE12,2024,-3.34,-4.43,4.11,12.39
DE13,2024,-2.37,-1.77,3.38,15.7
DE14,2024,-2.26,-2.19,1.16,12.98
DE15,2024,-6.0,2.13,9.59,9.59
DE2,2024,1.8,5.61,9.71,-8.49
DE21,2024,-7.36,-2.52,4.96,15.69
DE22,2024,-6.23,-2.61,4.4,13.96
DE23,2024,-6.32,-2.65,4.51,13.38
DE24,2024,-7.87,-0.16,9.11,20.28
DE3,2024,-5.61,0.39,4.4,14.74
DE4,2024,-6.98,-4.9,2.42,12.7
DE45,2024,-5.64,-2.82,-1.87,11.52
DE5,2024,-5.68,-5.2,3.71,11.15
DE55,2024,-6.83,-0.97,4.82,14.59
DE56,2024,-8.78,-7.36,2.4,16.17
DE6,2024,-2.08,-5.52,3.01,4.46
DE65,2024,-2.75,0.0,3.75,8.61
DE7,2024,-6.98,-1.57,8.78,18.06
DE72,2024,-10.77,-5.95,0.76,14.44
DE73,2024,-4.34,-5.12,2.79,9.38
DE74,2024,-6.36,-0.16,5.77,10.51
DE75,2024,-4.9,-4.35,7.14,19.35
DG16,2024,-5.21,-14.14,-7.84,-16.53
DH1,2024,-2.99,1.96,5.1,10.35
DH11,2024,-3.49,-9.79,-15.32,-26.56
DH12,2024,-5.67,-15.27,-23.1,-37.53
DH13,2024,29.66,218.73,966.12,625.45
DH2,2024,-1.22,5.91,11.1,10.49
DH3,2024,0.65,2.65,9.25,4.05
DH4,2024,-0.49,0.69,5.46,7.02
DH5,2024,2.01,-2.01,1.68,0.78
DH6,2024,-3.76,-0.2,6.42,4.53
DH7,2024,-2.24,4.33,10.61,8.73
DH8,2024,-3.24,2.6,11.98,9.08
DH9,2024,-1.42,2.23,10.52,7.59
DH99,2024,2.61,8.25,14.55,38.99
DL1,2024,-4.56,0.16,4.77,8.02
DL10,2024,-2.61,2.72,7.63,8.13
DL11,2024,-1.02,-1.76,1.5,4.16
DL12,2024,-2.44,1.32,6.0,4.35
DL13,2024,-3.86,-4.42,2.59,1.3
DL14,2024,-1.01,-0.9,4.14,5.61
DL15,2024,-0.64,0.34,10.62,7.69
DL16,2024,-3.16,2.92,15.6,5.09
DL17,2024,-2.24,1.43,10.4,7.33
DL18,2024,5.44,18.31,34.77,106.59
DL2,2024,-1.83,2.17,6.43,4.56
DL3,2024,-4.95,-4.95,3.57,7.79
DL4,2024,-4.82,2.5,9.18,2.9
DL5,2024,-5.78,-2.42,4.66,4.22
DL6,2024,0.02,-1.2,4.0,5.95
DL7,2024,-2.84,-0.35,5.88,5.5
DL8,2024,-2.4,-2.15,4.57,3.81
DL9,2024,-4.5,-3.53,0.59,5.05
DN1,2024,-6.88,-5.63,4.19,4.31
DN10,2024,-2.06,-2.06,0.79,7.18
DN11,2024,-3.98,-1.66,9.27,11.18
DN12,2024,-3.05,-0.63,7.63,9.89
DN14,2024,-3.97,-1.26,3.85,5.12
DN15,2024,-5.54,-3.89,5.86,13.66
DN16,2024,-5.94,-1.96,7.11,12.05
DN17,2024,-6.35,-4.84,6.31,11.16
DN18,2024,-5.68,-3.66,1.31,13.83
DN19,2024,-10.01,-8.12,-2.81,7.88
DN2,2024,-5.26,0.0,10.0,12.92
DN20,2024,-1.68,-2.41,6.91,10.32
DN21,2024,-6.77,-6.04,1.4,11.5
DN22,2024,-4.12,-2.55,4.22,8.81
DN3,2024,-5.91,-1.1,8.32,13.89
DN31,2024,-3.12,2.26,10.03,7.73
DN32,2024,-5.7,-0.46,9.25,5.68
DN33,2024,-5.65,-2.72,4.46,10.7
DN34,2024,-3.85,-1.38,4.86,10.58
DN35,2024,-3.33,-1.69,6.03,8.41
DN36,2024,-6.47,-3.87,5.19,6.51
DN37,2024,-4.97,0.03,5.44,9.51
DN38,2024,-5.31,-1.47,8.6,5.21
DN39,2024,2.31,-16.29,-7.45,10.94
DN4,2024,-3.23,3.45,9.79,11.67
DN40,2024,-5.5,-1.86,5.87,6.31
DN41,2024,-2.96,-3.88,1.53,8.2
DN5,2024,-4.37,-1.37,8.06,10.21
DN6,2024,-5.86,-1.38,9.6,11.97
DN7,2024,-5.08,-3.45,3.28,12.13
DN8,2024,-3.23,-2.25,8.8,10.73
DN9,2024,-5.05,-5.44,3.12,7.34
DT1,2024,-2.74,0.03,3.52,8.84
DT10,2024,-6.51,-2.04,3.43,7.62
DT11,2024,-3.26,-1.52,4.66,8.25
DT2,2024,-4.65,-3.11,1.98,5.87
DT3,2024,-4.78,-2.32,4.44,12.61
DT4,2024,-5.7,-1.95,7.06,11.35
DT5,2024,-6.14,-2.02,7.54,13.18
DT6,2024,-4.47,-1.24,5.67,10.67
DT7,2024,-0.62,0.32,5.07,8.99
DT8,2024,-5.27,-1.77,6.89,10.69
DT9,2024,-5.57,-0.31,2.06,8.34
DY1,2024,-7.66,-3.07,7.32,12.35
DY10,2024,-5.91,-3.61,1.52,12.57
DY11,2024,-6.74,-3.67,7.31,15.6
DY12,2024,-2.08,-2.76,-1.36,5.92
DY13,2024,-7.86,-4.34,4.04,12.54
DY14,2024,-1.96,-0.16,-0.1,0.58
DY2,2024,-7.03,-6.04,8.11,13.36
DY22,2024,-29.68,-55.87,-67.85,-7.39
DY3,2024,-8.92,-5.41,3.39,13.44
DY4,2024,-7.85,-6.63,2.17,11.45
DY5,2024,-6.52,-0.04,8.29,16.19
DY6,2024,-6.83,-4.76,4.78,12.19
DY7,2024,-4.32,-0.9,-1.43,5.37
DY8,2024,-8.74,-5.76,2.21,16.4
DY9,2024,-5.35,-4.67,3.58,17.56
E1,2024,-0.95,0.0,0.57,3.09
E10,2024,-6.86,-12.4,-3.69,16.18
E11,2024,-5.47,-6.86,-1.72,14.94
E12,2024,-9.54,-15.73,-9.91,18.99
E13,2024,-9.7,-12.55,-6.68,16.12
E14,2024,-0.96,-1.47,0.04,5.74
E15,2024,-5.79,-6.95,-3.77,12.49
E16,2024,-4.2,-5.61,-2.69,5.83
E17,2024,-7.82,-6.41,-0.83,18.31
E18,2024,-3.69,-9.05,-5.49,6.06
E1W,2024,-5.54,-2.07,0.45,-0.72
E2,2024,-2.14,-0.48,1.77,4.39
E20,2024,-3.6,-8.74,-4.46,-0.04
E3,2024,-2.76,-3.82,0.03,5.88
E4,2024,-7.24,-6.85,0.44,15.51
E5,2024,-1.07,1.24,2.58,10.91
E6,2024,-10.19,-13.83,-8.9,18.09
E7,2024,-10.59,-12.42,-9.3,17.9
E8,2024,-1.55,1.12,5.39,2.9
E9,2024,-4.12,-2.89,0.79,7.53
EC1A,2024,-14.75,-15.13,-6.87,7.81
EC1M,2024,2.22,25.84,33.16,33.16
EC1N,2024,0.76,13.04,32.22,10.37
EC1R,2024,1.7,7.71,8.97,18.59
EC1V,2024,2.8,1.97,7.58,3.57
EC1Y,2024,10.48,16.02,20.95,-4.79
EC2A,2024,0.83,0.37,6.54,23.58
EC2M,2024,1.65,-11.09,39.71,-2.58
EC2N,2024,44.07,26.13,1.81,33.97
EC2P,2024,1.99,6.23,21.2,126.68
EC2R,2024,12.03,16.27,19.18,-16.62
EC2V,2024,0.99,10.42,12.5,-3.14
EC2Y,2024,8.1,16.57,9.94,14.67
EC3A,2024,-12.06,20.37,49.6,23.82
EC3M,2024,6.24,52.24,59.11,-3.24
EC3N,2024,-8.06,7.66,-22.57,0.57
EC3R,2024,-19.93,-6.64,48.47,17.61
EC3V,2024,-0.34,34.5,24.62,17.58
EC4A,2024,30.12,23.74,26.49,8.2
EC4M,2024,34.03,48.02,41.88,-9.83
EC4N,2024,11.07,9.15,32.87,13.53
EC4R,2024,43.12,15.93,33.68,-21.15
EC4V,2024,-6.74,-10.04,-22.2,39.33
EC4Y,2024,15.49,42.66,-17.02,-22.06
EN1,2024,-8.28,-6.41,-0.83,10.51
EN10,2024,-4.37,-5.62,1.66,7.08
EN11,2024,-6.48,-6.78,-2.64,12.72
EN2,2024,-4.3,-4.01,-0.26,8.64
EN3,2024,-8.37,-11.12,-7.26,14.27
EN4,2024,-5.42,-2.45,2.04,10.72
EN5,2024,-4.55,-5.37,-0.36,10.94
EN6,2024,-6.24,-7.83,-2.44,9.03
EN7,2024,-4.88,-3.04,-1.98,10.83
EN8,2024,-8.17,-8.4,-1.82,14.79
EN9,2024,-3.57,-3.29,4.34,11.19
EX02,2024,-3.45,-11.16,-18.95,-33.54
EX1,2024,-3.28,-0.52,5.71,8.66
EX10,2024,-2.51,1.05,4.65,12.63
EX11,2024,-1.07,1.45,3.56,9.46
EX12,2024,-3.59,-4.2,3.48,6.54
EX13,2024,-3.73,-1.96,4.31,6.93
EX14,2024,-3.62,-3.91,3.19,9.17
EX15,2024,-4.0,-2.88,5.32,8.75
EX16,2024,-4.07,-0.77,7.01,8.09
EX17,2024,-2.25,-0.36,4.7,6.61
EX18,2024,-0.19,0.23,3.85,4.58
EX19,2024,-7.77,0.19,4.92,1.59
EX2,2024,-5.28,-1.33,2.88,12.77
EX20,2024,-3.87,-2.54,3.83,5.58
EX21,2024,-5.77,-2.02,5.46,2.93
EX22,2024,-6.2,-7.07,4.26,9.64
EX23,2024,-6.15,-4.23,4.31,8.4
EX24,2024,-1.1,-3.1,2.82,8.41
EX3,2024,-5.6,1.35,1.35,2.8
EX30,2024,-3.84,-10.7,-16.65,-28.55
EX31,2024,-4.87,-4.12,3.33,7.87
EX32,2024,-3.76,-1.12,4.16,8.74
EX33,2024,-8.69,-5.55,5.56,15.34
EX34,2024,-7.78,-4.23,3.75,8.26
EX35,2024,2.8,-3.24,-4.1,7.87
EX36,2024,-2.86,-1.91,7.72,7.11
EX37,2024,-3.03,-3.66,-0.44,5.46
EX38,2024,-3.97,-3.83,3.86,5.48
EX39,2024,-7.04,-5.76,4.21,11.77
EX4,2024,-5.24,-2.54,4.15,11.37
EX5,2024,-0.93,-1.07,3.47,5.88
EX6,2024,-3.51,-4.33,-0.16,3.38
EX7,2024,-5.19,-3.33,0.61,9.02
EX8,2024,-5.73,-0.86,5.51,13.74
EX9,2024,-2.29,-5.0,7.68,11.58
FY1,2024,-4.83,-2.23,9.73,10.66
FY2,2024,-5.88,-2.51,4.62,10.29
FY3,2024,-2.82,1.78,9.88,9.64
FY4,2024,-5.37,-1.64,8.84,8.42
FY5,2024,-5.63,0.47,9.83,12.15
FY6,2024,-3.33,-2.97,3.61,6.49
FY7,2024,-6.08,-3.01,7.58,9.57
FY8,2024,-4.66,-0.37,10.67,10.93
GL1,2024,-5.71,-3.01,1.36,17.18
GL10,2024,-1.28,0.76,6.7,12.62
GL11,2024,-5.93,-5.1,1.56,10.24
GL12,2024,-4.09,-1.9,-2.03,7.66
GL13,2024,-5.14,-1.63,6.07,1.53
GL14,2024,-8.12,-8.51,0.94,11.48
GL15,2024,-5.9,-7.0,0.56,8.08
GL16,2024,-6.71,-5.89,-0.7,11.96
GL17,2024,-5.53,-4.7,1.34,10.15
GL18,2024,-3.34,-5.55,1.77,0.55
GL19,2024,-3.23,-3.47,1.31,6.04
GL2,2024,-6.4,-4.74,2.18,13.54
GL20,2024,-6.73,-4.23,-0.59,7.44
GL3,2024,-8.12,-4.0,3.53,12.82
GL30,2024,-3.77,-10.53,-16.39,-28.17
GL4,2024,-6.92,-1.04,6.15,17.04
GL5,2024,-5.43,-2.95,2.75,12.0
GL50,2024,-4.52,-0.8,3.91,12.73
GL51,2024,-6.36,-1.95,3.49,11.33
GL52,2024,-4.94,-4.64,2.71,11.21
GL53,2024,-7.37,-5.2,1.52,10.27
GL54,2024,-4.71,-2.27,3.05,7.46
GL55,2024,-2.27,2.83,9.69,6.23
GL56,2024,-6.53,-4.57,-1.46,9.4
GL6,2024,-6.09,-6.29,0.1,7.42
GL7,2024,-4.43,-1.85,5.08,9.45
GL8,2024,-7.98,-1.79,3.67,9.1
GL9,2024,-8.36,-9.68,-1.14,1.42
GU1,2024,1.45,-0.46,10.71,17.68
GU10,2024,-3.06,-1.85,1.35,5.15
GU11,2024,-8.08,-8.37,-5.25,5.92
GU12,2024,-7.15,-5.5,-1.46,14.22
GU13,2024,-0.36,-1.08,-1.79,-3.51
GU14,2024,-5.9,-4.78,0.68,13.48
GU15,2024,-4.98,-3.13,-0.17,7.92
GU16,2024,-4.37,-2.86,1.19,10.1
GU17,2024,-4.19,-3.8,1.86,11.33
GU18,2024,-7.16,-3.76,0.49,4.59
GU19,2024,-1.16,3.29,4.5,6.62
GU2,2024,-6.18,-2.59,-1.57,12.45
GU20,2024,-7.93,-9.97,-0.52,0.62
GU21,2024,-5.66,-4.27,-0.97,10.34
GU22,2024,-1.19,0.44,1.43,12.07
GU23,2024,-5.35,-3.26,1.31,4.61
GU24,2024,-1.71,-5.66,0.88,7.77
GU25,2024,-7.07,1.08,5.53,14.29
GU26,2024,-3.02,-0.35,3.44,7.08
GU27,2024,-4.61,-0.05,5.8,10.61
GU28,2024,-4.67,-11.17,-8.55,6.64
GU29,2024,-5.83,-2.52,4.19,9.96
GU3,2024,-1.07,-0.71,3.53,5.57
GU30,2024,-7.09,-2.5,1.21,7.03
GU31,2024,-1.48,-1.05,5.38,10.59
GU32,2024,-2.32,-3.68,-2.45,5.68
GU33,2024,-4.31,-4.04,1.18,4.58
GU34,2024,-3.06,-3.6,2.55,4.93
GU35,2024,-2.92,-1.05,4.13,6.59
GU4,2024,-3.15,-2.15,-1.13,7.12
GU46,2024,-6.04,-2.59,2.52,8.02
GU47,2024,-3.53,-4.65,2.5,10.44
GU5,2024,-0.8,1.1,7.8,6.19
GU51,2024,-5.25,-6.54,-1.81,5.21
GU52,2024,-2.66,4.06,8.91,9.27
GU6,2024,-4.31,-0.98,1.41,3.91
GU7,2024,-3.21,2.08,6.79,13.39
GU8,2024,-2.75,0.21,4.25,5.87
GU9,2024,-3.68,-2.92,1.67,8.93
HA0,2024,-5.12,-6.9,-2.62,8.0
HA1,2024,-1.57,-3.46,0.93,4.49
HA2,2024,-5.48,-5.7,-0.25,9.28
HA3,2024,-4.35,-5.94,-2.77,8.67
HA4,2024,-5.85,-7.13,-1.67,11.53
HA5,2024,-4.0,-5.79,-3.46,7.92
HA6,2024,-3.2,-4.95,-5.05,4.31
HA7,2024,-2.95,-3.32,0.17,6.08
HA8,2024,-3.91,-5.5,-1.75,5.66
HA9,2024,-3.5,-4.27,-1.84,9.05
HD1,2024,-1.87,2.86,9.65,6.98
HD2,2024,-1.32,5.63,7.14,14.77
HD3,2024,-6.49,-3.12,2.94,10.77
HD4,2024,-7.26,-2.94,1.07,11.74
HD5,2024,-6.17,-1.15,8.19,12.59
HD6,2024,-6.98,-5.56,1.14,10.12
HD7,2024,-4.86,-1.92,6.37,11.72
HD8,2024,-4.17,-2.08,8.0,9.53
HD9,2024,-3.27,-1.83,5.1,8.27
HG1,2024,-5.67,-1.94,4.51,11.22
HG2,2024,-3.64,0.59,4.3,17.03
HG3,2024,-2.78,-3.13,2.46,5.17
HG4,2024,-4.77,-1.57,7.58,8.01
HG5,2024,-6.44,-2.48,1.7,10.54
HP1,2024,-5.03,-4.27,3.02,14.59
HP10,2024,-4.59,-3.7,-0.24,8.33
HP11,2024,-3.8,-4.06,-2.07,11.15
HP12,2024,-8.96,-8.82,-1.89,18.16
HP13,2024,-9.07,-6.94,0.22,16.33
HP14,2024,-3.18,-5.0,-0.54,5.33
HP15,2024,-6.99,-5.92,-0.21,12.51
HP16,2024,-3.06,-2.03,3.34,10.17
HP17,2024,-1.54,-1.74,3.64,5.92
HP18,2024,-0.3,2.27,4.13,5.81
HP19,2024,-8.09,-7.02,-1.12,13.01
HP2,2024,-10.04,-8.61,-1.68,14.44
HP20,2024,-7.24,-2.09,3.63,15.18
HP21,2024,-5.34,-3.0,3.95,13.84
HP22,2024,-4.55,-4.51,2.56,5.07
HP23,2024,-7.68,-7.32,-2.13,7.2
HP27,2024,-0.82,-1.65,4.22,7.11
HP3,2024,-6.86,-5.82,-0.77,10.63
HP4,2024,-3.51,-3.63,2.98,11.56
HP5,2024,-5.31,-2.28,1.01,10.44
HP6,2024,-3.88,-7.38,-1.57,9.88
HP7,2024,-6.06,-0.98,6.76,9.43
HP8,2024,-3.71,-2.25,4.6,9.61
HP9,2024,-2.51,0.25,-0.29,9.11
HR1,2024,-4.7,-1.31,6.7,8.96
HR2,2024,-4.23,-2.26,5.42,7.22
HR3,2024,-2.1,0.29,6.2,9.16
HR4,2024,-3.65,-1.07,5.52,10.82
HR5,2024,-5.24,0.04,1.25,5.85
HR6,2024,-4.85,-3.33,4.34,5.72
HR7,2024,-3.7,0.76,7.19,11.34
HR8,2024,-4.13,-1.02,2.3,5.72
HR9,2024,-3.44,-1.97,1.17,5.71
HU1,2024,10.84,14.92,7.73,5.21
HU10,2024,-6.39,-5.75,3.95,11.32
HU11,2024,-3.65,-2.63,4.28,8.19
HU12,2024,-4.28,-3.52,5.47,8.44
HU13,2024,-2.78,1.2,7.43,14.15
HU14,2024,-1.79,-3.71,3.36,16.53
HU15,2024,-4.19,-4.19,4.12,8.29
HU16,2024,-5.46,-1.45,2.67,13.21
HU17,2024,-2.45,-3.23,3.8,11.11
HU18,2024,-3.04,-0.45,10.48,15.5
HU19,2024,-10.14,-7.23,3.47,14.64
HU2,2024,-1.24,-1.51,7.38,4.5
HU20,2024,-5.67,-10.41,-2.71,5.34
HU3,2024,-4.05,-2.46,2.84,8.88
HU4,2024,-3.54,-0.25,7.05,12.59
HU5,2024,-4.17,-1.09,4.55,12.88
HU6,2024,-4.05,-2.51,6.39,7.37
HU7,2024,-3.18,1.08,7.99,14.92
HU8,2024,-3.68,-0.61,8.86,12.89
HU9,2024,-4.01,-2.0,6.47,11.3
HX1,2024,-5.3,-2.74,8.65,5.42
HX2,2024,-3.59,-0.19,7.98,8.58
HX3,2024,-3.44,-4.51,4.45,9.97
HX4,2024,-5.58,-0.21,1.53,8.64
HX5,2024,-6.76,-0.78,5.72,13.67
HX6,2024,-2.26,-2.78,5.11,7.78
HX7,2024,-4.17,-1.6,3.84,7.54
IG1,2024,-8.66,-11.23,-6.11,10.29
IG10,2024,-5.4,-4.58,0.44,10.95
IG11,2024,-7.57,-10.93,-8.59,10.28
IG2,2024,-7.22,-10.24,-4.33,14.29
IG3,2024,-7.59,-9.34,-3.81,16.59
IG4,2024,-6.0,-6.22,-6.05,13.94
IG5,2024,-7.04,-9.21,-4.43,15.81
IG6,2024,-7.6,-9.52,-6.83,7.36
IG7,2024,-3.89,-4.24,1.8,15.96
IG8,2024,-6.03,-6.86,-2.27,12.05
IG9,2024,-1.25,-2.38,0.12,11.93
IP1,2024,-5.3,-3.26,2.57,17.9
IP10,2024,-8.7,-7.45,-3.45,-1.03
IP11,2024,-7.78,-6.91,1.57,13.1
IP12,2024,-4.99,-3.62,1.73,7.21
IP13,2024,-3.83,-3.83,0.39,4.14
IP14,2024,-3.17,-2.06,1.83,8.16
IP15,2024,-3.53,-2.31,2.88,9.19
IP16,2024,-3.84,-6.87,6.77,7.69
IP17,2024,-4.96,-2.11,1.77,4.7
IP18,2024,-6.77,-9.01,0.26,9.96
IP19,2024,-3.77,-2.25,4.85,6.79
IP2,2024,-7.63,-4.46,3.55,16.88
IP20,2024,-5.88,-5.73,4.31,13.38
IP21,2024,-3.59,-5.05,-1.59,7.65
IP22,2024,-6.94,-4.06,-1.91,9.22
IP23,2024,-3.06,-4.76,-3.27,3.14
IP24,2024,-6.09,-1.89,4.0,14.78
IP25,2024,-6.72,-6.48,0.28,12.03
IP26,2024,-4.63,-6.68,2.78,6.17
IP27,2024,-8.84,-4.05,2.55,16.37
IP28,2024,-3.83,-2.69,1.98,7.14
IP29,2024,-1.88,-6.13,-2.03,6.12
IP3,2024,-7.07,-7.02,-0.17,16.16
IP30,2024,-4.88,-2.81,2.0,6.08
IP31,2024,-4.08,-6.61,-1.56,5.12
IP32,2024,-4.05,-5.54,-0.36,10.04
IP33,2024,-4.58,-6.9,-1.78,9.17
IP4,2024,-5.02,-5.02,1.24,13.41
IP5,2024,-7.13,-8.96,-3.72,10.77
IP6,2024,-3.28,-3.9,2.29,5.83
IP7,2024,-2.78,-1.34,-0.79,6.22
IP8,2024,-3.52,-6.44,-1.36,8.63
IP9,2024,-2.94,-4.0,0.31,5.45
KT1,2024,1.68,4.23,9.13,8.81
KT10,2024,-6.57,-3.9,3.28,6.36
KT11,2024,-2.29,-1.09,6.75,5.98
KT12,2024,-5.16,-3.11,3.68,10.54
KT13,2024,-4.87,-6.41,3.14,6.79
KT14,2024,-5.93,-7.51,-3.41,9.41
KT15,2024,-4.81,-7.59,0.65,11.48
KT16,2024,-3.01,-3.39,1.79,5.42
KT17,2024,-8.08,-8.43,-2.85,6.51
KT18,2024,-4.11,-4.09,1.89,10.85
KT19,2024,-5.59,-5.44,0.67,13.71
KT2,2024,-8.77,-5.45,-1.81,9.88
KT20,2024,-0.93,-2.67,1.6,7.28
KT21,2024,-6.74,-5.8,-1.21,7.04
KT22,2024,-2.23,-2.51,5.14,8.25
KT23,2024,-0.24,-0.67,6.41,6.52
KT24,2024,-3.25,-0.65,-0.81,3.48
KT3,2024,-4.9,-2.16,4.28,14.74
KT4,2024,-8.58,-5.0,0.44,13.84
KT40,2024,10.29,38.87,87.46,1394.41
KT5,2024,-8.38,-7.21,-1.04,7.03
KT6,2024,-2.73,-0.64,4.63,8.25
KT7,2024,-5.78,-5.21,0.7,6.08
KT8,2024,-0.4,-3.45,2.36,15.24
KT9,2024,-6.62,-3.97,1.51,17.86
KY6,2024,-11.22,-44.27,-59.39,-75.8
L1,2024,7.82,23.25,24.48,15.38
L10,2024,-3.23,3.09,11.37,17.76
L11,2024,-8.42,-2.73,10.19,13.53
L12,2024,-4.19,-4.19,3.25,11.57
L13,2024,-8.4,-2.21,10.62,17.58
L14,2024,-5.12,-1.33,8.7,14.88
L15,2024,-5.76,-4.65,11.05,21.84
L16,2024,-9.28,-7.85,1.88,15.58
L17,2024,-6.9,-6.24,10.13,22.2
L18,2024,-9.57,-6.1,1.25,14.91
L19,2024,-8.28,-6.51,5.33,11.03
L2,2024,9.09,25.19,28.54,-11.05
L20,2024,-6.2,3.86,11.28,9.6
L21,2024,-6.44,-1.48,9.22,10.71
L22,2024,-8.64,-3.82,5.34,18.3
L23,2024,-8.38,-5.78,4.57,13.18
L24,2024,-5.33,1.69,16.5,14.29
L25,2024,-9.0,-6.11,3.13,13.44
L26,2024,-8.43,-3.63,6.35,12.08
L27,2024,-2.97,0.46,17.93,9.37
L28,2024,-10.0,0.0,18.81,13.92
L29,2024,0.53,-16.67,-4.52,33.33
L3,2024,-1.01,7.29,4.39,4.8
L30,2024,-5.15,0.0,15.0,14.98
L31,2024,-5.0,-3.86,5.82,11.17
L32,2024,-5.08,2.12,10.65,6.89
L33,2024,-6.17,-0.45,11.58,9.61
L34,2024,-5.33,0.58,10.93,9.46
L35,2024,-6.14,0.43,9.22,12.86
L36,2024,-4.87,-0.7,11.65,12.34
L37,2024,-3.91,-1.37,1.73,13.46
L38,2024,-1.11,2.81,8.74,13.09
L39,2024,-5.85,-0.4,9.55,9.8
L4,2024,-5.55,-1.1,13.93,20.81
L40,2024,-3.26,-4.05,0.84,7.44
L41,2024,-0.29,-0.85,-0.48,0.29
L42,2024,2.94,9.36,16.63,1.26
L43,2024,-1.06,-3.11,-5.09,-9.68
L44,2024,5.06,3.6,-0.64,-4.59
L45,2024,1.72,5.36,9.26,4.12
L46,2024,0.33,0.99,1.66,3.38
L47,2024,-0.76,-2.25,-3.69,-5.05
L48,2024,-3.02,-8.56,-13.49,-23.78
L5,2024,-3.46,-1.53,7.24,6.57
L6,2024,-3.48,-0.57,9.93,21.87
L60,2024,-6.9,-18.2,-27.05,-42.58
L61,2024,-1.04,-3.05,-4.99,-9.5
L62,2024,-1.17,-3.44,-5.6,-10.61
L64,2024,-1.91,-5.53,-8.89,-16.32
L65,2024,-5.19,-14.1,-21.48,-35.37
L66,2024,-12.09,-29.2,-40.74,-57.89
L69,2024,16.29,72.48,233.72,2574.36
L7,2024,-8.82,-9.58,0.13,11.98
L75,2024,2.27,7.13,12.48,-8.91
L8,2024,-5.16,1.28,4.01,9.51
L9,2024,-6.81,-6.53,10.78,14.37
LA1,2024,-5.87,-1.94,7.55,10.79
LA10,2024,-1.41,-1.09,4.48,5.04
LA11,2024,-5.05,-4.33,4.34,7.24
LA12,2024,-2.56,-3.61,3.64,6.24
LA13,2024,-3.53,-2.29,1.53,10.97
LA14,2024,-2.54,-0.95,4.67,10.75
LA15,2024,0.23,0.23,2.3,9.88
LA16,2024,2.69,6.11,3.8,8.37
LA17,2024,-1.03,-0.85,3.0,3.03
LA18,2024,-2.37,-3.45,4.02,8.95
LA19,2024,-4.94,-2.47,-7.18,0.84
LA2,2024,-2.67,0.4,9.91,5.92
LA20,2024,-4.83,-3.82,-0.55,6.78
LA21,2024,0.16,0.04,-1.63,0.36
LA22,2024,-2.84,-1.34,2.84,7.02
LA23,2024,-2.77,-2.55,2.44,6.24
LA3,2024,-4.5,-2.82,9.35,11.88
LA4,2024,-4.26,-1.44,6.9,8.7
LA5,2024,-6.2,-4.03,4.17,6.89
LA6,2024,-3.21,-0.7,8.76,6.25
LA7,2024,-4.29,0.1,8.1,8.82
LA8,2024,-1.5,-2.22,4.29,4.6
LA9,2024,-3.44,2.03,5.78,12.71
LD1,2024,-5.53,-2.25,10.23,5.77
LD2,2024,-1.54,-0.18,9.31,2.57
LD3,2024,-2.56,-0.7,3.3,6.28
LD4,2024,-1.97,-0.05,1.53,7.31
LD5,2024,-7.36,-17.09,-1.78,8.17
LD6,2024,-9.3,-7.14,-1.52,11.43
LD7,2024,-3.47,-0.33,9.12,7.94
LD8,2024,-4.96,-0.35,2.16,1.81
LE1,2024,-2.31,4.4,6.7,2.67
LE10,2024,-9.45,-7.63,2.22,22.34
LE11,2024,-5.99,1.3,9.53,20.54
LE12,2024,-4.26,-2.33,4.2,9.43
LE13,2024,-9.29,-7.71,-0.44,15.64
LE14,2024,-4.29,-2.37,2.84,7.31
LE15,2024,-4.93,-5.1,2.6,10.82
LE16,2024,-5.92,-2.61,3.12,15.25
LE17,2024,-2.82,-3.17,3.43,5.5
LE18,2024,-7.45,-4.5,5.07,24.29
LE19,2024,-6.37,-5.62,0.5,11.29
LE2,2024,-6.86,-5.35,2.71,17.65
LE3,2024,-10.21,-6.93,5.65,21.14
LE4,2024,-8.97,-6.72,3.87,20.55
LE5,2024,-8.55,-7.36,3.26,18.89
LE6,2024,-7.83,-4.27,3.42,10.04
LE65,2024,-3.81,2.42,7.63,13.56
LE67,2024,-5.85,-0.76,9.28,17.13
LE7,2024,-7.02,-3.11,5.72,12.57
LE8,2024,-5.07,-3.09,6.37,13.14
LE9,2024,-5.41,-2.91,8.53,13.04
LL1,2024,-14.98,-34.58,-27.95,-3.54
LL11,2024,-4.26,-1.84,6.84,7.74
LL12,2024,-4.48,-3.07,7.55,9.92
LL13,2024,-2.07,0.6,5.66,7.47
LL14,2024,-3.17,-3.01,6.9,9.75
LL15,2024,-3.84,-6.35,6.6,5.86
LL16,2024,-2.47,-4.05,5.41,4.4
LL17,2024,-2.01,-5.45,4.0,8.12
LL18,2024,-6.46,-1.16,8.19,13.38
LL19,2024,-6.52,-1.63,7.84,12.0
LL20,2024,-4.83,1.11,8.0,3.71
LL21,2024,-2.75,-2.49,2.89,6.23
LL22,2024,-7.13,-0.43,10.1,14.61
LL23,2024,-0.2,6.46,8.06,-0.49
LL24,2024,1.18,4.43,11.12,13.94
LL25,2024,-5.11,-6.89,3.5,3.95
LL26,2024,-8.4,-7.69,-2.57,0.84
LL27,2024,-9.31,-3.16,7.43,16.36
LL28,2024,-3.79,-5.93,6.63,12.14
LL29,2024,-5.22,-2.97,6.9,8.71
LL30,2024,-1.87,0.03,7.54,15.38
LL31,2024,-8.54,-6.01,7.65,15.88
LL32,2024,-2.09,-1.84,11.56,15.14
LL33,2024,-7.77,-5.24,12.59,15.44
LL34,2024,-3.65,-5.6,2.53,12.67
LL35,2024,-6.72,-9.23,7.85,10.06
LL36,2024,-2.8,-2.94,4.48,7.12
LL37,2024,-8.83,-7.21,23.02,6.22
LL38,2024,-11.15,0.93,5.66,18.31
LL39,2024,-4.17,-13.62,-2.55,2.29
LL40,2024,-2.54,1.54,4.05,4.42
LL41,2024,-4.86,-3.08,4.06,5.19
LL42,2024,-4.35,-3.18,1.54,3.94
LL43,2024,1.18,0.03,9.62,19.52
LL44,2024,-4.58,-7.88,4.28,15.64
LL45,2024,-7.11,-1.18,-6.24,-0.23
LL46,2024,-2.54,-8.16,7.14,13.16
LL47,2024,0.31,-12.67,-13.88,-7.22
LL48,2024,0.34,4.01,10.22,13.75
LL49,2024,-5.76,1.41,4.43,5.97
LL51,2024,-2.01,-9.12,5.27,2.93
LL52,2024,-8.43,-6.87,3.14,7.04
LL53,2024,-3.88,-4.59,5.14,6.95
LL54,2024,-2.84,-3.85,0.66,2.36
LL55,2024,-4.3,-3.16,2.89,3.79
LL56,2024,-8.32,7.42,10.71,5.08
LL57,2024,-1.46,1.47,8.35,5.89
LL58,2024,-5.94,-4.8,4.89,8.25
LL59,2024,-6.74,-5.88,4.58,8.3
LL60,2024,-5.89,-1.19,6.82,4.48
LL61,2024,-1.02,1.28,5.58,8.33
LL62,2024,-4.21,-2.95,-3.47,7.43
LL63,2024,-2.98,-2.44,-0.85,7.07
LL64,2024,-3.47,1.27,14.11,16.11
LL65,2024,-4.1,-3.27,5.42,8.08
LL66,2024,-4.92,-4.66,-4.39,5.46
LL67,2024,-5.64,-4.35,-1.02,8.4
LL68,2024,-1.75,-4.71,0.58,11.53
LL69,2024,7.22,15.03,22.39,15.94
LL70,2024,7.04,27.5,28.55,17.19
LL71,2024,-1.8,-3.37,12.33,9.63
LL72,2024,1.71,-5.99,8.23,8.62
LL73,2024,8.99,8.35,-4.63,-8.32
LL74,2024,-6.96,-12.5,11.36,13.09
LL75,2024,5.65,-2.08,7.84,11.32
LL76,2024,-8.2,-18.02,6.33,1.41
LL77,2024,-2.69,-2.03,6.48,7.52
LL78,2024,-4.03,-13.46,4.71,3.54
LN1,2024,-4.59,-5.05,-0.83,12.66
LN10,2024,-6.42,-7.62,-0.22,20.32
LN11,2024,-3.81,-3.11,3.84,11.65
LN12,2024,-6.42,-2.39,8.85,19.64
LN13,2024,-6.06,-7.9,2.27,8.28
LN2,2024,-3.35,-1.65,5.27,13.23
LN3,2024,-5.08,-1.89,5.87,10.69
LN4,2024,-5.61,-5.38,2.16,9.54
LN5,2024,-6.69,-2.5,3.64,15.16
LN6,2024,-6.79,-5.62,3.12,15.26
LN7,2024,-5.07,-6.33,-5.43,11.09
LN8,2024,-7.12,-7.17,1.77,9.74
LN9,2024,-4.88,-3.56,0.47,6.97
LR24,2024,13.32,54.46,142.51,2448.88
LS1,2024,2.06,26.5,32.46,23.38
LS10,2024,-7.06,-2.17,6.3,14.41
LS11,2024,-6.8,-1.27,10.69,17.68
LS12,2024,-6.44,-1.23,8.52,12.59
LS13,2024,-7.51,-3.25,7.12,19.61
LS14,2024,-7.01,-1.75,8.92,11.8
LS15,2024,-7.37,-5.17,3.77,13.7
LS16,2024,-5.97,-5.95,0.76,12.69
LS17,2024,-5.95,-4.29,6.62,17.36
LS18,2024,-5.61,-4.9,3.04,14.0
LS19,2024,-6.02,-4.27,5.18,12.58
LS2,2024,7.47,34.21,24.17,15.3
LS20,2024,-3.67,-7.73,-1.2,8.0
LS21,2024,-4.29,-6.77,1.75,12.3
LS22,2024,-7.62,-4.03,2.39,5.87
LS23,2024,-3.5,-7.58,-1.16,7.02
LS24,2024,-2.82,-0.7,0.81,7.89
LS25,2024,-4.18,-1.18,5.93,10.28
LS26,2024,-4.91,-4.11,6.01,14.59
LS27,2024,-5.61,-3.08,8.58,14.66
LS28,2024,-5.39,-2.83,5.23,17.78
LS29,2024,-5.48,-5.76,-0.34,8.51
LS3,2024,-14.18,-23.48,-9.01,16.93
LS4,2024,-11.44,-4.2,4.74,19.68
LS5,2024,-12.39,-7.56,1.18,17.88
LS6,2024,-7.56,-7.56,2.71,20.34
LS7,2024,-7.26,-2.76,5.1,16.39
LS8,2024,-5.58,-3.15,7.36,20.58
LS9,2024,-7.76,-2.24,6.26,15.37
LU1,2024,-9.57,-7.93,-2.02,17.14
LU2,2024,-11.01,-8.13,-2.47,22.48
LU3,2024,-10.21,-7.61,-1.92,23.49
LU4,2024,-11.16,-8.35,-3.83,24.84
LU5,2024,-8.53,-4.94,0.88,20.0
LU6,2024,-8.28,-2.49,1.87,16.02
LU7,2024,-6.51,-2.32,1.73,14.19
M1,2024,16.85,32.06,39.14,19.97
M11,2024,-3.96,-3.33,2.76,7.22
M12,2024,-3.24,-1.98,8.29,12.95
M13,2024,-5.24,-7.18,-0.55,13.24
M14,2024,-6.11,-3.57,2.2,16.69
M15,2024,-6.14,-3.09,0.52,12.82
M16,2024,-5.68,-6.74,-2.48,10.63
M17,2024,-2.26,8.46,13.8,1.98
M18,2024,-7.82,-7.12,6.82,23.21
M19,2024,-9.48,-6.55,4.44,19.16
M2,2024,5.63,-2.0,-4.66,-0.85
M20,2024,-8.48,-4.82,4.96,16.39
M21,2024,-6.63,-5.93,1.3,15.07
M22,2024,-6.78,-5.42,4.82,13.82
M23,2024,-10.71,-6.66,6.23,16.07
M24,2024,-7.21,0.48,16.45,17.19
M25,2024,-9.76,-9.7,0.24,19.91
M26,2024,-7.76,-3.8,6.23,16.45
M27,2024,-9.48,-6.64,8.21,21.63
M28,2024,-7.46,-3.11,5.95,21.32
M29,2024,-7.9,-1.41,10.19,17.83
M3,2024,-2.13,2.93,5.21,14.65
M30,2024,-7.82,-3.76,7.96,20.68
M31,2024,-4.04,2.92,11.06,18.75
M32,2024,-10.51,-9.58,1.27,21.21
M33,2024,-10.01,-7.86,-0.77,19.15
M34,2024,-7.69,-2.21,6.57,16.67
M35,2024,-4.62,0.0,13.79,21.55
M38,2024,-12.11,-4.17,11.42,25.85
M4,2024,-4.14,-2.53,4.89,18.41
M40,2024,-6.19,-1.95,11.01,12.44
M41,2024,-11.27,-9.27,-0.53,19.25
M43,2024,-8.0,-0.52,13.69,16.41
M44,2024,-11.08,-3.65,4.9,17.06
M45,2024,-8.55,-3.06,8.87,17.36
M46,2024,-4.2,1.8,12.65,16.36
M5,2024,-4.33,-3.8,2.52,12.75
M50,2024,-6.46,-3.04,5.52,6.0
M6,2024,-7.6,-3.85,6.69,20.21
M60,2024,-19.8,-42.55,-29.09,32.77
M7,2024,-8.7,-3.84,0.21,9.86
M8,2024,-8.33,-5.71,5.17,13.15
M9,2024,-7.88,-3.82,8.37,12.3
M90,2024,29.3,37.46,114.13,32.23
M99,2024,-17.03,-38.12,-50.66,-59.4
ME1,2024,-6.39,-3.57,0.3,13.61
ME10,2024,-7.38,-4.56,1.07,17.18
ME11,2024,-10.96,-11.48,-1.44,16.32
ME12,2024,-10.05,-6.65,0.32,15.01
ME13,2024,-3.28,-2.59,-0.69,7.95
ME14,2024,-5.11,-4.44,0.34,10.82
ME15,2024,-7.43,-6.44,1.11,12.33
ME16,2024,-8.1,-5.12,2.15,16.55
ME17,2024,-1.0,0.07,0.99,8.61
ME18,2024,-4.89,-11.72,-5.34,6.19
ME19,2024,-5.48,-2.51,1.6,12.35
ME2,2024,-8.01,-5.44,0.51,17.99
ME20,2024,-6.57,-5.91,0.51,11.9
ME3,2024,-6.19,-4.77,-0.24,11.24
ME4,2024,-9.8,-2.5,3.37,14.17
ME5,2024,-8.8,-5.7,0.59,20.71
ME6,2024,-5.33,-4.37,-2.29,16.17
ME7,2024,-8.12,-3.48,2.09,22.05
ME8,2024,-7.77,-5.5,0.46,13.89
ME9,2024,-4.04,-0.12,4.74,6.4
MK1,2024,-15.85,-24.43,4.88,36.99
MK10,2024,-2.09,1.65,4.3,13.33
MK11,2024,-4.29,-3.04,0.86,8.25
MK12,2024,-7.99,-3.18,3.34,22.56
MK13,2024,-6.65,-3.83,2.5,12.51
MK14,2024,-6.73,-1.89,4.0,12.33
MK15,2024,-0.45,5.06,12.12,18.4
MK16,2024,-5.65,-7.7,-0.84,11.94
MK17,2024,-3.64,-4.41,1.36,4.77
MK18,2024,-5.02,-3.37,0.69,5.68
MK19,2024,-5.48,-4.42,-1.37,8.02
MK2,2024,-6.3,-3.18,1.23,13.44
MK3,2024,-6.04,-3.51,2.61,12.64
MK4,2024,-6.91,-4.25,2.13,13.88
MK40,2024,-1.64,2.94,5.39,13.94
MK41,2024,-7.26,-6.34,-0.4,15.45
MK42,2024,-5.84,-2.63,2.78,14.03
MK43,2024,-5.45,-5.87,-0.34,8.72
MK44,2024,-4.22,-5.12,-0.04,5.22
MK45,2024,-6.96,-4.75,-0.09,9.57
MK46,2024,-8.39,-8.34,-1.19,10.39
MK5,2024,-6.36,-7.42,-3.83,8.16
MK6,2024,-6.55,-8.6,-4.39,5.48
MK7,2024,-5.7,-8.98,-3.04,6.97
MK8,2024,-3.97,-2.7,-3.28,11.8
MK9,2024,-1.55,2.74,5.7,16.22
N1,2024,-0.9,1.64,4.23,3.23
N10,2024,-0.8,1.1,6.21,11.43
N11,2024,-4.85,-5.1,1.0,7.27
N12,2024,-1.02,-5.32,-4.63,2.69
N13,2024,-7.1,-8.06,-3.72,6.18
N14,2024,-4.89,-5.79,-3.08,6.53
N15,2024,-5.95,-9.5,-3.23,8.0
N16,2024,-1.09,4.09,3.97,4.9
N17,2024,-6.33,-8.27,-5.96,8.82
N18,2024,-6.24,-8.97,-4.54,8.99
N19,2024,-0.71,8.08,12.05,9.04
N1C,2024,1.57,22.51,12.75,-0.97
N2,2024,-1.67,-3.41,6.24,6.65
N20,2024,-1.11,-2.02,6.68,10.91
N21,2024,-5.21,-7.39,-1.84,8.03
N22,2024,-2.46,-5.27,0.02,11.53
N3,2024,-1.81,-2.14,-1.48,5.27
N4,2024,-4.46,0.76,5.21,7.07
N5,2024,-1.74,3.5,10.59,6.29
N6,2024,3.29,3.55,10.01,15.7
N7,2024,-4.91,-1.62,0.33,4.23
N8,2024,-2.52,3.01,3.35,7.27
N9,2024,-6.88,-9.71,-7.13,11.46
NE1,2024,3.72,10.58,15.73,24.42
NE10,2024,-1.71,3.69,8.55,8.8
NE11,2024,-4.55,2.98,7.72,12.54
NE12,2024,-5.37,-1.49,6.13,7.53
NE13,2024,-0.21,3.24,8.17,6.51
NE15,2024,-3.62,0.12,5.61,7.34
NE16,2024,-1.9,-0.97,5.77,8.28
NE17,2024,-3.05,-3.82,8.81,15.09
NE18,2024,-12.09,-6.89,6.23,-8.79
NE19,2024,-6.06,-3.52,-0.36,3.3
NE2,2024,0.5,-2.42,-1.79,6.16
NE20,2024,-2.63,-4.52,5.47,6.64
NE21,2024,-2.11,4.02,7.67,6.35
NE22,2024,-1.44,6.04,8.79,6.04
NE23,2024,-2.0,2.08,7.62,5.23
NE24,2024,-1.86,-0.51,6.29,4.38
NE25,2024,-4.19,-4.68,4.89,15.18
NE26,2024,-6.66,-4.51,2.76,18.21
NE27,2024,-2.34,8.44,15.17,7.57
NE28,2024,-2.44,0.37,9.14,10.09
NE29,2024,-6.3,-0.33,7.96,8.97
NE3,2024,-4.44,-0.87,8.79,12.84
NE30,2024,-6.36,-5.34,2.05,13.85
NE31,2024,-2.67,-4.03,2.38,5.99
NE32,2024,-1.84,0.83,5.07,5.07
NE33,2024,-0.36,2.99,12.0,1.82
NE34,2024,-2.35,1.36,10.17,9.89
NE35,2024,3.19,2.81,4.66,8.58
NE36,2024,-9.04,-2.84,3.02,7.41
NE37,2024,-4.33,-1.03,5.0,5.24
NE38,2024,-2.68,3.36,5.58,7.4
NE39,2024,-3.38,-6.79,5.27,8.72
NE4,2024,-3.11,0.17,5.88,5.51
NE40,2024,-1.24,-3.57,-0.99,3.92
NE41,2024,-7.41,2.73,10.36,5.91
NE42,2024,-3.5,-1.06,6.92,1.72
NE43,2024,-0.7,-0.63,3.75,4.28
NE44,2024,-1.38,6.55,2.0,1.69
NE45,2024,-4.79,3.25,2.03,3.45
NE46,2024,-1.83,0.23,2.26,6.47
NE47,2024,-1.96,-0.37,6.06,4.58
NE48,2024,0.17,-4.41,6.93,6.58
NE49,2024,-0.66,2.0,4.7,-0.19
NE5,2024,-2.11,2.1,10.13,7.62
NE6,2024,-3.27,1.55,10.5,11.1
NE61,2024,-0.84,0.45,6.08,8.87
NE62,2024,-7.94,-6.16,4.64,5.5
NE63,2024,0.02,7.41,15.46,11.42
NE64,2024,0.6,4.5,17.49,10.97
NE65,2024,-4.35,-1.41,4.09,2.98
NE66,2024,-3.79,-2.93,2.52,5.23
NE67,2024,-5.49,-7.68,0.06,5.11
NE68,2024,-7.81,-11.7,13.02,3.05
NE69,2024,-3.02,-11.05,22.61,15.13
NE7,2024,-6.63,-4.0,-2.19,12.88
NE70,2024,-0.83,0.63,17.73,7.77
NE71,2024,1.74,6.85,6.07,5.03
NE8,2024,-2.04,4.24,11.41,9.09
NE9,2024,-0.86,3.61,7.46,5.4
NG1,2024,-0.66,6.13,4.9,10.14
NG10,2024,-8.73,-2.87,5.87,20.27
NG11,2024,-8.09,-2.25,7.43,17.52
NG12,2024,-5.99,-4.1,2.18,9.54
NG13,2024,-4.86,-5.45,0.0,5.91
NG14,2024,-7.37,-6.36,0.13,8.7
NG15,2024,-7.36,-5.33,8.08,17.45
NG16,2024,-6.41,-2.7,5.88,18.19
NG17,2024,-7.5,-1.99,7.64,16.8
NG18,2024,-5.23,-0.88,7.55,13.85
NG19,2024,-6.75,-1.13,8.85,16.14
NG2,2024,-6.58,-3.33,3.44,16.88
NG20,2024,-6.54,-1.15,7.09,9.01
NG21,2024,-3.7,1.07,13.66,14.05
NG22,2024,-5.48,-4.43,2.68,6.24
NG23,2024,-2.81,-2.05,5.78,6.52
NG24,2024,-4.95,-1.0,3.81,13.58
NG25,2024,-6.31,-9.02,-1.09,5.52
NG3,2024,-7.28,-5.22,9.0,18.48
NG31,2024,-6.65,-1.95,7.95,18.32
NG32,2024,-4.8,-8.5,-2.71,3.7
NG33,2024,-0.75,-6.09,1.86,6.43
NG34,2024,-7.19,-4.82,1.15,11.16
NG4,2024,-8.78,-2.86,6.86,22.22
NG5,2024,-8.15,-2.16,9.75,20.92
NG6,2024,-8.46,-0.77,12.11,23.41
NG7,2024,-5.68,-0.51,4.12,12.53
NG8,2024,-6.9,1.82,15.32,19.85
NG80,2024,-7.11,-18.67,-27.68,-4.11
NG9,2024,-8.66,-5.01,5.24,21.82
NG90,2024,-49.57,-74.68,-83.09,-87.83
NN1,2024,-6.67,-0.83,9.05,17.71
NN10,2024,-9.17,-4.62,2.12,21.23
NN11,2024,-5.95,-3.07,2.41,13.77
NN12,2024,-5.31,-0.58,1.71,7.33
NN13,2024,-2.75,-1.06,4.31,8.88
NN14,2024,-6.24,-5.35,1.62,13.03
NN15,2024,-8.89,-7.07,1.01,16.63
NN16,2024,-4.44,-2.78,6.06,18.19
NN17,2024,-9.15,-5.46,5.22,19.42
NN18,2024,-10.86,-4.05,7.87,21.1
NN2,2024,-6.52,-4.44,4.37,17.81
NN29,2024,-9.43,-4.03,1.53,17.78
NN3,2024,-8.11,-3.94,3.38,19.76
NN4,2024,-5.82,-5.59,-0.54,17.51
NN5,2024,-8.75,-6.51,0.46,20.16
NN6,2024,-1.94,-4.47,1.75,5.22
NN7,2024,-1.91,0.4,3.73,9.55
NN8,2024,-8.05,-5.95,-0.36,18.26
NN9,2024,-8.0,-4.17,5.14,20.26
NP1,2024,-2.95,2.12,15.41,16.48
NP10,2024,-6.78,0.0,9.05,11.11
NP11,2024,-6.85,-1.09,7.94,16.24
NP12,2024,-5.88,-5.28,5.47,12.45
NP13,2024,-5.76,-5.26,9.2,12.82
NP15,2024,-1.22,-4.91,0.24,5.18
NP16,2024,-2.65,-0.64,2.33,10.89
NP18,2024,-6.97,-5.36,1.1,12.26
NP19,2024,-7.2,-3.02,6.74,18.93
NP2,2024,-0.81,-2.41,-3.95,-5.59
NP20,2024,-3.8,-2.32,6.5,17.57
NP22,2024,-8.12,-1.59,15.09,12.72
NP23,2024,-5.46,2.34,12.41,13.65
NP24,2024,-7.2,-1.01,8.89,14.97
NP25,2024,-6.85,-4.11,-0.17,5.83
NP26,2024,-7.06,-4.56,-0.18,10.04
NP3,2024,-1.88,11.3,13.01,1.96
NP4,2024,-6.36,-1.86,7.23,10.11
NP44,2024,-7.84,-2.81,8.68,14.77
NP5,2024,2.35,7.41,14.74,17.86
NP6,2024,0.06,0.19,0.31,-0.73
NP7,2024,-3.27,-3.04,3.9,8.81
NP8,2024,-6.65,3.84,15.03,14.46
NP9,2024,1.1,3.38,5.76,-1.08
NR1,2024,-5.33,-2.9,5.2,14.5
NR10,2024,-4.61,-2.56,2.19,8.15
NR11,2024,-5.53,-8.09,1.26,7.29
NR12,2024,-6.31,-5.28,0.27,10.35
NR13,2024,-3.82,-3.08,0.47,5.88
NR14,2024,-4.37,-6.1,0.92,6.61
NR15,2024,-4.3,-4.48,1.59,6.79
NR16,2024,-3.15,-5.37,1.05,3.8
NR17,2024,-8.05,-5.93,1.51,9.43
NR18,2024,-5.07,-2.56,1.46,5.84
NR19,2024,-7.5,-4.16,2.38,12.8
NR2,2024,-6.31,-1.89,4.0,17.55
NR20,2024,-3.61,-8.69,-1.68,8.13
NR21,2024,-5.19,-2.86,2.64,9.9
NR22,2024,-3.49,-3.1,4.18,7.84
NR23,2024,-3.78,1.33,0.03,4.94
NR24,2024,-6.86,-9.68,-3.98,4.91
NR25,2024,-2.71,-1.98,1.26,6.2
NR26,2024,-5.15,-5.66,0.12,19.71
NR27,2024,-9.84,-10.03,0.73,17.4
NR28,2024,-7.86,-5.51,-0.01,10.4
NR29,2024,-7.1,-4.91,3.28,10.53
NR3,2024,-7.2,-4.18,3.29,15.49
NR30,2024,-5.88,-0.4,5.96,14.8
NR31,2024,-7.38,-4.39,4.57,15.25
NR32,2024,-6.55,-2.88,4.67,15.44
NR33,2024,-9.87,-5.65,6.14,21.48
NR34,2024,-5.0,-7.29,-0.94,9.53
NR35,2024,-7.94,-4.57,1.68,8.65
NR4,2024,-5.04,-3.65,1.61,11.86
NR5,2024,-8.56,-7.88,-4.3,12.4
NR6,2024,-8.12,-3.43,1.01,15.24
NR7,2024,-7.15,-3.85,4.3,14.82
NR8,2024,-6.46,-6.35,1.2,13.36
NR9,2024,-3.37,-1.09,3.7,4.61
NW1,2024,1.0,2.38,5.23,4.14
NW10,2024,-2.73,-3.31,1.99,6.7
NW11,2024,-3.87,-4.39,0.86,5.8
NW2,2024,-2.32,1.3,2.59,8.01
NW3,2024,1.21,6.26,7.04,8.89
NW4,2024,-3.78,-3.23,-2.95,5.5
NW5,2024,-2.91,4.92,3.75,2.59
NW6,2024,1.19,1.09,4.78,7.79
NW7,2024,-2.23,-4.59,2.29,5.53
NW8,2024,3.86,9.78,11.3,14.51
NW9,2024,-3.03,-3.03,-1.94,5.15
OL1,2024,-3.71,-1.86,5.34,6.66
OL10,2024,-6.67,-1.46,10.66,13.58
OL11,2024,-5.61,-0.52,12.16,12.24
OL12,2024,-3.0,-1.91,12.03,12.5
OL13,2024,-5.25,-3.32,7.48,9.81
OL14,2024,-1.96,1.49,12.01,9.99
OL15,2024,-3.59,-3.88,11.7,12.54
OL16,2024,-3.91,2.96,13.49,9.23
OL2,2024,-6.52,-3.34,8.29,12.34
OL3,2024,-3.96,0.58,8.42,9.84
OL4,2024,-3.6,-0.53,12.35,14.38
OL5,2024,-7.05,2.09,11.64,11.36
OL6,2024,-6.08,-1.34,9.09,12.58
OL7,2024,-6.5,-4.59,4.47,14.76
OL8,2024,-5.11,-0.27,10.8,14.81
OL9,2024,-6.24,-5.51,12.94,15.88
OX1,2024,-6.0,-1.83,6.5,9.16
OX10,2024,-4.77,-4.52,1.18,5.15
OX11,2024,-2.6,1.84,6.71,8.3
OX12,2024,-2.99,0.01,4.58,5.15
OX13,2024,-2.52,-2.21,4.56,4.42
OX14,2024,-5.06,-4.44,1.53,7.18
OX15,2024,-3.88,-3.78,2.54,5.47
OX16,2024,-4.55,0.28,3.85,9.33
OX17,2024,-3.31,-0.3,7.51,8.25
OX18,2024,-2.57,-0.06,3.93,5.83
OX2,2024,-3.63,-0.05,3.28,6.36
OX20,2024,-2.11,1.6,3.14,12.4
OX25,2024,1.04,5.7,8.61,7.11
OX26,2024,-6.36,-1.43,0.9,8.59
OX27,2024,-3.93,1.28,4.73,4.12
OX28,2024,-3.85,-2.34,2.68,6.59
OX29,2024,-0.89,-2.54,6.35,4.47
OX3,2024,-4.94,-3.27,2.1,9.54
OX33,2024,-3.38,0.0,4.42,5.36
OX39,2024,-0.46,4.94,7.89,4.21
OX4,2024,-4.29,-3.58,1.35,12.89
OX44,2024,0.07,5.79,8.83,6.56
OX49,2024,-2.81,-6.5,1.68,3.46
OX5,2024,-4.64,-3.45,0.05,6.33
OX6,2024,-1.84,-5.32,-8.56,-15.77
OX7,2024,-3.71,-3.32,4.82,7.65
OX8,2024,-6.87,-5.33,-3.74,0.48
OX9,2024,-5.04,-5.7,-4.21,10.34
PE1,2024,-7.51,-4.7,1.47,14.26
PE10,2024,-6.3,-4.23,1.87,12.7
PE11,2024,-5.88,-4.75,2.67,11.36
PE12,2024,-5.78,-6.38,1.62,13.87
PE13,2024,-6.93,-5.42,2.25,14.65
PE14,2024,-5.88,-6.71,1.18,11.72
PE15,2024,-8.68,-6.98,-0.9,14.29
PE16,2024,-7.13,-3.44,2.68,16.94
PE17,2024,0.59,1.8,3.04,1.13
PE18,2024,0.47,1.43,2.4,4.92
PE19,2024,-7.97,-5.05,0.44,11.81
PE2,2024,-8.68,-3.77,2.25,20.29
PE20,2024,-5.27,-1.72,3.88,7.44
PE21,2024,-3.12,-0.48,3.52,11.83
PE22,2024,-3.72,-3.83,1.39,6.21
PE23,2024,-3.14,-0.91,7.64,12.24
PE24,2024,-6.49,-3.01,6.63,10.51
PE25,2024,-8.7,-7.25,3.23,11.11
PE26,2024,-4.53,-6.56,-2.41,14.31
PE27,2024,-4.59,-4.94,-1.36,11.21
PE28,2024,-4.57,-1.92,2.94,7.85
PE29,2024,-6.57,-1.69,0.74,14.46
PE3,2024,-5.74,-2.12,4.54,14.25
PE30,2024,-6.09,-1.71,5.51,15.28
PE31,2024,-5.61,-4.85,1.55,11.43
PE32,2024,-7.84,-2.64,0.97,6.48
PE33,2024,-5.09,-4.93,5.63,10.04
PE34,2024,-3.86,-3.54,0.23,11.67
PE36,2024,-4.67,-7.65,1.63,10.53
PE37,2024,-5.76,-4.67,-2.4,6.4
PE38,2024,-9.45,-4.71,-2.08,12.43
PE4,2024,-7.04,-5.56,2.5,16.67
PE5,2024,-6.06,3.33,15.53,11.69
PE6,2024,-5.06,-2.88,-0.73,10.95
PE7,2024,-6.11,-3.41,0.98,13.21
PE8,2024,-2.13,-4.29,1.16,7.98
PE9,2024,-7.5,-3.27,4.82,12.22
PL1,2024,-2.79,-3.09,2.48,6.02
PL10,2024,0.0,-2.52,-0.09,3.99
PL11,2024,-0.18,-2.12,12.74,13.01
PL12,2024,-2.72,-1.76,6.6,9.25
PL13,2024,-6.93,-8.83,8.19,11.87
PL14,2024,-4.71,-3.97,4.37,7.26
PL15,2024,-3.36,-6.69,2.91,11.23
PL16,2024,-2.19,-2.19,9.05,19.97
PL17,2024,-4.39,-4.58,-0.28,6.03
PL18,2024,-5.09,-6.28,0.81,5.78
PL19,2024,-4.93,-5.12,4.99,8.1
PL2,2024,-4.48,-0.97,8.65,13.4
PL20,2024,-6.55,-6.31,4.71,9.86
PL21,2024,-2.74,-2.1,7.3,5.79
PL22,2024,-4.04,-1.48,-0.14,7.12
PL23,2024,-2.67,-1.89,11.62,13.34
PL24,2024,-9.96,-2.45,6.7,7.64
PL25,2024,-6.09,-4.68,7.81,16.55
PL26,2024,-6.3,-0.87,4.86,9.07
PL27,2024,-0.53,-1.02,8.36,7.64
PL28,2024,-3.89,-8.42,2.16,6.88
PL29,2024,-6.06,-9.53,10.71,15.53
PL3,2024,-5.19,0.71,7.37,12.67
PL30,2024,-4.11,-2.55,0.35,4.87
PL31,2024,-3.41,-3.64,8.34,9.62
PL32,2024,-0.89,-2.01,4.32,3.43
PL33,2024,-4.38,-14.59,9.1,16.76
PL34,2024,-5.79,-4.43,2.56,4.45
PL35,2024,-8.54,-8.52,-7.83,7.79
PL4,2024,-5.05,-4.44,3.83,9.41
PL5,2024,-6.68,-0.32,8.73,14.81
PL6,2024,-1.7,5.95,11.86,16.36
PL7,2024,-5.36,0.07,6.73,15.03
PL8,2024,-2.69,-5.57,-2.44,-1.26
PL9,2024,-5.41,-1.27,4.14,8.96
PO1,2024,-10.43,-3.03,3.97,19.2
PO10,2024,-5.02,-4.43,2.77,7.61
PO11,2024,-6.75,-7.4,2.81,14.58
PO12,2024,-8.12,-5.03,3.08,18.05
PO13,2024,-6.91,-2.85,4.47,12.44
PO14,2024,-5.44,-1.69,2.01,14.27
PO15,2024,-5.22,-2.31,3.25,12.39
PO16,2024,-7.11,-3.33,1.47,16.0
PO17,2024,-1.16,-1.45,-0.72,9.02
PO18,2024,-4.24,-2.18,2.33,8.41
PO19,2024,-3.84,-2.63,2.07,7.48
PO2,2024,-11.3,-4.67,3.55,23.26
PO20,2024,-4.18,-2.85,4.02,10.17
PO21,2024,-6.55,-4.31,2.41,13.12
PO22,2024,-5.81,-4.65,0.53,10.78
PO3,2024,-9.33,-5.45,0.44,20.2
PO30,2024,-5.88,-2.78,4.35,10.09
PO31,2024,-5.81,-1.49,8.69,12.26
PO32,2024,-6.67,-3.56,7.93,13.51
PO33,2024,-7.54,-3.69,5.07,10.92
PO34,2024,-7.62,-5.24,6.62,7.28
PO35,2024,-7.46,1.34,8.42,16.78
PO36,2024,-5.77,-7.29,2.09,16.48
PO37,2024,-4.5,-6.6,2.59,14.92
PO38,2024,-5.55,-3.73,6.97,10.28
PO39,2024,-8.98,-5.97,3.5,8.44
PO4,2024,-8.9,-3.99,0.17,21.01
PO40,2024,-7.21,-3.29,4.59,13.19
PO41,2024,-6.2,-2.37,-4.53,9.93
PO5,2024,-3.46,-1.35,2.03,13.77
PO6,2024,-7.91,-4.33,3.17,18.5
PO7,2024,-5.77,-5.77,0.41,12.59
PO8,2024,-6.43,-6.43,0.0,12.67
PO9,2024,-5.28,-1.35,6.27,12.12
PR1,2024,-2.66,1.98,6.99,8.94
PR2,2024,-2.68,2.33,7.94,10.42
PR25,2024,-4.54,1.25,10.08,15.14
PR26,2024,-5.75,-2.7,3.01,10.36
PR3,2024,-1.85,0.2,4.94,4.16
PR4,2024,-2.52,0.94,7.62,7.67
PR5,2024,-4.28,-0.89,6.86,11.48
PR6,2024,-2.87,-0.57,7.15,9.46
PR7,2024,-6.34,0.39,9.71,11.63
PR8,2024,-7.12,-2.28,6.84,13.74
PR9,2024,-6.41,-2.41,4.29,15.51
RG1,2024,-4.59,-3.37,-2.22,14.13
RG10,2024,-3.82,0.95,3.67,6.27
RG11,2024,-2.5,-7.2,-11.52,-20.75
RG12,2024,-6.35,-0.18,4.4,13.88
RG13,2024,1.02,3.14,23.4,66.44
RG14,2024,-6.0,-4.08,-1.67,10.16
RG16,2024,-2.87,-8.13,-12.86,-22.78
RG17,2024,-3.05,-0.05,3.6,8.04
RG18,2024,-2.65,-3.54,-1.39,10.89
RG19,2024,-5.64,-3.75,3.22,8.8
RG2,2024,-6.08,-0.99,4.04,8.37
RG20,2024,-0.39,1.39,4.84,1.36
RG21,2024,-4.56,-2.48,0.96,11.45
RG22,2024,-4.88,-0.95,5.76,15.45
RG23,2024,-6.15,-0.67,1.45,5.88
RG24,2024,-6.32,-4.19,-0.22,12.42
RG25,2024,-6.99,-3.43,2.74,4.29
RG26,2024,-2.08,-2.08,1.08,5.86
RG27,2024,-2.33,-3.92,-0.37,5.36
RG28,2024,-3.17,-1.29,3.24,1.73
RG29,2024,-5.42,-2.4,4.92,6.31
RG3,2024,4.82,1.21,-2.16,-9.67
RG30,2024,-5.42,-1.79,2.47,17.04
RG31,2024,-4.72,-3.28,2.72,8.67
RG4,2024,-5.63,-4.22,1.95,10.37
RG40,2024,-2.27,-2.91,-0.36,9.21
RG41,2024,-4.96,-2.46,1.18,7.86
RG42,2024,-2.86,-0.87,2.71,5.18
RG45,2024,-4.1,-3.65,1.52,5.82
RG5,2024,-5.75,-4.09,0.61,11.22
RG6,2024,-7.54,-7.54,-2.22,12.52
RG7,2024,-4.29,-2.89,-0.48,5.33
RG8,2024,-3.05,-2.8,0.08,3.67
RG9,2024,-0.46,0.28,2.0,7.23
RH1,2024,-6.69,-3.78,2.39,14.3
RH10,2024,-4.94,-3.52,0.79,7.62
RH11,2024,-6.43,-2.36,1.75,11.54
RH12,2024,-3.91,-1.28,3.33,9.22
RH13,2024,-4.84,-3.69,1.23,7.53
RH14,2024,-3.83,-6.75,-0.09,4.55
RH15,2024,-5.44,-2.47,1.67,10.19
RH16,2024,-6.55,-2.95,0.71,8.89
RH17,2024,-3.32,-0.95,3.82,7.63
RH18,2024,2.23,-2.0,11.08,16.56
RH19,2024,-6.13,-4.82,0.7,9.7
RH2,2024,-3.58,-4.57,2.24,10.34
RH20,2024,-6.87,-3.52,3.58,9.34
RH3,2024,-0.16,-0.53,2.95,9.12
RH4,2024,-0.35,0.17,0.43,6.42
RH5,2024,-3.49,-4.48,0.09,4.59
RH6,2024,-5.84,-4.32,1.38,9.66
RH7,2024,-5.05,-4.05,5.24,9.67
RH8,2024,-2.61,-0.75,5.55,8.54
RH9,2024,-5.23,-4.49,-3.26,4.14
RM1,2024,-7.73,-6.96,0.55,20.66
RM10,2024,-11.88,-11.27,-6.11,21.75
RM11,2024,-7.89,-6.19,-1.09,17.81
RM12,2024,-9.96,-7.49,-0.9,21.14
RM13,2024,-10.17,-8.31,0.74,23.64
RM14,2024,-6.95,-7.15,-4.06,12.48
RM15,2024,-10.81,-10.26,-2.68,23.02
RM16,2024,-10.25,-5.83,0.19,17.3
RM17,2024,-8.64,-8.95,-5.13,19.77
RM18,2024,-12.91,-14.3,-7.52,22.64
RM19,2024,-5.9,-11.54,-7.08,21.51
RM2,2024,-9.55,-8.65,-6.63,16.6
RM20,2024,-4.97,4.1,8.94,26.41
RM3,2024,-10.29,-8.99,-1.41,20.77
RM4,2024,-2.93,-6.01,-0.98,6.2
RM5,2024,-9.81,-11.39,-5.42,18.15
RM6,2024,-10.34,-11.54,-4.69,18.85
RM7,2024,-11.14,-11.02,-2.9,24.07
RM8,2024,-11.53,-8.73,-4.31,21.07
RM9,2024,-12.47,-8.9,-2.93,23.36
S1,2024,5.5,0.53,6.82,18.29
S10,2024,-6.81,-9.66,3.08,12.79
S11,2024,-10.35,-5.89,2.5,18.98
S12,2024,-6.45,-3.89,6.92,15.88
S13,2024,-4.86,-0.47,9.1,18.19
S14,2024,-11.17,-4.04,7.62,15.06
S17,2024,-6.08,1.58,9.11,22.53
S18,2024,-7.34,-3.01,6.5,14.83
S2,2024,-5.98,-0.51,9.44,9.94
S20,2024,-5.75,-2.91,5.54,12.9
S21,2024,-4.48,-3.79,5.56,10.52
S25,2024,-7.0,0.77,12.1,14.72
S26,2024,-7.86,0.29,11.33,15.93
S3,2024,0.08,2.41,5.81,12.2
S30,2024,-0.54,-1.59,-2.62,-5.12
S31,2024,0.0,0.0,0.0,0.0
S32,2024,0.77,0.71,6.04,8.57
S33,2024,-6.29,-8.48,0.56,8.32
S35,2024,-5.96,-3.27,7.59,11.61
S36,2024,-6.79,-5.3,4.11,13.08
S4,2024,-4.76,0.72,14.29,10.62
S40,2024,-6.17,-6.17,5.2,10.39
S41,2024,-4.38,-2.02,6.25,13.33
S42,2024,-5.33,-3.23,1.27,10.25
S43,2024,-6.07,-3.57,6.26,10.51
S44,2024,-4.39,-2.71,4.99,11.2
S45,2024,1.89,4.77,17.98,13.34
S5,2024,-7.93,-3.29,10.53,13.51
S6,2024,-7.57,-0.08,8.31,21.21
S60,2024,-5.09,-2.7,4.04,8.96
S61,2024,-4.0,0.0,5.49,9.09
S62,2024,-1.61,0.51,7.1,9.15
S63,2024,-3.46,1.18,10.38,11.39
S64,2024,-4.16,1.65,6.0,13.71
S65,2024,-5.48,-0.36,9.03,8.7
S66,2024,-6.05,-2.13,6.25,15.52
S7,2024,-9.52,-4.02,2.25,20.16
S70,2024,-3.58,-0.4,8.66,9.45
S71,2024,-4.4,-0.8,9.38,10.29
S72,2024,-8.82,-1.53,6.51,11.9
S73,2024,-5.35,-3.05,5.08,11.78
S74,2024,-5.63,-1.71,6.49,8.58
S75,2024,-4.15,-2.69,5.97,10.37
S8,2024,-6.33,-3.63,6.94,20.31
S80,2024,-4.17,2.41,10.4,10.4
S81,2024,-6.32,-2.63,5.2,11.82
S9,2024,-7.67,-3.62,8.69,16.29
SA1,2024,-4.27,-0.27,5.95,10.65
SA10,2024,-5.33,-4.61,5.36,9.44
SA11,2024,-4.74,-1.21,10.28,10.28
SA12,2024,-7.25,-4.39,9.43,13.5
SA13,2024,-4.27,0.72,18.32,15.07
SA14,2024,-6.91,-2.05,7.51,12.3
SA15,2024,-5.32,0.08,10.45,12.76
SA16,2024,-3.08,0.0,13.76,6.6
SA17,2024,-9.08,-3.74,3.14,4.64
SA18,2024,-4.73,-4.36,11.11,13.57
SA19,2024,-1.27,-1.37,2.06,3.74
SA2,2024,-6.3,-2.43,10.14,13.62
SA20,2024,-4.79,-5.67,2.52,6.89
SA3,2024,-5.69,-4.16,11.03,14.36
SA31,2024,-1.68,3.53,11.1,12.14
SA32,2024,-4.61,-5.96,-1.41,4.9
SA33,2024,-3.96,-0.98,6.05,6.62
SA34,2024,1.18,-4.96,13.2,13.2
SA35,2024,-6.01,-19.39,-3.92,1.17
SA36,2024,1.07,16.99,27.86,29.71
SA37,2024,-8.32,-13.37,-9.27,14.07
SA38,2024,-8.83,-9.33,5.23,13.12
SA39,2024,-3.42,1.84,3.94,5.19
SA4,2024,-3.73,-2.21,8.76,13.22
SA40,2024,-2.25,9.01,13.94,11.19
SA41,2024,-5.21,-9.51,0.66,-1.17
SA42,2024,-1.76,-8.74,4.41,8.04
SA43,2024,-4.93,-4.33,8.35,13.12
SA44,2024,-5.37,-5.19,5.37,3.55
SA45,2024,-2.13,-2.06,2.01,4.31
SA46,2024,-4.87,2.15,10.69,4.73
SA47,2024,-4.93,3.65,14.35,8.37
SA48,2024,-2.23,-2.16,6.23,4.73
SA5,2024,-7.02,-0.8,10.89,10.34
SA6,2024,-6.2,3.7,12.31,13.36
SA61,2024,-3.52,0.18,8.66,10.34
SA62,2024,-3.34,-4.8,7.21,7.24
SA63,2024,1.15,4.18,0.52,3.47
SA64,2024,-0.46,-7.87,2.4,5.89
SA65,2024,-3.39,-3.95,7.17,4.45
SA66,2024,-7.56,-6.43,3.68,1.42
SA67,2024,-3.39,-1.9,6.56,7.32
SA68,2024,-4.33,-2.22,11.7,5.85
SA69,2024,-10.06,-13.51,4.02,11.36
SA7,2024,-5.85,1.43,10.02,16.59
SA70,2024,-7.52,-5.7,0.55,8.76
SA71,2024,-6.88,-3.08,7.82,9.21
SA72,2024,-3.83,1.6,9.83,8.81
SA73,2024,-5.44,0.97,12.19,13.0
SA8,2024,-9.23,-4.37,3.32,14.23
SA9,2024,-6.56,-0.78,9.14,9.8
SE1,2024,1.77,3.7,4.36,4.02
SE10,2024,-1.55,-2.11,-0.37,5.88
SE11,2024,1.89,4.1,-0.26,3.53
SE12,2024,-9.84,-9.66,-3.45,9.56
SE13,2024,-2.56,0.75,-0.71,14.48
SE14,2024,-6.45,-5.98,-6.26,6.1
SE15,2024,-1.2,-3.78,-2.56,10.91
SE16,2024,-0.66,-0.57,-1.66,5.83
SE17,2024,-1.34,-1.18,-3.19,6.6
SE18,2024,-8.29,-11.11,-5.7,13.49
SE19,2024,-5.83,-7.49,-6.39,7.28
SE2,2024,-6.87,-8.51,-7.09,12.93
SE20,2024,-4.25,-6.95,-3.73,9.0
SE21,2024,-1.51,-2.24,-1.9,10.64
SE22,2024,-4.11,-2.59,2.52,8.74
SE23,2024,-3.25,-4.68,0.69,11.46
SE24,2024,-4.7,-4.02,-2.62,6.69
SE25,2024,-6.43,-8.82,-5.82,16.85
SE26,2024,-4.6,-3.49,0.0,10.67
SE27,2024,-3.42,-5.51,-2.55,10.78
SE28,2024,-8.32,-12.39,-10.09,16.48
SE3,2024,-0.34,-0.34,4.76,10.04
SE4,2024,-4.4,-6.37,-0.52,5.99
SE5,2024,-2.28,-0.8,2.39,9.38
SE6,2024,-6.98,-9.27,-5.26,13.1
SE7,2024,-2.07,-5.88,2.03,8.88
SE8,2024,-4.32,-3.09,-0.48,4.16
SE9,2024,-5.46,-7.31,1.11,16.2
SG1,2024,-6.56,-4.73,0.88,14.0
SG10,2024,-0.37,-6.28,-4.2,0.37
SG11,2024,-4.59,-7.38,-3.03,4.1
SG12,2024,-5.55,-6.93,-3.1,8.71
SG13,2024,-4.41,-5.99,-2.43,12.4
SG14,2024,-5.97,-5.07,-1.24,13.17
SG15,2024,-11.58,-10.55,-7.95,18.41
SG16,2024,-8.51,2.17,5.39,14.56
SG17,2024,-8.84,-10.56,-4.24,8.41
SG18,2024,-5.99,-5.58,-0.77,15.02
SG19,2024,-6.58,-6.52,0.52,15.38
SG2,2024,-9.45,-4.61,1.84,17.71
SG3,2024,-7.22,-10.53,-9.0,1.65
SG4,2024,-4.19,-3.04,-1.31,8.6
SG5,2024,-2.41,-3.95,-0.29,11.42
SG6,2024,-6.47,-3.23,1.03,14.17
SG7,2024,-3.68,-3.58,1.19,10.58
SG8,2024,-4.44,-4.44,-1.71,3.68
SG9,2024,-4.09,-4.87,-2.16,3.87
SK1,2024,-6.4,4.4,19.54,26.26
SK10,2024,-4.5,-7.75,2.98,9.53
SK11,2024,-5.66,0.0,8.28,14.16
SK12,2024,-3.19,-1.31,3.89,12.91
SK13,2024,-7.41,-0.47,10.93,16.5
SK14,2024,-5.31,-0.54,10.09,12.84
SK15,2024,-7.75,-5.71,8.2,13.21
SK16,2024,-7.61,-0.17,15.33,24.98
SK17,2024,-3.1,0.89,8.54,12.23
SK2,2024,-7.77,-2.65,6.41,27.67
SK22,2024,-6.43,-4.37,2.17,10.94
SK23,2024,-3.04,-0.19,10.62,12.88
SK3,2024,-12.81,-4.62,6.51,26.96
SK4,2024,-8.94,-6.29,1.75,20.59
SK5,2024,-10.17,-5.02,7.83,22.76
SK6,2024,-6.09,-2.26,6.09,18.03
SK7,2024,-6.63,-4.46,4.7,18.69
SK8,2024,-7.84,-5.42,4.74,18.9
SK9,2024,-6.15,-6.68,-1.51,12.86
SL0,2024,-4.66,-4.31,0.87,8.91
SL1,2024,-5.35,-4.53,-0.68,13.44
SL2,2024,-5.65,-3.01,0.71,9.69
SL3,2024,-5.87,-3.68,-0.58,11.84
SL4,2024,-3.64,-2.49,1.1,7.34
SL5,2024,-6.04,-2.53,-0.47,2.82
SL6,2024,-3.07,-1.73,2.72,10.15
SL7,2024,-4.51,-1.66,4.69,7.57
SL8,2024,-2.08,-0.63,4.53,8.29
SL9,2024,-3.28,-1.6,2.55,3.62
SM1,2024,-6.52,-5.3,-1.42,16.0
SM2,2024,-3.13,-0.07,5.41,8.83
SM3,2024,-8.21,-8.67,-1.6,19.57
SM4,2024,-5.4,-4.31,2.84,12.5
SM5,2024,-7.41,-5.18,1.76,12.18
SM6,2024,-7.13,-6.84,-4.33,14.3
SM7,2024,-6.51,-4.99,3.03,10.77
SN1,2024,-5.79,-0.5,3.91,19.4
SN10,2024,-3.82,-3.97,2.5,7.65
SN11,2024,-4.73,-2.69,4.84,10.12
SN12,2024,-5.73,-4.38,0.55,9.28
SN13,2024,-6.11,-0.98,1.73,9.22
SN14,2024,-3.62,-1.3,0.41,7.13
SN15,2024,-4.5,-3.23,-0.13,8.69
SN16,2024,-3.11,-4.17,-2.35,6.99
SN2,2024,-7.93,-0.57,6.27,20.52
SN25,2024,-7.9,-2.9,3.16,19.01
SN26,2024,0.72,11.08,-0.0,6.2
SN3,2024,-6.07,-2.04,2.47,17.55
SN38,2024,6.86,23.83,17.79,48.55
SN4,2024,-5.48,-0.75,3.84,11.82
SN5,2024,-7.82,-5.85,1.12,10.86
SN6,2024,-3.26,-3.89,3.98,7.76
SN7,2024,-2.36,-1.81,7.12,7.83
SN8,2024,-4.55,-2.33,1.23,8.36
SN9,2024,-5.27,-5.56,-0.41,3.8
SO14,2024,-1.21,-1.21,4.99,10.14
SO15,2024,-3.59,-3.04,2.09,12.67
SO16,2024,-4.04,-0.65,5.09,13.12
SO17,2024,-5.63,-2.34,2.05,9.14
SO18,2024,-5.61,-7.5,-2.46,10.12
SO19,2024,-7.75,-5.55,0.97,17.48
SO20,2024,0.0,-0.77,4.88,7.68
SO21,2024,-0.26,-2.78,1.05,4.73
SO22,2024,-3.04,-1.64,1.82,13.25
SO23,2024,-3.0,-3.57,5.73,12.62
SO24,2024,-5.96,-1.67,3.24,2.87
SO30,2024,-5.53,-3.06,2.69,11.49
SO31,2024,-5.19,-3.35,2.53,9.7
SO32,2024,-5.0,-1.86,2.15,6.6
SO40,2024,-6.5,-6.88,-0.16,8.76
SO41,2024,-7.28,-3.9,5.53,16.34
SO42,2024,-3.39,-4.34,1.98,18.62
SO43,2024,-6.32,-9.26,-7.67,1.6
SO45,2024,-6.04,-4.53,1.13,10.7
SO50,2024,-4.42,-2.83,1.93,8.49
SO51,2024,-1.1,-0.37,4.93,8.13
SO52,2024,-5.42,0.0,-0.09,13.26
SO53,2024,-6.12,-5.0,2.31,10.83
SP1,2024,-4.63,-2.71,-0.47,6.68
SP10,2024,-4.85,-0.22,5.3,16.72
SP11,2024,-1.08,-0.85,4.56,5.87
SP2,2024,-3.0,1.21,3.29,9.32
SP3,2024,-3.28,-1.76,0.12,8.03
SP4,2024,-6.65,-1.25,4.58,8.03
SP5,2024,-4.9,-3.9,0.13,3.0
SP6,2024,-2.26,1.73,5.29,6.76
SP7,2024,-4.81,-1.25,4.22,11.27
SP8,2024,-5.49,-4.36,2.59,6.92
SP9,2024,-3.16,6.12,5.23,8.23
SR1,2024,5.02,4.17,20.31,2.57
SR2,2024,-1.43,-2.57,2.98,4.43
SR3,2024,-2.03,2.35,5.72,6.04
SR4,2024,-1.48,2.75,8.54,4.17
SR5,2024,-2.91,1.8,9.42,6.55
SR6,2024,-3.4,-2.65,7.01,12.52
SR7,2024,-2.87,0.98,7.34,10.22
SR8,2024,-1.8,1.18,7.6,3.95
SS0,2024,-11.06,-11.48,-2.03,20.04
SS1,2024,-7.49,-13.37,-3.47,22.86
SS11,2024,-8.14,-7.69,-2.46,16.1
SS12,2024,-7.18,-7.76,-0.22,14.35
SS13,2024,-10.71,-7.71,-0.6,14.68
SS14,2024,-11.72,-9.57,0.0,21.43
SS15,2024,-9.65,-6.41,-0.45,15.87
SS16,2024,-9.84,-7.67,0.84,17.17
SS17,2024,-10.06,-7.79,-1.15,16.57
SS2,2024,-9.64,-9.0,-4.24,23.08
SS3,2024,-9.03,-9.85,-3.93,17.2
SS4,2024,-6.79,-3.36,2.7,16.37
SS5,2024,-6.64,-5.49,1.81,12.32
SS6,2024,-9.16,-7.95,-1.92,14.1
SS7,2024,-7.28,-5.41,2.27,16.26
SS8,2024,-8.03,-5.97,1.05,16.99
SS9,2024,-8.42,-9.22,-0.39,19.48
SS99,2024,-0.49,-1.46,-2.4,-74.95
ST1,2024,-4.58,0.0,8.63,11.17
ST10,2024,-5.13,-2.18,3.94,8.16
ST11,2024,-2.33,-0.71,1.76,12.18
ST12,2024,-2.06,4.92,4.92,6.82
ST13,2024,-6.36,-4.28,6.32,14.77
ST14,2024,-2.17,-1.73,7.45,11.89
ST15,2024,-4.75,-4.73,4.27,7.77
ST16,2024,-7.62,-0.35,8.08,12.84
ST17,2024,-4.61,-2.44,4.41,11.82
ST18,2024,-4.12,-3.05,-0.08,6.4
ST19,2024,-4.76,-3.05,1.87,7.06
ST2,2024,-6.4,-0.55,10.84,14.63
ST20,2024,-4.88,-0.93,6.15,5.13
ST21,2024,-4.09,-3.34,-1.08,6.23
ST3,2024,-5.69,-3.4,6.0,13.01
ST4,2024,-4.0,-1.76,4.75,10.78
ST5,2024,-6.21,-1.2,3.58,12.42
ST6,2024,-5.44,0.09,7.94,10.57
ST7,2024,-5.0,-2.06,5.56,11.76
ST8,2024,-4.37,-1.56,3.83,11.03
ST9,2024,-6.25,-5.43,2.78,11.78
SW1,2024,1.22,3.74,6.4,56.62
SW10,2024,3.14,15.49,18.41,2.33
SW11,2024,3.08,5.9,9.79,5.9
SW12,2024,-0.92,1.33,6.01,5.79
SW13,2024,-3.12,2.36,8.83,-5.28
SW14,2024,-2.5,-1.52,3.22,6.49
SW15,2024,-0.15,3.27,6.75,6.26
SW16,2024,-5.66,-7.27,-1.78,9.65
SW17,2024,-3.0,-2.92,0.98,9.81
SW18,2024,1.43,3.35,9.23,10.94
SW19,2024,-1.99,0.37,2.11,5.42
SW1A,2024,0.33,8.66,8.85,-0.21
SW1E,2024,3.18,15.28,8.79,10.51
SW1H,2024,32.34,11.29,10.24,22.82
SW1P,2024,3.87,12.03,15.14,2.03
SW1V,2024,1.27,3.4,6.77,5.58
SW1W,2024,-1.79,11.72,18.33,3.3
SW1X,2024,10.61,15.89,17.2,10.01
SW1Y,2024,-4.44,4.66,7.08,7.89
SW2,2024,-1.53,-1.53,2.57,9.41
SW20,2024,-5.39,-4.24,5.54,11.8
SW3,2024,5.79,5.99,13.03,4.16
SW4,2024,-2.35,0.14,3.65,6.53
SW5,2024,4.35,1.21,-0.28,-0.11
SW6,2024,2.55,3.45,5.88,2.87
SW7,2024,2.1,9.23,8.92,-0.47
SW8,2024,1.41,7.21,5.44,3.31
SW9,2024,-3.56,-3.03,-0.11,3.8
SY1,2024,-7.05,-0.0,9.55,11.75
SY10,2024,-2.13,-0.92,1.12,8.91
SY11,2024,-3.95,-1.55,9.63,10.25
SY12,2024,-2.39,0.41,8.23,8.61
SY13,2024,-4.61,-2.5,2.48,4.39
SY14,2024,-5.16,-2.36,-2.36,7.61
SY15,2024,-1.22,-0.63,0.0,6.4
SY16,2024,-2.53,-6.56,1.01,8.45
SY17,2024,-0.95,-2.53,4.12,3.78
SY18,2024,-5.27,-6.4,5.49,5.6
SY19,2024,-5.23,3.04,15.24,5.77
SY2,2024,-4.26,-0.36,7.41,10.78
SY20,2024,-4.11,1.31,9.56,5.59
SY21,2024,-3.65,-3.94,5.71,3.95
SY22,2024,0.29,-0.7,4.85,3.63
SY23,2024,-0.98,2.93,9.12,4.15
SY24,2024,-2.79,-12.35,-3.73,7.86
SY25,2024,-1.94,-5.82,4.73,9.65
SY3,2024,-4.35,-2.59,5.23,10.62
SY4,2024,-2.62,-1.1,5.34,4.67
SY5,2024,-4.58,-3.6,3.16,3.08
SY6,2024,-2.56,-1.33,3.17,11.45
SY7,2024,-5.84,-6.04,0.0,2.4
SY8,2024,-5.74,-2.54,-0.52,5.87
SY9,2024,0.16,-1.56,7.13,15.74
TA1,2024,-5.39,-1.93,5.32,10.9
TA10,2024,-3.31,-3.63,7.66,5.43
TA11,2024,-2.2,1.55,11.14,7.52
TA12,2024,-8.32,2.89,-0.82,11.58
TA13,2024,-1.85,-4.57,7.28,13.66
TA14,2024,-2.24,-0.62,7.42,12.06
TA15,2024,-10.15,-14.86,1.84,7.73
TA16,2024,-5.0,-2.24,4.92,2.16
TA17,2024,-12.79,-4.16,5.71,17.6
TA18,2024,0.2,-1.27,4.66,10.46
TA19,2024,-5.56,-2.46,2.3,5.25
TA2,2024,-6.83,-1.62,6.28,13.91
TA20,2024,-3.57,-2.97,3.71,9.59
TA21,2024,-5.32,-2.3,4.81,10.4
TA22,2024,0.73,1.71,8.03,9.72
TA23,2024,-6.34,-6.52,-0.53,6.4
TA24,2024,-2.46,-0.89,5.11,12.92
TA3,2024,-3.15,-4.65,5.56,4.56
TA4,2024,-2.63,-2.63,4.96,7.59
TA5,2024,-4.31,-3.3,-1.49,3.23
TA6,2024,-6.59,-3.56,5.41,14.04
TA7,2024,-3.96,-4.5,0.53,6.9
TA8,2024,-9.43,-4.0,2.13,15.66
TA9,2024,-3.97,-3.69,2.73,11.36
TD12,2024,-2.51,2.49,10.36,6.59
TD15,2024,-1.58,2.34,7.11,9.63
TD5,2024,1.69,5.26,-17.15,-45.93
TD9,2024,-11.4,-14.93,6.9,12.29
TF1,2024,-6.48,3.08,8.64,13.09
TF10,2024,-6.28,0.66,2.56,8.1
TF11,2024,-2.85,-1.43,8.32,9.27
TF12,2024,-4.9,-4.67,-0.25,5.44
TF13,2024,-3.38,4.63,9.06,3.37
TF2,2024,-6.18,-0.98,9.56,10.99
TF3,2024,-5.63,0.73,16.66,16.08
TF4,2024,-5.92,-4.14,5.24,8.52
TF5,2024,-7.01,-5.49,6.13,10.26
TF6,2024,-3.13,-3.57,-1.82,-0.81
TF7,2024,-4.59,2.24,12.91,11.17
TF8,2024,-6.54,-4.46,9.03,-3.78
TF9,2024,-5.67,-2.81,3.41,6.03
TN1,2024,-2.0,-1.69,1.51,14.09
TN10,2024,-4.35,-4.91,0.25,7.4
TN11,2024,-0.95,-0.68,1.61,4.89
TN12,2024,-3.78,-3.4,-0.95,4.09
TN13,2024,-3.27,-3.11,2.76,7.88
TN14,2024,-2.61,-1.83,0.71,7.82
TN15,2024,-3.35,-4.62,-0.1,7.8
TN16,2024,-7.34,-5.02,-0.32,7.65
TN17,2024,-1.28,-2.84,2.19,5.72
TN18,2024,0.59,-0.51,4.14,8.68
TN19,2024,0.24,-3.17,-1.23,3.73
TN2,2024,-4.57,-5.26,1.58,9.09
TN20,2024,-1.43,-3.18,0.32,8.6
TN21,2024,-2.6,-2.48,4.13,9.15
TN22,2024,-2.57,-2.77,1.2,5.27
TN23,2024,-6.31,-4.51,1.34,12.09
TN24,2024,-7.83,-4.14,2.02,14.89
TN25,2024,-2.29,-1.96,1.63,9.17
TN26,2024,-2.92,-4.31,1.94,3.82
TN27,2024,-3.4,-4.02,1.65,4.1
TN28,2024,-10.36,-11.07,-6.06,12.57
TN29,2024,-8.96,-6.67,-0.72,13.33
TN3,2024,-1.45,-4.9,0.74,4.62
TN30,2024,-5.5,-7.41,-7.96,9.63
TN31,2024,-6.86,-7.57,2.23,11.34
TN32,2024,-3.23,2.1,10.25,8.44
TN33,2024,-7.29,-7.55,-2.47,10.97
TN34,2024,-7.75,-10.44,2.35,24.96
TN35,2024,-2.63,-5.68,1.47,17.28
TN36,2024,-10.83,-3.78,16.67,9.13
TN37,2024,-8.93,-4.19,6.48,30.0
TN38,2024,-9.45,-9.29,4.45,16.8
TN39,2024,-8.73,-9.92,-2.34,18.76
TN4,2024,-5.44,-2.32,2.56,16.79
TN40,2024,-11.21,-7.32,-3.01,17.57
TN5,2024,-1.59,-0.67,2.64,5.75
TN6,2024,-5.66,-1.81,5.53,9.06
TN7,2024,-2.04,0.24,-2.71,4.0
TN8,2024,-2.16,-3.32,-2.68,4.33
TN9,2024,-6.2,-6.99,-1.89,12.04
TQ1,2024,-5.21,-0.56,5.07,18.01
TQ10,2024,-1.2,-0.37,7.2,8.57
TQ11,2024,-4.71,-0.72,2.68,7.81
TQ12,2024,-5.63,-2.78,3.17,9.75
TQ13,2024,-2.5,-3.88,1.41,5.07
TQ14,2024,-4.92,-1.7,3.14,14.27
TQ2,2024,-6.95,0.29,5.71,13.06
TQ3,2024,-6.03,-5.88,4.26,14.33
TQ4,2024,-6.77,-4.12,5.97,13.7
TQ5,2024,-9.0,-10.05,4.63,12.69
TQ6,2024,-2.08,2.1,11.01,8.5
TQ7,2024,-5.91,-1.18,9.24,8.92
TQ8,2024,-12.34,-6.65,7.85,17.27
TQ9,2024,-2.43,-0.5,5.56,10.6
TR1,2024,-4.13,-1.63,7.28,10.04
TR10,2024,-7.97,-6.0,0.0,7.06
TR11,2024,-6.86,-3.19,4.34,13.41
TR12,2024,-2.5,1.3,5.41,8.74
TR13,2024,-7.56,-4.37,5.15,9.26
TR14,2024,-6.43,0.03,10.34,11.11
TR15,2024,-6.25,-2.46,3.9,10.97
TR16,2024,-4.76,-2.92,7.81,7.81
TR17,2024,1.45,10.02,14.75,5.66
TR18,2024,-4.57,-1.61,6.12,7.33
TR19,2024,-5.11,-5.96,3.77,10.22
TR2,2024,-4.68,-5.62,-0.66,4.85
TR20,2024,-1.86,-2.09,2.63,5.81
TR21,2024,-0.88,2.08,4.26,9.7
TR22,2024,-4.56,-12.54,-19.29,-19.74
TR23,2024,6.96,-37.69,-56.04,-56.26
TR24,2024,3.94,12.84,23.4,61.11
TR25,2024,-4.26,-11.78,-12.4,-12.41
TR26,2024,-4.77,-1.85,5.75,12.47
TR27,2024,-4.26,0.93,6.11,8.0
TR3,2024,-6.1,-5.85,6.89,12.41
TR4,2024,-5.89,-5.39,3.85,8.4
TR5,2024,-2.18,0.9,12.58,13.11
TR6,2024,-5.23,-2.89,6.25,11.21
TR7,2024,-7.88,-6.97,7.7,13.37
TR8,2024,-6.42,-5.14,6.02,6.33
TR9,2024,-5.8,-0.94,9.13,8.95
TS1,2024,-4.09,4.36,7.23,8.32
TS10,2024,-3.95,1.61,9.25,6.64
TS11,2024,-5.04,1.49,8.55,7.84
TS12,2024,-1.65,-0.17,10.59,11.63
TS13,2024,-1.52,-0.54,5.19,2.88
TS14,2024,-3.65,-2.45,9.25,4.12
TS15,2024,-1.19,1.09,7.13,3.7
TS16,2024,-0.93,4.29,7.22,13.62
TS17,2024,0.27,4.53,11.98,11.8
TS18,2024,-2.62,-1.13,7.41,5.86
TS19,2024,-3.07,0.25,6.95,6.28
TS2,2024,-1.63,-3.57,24.01,14.72
TS20,2024,-3.94,-1.71,5.31,5.2
TS21,2024,-3.29,-1.36,3.46,5.92
TS22,2024,-0.59,2.51,3.53,8.53
TS23,2024,-2.26,2.67,8.63,7.75
TS24,2024,-1.07,1.18,6.99,4.24
TS25,2024,-2.75,1.41,8.57,5.85
TS26,2024,-1.17,2.95,12.1,9.81
TS27,2024,-2.7,-3.85,4.45,6.61
TS28,2024,5.37,12.79,15.68,11.95
TS29,2024,-1.92,3.72,8.32,4.34
TS3,2024,-1.67,0.66,7.95,6.03
TS4,2024,-3.58,4.97,9.49,3.86
TS5,2024,-3.03,1.02,7.34,8.46
TS6,2024,-0.48,5.23,12.39,3.75
TS7,2024,-4.31,-0.38,6.6,6.97
TS8,2024,-0.27,1.95,10.78,10.91
TS9,2024,-0.6,1.52,5.36,1.52
TW1,2024,-2.24,-2.39,0.47,10.07
TW10,2024,-6.06,-1.8,2.11,8.58
TW11,2024,-5.04,-2.43,3.83,12.49
TW12,2024,-5.08,-3.76,3.23,13.35
TW13,2024,-6.6,-6.89,-2.13,12.95
TW14,2024,-7.51,-10.97,-5.48,17.35
TW15,2024,-7.1,-5.68,0.91,14.45
TW16,2024,-3.85,-2.64,1.99,6.71
TW17,2024,-5.08,-4.0,3.22,6.91
TW18,2024,-5.82,-5.7,-1.9,9.97
TW19,2024,-7.07,-4.91,0.02,13.29
TW2,2024,-6.2,-4.12,2.7,14.24
TW20,2024,-5.14,-0.71,1.65,10.12
TW3,2024,-3.79,-7.23,-1.6,4.85
TW4,2024,-4.19,-8.99,-5.7,7.77
TW5,2024,-7.9,-11.54,-3.62,12.77
TW6,2024,9.3,32.98,35.61,-5.18
TW7,2024,-3.73,-1.51,0.65,6.39
TW8,2024,-1.66,-0.15,1.37,4.96
TW9,2024,3.22,5.52,10.59,7.85
UB1,2024,-3.79,-5.75,-3.89,10.28
UB10,2024,-3.01,-1.67,1.04,11.37
UB11,2024,12.59,32.62,0.52,-0.43
UB2,2024,-5.74,-5.21,-0.65,7.96
UB3,2024,-6.8,-9.76,-8.08,10.7
UB4,2024,-6.96,-7.21,-4.83,14.72
UB5,2024,-4.29,-7.76,-4.44,5.5
UB6,2024,-5.66,-7.2,-1.51,10.65
UB7,2024,-8.23,-9.38,-5.84,12.51
UB8,2024,-8.04,-6.22,-1.65,11.06
UB9,2024,-4.43,-0.89,2.4,11.76
UNKNOWN,2024,-8.19,-21.11,-30.84,-47.15
W10,2024,-3.19,2.73,6.16,2.59
W11,2024,6.61,14.01,21.58,18.53
W12,2024,-3.75,-1.82,-0.63,2.86
W13,2024,-0.92,-3.23,1.0,7.53
W14,2024,-0.87,1.14,4.54,1.86
W15,2024,9.07,33.25,71.2,494.37
W1A,2024,-10.56,-26.16,-37.13,-43.18
W1B,2024,6.54,6.84,24.95,10.85
W1C,2024,6.91,30.75,80.45,14.26
W1D,2024,3.18,14.99,18.34,6.49
W1F,2024,-0.89,-3.26,-2.2,6.8
W1G,2024,8.54,10.39,15.88,8.54
W1H,2024,1.48,5.45,1.16,0.92
W1J,2024,2.45,7.78,-2.53,7.71
W1K,2024,4.17,9.96,9.28,5.69
W1M,2024,-0.17,-0.5,-0.82,-1.63
W1N,2024,-0.21,-0.63,-1.05,-2.08
W1P,2024,1.2,3.7,6.32,13.49
W1R,2024,0.65,1.97,3.32,6.87
W1S,2024,8.5,0.01,-4.6,-2.46
W1T,2024,1.41,-1.14,1.72,10.75
W1U,2024,-1.43,2.79,3.4,-0.84
W1V,2024,-5.96,-15.97,-24.06,-38.78
W1W,2024,13.18,16.41,19.97,7.16
W1X,2024,2.33,7.34,12.87,29.53
W1Y,2024,-8.74,-7.12,-5.44,-0.95
W2,2024,1.8,8.13,14.19,4.86
W3,2024,-1.9,-1.62,0.5,1.18
W4,2024,-4.35,2.91,5.9,6.18
W5,2024,-1.19,2.31,5.96,4.56
W6,2024,0.56,5.66,8.68,4.78
W7,2024,-5.83,-3.0,1.61,5.02
W8,2024,3.99,8.49,7.18,4.22
W9,2024,-2.16,3.82,8.8,1.04
WA1,2024,-7.04,-2.54,10.27,20.15
WA10,2024,-5.32,2.23,10.81,6.86
WA11,2024,-3.68,1.76,9.04,10.53
WA12,2024,-6.75,-4.02,9.79,12.88
WA13,2024,-3.6,-2.34,2.49,6.89
WA14,2024,-5.19,-5.18,3.78,13.74
WA15,2024,-8.78,-4.71,3.06,16.38
WA16,2024,-5.23,-2.97,1.26,7.73
WA2,2024,-7.73,0.0,14.33,17.19
WA3,2024,-6.3,-2.63,6.85,11.18
WA4,2024,-5.12,-3.12,4.2,12.43
WA5,2024,-6.56,-2.9,8.74,15.81
WA6,2024,-3.59,-4.61,-0.11,5.9
WA7,2024,-5.94,-1.72,9.62,12.97
WA8,2024,-5.9,-2.2,7.1,9.09
WA9,2024,-4.05,2.41,13.08,10.47
WC1A,2024,-8.66,-7.01,-27.79,26.53
WC1B,2024,2.71,12.98,45.93,26.21
WC1E,2024,-2.29,-7.86,3.78,-8.97
WC1H,2024,-0.29,4.71,0.94,1.61
WC1N,2024,3.58,7.79,5.34,1.2
WC1R,2024,33.04,134.24,115.97,67.86
WC1V,2024,5.21,11.54,7.8,0.02
WC1X,2024,4.88,7.16,-0.97,0.87
WC2A,2024,-2.35,-5.83,-8.36,-0.44
WC2B,2024,4.84,-1.14,20.46,5.25
WC2E,2024,-7.39,14.19,74.51,8.91
WC2H,2024,5.53,1.22,11.31,9.66
WC2N,2024,0.07,10.1,25.48,2.23
WC2R,2024,16.37,29.75,19.81,31.13
WD1,2024,-3.17,-30.38,-13.03,4.53
WD17,2024,-5.95,-8.84,-3.38,7.12
WD18,2024,-6.32,-6.62,-4.64,10.95
WD19,2024,-7.7,-7.07,-1.7,9.85
WD2,2024,-2.81,-7.98,-12.63,-22.43
WD23,2024,-6.33,-3.39,1.08,10.99
WD24,2024,-6.21,-6.48,-0.46,12.21
WD25,2024,-7.58,-7.58,-2.28,12.49
WD3,2024,-4.31,-4.71,-0.39,8.76
WD4,2024,-4.51,-3.01,-0.9,6.66
WD5,2024,-7.44,-9.24,-8.03,9.95
WD6,2024,-5.54,-4.63,0.48,9.05
WD7,2024,-3.64,-1.14,3.16,6.1
WF1,2024,-3.44,2.12,8.71,10.35
WF10,2024,-2.11,3.19,12.67,15.32
WF11,2024,-4.31,-1.18,8.9,11.58
WF12,2024,-3.13,0.76,8.46,11.79
WF13,2024,-1.86,1.55,10.76,13.33
WF14,2024,-5.77,-1.92,6.96,12.52
WF15,2024,-2.3,2.35,10.41,9.66
WF16,2024,-3.72,-2.55,0.83,10.25
WF17,2024,-5.22,-1.92,6.56,7.72
WF2,2024,-4.26,-2.54,7.58,10.91
WF3,2024,-5.48,-0.98,7.44,11.94
WF4,2024,-4.66,-2.18,10.08,11.64
WF5,2024,-5.63,-2.89,6.96,10.48
WF6,2024,-4.78,-0.93,7.69,16.62
WF7,2024,-5.74,-2.4,7.55,9.76
WF8,2024,-4.26,-1.51,8.21,10.06
WF9,2024,-4.22,-1.3,6.6,9.05
WN1,2024,-2.17,-1.24,6.91,8.62
WN2,2024,-4.0,-1.18,7.52,12.78
WN3,2024,-4.51,-0.06,8.71,12.63
WN4,2024,-4.91,-0.39,7.83,14.53
WN5,2024,-4.13,0.82,10.32,14.73
WN6,2024,-8.16,-0.24,6.04,10.75
WN7,2024,-5.45,0.37,8.73,15.4
WN8,2024,-6.9,-3.6,4.25,8.65
WN9,2024,10.87,41.68,96.21,181.11
WR1,2024,-3.0,1.88,11.87,9.84
WR10,2024,-1.48,-2.43,6.08,9.29
WR11,2024,-6.08,-2.61,5.98,10.68
WR12,2024,-5.85,6.07,19.65,13.8
WR13,2024,-2.12,1.48,3.89,7.8
WR14,2024,-5.2,-1.72,6.46,14.0
WR15,2024,0.26,2.51,5.32,14.82
WR2,2024,-4.82,-2.2,5.41,12.15
WR3,2024,-7.03,-1.71,8.72,13.17
WR4,2024,-3.67,1.82,10.73,16.02
WR5,2024,-6.57,-2.98,2.08,9.61
WR6,2024,-2.95,-2.77,4.73,5.6
WR7,2024,0.1,2.7,8.57,7.09
WR8,2024,-3.99,-0.74,2.92,3.21
WR9,2024,-5.39,-1.05,3.38,10.46
WS1,2024,-2.18,2.83,10.82,12.7
WS10,2024,-7.43,-5.58,7.72,12.7
WS11,2024,-5.99,0.03,10.43,15.35
WS12,2024,-8.2,-1.77,8.06,17.09
WS13,2024,-4.84,-1.67,4.42,8.43
WS14,2024,-6.05,-5.77,-0.61,10.17
WS15,2024,-4.8,-1.34,5.72,13.09
WS2,2024,-6.46,-3.44,7.5,13.47
WS3,2024,-6.69,-1.73,10.69,14.64
WS4,2024,-7.98,-0.89,11.26,14.24
WS5,2024,-7.13,-10.63,1.85,14.97
WS6,2024,-8.44,-6.89,6.67,19.71
WS7,2024,-6.97,-6.59,3.6,13.68
WS8,2024,-8.63,-3.0,6.87,16.2
WS9,2024,-8.5,-8.2,-3.07,14.18
WV1,2024,-10.51,-6.86,2.18,7.93
WV10,2024,-8.7,-3.82,8.13,15.55
WV11,2024,-9.75,-4.34,5.86,17.76
WV12,2024,-6.48,-1.2,10.38,14.51
WV13,2024,-9.41,-3.05,11.02,15.17
WV14,2024,-7.62,-2.48,6.51,15.63
WV15,2024,-3.11,-1.65,6.86,7.2
WV16,2024,-1.02,-2.99,4.38,8.46
WV2,2024,-5.24,2.01,9.16,9.3
WV3,2024,-6.16,-7.39,2.61,10.6
WV4,2024,-8.29,-4.89,4.85,14.16
WV5,2024,-2.89,-5.05,2.24,7.19
WV6,2024,-7.11,-3.59,3.74,13.72
WV7,2024,-7.24,-2.74,6.64,4.92
WV8,2024,-6.46,-4.49,1.57,11.16
WV9,2024,-7.37,-6.18,4.38,13.79
YO1,2024,-1.86,4.33,5.13,10.22
YO10,2024,-4.73,-2.08,5.75,14.95
YO11,2024,-3.18,0.23,9.09,10.67
YO12,2024,-5.56,-1.79,3.66,13.88
YO13,2024,-5.75,-3.96,3.42,2.98
YO14,2024,-7.99,-5.0,4.4,13.1
YO15,2024,-5.45,-7.4,0.15,9.03
YO16,2024,-5.9,-1.28,5.65,17.85
YO17,2024,-7.0,0.47,7.12,9.9
YO18,2024,-2.59,1.22,4.96,7.62
YO19,2024,-3.23,-2.91,4.09,6.48
YO2,2024,1.91,5.94,10.32,24.05
YO21,2024,-1.61,0.76,11.47,8.62
YO22,2024,-5.52,-5.5,3.32,5.47
YO23,2024,-4.7,-7.14,-2.66,8.08
YO24,2024,-7.6,-3.19,8.33,17.96
YO25,2024,-4.19,-3.37,6.07,8.42
YO26,2024,-5.66,0.92,7.58,18.63
YO3,2024,0.68,-4.54,-9.63,-20.27
YO30,2024,-5.5,-1.8,6.69,16.43
YO31,2024,-4.38,-4.91,6.5,12.3
YO32,2024,-6.54,-3.49,2.28,10.16
YO4,2024,-1.0,-11.28,-19.63,-4.02
YO41,2024,-2.62,1.9,12.48,7.61
YO42,2024,-5.56,-4.31,2.44,5.48
YO43,2024,-1.75,-0.23,3.23,4.35
YO5,2024,0.45,1.37,2.31,4.72
YO51,2024,-0.59,-4.08,1.83,4.72
YO6,2024,2.42,7.61,-1.52,12.73
YO60,2024,2.11,-0.84,4.89,5.78
YO61,2024,-3.14,1.86,5.6,4.79
YO62,2024,-4.39,-1.59,2.81,3.09
YO7,2024,-2.56,-0.06,2.72,5.12
YO8,2024,-4.65,-0.22,7.26,11.44
YO90,2024,-2.16,-6.2,-9.92,-5.19
YO91,2024,0.0,0.0,0.0,-97.73
