outcode,In_Employment,Unemployed,Unemployment_pct,Retired
AL1,21606,804,3.59,5299
AL10,16332,807,4.71,3547
AL2,12299,482,3.77,4758
AL3,13954,485,3.36,5195
AL4,12759,463,3.5,4704
AL5,14159,475,3.25,5386
AL6,7046,201,2.77,3332
AL7,18201,826,4.34,4813
AL8,5761,185,3.11,2636
AL9,5009,184,3.54,2086
B1,7626,683,8.22,545
B10,8657,1442,14.28,2270
B11,14576,2064,12.4,3480
B12,7019,1049,13.0,1687
B13,16033,1366,7.85,5618
B14,17865,1421,7.37,6569
B15,8335,665,7.39,2273
B16,10349,1283,11.03,1729
B17,12423,801,6.06,4258
B18,6485,999,13.35,1289
B19,6850,1485,17.82,1366
B2,367,46,11.14,36
B20,14097,1649,10.47,3829
B21,8744,1459,14.3,2306
B22,105,10,8.7,57
B23,20688,2260,9.85,6395
B24,12078,993,7.6,4234
B25,6240,732,10.5,1881
B26,15901,1132,6.65,5963
B27,11202,1090,8.87,3648
B28,12335,743,5.68,4449
B29,14219,1382,8.86,5171
B3,984,42,4.09,21
B30,13658,791,5.47,5012
B31,24358,1869,7.13,9258
B32,14452,1449,9.11,5819
B33,12338,1446,10.49,3976
B34,7600,784,9.35,2851
B35,3223,395,10.92,1197
B36,14562,1220,7.73,5897
B37,14143,1326,8.57,5386
B38,7088,624,8.09,3285
B4,1115,130,10.44,106
B42,12295,949,7.17,4174
B43,14027,690,4.69,5863
B44,13555,1242,8.39,4490
B45,14027,896,6.0,6001
B46,7061,275,3.75,3304
B47,4765,192,3.87,2848
B48,2480,85,3.31,1363
B49,5833,199,3.3,3406
B5,3170,505,13.74,669
B50,3616,129,3.44,1415
B6,5106,1005,16.45,1318
B60,15007,554,3.56,6638
B61,11482,492,4.11,4636
B62,12421,536,4.14,5955
B63,16246,856,5.01,7574
B64,8451,661,7.25,2998
B65,10883,788,6.75,4381
B66,10777,1384,11.38,2418
B67,10879,907,7.7,3367
B68,13094,1031,7.3,4975
B69,12523,1013,7.48,3737
B7,2144,477,18.2,595
B70,12839,1403,9.85,4040
B71,12953,1115,7.93,4810
B72,6070,200,3.19,2972
B73,9531,344,3.48,4642
B74,14996,532,3.43,8191
B75,12269,524,4.1,5352
B76,8713,363,4.0,4484
B77,27500,1244,4.33,10141
B78,12261,474,3.72,5065
B79,11309,491,4.16,5465
B8,12058,1959,13.98,2686
B80,3983,159,3.84,1828
B9,6225,952,13.26,1178
B90,24201,914,3.64,10181
B91,15420,564,3.53,8538
B92,15268,718,4.49,6668
B93,8648,287,3.21,5286
B94,3530,99,2.73,1746
B95,3046,86,2.75,1920
B96,2452,78,3.08,1286
B97,17413,644,3.57,6276
B98,21907,1121,4.87,8032
BA1,22120,907,3.94,8679
BA10,2381,86,3.49,1046
BA11,18131,602,3.21,7626
BA12,14164,494,3.37,7627
BA13,10795,347,3.11,4459
BA14,25248,952,3.63,9836
BA15,6136,227,3.57,4018
BA16,6349,261,3.95,3006
BA2,29977,1203,3.86,12435
BA20,6931,227,3.17,3279
BA21,16870,654,3.73,6397
BA22,9419,226,2.34,4550
BA3,18517,606,3.17,7734
BA4,9209,342,3.58,3567
BA5,8412,317,3.63,5265
BA6,5930,210,3.42,3075
BA7,1700,57,3.24,1103
BA8,2374,78,3.18,1316
BA9,3594,118,3.18,1542
BB0,87,9,9.38,54
BB1,28814,1848,6.03,9815
BB10,17246,1138,6.19,7706
BB11,10501,652,5.85,3988
BB12,15617,679,4.17,7078
BB18,8462,295,3.37,4020
BB2,24715,1468,5.61,9340
BB3,15019,735,4.67,5966
BB4,19404,800,3.96,8207
BB5,25825,1511,5.53,10399
BB6,11447,378,3.2,5453
BB7,12172,364,2.9,5765
BB8,10769,498,4.42,4832
BB9,16537,1213,6.83,6291
BD1,4404,568,11.42,623
BD10,14492,714,4.7,5159
BD11,6559,241,3.54,2939
BD12,8320,449,5.12,3647
BD13,14834,547,3.56,5605
BD14,3712,222,5.64,1520
BD15,7060,438,5.84,2797
BD16,12531,434,3.35,6518
BD17,8716,364,4.01,4495
BD18,12166,726,5.63,4340
BD19,10579,438,3.98,4334
BD2,12177,907,6.93,4020
BD20,19065,642,3.26,9520
BD21,10729,874,7.53,3595
BD22,11522,453,3.78,4788
BD23,13948,410,2.86,8088
BD24,2101,45,2.1,1491
BD3,9818,1224,11.08,2024
BD4,12504,1173,8.58,3621
BD5,8883,1293,12.71,2165
BD6,13067,711,5.16,4375
BD7,9609,1225,11.31,2517
BD8,9644,1271,11.64,2441
BD9,8620,917,9.62,2051
BH1,14660,1089,6.91,3589
BH10,10608,434,3.93,5073
BH11,8891,479,5.11,3785
BH12,18398,812,4.23,7043
BH13,2880,117,3.9,3521
BH14,11046,401,3.5,5102
BH15,16367,690,4.05,7283
BH16,7081,299,4.05,3680
BH17,11406,433,3.66,4598
BH18,4562,135,2.87,3741
BH19,4393,208,4.52,3933
BH2,4924,394,7.41,1728
BH20,9130,329,3.48,5321
BH21,25400,734,2.81,14803
BH22,10424,339,3.15,10419
BH23,22769,849,3.59,17137
BH24,10468,353,3.26,7173
BH25,10075,370,3.54,9232
BH3,3058,161,5.0,1189
BH31,253,5,1.94,115
BH4,3834,193,4.79,2247
BH5,5324,316,5.6,1806
BH6,10922,441,3.88,5690
BH7,4246,187,4.22,1583
BH8,13177,705,5.08,4379
BH9,11931,531,4.26,3424
BL0,9365,298,3.08,4111
BL1,28870,2172,7.0,10651
BL11,95,10,9.52,17
BL2,20051,1284,6.02,9507
BL3,25739,1998,7.2,9611
BL4,14073,1019,6.75,4882
BL5,13709,519,3.65,5788
BL6,14155,556,3.78,6117
BL7,6719,232,3.34,3395
BL8,16174,552,3.3,8199
BL9,21760,1415,6.11,8437
BN1,42796,2314,5.13,10571
BN10,8988,452,4.79,4562
BN11,17361,944,5.16,7893
BN12,9670,386,3.84,6971
BN13,14249,562,3.79,6634
BN14,14615,609,4.0,5991
BN15,12735,552,4.15,6667
BN16,11778,472,3.85,10526
BN17,14735,772,4.98,6334
BN18,6496,269,3.98,3734
BN2,40207,2499,5.85,12359
BN20,10164,462,4.35,8261
BN21,10394,695,6.27,5340
BN22,13921,817,5.54,6095
BN23,12598,644,4.86,7335
BN24,3903,155,3.82,2432
BN25,9782,437,4.28,8204
BN26,6091,219,3.47,3730
BN27,14267,570,3.84,7621
BN3,41729,2127,4.85,11135
BN4,28139,1196,4.08,12509
BN41,717,68,8.66,248
BN42,156,9,5.45,63
BN43,1294,53,3.93,548
BN44,261,14,5.09,140
BN5,3533,130,3.55,2070
BN6,8577,293,3.3,4176
BN7,9370,425,4.34,4138
BN8,7576,238,3.05,3915
BN9,5838,326,5.29,2373
BR1,31106,1887,5.72,8839
BR2,24306,1082,4.26,8458
BR3,25374,1282,4.81,8137
BR4,8705,331,3.66,3995
BR5,23610,1292,5.19,8436
BR6,20923,875,4.01,9885
BR7,8510,382,4.3,3601
BR8,10932,546,4.76,4545
BS0,145,5,3.33,32
BS1,10876,569,4.97,1079
BS10,16203,747,4.41,5038
BS11,8776,431,4.68,2596
BS12,39158,1267,3.13,14310
BS13,15490,769,4.73,4650
BS14,15237,455,2.9,6456
BS15,42752,1453,3.29,15921
BS16,41533,1456,3.39,13276
BS17,27088,714,2.57,12328
BS18,27187,792,2.83,12830
BS19,16612,404,2.37,9876
BS2,9284,602,6.09,1081
BS20,15834,422,2.6,7734
BS21,10805,304,2.74,6049
BS22,18883,636,3.26,9109
BS23,15892,909,5.41,7574
BS24,12713,377,2.88,4702
BS25,1967,34,1.7,1518
BS26,1930,42,2.13,996
BS27,3117,98,3.05,1821
BS28,1449,25,1.7,926
BS3,24040,812,3.27,4236
BS31,853,16,1.84,269
BS32,1260,38,2.93,95
BS34,3350,101,2.93,216
BS35,564,4,0.7,39
BS36,172,0,0.0,36
BS37,944,28,2.88,118
BS39,505,20,3.81,20
BS4,24461,1031,4.04,5868
BS49,124,6,4.62,47
BS5,25860,1427,5.23,4652
BS6,18288,643,3.4,3631
BS7,18667,732,3.77,3810
BS8,11594,391,3.26,2724
BS9,12439,345,2.7,6666
CA1,12318,537,4.18,4036
CA10,8404,216,2.51,4243
CA11,11418,342,2.91,5218
CA12,3450,82,2.32,2227
CA13,7542,203,2.62,4461
CA14,16098,734,4.36,7911
CA15,7194,305,4.07,3603
CA16,2641,99,3.61,1529
CA17,2193,48,2.14,1225
CA18,231,1,0.43,145
CA19,758,17,2.19,478
CA2,19213,813,4.06,7800
CA20,1222,35,2.78,904
CA21,437,13,2.89,270
CA22,3776,163,4.14,2089
CA23,881,43,4.65,414
CA24,381,17,4.27,134
CA25,2522,106,4.03,1138
CA26,1381,59,4.1,696
CA27,701,11,1.54,402
CA28,12388,532,4.12,5780
CA3,6941,172,2.42,3782
CA4,5316,109,2.01,3390
CA5,9070,251,2.69,5248
CA6,5530,174,3.05,2802
CA7,3744,116,3.01,1925
CA8,2268,95,4.02,1503
CA9,955,46,4.6,499
CB1,37336,1181,3.07,10092
CB10,9122,257,2.74,3572
CB11,8218,250,2.95,3419
CB2,22313,773,3.35,6926
CB23,19124,567,2.88,5556
CB24,18361,487,2.58,6492
CB25,9725,261,2.61,3917
CB3,6215,207,3.22,2248
CB4,21911,988,4.31,5239
CB5,4973,199,3.85,1083
CB6,20881,670,3.11,7920
CB7,13661,390,2.78,4656
CB8,17763,658,3.57,6308
CB9,16330,681,4.0,5492
CF1,23563,1564,6.22,5064
CF10,2236,87,3.75,205
CF11,4080,174,4.09,599
CF14,35096,1282,3.52,15605
CF15,8984,309,3.33,4117
CF2,30493,2008,6.18,8697
CF23,7217,310,4.12,2349
CF24,1483,68,4.38,183
CF3,18956,1097,5.47,6353
CF31,21531,946,4.21,9050
CF32,14181,667,4.49,6407
CF33,7020,366,4.96,2847
CF34,7803,468,5.66,4075
CF35,9164,319,3.36,3691
CF36,6062,313,4.91,5030
CF37,16517,933,5.35,7028
CF38,10478,392,3.61,4361
CF39,13048,656,4.79,5535
CF4,266,11,3.97,71
CF40,7780,492,5.95,3487
CF41,4563,243,5.06,2180
CF42,5064,379,6.96,2633
CF43,4250,309,6.78,2209
CF44,16954,881,4.94,8358
CF45,7602,444,5.52,3334
CF46,6548,324,4.71,3212
CF47,9675,549,5.37,3824
CF48,11036,550,4.75,4832
CF5,27247,1584,5.49,10368
CF6,44810,2229,4.74,21405
CF61,642,19,2.87,364
CF62,2618,79,2.93,490
CF63,845,24,2.76,184
CF64,472,15,3.08,174
CF7,14107,463,3.18,7078
CF72,1816,34,1.84,257
CF8,32238,1629,4.81,14142
CF82,547,12,2.15,82
CF83,6216,276,4.25,2475
CH1,18212,987,5.14,7095
CH2,15042,577,3.69,6497
CH25,160,18,10.11,27
CH26,154,4,2.53,74
CH27,270,19,6.57,81
CH28,265,10,3.64,161
CH29,102,0,0.0,185
CH3,16942,512,2.93,8568
CH30,253,6,2.32,32
CH31,123,5,3.91,127
CH32,171,9,5.0,33
CH33,147,7,4.55,52
CH34,468,21,4.29,56
CH4,16665,698,4.02,7014
CH41,9057,747,7.62,3008
CH42,13536,941,6.5,4680
CH43,14753,682,4.42,7126
CH44,11966,844,6.59,4882
CH45,12973,563,4.16,6470
CH46,10152,472,4.44,4912
CH47,4690,162,3.34,2800
CH48,6427,289,4.3,4253
CH49,12800,475,3.58,6988
CH5,20116,792,3.79,7977
CH6,8691,432,4.74,3589
CH60,5682,172,2.94,4411
CH61,6581,219,3.22,4435
CH62,14355,533,3.58,6326
CH63,12307,391,3.08,7229
CH64,7366,287,3.75,5512
CH65,13655,774,5.36,4413
CH66,15491,616,3.82,7395
CH7,23598,872,3.56,12538
CH8,8330,411,4.7,4021
CM0,8225,372,4.33,4178
CM1,36652,1439,3.78,12590
CM11,10673,365,3.31,4903
CM12,8933,311,3.36,4321
CM13,13466,476,3.41,5492
CM14,11199,484,4.14,3277
CM15,10577,405,3.69,5116
CM16,11936,504,4.05,5270
CM17,13764,546,3.82,3531
CM18,12504,689,5.22,3921
CM19,10182,599,5.56,3471
CM2,28906,1117,3.72,10921
CM20,12451,779,5.89,3172
CM21,5186,191,3.55,2103
CM22,9805,400,3.92,3320
CM23,21897,868,3.81,6566
CM24,3817,151,3.81,1180
CM3,26700,885,3.21,12308
CM4,4010,123,2.98,2308
CM5,4656,176,3.64,2122
CM6,13421,448,3.23,5029
CM7,32397,1362,4.03,11859
CM8,17292,760,4.21,6308
CM9,15960,611,3.69,7904
CO1,11252,680,5.7,2849
CO10,23525,1073,4.36,13307
CO11,6605,171,2.52,3316
CO12,9761,551,5.34,5620
CO13,4736,254,5.09,5407
CO14,2043,176,7.93,2475
CO15,15883,1373,7.96,14532
CO16,9480,583,5.79,6620
CO2,18327,870,4.53,4748
CO3,15059,506,3.25,6432
CO4,23818,1082,4.35,7149
CO5,12947,453,3.38,7677
CO6,12698,384,2.94,6758
CO7,15374,511,3.22,8718
CO8,631,25,3.81,337
CO9,12659,495,3.76,5530
CR0,83190,6170,6.9,19252
CR2,39849,1970,4.71,14048
CR3,34607,1438,3.99,12403
CR4,52339,4192,7.42,10945
CR5,773,34,4.21,90
CR6,139,8,5.44,60
CR7,1492,133,8.18,363
CR8,573,30,4.98,178
CR9,148,20,11.9,17
CT1,12304,807,6.16,4183
CT10,11395,504,4.24,8008
CT11,12914,838,6.09,5843
CT12,7693,459,5.63,3856
CT13,4182,198,4.52,2922
CT14,14773,719,4.64,9828
CT15,6852,271,3.8,3828
CT16,9831,667,6.35,4541
CT17,8005,572,6.67,2871
CT18,7732,308,3.83,4192
CT19,13283,807,5.73,5007
CT2,11896,557,4.47,5777
CT20,9677,702,6.76,4420
CT21,6612,313,4.52,5285
CT3,8743,360,3.95,3716
CT4,6222,225,3.49,3193
CT5,14207,636,4.28,9415
CT6,16736,752,4.3,10174
CT7,4730,238,4.79,4536
CT8,3583,215,5.66,2126
CT9,17579,1437,7.56,7816
CV1,11013,1487,11.9,2680
CV10,27814,1344,4.61,9799
CV11,19082,874,4.38,7974
CV12,14546,772,5.04,7423
CV13,5168,116,2.2,2941
CV2,30067,2047,6.37,9551
CV21,23133,945,3.92,6261
CV22,17167,552,3.12,7366
CV23,17123,511,2.9,6509
CV3,30954,1734,5.3,11999
CV31,17562,815,4.43,4730
CV32,15458,576,3.59,6390
CV33,10853,348,3.11,3862
CV34,17655,720,3.92,5873
CV35,12856,310,2.35,6014
CV36,5634,174,3.0,3115
CV37,20412,671,3.18,9819
CV4,13375,848,5.96,4664
CV5,21347,874,3.93,10111
CV6,39031,2629,6.31,10823
CV7,10227,452,4.23,4887
CV8,13307,436,3.17,7282
CV9,9538,396,3.99,4351
CW1,22963,1162,4.82,8030
CW10,8661,321,3.57,3410
CW11,13620,389,2.78,6024
CW12,16425,487,2.88,8061
CW2,21092,828,3.78,8244
CW3,5158,148,2.79,3149
CW4,4416,112,2.47,2894
CW5,14611,498,3.3,7353
CW6,6126,158,2.51,3615
CW7,16032,704,4.21,5669
CW8,19177,670,3.38,8801
CW9,16687,585,3.39,7001
DA1,33736,1676,4.73,8045
DA10,5968,308,4.91,901
DA11,19889,1260,5.96,5800
DA12,21558,1323,5.78,7451
DA13,6886,221,3.11,3751
DA14,11744,645,5.21,4995
DA15,14488,584,3.87,5470
DA16,19007,992,4.96,6226
DA17,10501,644,5.78,2927
DA18,2459,224,8.35,521
DA2,11528,467,3.89,4171
DA3,7850,236,2.92,4724
DA4,3962,156,3.79,1684
DA5,9783,363,3.58,4153
DA6,5356,254,4.53,1903
DA7,15773,702,4.26,7066
DA8,15233,1140,6.96,3686
DA9,7661,314,3.94,1174
DE1,10817,914,7.79,2805
DE11,23390,858,3.54,8403
DE12,10794,374,3.35,4727
DE13,21867,707,3.13,10417
DE14,15244,911,5.64,3559
DE15,10675,456,4.1,4819
DE2,47985,2637,5.21,19376
DE21,1211,43,3.43,321
DE22,21214,935,4.22,8963
DE23,24742,1772,6.68,7669
DE24,2915,106,3.51,374
DE3,8472,269,3.08,4575
DE4,20289,627,3.0,13183
DE5,36612,1259,3.32,18144
DE55,15033,620,3.96,6267
DE56,2754,89,3.13,1364
DE6,20531,628,2.97,10322
DE65,3074,62,1.98,354
DE7,55593,2156,3.73,25191
DE72,172,1,0.58,55
DE73,2301,81,3.4,314
DE74,391,9,2.25,38
DE75,192,2,1.03,32
DH1,18744,750,3.85,10708
DH2,14749,662,4.3,7464
DH3,11277,507,4.3,6025
DH4,15933,817,4.88,7212
DH5,8295,527,5.97,4221
DH6,15389,727,4.51,6710
DH7,17994,907,4.8,8760
DH8,18301,875,4.56,8189
DH9,15544,1013,6.12,7491
DH98,97,12,11.01,54
DL1,23127,1591,6.44,9870
DL10,10063,291,2.81,5742
DL11,1945,33,1.67,1161
DL12,5564,216,3.74,3823
DL13,6183,239,3.72,3845
DL14,16327,916,5.31,8418
DL15,9076,506,5.28,4641
DL16,9504,383,3.87,4386
DL17,7471,432,5.47,4048
DL2,8792,241,2.67,4311
DL3,17285,894,4.92,8541
DL4,3634,278,7.11,1837
DL5,11541,558,4.61,5969
DL6,9024,266,2.86,4903
DL7,6483,146,2.2,3278
DL8,8322,224,2.62,5273
DL9,7575,279,3.55,1150
DN1,5754,615,9.66,1109
DN10,6811,228,3.24,3798
DN11,13492,588,4.18,6440
DN12,10545,640,5.72,4368
DN14,24629,1088,4.23,10719
DN15,17336,1082,5.87,7370
DN16,14061,743,5.02,6336
DN17,14940,763,4.86,8062
DN18,6253,243,3.74,3205
DN19,2792,69,2.41,1486
DN2,11512,661,5.43,4184
DN20,8411,339,3.87,5244
DN21,16726,1011,5.7,8449
DN22,16557,682,3.96,8753
DN3,13855,460,3.21,7273
DN31,5713,489,7.88,1990
DN32,10932,842,7.15,3649
DN33,8966,441,4.69,4260
DN34,7349,365,4.73,3131
DN35,13823,721,4.96,7446
DN36,9113,259,2.76,5791
DN37,11994,363,2.94,6910
DN38,1174,47,3.85,630
DN39,1365,50,3.53,667
DN4,22975,1361,5.59,9911
DN40,4656,250,5.1,2370
DN41,201,4,1.95,27
DN5,18797,936,4.74,8211
DN6,12681,710,5.3,5271
DN7,9333,672,6.72,4438
DN8,8220,402,4.66,3495
DN9,9165,291,3.08,4732
DT1,9657,334,3.34,6013
DT10,5324,132,2.42,3751
DT11,13561,412,2.95,7200
DT2,11479,362,3.06,6989
DT3,11378,401,3.4,7712
DT4,15703,804,4.87,8891
DT5,5508,285,4.92,2862
DT6,9103,371,3.92,7449
DT7,2330,101,4.15,2217
DT8,2385,110,4.41,1980
DT9,8312,328,3.8,6147
DY1,16917,1435,7.82,5493
DY10,18435,936,4.83,8845
DY11,14143,645,4.36,6860
DY12,5967,256,4.11,4647
DY13,9351,389,3.99,5758
DY14,4373,152,3.36,2500
DY2,13171,1088,7.63,4559
DY3,16433,784,4.55,8671
DY4,19540,1892,8.83,6383
DY5,19580,1334,6.38,7369
DY6,13598,531,3.76,8075
DY7,3257,118,3.5,2285
DY8,22281,1026,4.4,10999
DY9,11834,711,5.67,5920
E1,44744,3576,7.4,4837
E10,25535,2061,7.47,3927
E11,28875,1961,6.36,6186
E12,16797,1545,8.42,3215
E13,24050,2312,8.77,3827
E14,54039,4252,7.29,4626
E15,31060,2651,7.86,3476
E16,30546,2453,7.43,2775
E17,55174,4046,6.83,7950
E18,10828,570,5.0,2549
E1W,474,40,7.78,23
E2,24877,1976,7.36,2614
E20,4872,227,4.45,75
E3,31063,2551,7.59,3258
E4,31109,2067,6.23,9820
E5,24967,2150,7.93,3774
E6,32121,3103,8.81,5257
E7,20261,1941,8.74,3573
E8,26170,1972,7.01,3014
E9,17098,1590,8.51,2381
EC1A,1709,84,4.68,186
EC1M,1646,72,4.19,214
EC1N,1250,121,8.83,213
EC1R,3045,288,8.64,509
EC1V,9314,684,6.84,1140
EC1Y,1965,151,7.14,458
EC2A,861,22,2.49,100
EC2P,308,12,3.75,18
EC2Y,941,51,5.14,363
EC3N,201,8,3.83,3
EC4A,92,2,2.13,6
EC4Y,85,3,3.41,8
EN1,23182,1523,6.16,7051
EN10,9305,408,4.2,3481
EN11,11100,476,4.11,3942
EN2,13712,704,4.88,5039
EN3,23241,2168,8.53,5433
EN4,14488,817,5.34,4879
EN5,18814,1093,5.49,6363
EN6,13420,641,4.56,6174
EN7,10918,463,4.07,3972
EN8,17365,1012,5.51,5339
EN9,11193,603,5.11,4220
EX1,15242,565,3.57,4758
EX10,6993,253,3.49,7414
EX11,4300,127,2.87,2595
EX12,3946,141,3.45,4128
EX13,7375,321,4.17,5367
EX14,10370,301,2.82,6068
EX15,12177,302,2.42,4803
EX16,16332,549,3.25,8060
EX17,10104,302,2.9,4742
EX18,1870,67,3.46,1215
EX19,1734,50,2.8,1152
EX2,23162,739,3.09,8596
EX20,10804,358,3.21,5787
EX21,1975,58,2.85,1322
EX22,5488,217,3.8,3169
EX23,6420,320,4.75,4416
EX3,2209,57,2.52,1407
EX31,14536,474,3.16,8163
EX32,10698,421,3.79,4455
EX33,4914,152,3.0,3026
EX34,6427,357,5.26,3766
EX35,737,27,3.53,452
EX36,4228,153,3.49,2470
EX37,1268,35,2.69,697
EX38,4045,148,3.53,2349
EX39,15989,725,4.34,10179
EX4,21614,888,3.95,7758
EX5,11109,315,2.76,4221
EX6,6968,197,2.75,3896
EX7,5869,240,3.93,4309
EX8,16263,628,3.72,10630
EX9,2346,71,2.94,2780
FY0,105,7,6.25,56
FY1,14223,1742,10.91,5335
FY2,10455,611,5.52,5845
FY3,13748,863,5.91,5306
FY4,18908,1172,5.84,9826
FY5,18231,773,4.07,12982
FY6,12216,409,3.24,9136
FY7,9677,801,7.64,5734
FY8,17409,797,4.38,14090
GL1,19929,1138,5.4,5522
GL10,8810,253,2.79,3640
GL11,9713,309,3.08,4697
GL12,7292,173,2.32,2993
GL13,2846,95,3.23,1265
GL14,7668,333,4.16,3651
GL15,10677,450,4.04,5595
GL16,6038,243,3.87,3484
GL17,5949,198,3.22,3242
GL18,4316,149,3.34,2314
GL19,4943,134,2.64,2673
GL2,30123,859,2.77,9541
GL20,14164,445,3.05,6470
GL3,16933,547,3.13,7119
GL4,21614,833,3.71,8452
GL5,15993,560,3.38,6902
GL50,14268,617,4.15,4835
GL51,23718,922,3.74,9374
GL52,24008,824,3.32,9739
GL53,8258,213,2.51,4139
GL54,12106,354,2.84,6415
GL55,2671,81,2.94,1811
GL56,4396,147,3.24,2354
GL6,10216,316,3.0,5660
GL7,22283,742,3.22,10741
GL8,4565,119,2.54,2100
GL9,853,13,1.5,387
GU1,17580,720,3.93,5060
GU10,14844,448,2.93,6702
GU11,15446,649,4.03,3657
GU12,15991,563,3.4,4752
GU13,18299,640,3.38,7491
GU14,29609,1238,4.01,8660
GU15,25123,1103,4.21,8737
GU16,10982,383,3.37,4008
GU17,16758,595,3.43,7215
GU18,3616,106,2.85,1727
GU19,3057,118,3.72,1142
GU2,14043,610,4.16,3964
GU20,2097,71,3.27,959
GU21,26402,1123,4.08,7900
GU22,18237,769,4.05,5868
GU23,3606,118,3.17,1679
GU24,9162,318,3.35,2719
GU25,3071,118,3.7,1274
GU26,4028,136,3.27,2086
GU27,9039,374,3.97,3675
GU28,3126,95,2.95,1826
GU29,4435,148,3.23,2561
GU3,4142,131,3.07,2156
GU30,4636,169,3.52,2123
GU31,6460,225,3.37,3418
GU32,5356,215,3.86,2217
GU33,3865,101,2.55,1953
GU34,16199,555,3.31,7433
GU35,11598,415,3.45,3675
GU4,6575,201,2.97,2544
GU47,109,5,4.39,14
GU5,5180,136,2.56,2429
GU51,3283,104,3.07,360
GU52,856,28,3.17,32
GU6,6787,201,2.88,4021
GU7,12153,417,3.32,4161
GU8,7633,229,2.91,3349
GU9,12947,473,3.52,5180
HA0,28023,1918,6.41,5929
HA1,23192,1537,6.22,4831
HA2,28144,1907,6.35,7568
HA3,36094,2173,5.68,11000
HA4,27101,1304,4.59,8941
HA5,20873,1009,4.61,8388
HA6,10904,447,3.94,4162
HA7,17770,998,5.32,5901
HA8,32769,2164,6.19,8277
HA9,25848,1941,6.98,5288
HD1,12907,1242,8.78,4369
HD2,11257,789,6.55,4300
HD3,15149,600,3.81,6028
HD4,10920,657,5.68,5013
HD5,12575,706,5.32,5706
HD6,12299,527,4.11,6263
HD7,26446,874,3.2,12283
HD8,15255,454,2.89,8029
HD9,148,3,1.99,45
HG1,19014,697,3.54,7551
HG2,14613,435,2.89,6904
HG3,13793,357,2.52,6499
HG4,11913,349,2.85,6244
HG5,8920,257,2.8,5021
HP1,14883,605,3.91,4646
HP10,11490,394,3.32,4729
HP11,10074,566,5.32,1991
HP12,10093,608,5.68,2355
HP13,20692,1134,5.2,5092
HP14,10412,365,3.39,4024
HP15,7564,224,2.88,3866
HP16,6038,205,3.28,2896
HP17,12603,413,3.17,6099
HP18,12295,421,3.31,3150
HP19,14308,645,4.31,3017
HP2,20103,979,4.64,6028
HP20,7797,325,4.0,2099
HP21,16461,670,3.91,4794
HP22,14522,427,2.86,5422
HP23,9359,322,3.33,3858
HP3,16811,772,4.39,5017
HP4,11547,392,3.28,4907
HP5,12741,581,4.36,4398
HP6,7546,262,3.36,3212
HP7,4505,164,3.51,1921
HP8,3163,91,2.8,1508
HP9,7573,277,3.53,3436
HR1,17659,631,3.45,8318
HR2,18591,732,3.79,7529
HR3,3946,109,2.69,2380
HR4,14052,479,3.3,6374
HR5,2945,91,3.0,1742
HR6,8845,338,3.68,4904
HR7,3938,161,3.93,2403
HR8,6493,236,3.51,4092
HR9,8758,348,3.82,5473
HU1,3309,378,10.25,738
HU10,9423,297,3.06,5612
HU11,7720,287,3.58,5163
HU12,11072,409,3.56,6800
HU13,7525,275,3.53,3162
HU14,4139,78,1.85,2361
HU15,11730,314,2.61,5212
HU16,7003,245,3.38,4813
HU17,19061,633,3.21,10634
HU18,2944,142,4.6,2795
HU19,2278,197,7.96,2010
HU2,1460,186,11.3,438
HU20,124,7,5.34,103
HU3,12735,1360,9.65,3022
HU4,10364,621,5.65,4547
HU5,22675,1390,5.78,7297
HU6,12399,1184,8.72,4690
HU7,21626,1332,5.8,6671
HU8,15621,965,5.82,6248
HU9,15929,1390,8.03,5783
HX1,11768,1108,8.61,4144
HX2,16123,815,4.81,6947
HX3,18188,812,4.27,8229
HX4,5263,155,2.86,2130
HX5,3861,195,4.81,1561
HX6,8771,416,4.53,3166
HX7,5882,256,4.17,2750
IG1,29793,2444,7.58,5857
IG10,16535,891,5.11,5225
IG11,27623,2424,8.07,3915
IG2,15830,1033,6.13,3745
IG3,14502,1208,7.69,3238
IG4,4595,297,6.07,1292
IG5,7765,458,5.57,2471
IG6,14297,928,6.1,3708
IG7,10358,541,4.96,3176
IG8,16942,969,5.41,5348
IG9,6151,269,4.19,1979
IP1,20535,1177,5.42,6859
IP10,5535,165,2.89,2713
IP11,10315,452,4.2,7042
IP12,11564,547,4.52,7106
IP13,8966,280,3.03,5199
IP14,21354,679,3.08,9710
IP15,1116,36,3.12,1120
IP16,2823,141,4.76,1855
IP17,5024,173,3.33,3633
IP18,1404,70,4.75,1659
IP19,4021,154,3.69,3156
IP2,14088,864,5.78,5401
IP20,3860,149,3.72,2425
IP21,5535,162,2.84,3566
IP22,10441,342,3.17,5970
IP23,2895,97,3.24,1801
IP24,15173,615,3.9,4814
IP25,9638,388,3.87,5633
IP26,4651,155,3.23,2371
IP27,9429,279,2.87,3632
IP28,15479,489,3.06,4928
IP29,4192,124,2.87,2485
IP3,17323,798,4.4,5878
IP30,6868,218,3.08,3609
IP31,9137,248,2.64,4971
IP32,9293,320,3.33,2713
IP33,9745,388,3.83,5600
IP4,17357,705,3.9,6233
IP5,8196,220,2.61,3946
IP6,8237,177,2.1,3987
IP7,7310,249,3.29,3961
IP8,4979,144,2.81,2149
IP9,5042,115,2.23,3156
KT1,12713,784,5.81,2776
KT10,10975,408,3.58,4275
KT11,7380,302,3.93,3245
KT12,20157,865,4.11,6398
KT13,10522,453,4.13,3573
KT14,6694,257,3.7,2277
KT15,14824,560,3.64,4988
KT16,9818,452,4.4,3463
KT17,14603,576,3.79,5449
KT18,9445,307,3.15,3793
KT19,18227,725,3.83,5848
KT2,15740,779,4.72,4203
KT20,8988,307,3.3,4372
KT21,6502,200,2.98,3247
KT22,11361,451,3.82,4664
KT23,4516,174,3.71,2760
KT24,3565,115,3.12,1915
KT3,19317,982,4.84,5771
KT4,14032,655,4.46,4677
KT5,10845,503,4.43,3121
KT6,16732,731,4.19,3675
KT7,4467,164,3.54,1411
KT8,10161,431,4.07,3455
KT9,10142,438,4.14,2935
L1,6035,389,6.06,594
L10,7535,300,3.83,3076
L11,12920,964,6.94,4233
L12,14787,720,4.64,5925
L13,13741,1090,7.35,4702
L14,12076,724,5.66,4155
L15,12073,847,6.56,3711
L16,6755,213,3.06,3165
L17,11908,642,5.12,4104
L18,11383,403,3.42,4976
L19,10126,522,4.9,3910
L2,1859,102,5.2,91
L20,15678,1355,7.96,5407
L21,10328,688,6.25,3630
L22,7250,391,5.12,2790
L23,13270,459,3.34,6935
L24,7386,540,6.81,2382
L25,14135,657,4.44,7694
L26,6693,375,5.31,2415
L27,2279,196,7.92,1030
L28,2143,201,8.58,879
L3,6042,468,7.19,1201
L30,8742,546,5.88,3340
L31,14419,506,3.39,7797
L32,9181,583,5.97,3163
L33,7480,506,6.34,2028
L34,7911,358,4.33,2990
L35,13637,601,4.22,6602
L36,16623,1005,5.7,6043
L37,9648,321,3.22,7238
L38,977,30,2.98,750
L39,11876,359,2.93,7071
L4,16142,1524,8.63,5709
L40,9338,274,2.85,4935
L5,3773,398,9.54,1641
L6,7608,883,10.4,2329
L67,88,20,18.52,7
L68,286,12,4.03,50
L69,1958,210,9.69,394
L7,4827,518,9.69,1232
L70,33,3,8.33,15
L8,9106,1151,11.22,2394
L9,12408,836,6.31,3962
LA1,23209,948,3.92,7944
LA10,1754,39,2.18,1001
LA11,4927,139,2.74,3974
LA12,9597,278,2.82,5578
LA13,10057,332,3.2,4820
LA14,14874,789,5.04,7239
LA15,3567,137,3.7,1581
LA16,1601,36,2.2,739
LA17,536,18,3.25,376
LA18,3624,150,3.97,2085
LA19,345,6,1.71,190
LA2,10375,177,1.68,5882
LA20,535,20,3.6,319
LA21,694,10,1.42,363
LA22,2492,58,2.27,1207
LA23,3772,115,2.96,2081
LA3,11060,537,4.63,5326
LA4,9890,550,5.27,6321
LA5,7420,169,2.23,5225
LA6,5279,133,2.46,3270
LA7,2082,48,2.25,1430
LA8,4150,82,1.94,2340
LA9,14978,394,2.56,7375
LD1,5439,225,3.97,3438
LD2,2598,69,2.59,1413
LD3,8773,261,2.89,4499
LD4,329,10,2.95,213
LD5,331,15,4.34,244
LD6,1180,29,2.4,719
LD7,2170,69,3.08,1256
LD8,1406,55,3.76,1149
LE1,6956,655,8.61,917
LE10,26373,902,3.31,11103
LE11,24663,1239,4.78,9589
LE12,34096,975,2.78,14720
LE13,13681,491,3.46,6093
LE14,9250,260,2.73,4391
LE15,16430,509,3.0,8567
LE16,18931,554,2.84,8760
LE17,11453,319,2.71,4963
LE18,15578,704,4.32,7315
LE19,9724,290,2.9,3461
LE2,49905,3204,6.03,16066
LE3,48860,2955,5.7,14413
LE4,46333,2841,5.78,15304
LE5,38502,2486,6.07,10500
LE55,291,4,1.36,83
LE6,40451,1346,3.22,18186
LE65,467,6,1.27,58
LE67,3255,93,2.78,780
LE7,23548,660,2.73,10188
LE8,19280,585,2.94,8629
LE9,26953,809,2.91,11576
LL11,21256,821,3.72,8534
LL12,11261,430,3.68,6449
LL13,13976,741,5.03,5501
LL14,14781,720,4.64,6408
LL15,5297,165,3.02,2677
LL16,7023,198,2.74,3449
LL17,2659,81,2.96,1419
LL18,16045,1097,6.4,8999
LL19,7598,416,5.19,5340
LL20,3188,124,3.74,1786
LL21,3053,80,2.55,1445
LL22,7619,406,5.06,5525
LL23,1762,52,2.87,756
LL24,1212,35,2.81,501
LL25,205,14,6.39,113
LL26,2001,64,3.1,966
LL27,291,14,4.59,150
LL28,5754,273,4.53,4534
LL29,7693,533,6.48,3478
LL30,8582,544,5.96,6567
LL31,4136,209,4.81,2153
LL32,2736,107,3.76,1616
LL33,1908,89,4.46,1037
LL34,1831,97,5.03,946
LL35,405,18,4.26,337
LL36,1667,68,3.92,1349
LL37,276,13,4.5,227
LL38,206,18,8.04,295
LL39,127,9,6.62,93
LL40,1909,73,3.68,1133
LL41,2599,161,5.83,1285
LL42,883,77,8.02,529
LL43,189,13,6.44,169
LL44,274,8,2.84,278
LL45,359,24,6.27,320
LL46,727,41,5.34,613
LL48,1280,47,3.54,711
LL49,1596,89,5.28,1025
LL51,574,23,3.85,285
LL52,1166,33,2.75,977
LL53,6899,276,3.85,3719
LL54,5229,219,4.02,2661
LL55,9648,454,4.49,4059
LL56,1182,46,3.75,406
LL57,9338,632,6.34,3402
LL58,1498,78,4.95,1269
LL59,2369,76,3.11,1341
LL60,1573,42,2.6,685
LL61,2247,102,4.34,1576
LL62,1168,45,3.71,714
LL63,642,35,5.17,475
LL64,261,12,4.4,160
LL65,9891,646,6.13,5227
LL66,780,42,5.11,552
LL67,328,26,7.34,299
LL68,1950,136,6.52,1384
LL69,131,8,5.76,79
LL70,130,7,5.11,116
LL71,871,37,4.07,469
LL72,202,10,4.72,211
LL73,217,12,5.24,140
LL74,859,24,2.72,1009
LL75,589,28,4.54,408
LL76,170,5,2.86,125
LL77,2657,118,4.25,1214
LN1,14139,607,4.12,6230
LN10,2874,80,2.71,2800
LN11,12911,591,4.38,8351
LN12,3716,401,9.74,5976
LN13,3086,166,5.1,2606
LN2,19217,974,4.82,7924
LN3,7413,238,3.11,4466
LN4,19232,631,3.18,9951
LN5,16234,667,3.95,5858
LN6,28461,1005,3.41,12171
LN7,2971,105,3.41,1761
LN8,3370,142,4.04,2210
LN9,3856,162,4.03,2507
LS1,6021,328,5.17,602
LS10,18090,1238,6.41,4479
LS11,16344,1472,8.26,3518
LS12,19923,1649,7.64,5613
LS13,18418,1030,5.3,5429
LS14,17774,1154,6.1,5888
LS15,15927,692,4.16,8061
LS16,18251,777,4.08,8030
LS17,20346,841,3.97,8868
LS18,10550,330,3.03,4001
LS19,9617,333,3.35,4235
LS2,2871,232,7.48,186
LS20,6169,163,2.57,2969
LS21,8391,262,3.03,4537
LS22,7174,224,3.03,4892
LS23,4200,115,2.67,2409
LS24,6426,192,2.9,2805
LS25,21354,678,3.08,10023
LS26,15120,591,3.76,6590
LS27,18894,736,3.75,6574
LS28,19058,644,3.27,7115
LS29,14343,432,2.92,8735
LS3,471,66,12.29,89
LS4,4462,292,6.14,743
LS5,3555,219,5.8,755
LS6,14589,930,5.99,3250
LS7,13722,1065,7.2,3123
LS8,20851,1570,7.0,5835
LS9,15770,1692,9.69,3364
LU1,20698,2206,9.63,4361
LU2,30543,1803,5.57,8472
LU3,26478,1859,6.56,8131
LU4,21728,1624,6.95,5654
LU5,21234,1007,4.53,6417
LU6,15657,593,3.65,6301
LU7,30757,1030,3.24,10890
M1,7595,472,5.85,456
M10,19790,1695,7.89,5801
M11,9256,898,8.84,1967
M12,7577,921,10.84,1390
M13,6948,812,10.46,1167
M14,15015,1706,10.2,2894
M15,11271,830,6.86,859
M16,16128,1292,7.42,3311
M17,1194,73,5.76,241
M18,9053,1038,10.29,2224
M19,15469,1174,7.05,3633
M2,215,8,3.59,8
M20,24739,1179,4.55,5254
M21,14735,660,4.29,3232
M22,18873,1538,7.54,5463
M23,14627,1009,6.45,4263
M24,23596,1424,5.69,8784
M25,25747,1223,4.53,8817
M26,15795,835,5.02,5329
M27,20627,1083,4.99,7481
M28,26259,1415,5.11,9698
M29,21230,1042,4.68,8658
M3,10577,685,6.08,542
M30,27608,1659,5.67,8399
M31,23035,924,3.86,9843
M32,12962,667,4.89,3588
M33,28548,1127,3.8,10997
M34,22527,1119,4.73,9468
M35,20671,1103,5.07,7839
M4,11096,495,4.27,370
M40,456,66,12.64,96
M41,84,8,8.7,47
M43,289,9,3.02,180
M44,648,16,2.41,50
M46,798,23,2.8,42
M5,13210,934,6.6,1837
M50,2193,112,4.86,76
M6,12698,1005,7.33,3837
M7,12787,1216,8.68,2718
M8,10505,1069,9.24,2361
M9,14785,1433,8.84,4252
ME1,17560,905,4.9,5612
ME10,25118,1136,4.33,8520
ME11,2132,161,7.02,802
ME12,16994,1221,6.7,7765
ME13,13494,603,4.28,6338
ME14,19323,835,4.14,6792
ME15,25463,1153,4.33,9037
ME16,16429,654,3.83,5761
ME17,12324,346,2.73,5431
ME18,3651,116,3.08,1744
ME19,12867,369,2.79,4319
ME2,20218,950,4.49,6482
ME20,10150,316,3.02,4066
ME3,13941,567,3.91,5616
ME4,14910,1115,6.96,3361
ME5,25286,1097,4.16,8474
ME6,5512,198,3.47,1624
ME7,22919,1409,5.79,6424
ME8,22928,927,3.89,10732
ME9,9910,337,3.29,4032
MK1,5374,324,5.69,1620
MK10,13006,548,4.04,993
MK11,5730,252,4.21,1945
MK12,8496,499,5.55,2259
MK13,7944,481,5.71,2396
MK14,9282,565,5.74,2842
MK15,3310,153,4.42,1551
MK16,9880,359,3.51,4383
MK17,10822,348,3.12,4315
MK18,16525,489,2.87,6424
MK19,6324,183,2.81,2238
MK2,6070,425,6.54,1788
MK3,12033,597,4.73,4238
MK4,12821,581,4.34,2060
MK40,20417,1270,5.86,5352
MK41,19865,872,4.21,8144
MK42,27239,1388,4.85,6319
MK43,20433,645,3.06,6997
MK44,8087,249,2.99,3991
MK45,24342,730,2.91,9652
MK46,4188,117,2.72,2123
MK5,7586,339,4.28,2031
MK6,11360,895,7.3,2721
MK7,7608,323,4.07,1538
MK8,6297,257,3.92,1175
MK9,2287,139,5.73,138
N1,47819,3324,6.5,6840
N10,14518,885,5.75,3284
N11,17081,1132,6.22,4101
N12,15638,972,5.85,4454
N13,17575,1362,7.19,4866
N14,13276,793,5.64,4436
N15,25915,2472,8.71,3841
N16,30586,2055,6.3,3971
N17,29198,3038,9.42,5270
N18,13289,1359,9.28,2855
N19,20424,1513,6.9,3542
N1C,539,56,9.41,89
N2,12485,784,5.91,3327
N20,8146,434,5.06,2657
N21,10032,504,4.78,3586
N22,20110,1731,7.93,3678
N3,12674,854,6.31,3398
N4,29456,2179,6.89,3776
N5,13794,763,5.24,1812
N6,9484,473,4.75,2293
N7,23669,1986,7.74,3375
N8,20157,1227,5.74,3451
N9,18228,1732,8.68,4929
NE1,5128,460,8.23,853
NE10,15713,1022,6.11,7279
NE11,7635,394,4.91,3165
NE12,18383,800,4.17,7583
NE13,11305,319,2.74,4337
NE15,15771,864,5.19,7017
NE16,10600,448,4.06,6447
NE17,2055,129,5.91,1069
NE18,443,18,3.9,193
NE19,2042,48,2.3,1053
NE2,8161,374,4.38,2988
NE20,4703,130,2.69,3482
NE21,8176,412,4.8,3856
NE22,8943,461,4.9,4539
NE23,17863,981,5.21,9200
NE24,16879,1126,6.25,7891
NE25,14477,552,3.67,7908
NE26,7663,274,3.45,4401
NE27,7932,317,3.84,2102
NE28,20909,1417,6.35,8313
NE29,15983,1104,6.46,7090
NE3,21560,1035,4.58,9832
NE30,8841,317,3.46,5050
NE31,11135,680,5.76,3998
NE32,9292,720,7.19,4712
NE33,11946,1144,8.74,5654
NE34,19424,1646,7.81,10049
NE35,3058,196,6.02,1381
NE36,2981,117,3.78,1708
NE37,8933,635,6.64,4297
NE38,12815,635,4.72,7025
NE39,3400,172,4.82,2100
NE4,12134,1469,10.8,3011
NE40,6830,339,4.73,3428
NE41,792,38,4.58,524
NE42,5422,212,3.76,2742
NE43,2035,63,3.0,1361
NE44,679,18,2.58,492
NE45,1224,38,3.01,1101
NE46,6478,245,3.64,4331
NE47,3233,108,3.23,1890
NE48,1315,35,2.59,779
NE49,1465,58,3.81,880
NE5,19436,1208,5.85,9011
NE6,20555,1699,7.63,6693
NE61,15465,663,4.11,9489
NE62,3566,247,6.48,2127
NE63,11601,882,7.07,5470
NE64,1877,162,7.95,1352
NE65,8347,395,4.52,6102
NE66,7457,370,4.73,4928
NE67,378,12,3.08,363
NE68,700,21,2.91,597
NE69,114,6,5.0,151
NE7,6906,260,3.63,2676
NE70,849,53,5.88,612
NE71,1109,51,4.4,950
NE8,13394,1126,7.75,3365
NE9,14759,848,5.43,7210
NG1,5133,388,7.03,731
NG10,23226,919,3.81,9104
NG11,17923,827,4.41,7537
NG12,17414,572,3.18,9493
NG13,10312,310,2.92,5418
NG14,9289,363,3.76,5406
NG15,21915,957,4.18,9313
NG16,28365,1143,3.87,14294
NG17,33528,1633,4.64,14653
NG18,23476,1111,4.52,8656
NG19,22543,869,3.71,10676
NG2,26484,1343,4.83,7775
NG20,12616,514,3.91,5159
NG21,11354,383,3.26,4706
NG22,13255,456,3.33,6748
NG23,8098,227,2.73,4873
NG24,21873,903,3.96,9265
NG25,3236,119,3.55,2425
NG3,23341,1493,6.01,7547
NG31,22752,1147,4.8,9239
NG32,5101,157,2.99,3338
NG33,4587,134,2.84,2326
NG34,19804,707,3.45,9823
NG4,18822,811,4.13,7203
NG5,39501,2306,5.52,14947
NG6,15864,1226,7.17,5521
NG7,15276,1489,8.88,3055
NG8,24914,1709,6.42,8962
NG9,32152,1366,4.08,14229
NN1,19077,1087,5.39,3223
NN10,20290,761,3.62,7576
NN11,21263,766,3.48,7793
NN12,13803,431,3.03,5331
NN13,12194,299,2.39,3795
NN14,24076,657,2.66,9962
NN15,21049,734,3.37,7970
NN16,14286,691,4.61,3943
NN17,17397,580,3.23,5181
NN18,19469,808,3.98,4418
NN2,20289,928,4.37,6647
NN29,5875,149,2.47,2733
NN3,35288,1635,4.43,12257
NN4,27478,930,3.27,6589
NN5,21780,1003,4.4,6467
NN6,17725,470,2.58,7828
NN7,13375,443,3.21,6237
NN8,26319,1312,4.75,8378
NN9,13317,461,3.35,5363
NP1,25684,1158,4.31,11581
NP10,4576,146,3.09,839
NP11,528,22,4.0,120
NP12,13609,616,4.33,6412
NP13,8002,461,5.45,3603
NP15,5080,136,2.61,3031
NP16,10676,402,3.63,5125
NP18,8182,307,3.62,4201
NP19,24758,1524,5.8,7575
NP2,10173,594,5.52,4755
NP20,22477,1400,5.86,8879
NP23,13376,784,5.54,6088
NP25,6351,249,3.77,3778
NP26,10974,360,3.18,5112
NP3,182,9,4.71,81
NP4,19987,974,4.65,9859
NP44,20311,1054,4.93,9099
NP7,11041,414,3.61,6799
NP8,1853,64,3.34,1452
NR1,15266,985,6.06,5106
NR10,12554,408,3.15,5928
NR11,8405,322,3.69,6361
NR12,8955,422,4.5,6951
NR13,13964,412,2.87,7749
NR14,12968,373,2.8,6796
NR15,7813,241,2.99,4097
NR16,5858,198,3.27,2943
NR17,8278,259,3.03,3924
NR18,9848,283,2.79,4317
NR19,9715,401,3.96,5057
NR2,13389,723,5.12,4163
NR20,9123,271,2.88,5559
NR21,7236,273,3.64,4541
NR22,235,10,4.08,167
NR23,1323,53,3.85,1061
NR24,1898,57,2.92,1204
NR25,2819,127,4.31,3251
NR26,2785,112,3.87,3291
NR27,4133,193,4.46,4206
NR28,6643,316,4.54,4603
NR29,8821,433,4.68,6580
NR3,16240,964,5.6,4196
NR30,11872,1190,9.11,6251
NR31,20939,1387,6.21,11246
NR32,16010,1048,6.14,9517
NR33,16279,913,5.31,10453
NR34,9054,374,3.97,5917
NR35,4476,184,3.95,2892
NR4,8934,336,3.62,4783
NR5,13076,662,4.82,4653
NR6,10747,375,3.37,5527
NR7,14491,532,3.54,7170
NR8,10462,296,2.75,4266
NR9,8026,221,2.68,4360
NW1,27187,2368,8.01,5295
NW10,45395,4496,9.01,8896
NW11,15929,842,5.02,4004
NW2,30802,2464,7.41,6405
NW3,27128,1380,4.84,5630
NW4,15892,1141,6.7,3189
NW5,11242,868,7.17,2218
NW6,32948,2481,7.0,5137
NW7,12551,624,4.74,3201
NW8,12584,998,7.35,3277
NW9,33899,2539,6.97,6658
OL1,11510,1057,8.41,3270
OL10,12709,735,5.47,4805
OL11,20083,1512,7.0,8135
OL12,19404,1130,5.5,7598
OL13,7252,348,4.58,2775
OL14,7180,359,4.76,3195
OL15,7194,255,3.42,3301
OL16,13424,848,5.94,4385
OL2,17856,860,4.59,9061
OL3,7283,240,3.19,3941
OL4,17936,1156,6.05,6540
OL5,5857,276,4.5,1978
OL6,13105,949,6.75,4749
OL7,6468,389,5.67,2668
OL8,15345,1579,9.33,4376
OL9,13977,1111,7.36,5073
OX1,9241,324,3.39,2990
OX10,14830,423,2.77,5666
OX11,25191,759,2.92,5894
OX12,15309,456,2.89,5945
OX13,8898,266,2.9,2905
OX14,21522,689,3.1,8101
OX15,11170,296,2.58,4630
OX16,26818,1113,3.98,7486
OX17,7432,192,2.52,3430
OX18,15365,408,2.59,4481
OX2,17726,629,3.43,6333
OX20,3522,111,3.06,1371
OX25,7624,221,2.82,1983
OX26,20176,664,3.19,4898
OX27,3708,98,2.57,981
OX28,14964,433,2.81,5730
OX29,11872,341,2.79,5215
OX3,22523,910,3.88,5723
OX33,3522,117,3.22,1601
OX39,4227,137,3.14,1639
OX4,29864,1480,4.72,6213
OX44,3865,78,1.98,1622
OX49,2212,73,3.19,912
OX5,11697,365,3.03,4858
OX7,10347,297,2.79,4999
OX9,7691,237,2.99,3115
PE1,24832,1773,6.66,5576
PE10,12171,375,2.99,5654
PE11,23511,881,3.61,9815
PE12,18726,800,4.1,10967
PE13,17543,897,4.86,8216
PE14,10376,367,3.42,5592
PE15,13917,600,4.13,7223
PE16,5434,170,3.03,2157
PE17,31493,981,3.02,13434
PE18,27157,930,3.31,10278
PE19,20581,721,3.38,7837
PE2,26171,1277,4.65,7729
PE20,7321,298,3.91,3562
PE21,22381,994,4.25,8013
PE22,6477,269,3.99,4409
PE23,3434,185,5.11,2493
PE24,3891,327,7.75,3961
PE25,8047,838,9.43,5935
PE27,138,5,3.5,19
PE28,1293,36,2.71,91
PE29,868,20,2.25,38
PE3,14355,935,6.12,5018
PE30,22826,1038,4.35,8497
PE31,7552,321,4.08,7574
PE32,6732,256,3.66,4294
PE33,7203,228,3.07,3537
PE34,5854,210,3.46,3217
PE36,1786,109,5.75,2346
PE37,4411,228,4.91,3694
PE38,6296,303,4.59,4150
PE4,14011,651,4.44,5358
PE5,605,24,3.82,370
PE6,18264,606,3.21,8920
PE7,23237,903,3.74,7448
PE8,8066,245,2.95,3740
PE9,14562,526,3.49,7115
PL1,13254,972,6.83,4267
PL10,1605,66,3.95,1212
PL11,4366,180,3.96,2611
PL12,9877,280,2.76,6172
PL13,4365,207,4.53,3564
PL14,10614,459,4.15,6081
PL15,10074,320,3.08,5360
PL16,397,16,3.87,206
PL17,4336,150,3.34,2852
PL18,2284,95,3.99,1397
PL19,6563,229,3.37,4654
PL2,15227,778,4.86,4785
PL20,5486,202,3.55,3834
PL21,10198,272,2.6,4590
PL22,1869,59,3.06,1196
PL23,1347,44,3.16,1058
PL24,4757,201,4.05,2832
PL25,12529,593,4.52,6926
PL26,12653,528,4.01,6603
PL27,5649,180,3.09,3321
PL28,1745,70,3.86,1119
PL29,728,23,3.06,433
PL3,14102,556,3.79,5625
PL30,4544,163,3.46,2814
PL31,6692,332,4.73,2714
PL32,1716,110,6.02,938
PL33,892,39,4.19,474
PL34,631,39,5.82,457
PL35,289,19,6.17,244
PL4,12173,818,6.3,2842
PL5,19492,970,4.74,7873
PL6,18250,555,2.95,9424
PL7,15348,393,2.5,7303
PL8,2093,76,3.5,1712
PL9,12696,339,2.6,7884
PO1,11949,986,7.62,3903
PO10,9375,285,2.95,5737
PO11,6748,336,4.74,6253
PO12,21784,1079,4.72,9846
PO13,16214,730,4.31,7501
PO14,17218,469,2.65,9658
PO15,11953,395,3.2,4256
PO16,14834,484,3.16,8056
PO17,3868,144,3.59,1804
PO18,7611,300,3.79,4109
PO19,14111,585,3.98,7402
PO2,20829,1108,5.05,5557
PO20,14767,621,4.04,9854
PO21,19957,903,4.33,11732
PO22,12664,452,3.45,7853
PO3,9840,387,3.78,3032
PO30,14176,706,4.74,7513
PO31,6523,293,4.3,3501
PO32,3663,183,4.76,2182
PO33,12733,816,6.02,8307
PO34,654,29,4.25,791
PO35,1072,61,5.38,1524
PO36,6773,399,5.56,5360
PO37,3407,222,6.12,2866
PO38,4438,258,5.49,3866
PO39,1168,57,4.65,1328
PO4,19789,938,4.53,6133
PO40,1698,99,5.51,1800
PO41,547,22,3.87,707
PO5,10467,749,6.68,3322
PO6,20013,854,4.09,7557
PO7,21056,730,3.35,9904
PO8,16246,548,3.26,8325
PO9,22429,1237,5.23,8971
PR0,194,19,8.92,39
PR1,31023,1835,5.58,10293
PR11,141,5,3.42,59
PR2,34963,1319,3.64,13892
PR25,17386,564,3.14,7273
PR26,6111,255,4.01,2605
PR3,18509,416,2.2,10481
PR4,29503,824,2.72,14616
PR5,18999,685,3.48,8075
PR6,17981,609,3.28,7585
PR7,29190,932,3.09,11839
PR8,24726,1215,4.68,13783
PR9,17946,834,4.44,10980
RG1,27469,1533,5.29,3676
RG10,9811,311,3.07,4019
RG11,38782,1269,3.17,15029
RG12,44676,1945,4.17,10984
RG13,21703,801,3.56,6994
RG14,14583,525,3.47,4898
RG15,8480,248,2.84,3791
RG16,9597,274,2.78,3648
RG17,3501,137,3.77,1560
RG18,555,10,1.77,97
RG19,888,30,3.27,125
RG2,22850,1247,5.17,4412
RG21,17333,792,4.37,4444
RG22,21380,891,4.0,6580
RG23,6203,211,3.29,2847
RG24,21638,810,3.61,5021
RG25,7815,230,2.86,3273
RG26,11640,365,3.04,4711
RG27,10632,344,3.13,3954
RG28,3502,83,2.32,1326
RG3,39046,1793,4.39,11843
RG30,294,13,4.23,15
RG31,196,5,2.49,76
RG4,20491,787,3.7,7911
RG40,1275,42,3.19,69
RG41,573,14,2.39,10
RG42,2071,61,2.86,607
RG5,13588,527,3.73,5188
RG6,16995,673,3.81,5022
RG7,15216,451,2.88,5261
RG8,7264,257,3.42,3667
RG9,9836,385,3.77,4606
RH1,27629,1128,3.92,7442
RH10,39411,2307,5.53,11561
RH11,26906,2148,7.39,6651
RH12,26938,1001,3.58,10120
RH13,19459,656,3.26,7584
RH14,7835,259,3.2,3174
RH15,17410,568,3.16,6697
RH16,20056,683,3.29,7498
RH17,8200,227,2.69,3291
RH18,2650,109,3.95,1143
RH19,16942,590,3.37,7134
RH2,11603,420,3.49,4192
RH20,11157,378,3.28,7421
RH3,2182,73,3.24,1092
RH4,8604,312,3.5,3549
RH5,6485,231,3.44,2763
RH6,17494,735,4.03,5594
RH7,4318,147,3.29,1756
RH8,7175,260,3.5,3134
RH9,2163,107,4.71,811
RM1,14393,804,5.29,4304
RM10,18943,1607,7.82,4082
RM11,17344,754,4.17,6977
RM12,16588,823,4.73,7007
RM13,14441,976,6.33,4775
RM14,12289,429,3.37,6409
RM15,14880,875,5.55,3554
RM16,29438,1462,4.73,7106
RM17,13727,780,5.38,3274
RM18,8442,602,6.66,1686
RM19,331,19,5.43,12
RM2,6010,279,4.44,2277
RM3,21045,1333,5.96,5906
RM4,1748,68,3.74,721
RM5,9681,614,5.96,3606
RM6,15548,1171,7.0,3565
RM7,12866,904,6.56,3547
RM8,19679,1545,7.28,3488
RM9,15031,1355,8.27,3152
S1,6362,461,6.76,1089
S10,18931,740,3.76,8072
S11,15975,517,3.13,6273
S12,17133,769,4.3,8292
S13,14185,735,4.93,6031
S14,3503,386,9.93,1478
S17,7054,206,2.84,4447
S18,10731,344,3.11,7097
S19,13661,600,4.21,6338
S2,16227,1307,7.45,4428
S20,715,20,2.72,86
S21,9232,340,3.55,4139
S25,9636,402,4.0,4917
S26,11958,449,3.62,5529
S3,5477,526,8.76,861
S30,37051,1256,3.28,20230
S35,904,58,6.03,323
S36,309,4,1.28,39
S4,4345,465,9.67,1356
S40,18279,778,4.08,9733
S41,15604,712,4.36,6794
S42,13238,441,3.22,7322
S43,18259,680,3.59,8339
S44,9013,325,3.48,4477
S45,5352,277,4.92,2599
S5,22489,1808,7.44,7894
S6,25603,1070,4.01,9907
S60,20542,1133,5.23,8280
S61,14592,857,5.55,6518
S62,10029,575,5.42,4065
S63,18740,918,4.67,7160
S64,11817,673,5.39,5790
S65,12312,971,7.31,5337
S66,19406,908,4.47,9092
S7,6960,357,4.88,2041
S70,20132,1116,5.25,7588
S71,20815,1014,4.65,9264
S72,11685,586,4.78,4800
S73,12680,619,4.65,5051
S74,7395,364,4.69,3494
S75,20207,629,3.02,9950
S8,19357,998,4.9,7760
S80,13436,631,4.49,5738
S81,17415,499,2.79,7876
S9,9630,799,7.66,3456
SA1,19551,1600,7.56,7308
SA10,14140,521,3.55,7137
SA11,13755,740,5.11,7441
SA12,13226,641,4.62,6819
SA13,6633,346,4.96,3451
SA14,17022,622,3.53,8641
SA15,14867,775,4.95,7059
SA16,3289,211,6.03,2375
SA17,3812,140,3.54,2285
SA18,12358,609,4.7,7182
SA19,4793,169,3.41,2818
SA2,13878,623,4.3,8376
SA20,1182,48,3.9,706
SA3,9590,334,3.37,7999
SA31,8449,337,3.84,4213
SA32,2484,70,2.74,1458
SA33,5775,181,3.04,3357
SA34,2713,73,2.62,1391
SA35,631,27,4.1,307
SA37,1154,38,3.19,674
SA38,2065,77,3.59,1400
SA39,1452,49,3.26,812
SA4,20586,755,3.54,9596
SA40,1512,68,4.3,861
SA41,853,20,2.29,364
SA42,1031,60,5.5,839
SA43,4498,191,4.07,3318
SA44,4332,130,2.91,2991
SA45,454,19,4.02,374
SA46,1288,46,3.45,987
SA47,50,7,12.28,18
SA48,3412,130,3.67,1955
SA5,14444,776,5.1,6079
SA6,13667,617,4.32,6337
SA61,6763,386,5.4,3119
SA62,10087,315,3.03,5838
SA63,368,12,3.16,217
SA64,850,49,5.45,475
SA65,1291,80,5.84,1022
SA66,1640,58,3.42,861
SA67,2556,97,3.66,1522
SA68,2083,57,2.66,1489
SA69,1452,60,3.97,1338
SA7,6294,220,3.38,2421
SA70,3097,150,4.62,2071
SA71,4338,292,6.31,2936
SA72,3815,277,6.77,1881
SA73,7919,479,5.7,4184
SA8,5440,226,3.99,2625
SA9,5878,263,4.28,3121
SE1,44332,3071,6.48,5077
SE10,23993,1248,4.94,2670
SE11,11917,1021,7.89,1826
SE12,15403,1048,6.37,3739
SE13,25095,2070,7.62,3451
SE14,16615,1486,8.21,1902
SE15,34513,2864,7.66,4923
SE16,28966,1928,6.24,3457
SE17,15838,1499,8.65,2234
SE18,41208,3649,8.13,7161
SE19,16711,1178,6.59,3086
SE2,10784,920,7.86,2355
SE20,12718,925,6.78,2088
SE21,9786,499,4.85,2262
SE22,16471,825,4.77,2439
SE23,19814,1303,6.17,3336
SE24,12044,690,5.42,1805
SE25,16479,1338,7.51,3161
SE26,14020,1045,6.94,2941
SE27,10115,800,7.33,1680
SE28,12542,1418,10.16,1576
SE3,17187,1003,5.51,4359
SE4,13898,915,6.18,1868
SE5,24549,1941,7.33,3133
SE6,24083,2071,7.92,5043
SE7,9912,738,6.93,1835
SE8,13274,1199,8.28,1340
SE9,28591,1955,6.4,8963
SG1,28243,1295,4.38,7490
SG10,1463,59,3.88,645
SG11,4214,122,2.81,1602
SG12,14935,523,3.38,5571
SG13,9003,291,3.13,2540
SG14,9837,351,3.45,3554
SG15,3494,139,3.83,835
SG16,3868,121,3.03,1300
SG17,7519,204,2.64,2505
SG18,16253,535,3.19,5170
SG19,12088,376,3.02,4676
SG2,21382,853,3.84,6578
SG3,3022,103,3.3,1301
SG4,15255,513,3.25,5531
SG5,15872,611,3.71,5413
SG6,15559,776,4.75,6512
SG7,7228,254,3.39,2737
SG8,19648,505,2.51,7993
SG9,5923,177,2.9,2421
SK1,7894,515,6.12,2022
SK10,21476,768,3.45,10409
SK11,16403,672,3.94,7000
SK12,24302,698,2.79,12948
SK13,16279,727,4.27,6726
SK14,23070,1132,4.68,8446
SK15,12986,639,4.69,4933
SK16,8256,451,5.18,3350
SK17,13864,564,3.91,6380
SK2,14801,643,4.16,5437
SK22,131,5,3.68,70
SK23,99,0,0.0,21
SK3,13808,656,4.54,3714
SK4,17356,657,3.65,6135
SK5,13198,893,6.34,4026
SK6,21682,895,3.96,12578
SK7,18974,626,3.19,10441
SK8,26919,969,3.47,12198
SK9,18504,691,3.6,8403
SL0,6618,305,4.41,2028
SL1,39331,2726,6.48,8211
SL2,24644,1720,6.52,5877
SL3,22713,1461,6.04,5402
SL4,22677,1006,4.25,7681
SL5,10658,409,3.7,4342
SL6,39740,1877,4.51,13311
SL7,9281,326,3.39,4362
SL8,3112,119,3.68,1458
SL9,10300,383,3.59,4562
SM1,24424,1198,4.68,6038
SM2,14014,756,5.12,4976
SM3,9902,399,3.87,3270
SM4,19324,1081,5.3,5186
SM5,19579,962,4.68,5223
SM6,16578,729,4.21,4994
SM7,7587,220,2.82,3912
SN1,21099,1101,4.96,3928
SN10,15468,546,3.41,7633
SN11,13213,487,3.55,5290
SN12,13731,470,3.31,6075
SN13,8931,297,3.22,4025
SN14,14760,505,3.31,5569
SN15,17027,557,3.17,5914
SN16,6848,222,3.14,3185
SN17,163,4,2.4,52
SN2,34033,1580,4.44,10978
SN25,11993,375,3.03,1035
SN3,25179,1138,4.32,10473
SN38,469,28,5.63,90
SN4,12935,427,3.2,6523
SN5,16910,655,3.73,5422
SN6,10192,310,2.95,4908
SN7,7022,205,2.84,2593
SN8,11309,344,2.95,5679
SN9,3557,140,3.79,1884
SO1,56331,2917,4.92,15388
SO14,5792,491,7.81,779
SO15,459,19,3.97,102
SO16,5381,313,5.5,1467
SO17,5693,327,5.43,1891
SO18,19406,796,3.94,6819
SO19,26971,1422,5.01,8504
SO20,4509,119,2.57,2179
SO21,11744,328,2.72,5055
SO22,13513,495,3.53,5582
SO23,9049,372,3.95,3731
SO24,4329,129,2.89,2525
SO3,45165,1344,2.89,20822
SO30,1939,60,3.0,159
SO31,929,32,3.33,104
SO32,798,13,1.6,16
SO4,50973,1800,3.41,31023
SO40,397,8,1.98,75
SO41,353,20,5.36,193
SO45,29,6,17.14,76
SO5,52928,1752,3.2,23815
SO50,1039,32,2.99,112
SO51,1528,36,2.3,457
SO53,1778,35,1.93,346
SP1,11252,424,3.63,5241
SP10,21441,764,3.44,7464
SP11,16823,483,2.79,4564
SP2,15321,560,3.53,5979
SP3,5795,163,2.74,3198
SP4,19599,523,2.6,5319
SP5,10018,314,3.04,5701
SP6,6040,175,2.82,3620
SP7,6708,255,3.66,3513
SP8,6300,189,2.91,3655
SP9,5979,198,3.21,558
SR1,3442,401,10.43,1631
SR2,13614,970,6.65,6271
SR3,15100,882,5.52,8004
SR4,15205,1140,6.97,6818
SR5,13469,1000,6.91,5908
SR6,11883,496,4.01,7535
SR7,12462,653,4.98,6247
SR8,12976,986,7.06,6870
SS0,22394,1364,5.74,7414
SS1,12888,970,7.0,5678
SS11,9069,350,3.72,4442
SS12,9356,342,3.53,3476
SS13,10352,633,5.76,3738
SS14,12642,808,6.01,3419
SS15,15851,899,5.37,4569
SS16,14544,854,5.55,4255
SS17,15279,621,3.91,6681
SS2,16065,991,5.81,5707
SS22,113,7,5.83,98
SS3,12334,682,5.24,5294
SS4,10324,459,4.26,4425
SS5,10005,358,3.45,5890
SS6,15733,585,3.58,7630
SS7,22923,826,3.48,12051
SS8,16429,795,4.62,9267
SS9,22008,916,4.0,10709
ST1,15142,1063,6.56,4523
ST10,12301,359,2.84,6646
ST11,4690,100,2.09,2750
ST12,2632,61,2.27,1548
ST13,12478,414,3.21,6467
ST14,10520,369,3.39,4316
ST15,11377,392,3.33,5488
ST16,17723,729,3.95,6278
ST17,16997,685,3.87,8363
ST18,7659,186,2.37,4601
ST19,7345,241,3.18,4222
ST2,14996,829,5.24,6883
ST20,3755,104,2.69,2082
ST21,2423,68,2.73,1361
ST3,28569,1359,4.54,12613
ST4,24962,1174,4.49,9286
ST5,35185,1439,3.93,16062
ST6,27382,1601,5.52,10760
ST7,24853,861,3.35,13326
ST8,8250,305,3.57,4506
ST9,4142,92,2.17,2794
SW10,9070,599,6.2,2089
SW11,49637,2489,4.77,6276
SW12,22824,847,3.58,2827
SW13,8458,413,4.66,2659
SW14,8483,369,4.17,2131
SW15,33886,1810,5.07,6491
SW16,43147,2997,6.49,7870
SW17,35908,1715,4.56,5277
SW18,38358,1694,4.23,4944
SW19,41761,2000,4.57,8352
SW1A,1087,28,2.51,231
SW1E,1451,65,4.29,180
SW1H,443,36,7.52,114
SW1P,6065,470,7.19,1441
SW1V,10417,726,6.52,2292
SW1W,3331,235,6.59,960
SW1X,2934,84,2.78,675
SW1Y,192,15,7.25,13
SW2,31450,2147,6.39,3329
SW20,13692,615,4.3,3536
SW3,8858,504,5.38,2592
SW4,25227,1322,4.98,2521
SW5,7467,517,6.48,1410
SW6,36402,2110,5.48,5978
SW7,5750,282,4.68,1203
SW8,19096,1433,6.98,2271
SW9,22788,1906,7.72,2445
SY1,14567,808,5.26,4963
SY10,9959,292,2.85,5652
SY11,11297,487,4.13,5113
SY12,3754,142,3.64,2275
SY13,10067,387,3.7,5186
SY14,2565,93,3.5,1204
SY15,3852,83,2.11,1954
SY16,7347,339,4.41,3210
SY17,1736,42,2.36,960
SY18,1888,83,4.21,1079
SY19,395,16,3.89,288
SY2,8792,438,4.75,4544
SY20,3239,104,3.11,1561
SY21,8068,304,3.63,4009
SY22,2801,96,3.31,1363
SY23,10850,456,4.03,5240
SY24,1975,50,2.47,1073
SY25,1354,59,4.18,817
SY3,16426,568,3.34,8563
SY4,11672,367,3.05,5873
SY5,10005,269,2.62,4897
SY6,3439,118,3.32,3074
SY7,4336,128,2.87,2757
SY8,7575,271,3.45,5267
SY9,840,32,3.67,575
TA1,20839,812,3.75,9590
TA10,4869,131,2.62,3117
TA11,3835,126,3.18,2556
TA12,2783,75,2.62,1679
TA13,1855,72,3.74,1488
TA14,1482,63,4.08,908
TA15,209,6,2.79,131
TA16,898,22,2.39,611
TA17,305,5,1.61,253
TA18,4172,161,3.72,2575
TA19,5624,201,3.45,3636
TA2,15209,460,2.94,5270
TA20,9413,365,3.73,5452
TA21,10160,357,3.39,5126
TA22,1033,24,2.27,796
TA23,2886,100,3.35,2267
TA24,6649,270,3.9,5875
TA3,5656,169,2.9,3720
TA4,7865,251,3.09,4717
TA5,5831,168,2.8,3047
TA6,25803,1072,3.99,8756
TA7,6693,196,2.85,4010
TA8,6956,291,4.02,5586
TA9,5273,257,4.65,2746
TD12,570,21,3.55,471
TD15,6711,350,4.96,4351
TF1,21693,1076,4.73,7967
TF10,9916,286,2.8,5325
TF11,7226,260,3.47,2335
TF12,2666,136,4.85,1523
TF13,1491,44,2.87,1148
TF2,17892,825,4.41,6690
TF3,12979,773,5.62,3640
TF4,9440,394,4.01,2699
TF5,2492,76,2.96,947
TF6,1668,45,2.63,1009
TF7,7749,622,7.43,3320
TF8,299,16,5.08,151
TF9,10707,377,3.4,5474
TN1,8746,407,4.45,1768
TN10,7654,302,3.8,4112
TN11,8698,299,3.32,3825
TN12,14543,494,3.29,6062
TN13,12740,426,3.24,4796
TN14,7454,246,3.19,3263
TN15,10049,376,3.61,5022
TN16,8981,311,3.35,3972
TN17,6376,202,3.07,3220
TN18,3384,121,3.45,1720
TN19,2719,96,3.41,1418
TN2,13352,530,3.82,5356
TN20,1904,69,3.5,1138
TN21,7575,249,3.18,4073
TN22,12287,379,2.99,5745
TN23,23089,1111,4.59,5541
TN24,16859,698,3.98,6006
TN25,7882,233,2.87,3461
TN26,5693,227,3.83,3389
TN27,4938,178,3.48,2697
TN28,3550,160,4.31,3011
TN29,4464,253,5.36,3767
TN3,6878,234,3.29,3332
TN30,3943,167,4.06,3053
TN31,5878,297,4.81,4282
TN32,2036,66,3.14,1025
TN33,5260,190,3.49,3293
TN34,15070,1041,6.46,7171
TN35,7180,344,4.57,3992
TN36,879,41,4.46,795
TN37,10029,625,5.87,3567
TN38,10476,665,5.97,4550
TN39,10749,587,5.18,9688
TN4,12663,484,3.68,3980
TN40,5916,291,4.69,5108
TN5,3647,150,3.95,1840
TN6,11278,400,3.43,5894
TN7,869,26,2.91,456
TN8,5905,205,3.36,2293
TN9,8470,333,3.78,2238
TQ1,15200,920,5.71,8997
TQ10,1777,56,3.06,1078
TQ11,2280,83,3.51,1159
TQ12,29164,968,3.21,13716
TQ13,8775,270,2.99,5544
TQ14,7769,362,4.45,6132
TQ2,14449,708,4.67,6910
TQ3,14315,678,4.52,8195
TQ4,7954,366,4.4,6117
TQ5,7095,383,5.12,6297
TQ6,3519,120,3.3,2754
TQ7,7531,248,3.19,5133
TQ8,629,29,4.41,548
TQ9,7370,292,3.81,4196
TR1,11034,440,3.83,5152
TR10,6329,308,4.64,2670
TR11,12066,542,4.3,7116
TR12,4091,174,4.08,2834
TR13,9268,342,3.56,4846
TR14,13393,578,4.14,6506
TR15,10738,470,4.19,4450
TR16,6932,218,3.05,3577
TR17,959,32,3.23,680
TR18,8412,552,6.16,5364
TR19,3874,146,3.63,2676
TR2,4512,120,2.59,2570
TR20,3289,98,2.89,2180
TR21,828,12,1.43,393
TR22,96,0,0.0,35
TR24,104,3,2.8,13
TR25,79,0,0.0,22
TR26,4541,217,4.56,3198
TR27,5970,287,4.59,3302
TR3,4971,129,2.53,3484
TR4,5263,143,2.65,2136
TR5,1652,59,3.45,923
TR6,1602,60,3.61,953
TR7,10952,588,5.1,4711
TR8,4737,175,3.56,2030
TR9,3343,145,4.16,1440
TS1,5728,943,14.14,1657
TS10,15718,990,5.93,8090
TS11,4477,220,4.68,3625
TS12,8912,499,5.3,5695
TS13,3739,263,6.57,2430
TS14,7625,371,4.64,5333
TS15,6760,267,3.8,3925
TS16,5170,184,3.44,2723
TS17,22066,1127,4.86,7029
TS18,11324,1020,8.26,4357
TS19,13788,1077,7.25,6804
TS2,330,62,15.82,104
TS20,8614,555,6.05,4337
TS21,5503,202,3.54,2854
TS22,4837,154,3.09,2952
TS23,12036,689,5.41,5232
TS24,9053,989,9.85,4301
TS25,15413,1054,6.4,8091
TS26,9881,547,5.25,4402
TS27,4283,207,4.61,2465
TS28,2320,108,4.45,906
TS29,2354,137,5.5,1170
TS3,10225,1215,10.62,3798
TS4,7070,597,7.79,2356
TS5,15742,920,5.52,7033
TS6,11302,987,8.03,5685
TS7,9978,433,4.16,6247
TS8,7975,461,5.46,3964
TS9,4905,196,3.84,3951
TW1,16101,700,4.17,3920
TW10,9915,472,4.54,2991
TW11,12261,610,4.74,3772
TW12,10856,553,4.85,4178
TW13,18630,1394,6.96,3852
TW14,15433,1225,7.35,3484
TW15,15500,717,4.42,5411
TW16,10812,575,5.05,3572
TW17,6302,246,3.76,3168
TW18,13828,767,5.26,4552
TW19,8623,580,6.3,2435
TW2,14937,765,4.87,4631
TW20,9316,533,5.41,3011
TW3,24167,1954,7.48,4786
TW4,13008,1233,8.66,2851
TW5,13337,1226,8.42,3326
TW6,861,116,11.87,111
TW7,19679,1301,6.2,4302
TW8,13046,929,6.65,2415
TW9,10535,505,4.57,2807
UB1,18837,1860,8.99,4818
UB10,19597,1078,5.21,5969
UB11,685,53,7.18,103
UB18,213,16,6.99,52
UB2,14791,1519,9.31,3201
UB3,23107,2159,8.55,4568
UB4,17851,1473,7.62,4018
UB5,21452,1751,7.55,4669
UB6,23097,1606,6.5,5789
UB7,16141,1332,7.62,3011
UB8,15279,1013,6.22,3971
UB9,6482,294,4.34,2513
W1,110,1,0.9,19
W10,16090,1732,9.72,3719
W11,15206,1379,8.31,3556
W12,25314,2116,7.71,4145
W13,18952,1314,6.48,4550
W14,18716,1392,6.92,2997
W1A,5325,236,4.24,884
W1B,341,14,3.94,64
W1C,480,42,8.05,91
W1D,568,37,6.12,90
W1G,675,32,4.53,99
W1H,2710,126,4.44,476
W1J,106,5,4.5,25
W1K,174,4,2.25,33
W1M,677,34,4.78,129
W1N,156,7,4.29,19
W1P,1313,78,5.61,250
W2,20715,1419,6.41,3490
W3,27819,2202,7.33,4883
W4,23523,1234,4.98,5644
W5,23317,1403,5.68,5540
W6,15881,1004,5.95,2675
W7,12850,916,6.65,3037
W8,6756,372,5.22,1572
W9,16492,1198,6.77,2807
WA1,12890,533,3.97,4478
WA10,18929,1053,5.27,8122
WA11,16984,737,4.16,9711
WA12,12428,577,4.44,3988
WA13,6451,180,2.71,3121
WA14,16072,605,3.63,5576
WA15,18420,628,3.3,7771
WA16,9648,305,3.06,5176
WA2,18642,1060,5.38,6601
WA3,22855,900,3.79,10239
WA4,24459,836,3.31,10577
WA5,29382,996,3.28,10862
WA6,8748,281,3.11,5146
WA7,26980,1494,5.25,10747
WA8,28852,1302,4.32,11466
WA9,21264,1308,5.79,7946
WC1A,1076,96,8.19,218
WC1B,292,16,5.19,67
WC1E,356,10,2.73,52
WC1H,2228,238,9.65,552
WC1N,1862,172,8.46,534
WC1R,75,5,6.25,40
WC1V,80,7,8.05,56
WC1X,1384,167,10.77,354
WC2A,193,4,2.03,15
WC2B,617,52,7.77,165
WC2E,406,29,6.67,52
WC2H,351,29,7.63,62
WD1,40174,2157,5.1,9589
WD17,202,16,7.34,78
WD18,244,12,4.69,22
WD19,225,7,3.02,79
WD2,38409,1786,4.44,11019
WD23,105,9,7.89,61
WD24,181,7,3.72,2
WD25,597,23,3.71,68
WD3,19991,748,3.61,7367
WD4,5430,186,3.31,1973
WD5,4959,193,3.75,1852
WD6,20532,1098,5.08,4757
WD7,5393,198,3.54,1923
WF1,20929,1219,5.5,6951
WF10,24186,1145,4.52,8307
WF11,7693,366,4.54,3421
WF12,16681,962,5.45,5944
WF13,11076,946,7.87,2782
WF14,9146,336,3.54,4934
WF15,8340,382,4.38,3422
WF16,4161,265,5.99,1614
WF17,16408,1060,6.07,5388
WF2,23035,1196,4.94,10358
WF3,15779,478,2.94,5975
WF4,19255,702,3.52,9155
WF5,9415,333,3.42,4627
WF6,10388,422,3.9,4205
WF7,11039,462,4.02,4674
WF8,16383,692,4.05,7205
WF9,16863,750,4.26,7211
WN1,11054,592,5.08,4386
WN2,23627,1185,4.78,9920
WN3,14281,562,3.79,5641
WN4,12435,509,3.93,6326
WN5,19488,938,4.59,9037
WN6,19037,697,3.53,8946
WN7,21934,1301,5.6,8461
WN8,20235,1106,5.18,7622
WR1,7039,424,5.68,2060
WR10,9535,335,3.39,6023
WR11,23071,838,3.5,9901
WR12,2331,60,2.51,2029
WR13,5765,179,3.01,3754
WR14,13483,684,4.83,8213
WR15,3001,104,3.35,1901
WR2,14243,585,3.95,7045
WR3,11445,395,3.34,4659
WR4,12553,687,5.19,3429
WR5,15847,568,3.46,5758
WR6,4008,115,2.79,2132
WR7,2347,46,1.92,1380
WR8,3017,113,3.61,2025
WR9,14299,562,3.78,6999
WS1,11486,1231,9.68,3312
WS10,19595,1863,8.68,6706
WS11,22308,1049,4.49,8846
WS12,17217,695,3.88,5831
WS13,14579,629,4.14,6565
WS14,7481,276,3.56,4129
WS15,17343,697,3.86,8028
WS2,15215,1534,9.16,4849
WS3,21209,1762,7.67,9199
WS4,7778,450,5.47,3335
WS5,8623,537,5.86,3509
WS6,7319,317,4.15,3848
WS7,13710,493,3.47,7206
WS8,7593,438,5.45,3094
WS9,10583,455,4.12,6008
WV1,8263,1213,12.8,2236
WV10,24922,2343,8.59,8121
WV11,15327,1006,6.16,6730
WV12,10400,640,5.8,4824
WV13,8917,755,7.81,2899
WV14,20135,1753,8.01,7362
WV15,4384,187,4.09,2623
WV16,7413,264,3.44,4548
WV2,7768,931,10.7,2135
WV3,12952,1057,7.55,5731
WV4,13377,850,5.97,5654
WV5,5949,272,4.37,3402
WV6,18907,1271,6.3,8520
WV7,2499,105,4.03,1684
WV8,6230,364,5.52,3242
WV9,2987,141,4.51,1456
YO1,19298,788,3.92,8106
YO10,126,6,4.55,13
YO11,12315,755,5.78,6778
YO12,16001,766,4.57,9268
YO13,3899,111,2.77,2613
YO14,4008,195,4.64,4061
YO15,6195,466,7.0,5632
YO16,7724,437,5.35,7008
YO17,12133,345,2.76,5396
YO18,4706,138,2.85,3618
YO19,3627,80,2.16,1831
YO2,32094,1094,3.3,13127
YO21,6477,230,3.43,4310
YO22,2966,121,3.92,2018
YO23,426,13,2.96,435
YO24,223,8,3.46,62
YO25,14714,449,2.96,8959
YO26,3750,63,1.65,1517
YO3,36945,1138,2.99,16565
YO30,1448,40,2.69,476
YO31,350,9,2.51,29
YO4,18604,550,2.87,9578
YO42,491,5,1.01,98
YO43,471,10,2.08,88
YO5,2794,61,2.14,1305
YO6,13367,346,2.52,8077
YO61,153,2,1.29,74
YO7,9563,250,2.55,4405
YO8,22956,825,3.47,9621
