outcode,race_ethnicity_total,race_ethnicity_white,race_ethnicity_black,race_ethnicity_asian,race_ethnicity_other,race_ethnicity_two_or_more
AL1,41646,32879,1011,4761,952,2043
AL10,40379,26621,4601,6020,1305,1832
AL2,25584,20595,776,2514,629,1070
AL3,29648,25696,565,1770,445,1172
AL4,27200,23508,443,1806,331,1112
AL5,31033,27539,493,1517,328,1156
AL6,14695,13279,204,616,145,451
AL7,36812,30739,1666,2294,563,1550
AL8,12557,10926,300,670,133,528
AL9,10493,8817,285,695,313,383
B1,14344,7121,2446,2970,971,836
B10,32902,2678,4323,22380,2559,962
B11,51327,6647,3421,35975,3766,1518
B12,23575,3902,3468,10888,4181,1136
B13,39006,19901,2044,13332,1819,1910
B14,42856,30199,2618,6503,1127,2409
B15,25046,11716,3189,7058,1669,1414
B16,25034,8649,5429,7671,1895,1390
B17,28361,16014,2149,7154,1630,1414
B18,20155,4550,5924,7012,1473,1196
B19,26751,2860,8942,12567,1341,1041
B2,686,319,57,224,45,41
B20,39945,5253,7599,23364,2332,1397
B21,27361,3552,5127,15658,2011,1013
B22,257,206,16,10,0,25
B23,53368,29972,8918,9552,1572,3354
B24,29851,18039,3600,5693,852,1667
B25,18560,7169,1219,8298,979,895
B26,37087,26133,1538,7123,839,1454
B27,28619,15753,1437,8939,1069,1421
B28,30149,12689,874,14041,1377,1168
B29,47676,32046,3503,7428,1884,2815
B3,1506,988,137,165,69,147
B30,29504,23305,1447,2487,541,1724
B31,58580,45977,4636,3515,1224,3228
B32,38134,24642,4588,4698,1512,2694
B33,35803,18757,3112,10651,1084,2199
B34,20907,12776,1293,5091,481,1266
B35,8848,7020,716,238,85,789
B36,37695,24786,2553,7941,716,1699
B37,35653,31151,1159,1163,222,1958
B38,18597,14483,1414,1146,371,1183
B4,8072,3267,1547,2392,381,485
B42,28587,13728,4111,8225,1080,1443
B43,30672,19826,2232,6502,930,1182
B44,33668,24632,3336,3598,557,1545
B45,32357,28153,1303,1109,269,1523
B46,14359,13674,70,185,45,385
B47,10726,9867,75,365,90,329
B48,5491,5220,27,97,9,138
B49,12422,12009,26,179,41,167
B5,9355,2674,2057,2887,1128,609
B50,7323,7121,3,67,34,98
B6,18647,1889,3522,11886,837,513
B60,31681,29646,254,942,135,704
B61,23809,22500,158,527,117,507
B62,27365,22101,773,2981,588,922
B63,36473,31460,622,2014,1328,1049
B64,19908,15418,831,2270,532,857
B65,25792,20315,1363,2630,447,1037
B66,31821,6451,5911,15596,2518,1345
B67,27070,12915,2450,8581,1537,1587
B68,31935,18842,2296,7903,1221,1673
B69,29517,16782,2739,7425,1187,1384
B7,8791,1587,4049,1984,654,517
B70,35244,13658,3500,14423,2233,1430
B71,32017,19457,2759,7325,1228,1248
B72,13027,10410,319,1568,251,479
B73,20399,16515,594,2198,375,717
B74,32984,25850,539,5019,737,839
B75,27116,22357,816,2551,415,977
B76,18725,16007,491,1380,288,559
B77,57829,55345,379,807,209,1089
B78,25194,24275,151,315,62,391
B79,24401,23528,117,284,84,388
B8,46025,4443,4495,33254,2714,1119
B80,8520,8024,59,215,34,188
B9,23088,2488,3093,14739,1926,842
B90,50687,39972,665,7550,935,1565
B91,34441,25547,438,6531,979,946
B92,32961,25954,547,4933,597,930
B93,20104,18372,108,979,171,474
B94,7275,6827,20,265,40,123
B95,6662,6461,22,80,27,72
B96,5060,4866,12,71,24,87
B97,35086,31709,399,1872,182,924
B98,47004,41834,627,2979,328,1236
BA1,48277,42968,672,2368,602,1667
BA10,5174,4999,35,58,21,61
BA11,37877,36671,98,376,120,612
BA12,30340,29113,188,523,145,371
BA13,22150,21408,107,227,72,336
BA14,51878,48781,491,900,615,1091
BA15,14203,13733,58,126,59,227
BA16,14566,13906,103,250,63,244
BA2,75206,67905,895,3117,854,2435
BA20,14301,13507,82,410,74,228
BA21,35453,33284,284,1157,244,484
BA22,19228,18724,94,110,65,235
BA3,38482,37406,140,357,72,507
BA4,18212,17691,43,172,87,219
BA5,19253,18589,40,278,74,272
BA6,12784,12387,34,136,35,192
BA7,3853,3791,10,20,3,29
BA8,5244,5124,14,33,7,66
BA9,7518,7319,40,72,22,65
BB0,457,147,1,297,10,2
BB1,76024,34442,600,38404,1167,1411
BB10,43994,30391,129,12092,584,798
BB11,25259,23406,145,1142,139,427
BB12,35184,32390,60,2257,97,380
BB18,18164,17408,28,490,44,194
BB2,61208,43027,693,15631,921,936
BB3,32723,30461,136,1529,150,447
BB4,42592,38050,107,3548,186,701
BB5,62220,49998,171,10730,481,840
BB6,24841,22668,65,1688,54,366
BB7,25099,24231,45,459,85,279
BB8,24259,22933,44,851,98,333
BB9,47106,22589,165,22741,698,913
BD1,13066,4316,1018,6399,869,464
BD10,31561,27903,386,1940,258,1074
BD11,13649,12912,71,378,52,236
BD12,18559,16681,226,1072,119,461
BD13,30888,27512,252,2167,204,753
BD14,9081,5915,122,2581,176,287
BD15,18010,10726,389,5902,319,674
BD16,27124,24374,152,1876,187,535
BD17,18829,17688,131,536,82,392
BD18,27724,19960,309,6187,432,836
BD19,22088,20730,124,733,87,414
BD2,30457,16936,441,11388,637,1055
BD20,41163,35856,145,4377,278,507
BD21,28871,16337,193,11368,376,597
BD22,24729,23349,109,758,78,435
BD23,29959,28664,68,775,110,342
BD24,4639,4562,7,39,5,26
BD3,33850,5607,1047,25328,1064,804
BD4,32931,23297,1368,6243,591,1432
BD5,29973,8154,1424,17881,1489,1025
BD6,30639,23525,679,4953,325,1157
BD7,31274,6944,1339,20579,1474,938
BD8,32432,5730,861,24007,1105,729
BD9,27204,4108,405,21195,802,694
BH1,33615,27594,1003,2188,1038,1792
BH10,24361,22576,235,592,279,679
BH11,20734,19517,180,425,175,437
BH12,38875,35811,308,1314,466,976
BH13,8170,7721,31,189,65,164
BH14,23195,21689,109,596,242,559
BH15,34906,32529,296,1192,300,589
BH16,15833,15410,38,146,30,209
BH17,23654,22598,124,491,116,325
BH18,10937,10522,13,214,42,146
BH19,11213,10899,25,81,70,138
BH2,9462,7844,209,531,346,532
BH20,20388,19783,94,189,102,220
BH21,56064,54851,113,399,117,584
BH22,27058,26283,70,335,72,298
BH23,55623,53857,130,650,201,785
BH24,24310,23515,85,250,95,365
BH25,25777,24698,81,548,103,347
BH3,6985,5869,126,372,319,299
BH31,492,482,2,1,1,6
BH4,7861,7232,77,224,111,217
BH5,10984,9794,184,367,202,437
BH6,23668,22255,163,437,205,608
BH7,8908,7928,134,414,161,271
BH8,29114,24507,477,1943,982,1205
BH9,27998,24587,390,1359,581,1081
BL0,19396,18400,82,509,59,346
BL1,72951,45166,3484,20782,1656,1863
BL11,398,276,23,74,12,13
BL2,48326,42259,1509,2927,453,1178
BL3,71890,33465,4560,29651,2609,1605
BL4,34318,27951,1190,3981,465,731
BL5,28451,26707,226,818,137,563
BL6,29564,27454,243,1186,158,523
BL7,13901,13452,25,181,32,211
BL8,35287,32412,345,1637,244,649
BL9,52821,37699,1321,11417,1001,1383
BN1,89584,76296,1770,4663,2423,4432
BN10,20169,18541,179,656,240,553
BN11,36396,32240,572,1938,548,1098
BN12,23350,21854,187,682,180,447
BN13,30921,28864,308,834,190,725
BN14,29955,27723,237,1036,246,713
BN15,28180,26579,224,624,188,565
BN16,29827,28849,147,313,82,436
BN17,32432,30714,205,734,152,627
BN18,14771,14094,115,249,72,241
BN2,91889,78566,2224,4378,2435,4286
BN20,25955,24236,153,615,281,670
BN21,23841,20511,513,1349,651,817
BN22,32164,29485,353,1105,407,814
BN23,30081,28048,322,680,377,654
BN24,8776,8419,31,126,73,127
BN25,24616,23516,98,413,119,470
BN26,13773,13179,55,242,60,237
BN27,32168,31133,129,395,107,404
BN3,79861,67735,1233,3687,3241,3965
BN4,61215,56594,583,1304,1010,1724
BN41,1608,1443,29,48,45,43
BN42,342,287,8,1,28,18
BN43,2631,2437,3,73,18,100
BN44,569,544,1,11,5,8
BN5,7906,7539,31,147,62,127
BN6,19044,18159,83,206,104,492
BN7,20489,19190,157,375,163,604
BN8,16469,15932,38,122,76,301
BN9,13442,12581,170,241,104,346
BR1,65420,42238,9978,6559,2341,4304
BR2,50048,39165,2580,4457,1179,2667
BR3,50309,38446,3873,3344,1299,3347
BR4,18564,15610,706,1067,333,848
BR5,52568,40759,4487,4189,970,2163
BR6,45438,35940,1504,5714,706,1574
BR7,18423,14994,778,1429,385,837
BR8,24053,21135,1106,934,247,631
BS0,302,274,1,22,0,5
BS1,26616,17984,2249,3663,1180,1540
BS10,34974,28167,1995,2695,641,1476
BS11,18997,17115,536,511,250,585
BS12,78081,69517,1375,4150,987,2052
BS13,34667,32036,672,704,221,1034
BS14,32058,29717,534,848,229,730
BS15,84820,78010,1655,2251,617,2287
BS16,90003,74146,3760,7047,1527,3523
BS17,55519,53226,270,817,276,930
BS18,57478,55334,263,702,188,991
BS19,36982,35724,141,399,143,575
BS2,19753,11290,4085,2253,810,1315
BS20,33382,31966,128,461,192,635
BS21,23200,22425,88,279,67,341
BS22,40348,38944,200,463,198,543
BS23,35924,33484,335,964,393,748
BS24,26233,25150,162,442,124,355
BS25,4703,4553,14,62,11,63
BS26,4101,3992,5,22,10,72
BS27,6918,6736,19,67,13,83
BS28,3275,3228,3,20,2,22
BS3,41311,36487,1130,1538,558,1598
BS31,1698,1536,20,48,10,84
BS32,2136,1580,52,371,42,91
BS34,6057,4562,267,793,146,289
BS35,982,891,8,34,10,39
BS36,281,259,7,11,1,3
BS37,1815,1662,40,41,17,55
BS39,875,832,6,21,0,16
BS4,48357,42357,1547,1955,488,2010
BS49,281,276,0,1,3,1
BS5,51258,32827,8204,5589,1644,2994
BS6,36169,31246,850,1711,503,1859
BS7,38473,31263,2216,2505,648,1841
BS8,23969,20678,445,1366,443,1037
BS9,30772,27269,432,1534,454,1083
CA1,25777,24537,140,580,245,275
CA10,17104,16877,16,65,28,118
CA11,22962,22358,51,293,97,163
CA12,7443,7213,12,90,32,96
CA13,16227,15842,28,171,51,135
CA14,36013,35530,14,182,91,196
CA15,16265,16085,20,56,19,85
CA16,5666,5588,9,30,14,25
CA17,4614,4543,3,29,6,33
CA18,502,484,0,11,4,3
CA19,1572,1532,4,11,4,21
CA2,40980,39705,116,593,205,361
CA20,2814,2749,9,19,3,34
CA21,938,907,2,11,6,12
CA22,8698,8572,11,44,19,52
CA23,1904,1887,6,2,2,7
CA24,767,758,0,4,1,4
CA25,5539,5433,9,57,3,37
CA26,3103,3073,4,5,4,17
CA27,1474,1445,8,8,1,12
CA28,27382,26678,111,295,121,177
CA3,14897,14339,49,291,72,146
CA4,11529,11344,16,85,18,66
CA5,19944,19728,15,63,29,109
CA6,11509,11383,15,38,23,50
CA7,8017,7927,5,25,19,41
CA8,5224,5127,4,30,10,53
CA9,2027,2002,2,4,2,17
CB1,79223,61296,1394,10855,2329,3349
CB10,18394,17368,137,401,125,363
CB11,17022,16178,108,292,107,337
CB2,51604,40413,1119,6437,1125,2510
CB23,37789,32545,631,2836,540,1237
CB24,36183,32653,380,1734,338,1078
CB25,19489,18067,175,685,154,408
CB3,17032,12983,348,2389,516,796
CB4,43598,34528,1186,4877,1040,1967
CB5,10327,8234,295,1123,235,440
CB6,41873,39629,327,786,234,897
CB7,26686,25065,246,485,260,630
CB8,34802,31570,595,1244,426,967
CB9,32817,30705,323,1046,225,518
CF1,59153,36179,4893,11644,3551,2886
CF10,3448,2458,159,399,291,141
CF11,7121,5198,390,766,348,419
CF14,80230,70597,1037,4655,1580,2361
CF15,19312,18148,101,567,104,392
CF2,80320,60163,3183,9974,3692,3308
CF23,16193,12843,421,1622,610,697
CF24,3346,2542,154,382,133,135
CF3,44786,37928,1752,2347,843,1916
CF31,47287,45039,175,1211,162,700
CF32,32577,31783,80,302,87,325
CF33,16341,15966,25,183,23,144
CF34,19822,19500,24,139,41,118
CF35,20431,19641,98,280,90,322
CF36,15542,15213,35,115,36,143
CF37,40219,37722,522,1149,287,539
CF38,22401,21698,79,314,79,231
CF39,30251,29484,93,359,61,254
CF4,516,447,16,28,7,18
CF40,18962,18508,37,209,34,174
CF41,10931,10648,18,91,25,149
CF42,12794,12471,23,190,21,89
CF43,11423,11218,13,58,9,125
CF44,41718,40749,82,455,77,355
CF45,18997,18601,50,144,47,155
CF46,15200,14931,15,115,25,114
CF47,23150,22290,43,479,123,215
CF48,25750,25115,46,291,89,209
CF5,65024,56508,1849,3165,921,2581
CF6,102478,96669,513,2217,622,2457
CF61,1385,1352,3,7,8,15
CF62,4829,4585,25,80,9,130
CF63,1612,1468,5,103,9,27
CF64,946,834,18,55,3,36
CF7,31162,30058,73,523,100,408
CF72,3331,3161,8,80,21,61
CF8,75480,73672,118,733,144,813
CF82,960,933,0,16,3,8
CF83,14023,13623,17,172,42,169
CH1,41752,38350,570,1473,508,851
CH2,31654,29463,303,1038,290,560
CH25,334,308,7,8,1,10
CH26,319,304,0,7,4,4
CH27,625,599,1,21,0,4
CH28,666,649,0,16,1,0
CH29,397,385,3,0,1,8
CH3,36335,34705,217,658,217,538
CH30,420,403,0,11,3,3
CH31,355,344,1,0,0,10
CH32,389,321,16,40,6,6
CH33,286,278,0,3,0,5
CH34,1027,965,12,15,9,26
CH4,35213,33226,270,908,202,607
CH41,23816,21809,154,1042,351,460
CH42,33020,30782,291,1167,278,502
CH43,33875,31959,150,973,229,564
CH44,30183,28628,133,631,225,566
CH45,28652,27580,92,402,122,456
CH46,24075,23112,101,443,101,318
CH47,10655,10269,31,152,34,169
CH48,15304,14596,53,293,80,282
CH49,29791,28521,99,662,131,378
CH5,42166,40951,100,520,229,366
CH6,18726,18306,25,161,61,173
CH60,13632,13035,30,268,71,228
CH61,15297,14841,60,141,51,204
CH62,31125,29970,99,520,107,429
CH63,28005,26946,75,544,95,345
CH64,18023,17523,48,182,42,228
CH65,30330,28717,202,719,231,461
CH66,32839,31967,62,376,112,322
CH7,51266,50354,59,327,110,416
CH8,19261,18889,28,121,53,170
CM0,17935,17422,84,141,40,248
CM1,75595,63428,2939,5952,961,2315
CM11,22580,21119,317,530,154,460
CM12,19028,17824,203,523,118,360
CM13,28132,24680,708,1508,332,904
CM14,21552,18300,651,1461,289,851
CM15,23005,21028,349,900,197,531
CM16,25362,23154,322,857,259,770
CM17,26599,23061,1070,1116,463,889
CM18,26929,22763,1791,1036,451,888
CM19,21898,18355,1323,1197,420,603
CM2,58764,52430,1323,2920,521,1570
CM20,26146,20612,1743,2417,481,893
CM21,10498,9892,116,220,78,192
CM22,19647,18318,200,470,161,498
CM23,42891,38012,792,1894,594,1599
CM24,7588,6999,84,206,83,216
CM3,56133,53674,471,850,212,926
CM4,8950,8509,90,130,48,173
CM5,10256,9779,58,129,66,224
CM6,27535,26171,209,413,136,606
CM7,66547,62445,1044,1320,367,1371
CM8,35832,33258,626,801,271,876
CM9,34119,32983,113,452,120,451
CO1,23511,19305,1062,1584,612,948
CO10,52219,50792,154,433,207,633
CO11,13944,13588,35,72,28,221
CO12,23752,22880,148,241,89,394
CO13,13786,13364,65,153,40,164
CO14,6489,6204,35,106,25,119
CO15,46639,44430,348,754,195,912
CO16,24466,23712,136,220,64,334
CO2,40248,33806,2085,2323,672,1362
CO3,31995,28402,790,1584,408,811
CO4,52434,43463,2463,3864,902,1742
CO5,28837,27886,126,261,106,458
CO6,27512,26602,116,302,98,394
CO7,34127,32674,205,470,210,568
CO8,1424,1404,1,2,2,15
CO9,26512,25659,108,247,101,397
CR0,179496,82540,42656,33196,7476,13628
CR2,82755,52166,9403,13344,2219,5623
CR3,71605,57350,3868,5400,1030,3957
CR4,113458,43168,29878,26680,6186,7546
CR5,1533,901,231,243,36,122
CR6,280,262,2,5,3,8
CR7,3294,984,1300,636,138,236
CR8,1156,700,131,211,41,73
CR9,427,314,50,27,16,20
CT1,33299,26643,1627,2490,1114,1425
CT10,27776,25997,219,713,249,598
CT11,29845,27820,295,660,265,805
CT12,18790,17846,99,344,148,353
CT13,9969,9596,46,117,65,145
CT14,35523,34453,102,390,118,460
CT15,15938,14752,168,665,143,210
CT16,22904,21388,204,616,350,346
CT17,18224,17183,140,356,223,322
CT18,17369,16337,76,520,138,298
CT19,30061,27090,221,1599,460,691
CT2,35296,28856,1859,2508,748,1325
CT20,21813,18768,255,1737,378,675
CT21,16440,15817,82,257,56,228
CT3,18984,17863,220,348,136,417
CT4,13881,13187,95,229,85,285
CT5,33362,31987,143,437,190,605
CT6,39851,38243,171,643,204,590
CT7,12760,12250,62,162,101,185
CT8,8382,7913,58,138,63,210
CT9,43079,38904,751,1241,891,1292
CV1,41048,17523,7690,11620,2516,1699
CV10,59380,54219,1131,2564,384,1082
CV11,40656,33093,650,5556,644,713
CV12,33527,30546,488,1660,299,534
CV13,11044,10755,30,104,24,131
CV2,70230,47165,7421,10826,2275,2543
CV21,44643,36710,1792,4085,621,1435
CV22,37062,32091,811,2703,381,1076
CV23,34824,31534,609,1617,255,809
CV3,72674,49172,6080,13021,2189,2212
CV31,37057,28260,460,6061,1008,1268
CV32,32346,28018,360,2427,437,1104
CV33,21006,19750,119,592,85,460
CV34,34994,29588,345,3427,602,1032
CV35,26454,25332,107,455,128,432
CV36,11943,11635,29,94,42,143
CV37,42702,40037,183,1169,374,939
CV4,36028,26307,2231,5369,913,1208
CV5,45941,40053,998,3185,543,1162
CV6,90745,54705,6685,21592,4461,3302
CV7,22463,19620,283,1632,377,551
CV8,28953,26851,156,1138,191,617
CV9,20653,19955,112,229,63,294
CW1,47856,44699,529,1294,530,804
CW10,17615,17144,44,165,36,226
CW11,27593,26690,110,304,94,395
CW12,34659,33524,124,447,115,449
CW2,43101,39152,410,1783,724,1032
CW3,11373,11067,36,75,27,168
CW4,10261,9887,30,134,42,168
CW5,31718,30536,108,418,136,520
CW6,13496,13183,15,110,30,158
CW7,34425,33091,138,561,182,453
CW8,40462,39058,160,531,156,557
CW9,34352,32871,117,706,189,469
DA1,68622,47994,8417,8145,1697,2369
DA10,11707,8662,1482,941,165,457
DA11,42995,30054,3444,6342,1910,1245
DA12,48078,36841,3514,5196,1184,1343
DA13,14801,13945,134,397,109,216
DA14,26082,21468,1430,1725,452,1007
DA15,29684,25277,1099,1881,571,856
DA16,39101,27522,2857,6045,1381,1296
DA17,22513,13858,4188,2737,723,1007
DA18,6051,2423,2724,448,171,285
DA2,24278,19657,1873,1726,405,617
DA3,17726,16611,200,516,115,284
DA4,8245,7819,87,141,45,153
DA5,20496,17207,810,1649,249,581
DA6,11140,8541,607,1299,278,415
DA7,33638,26191,1890,3811,758,988
DA8,34822,21152,8364,2997,894,1415
DA9,13739,10415,1530,1040,276,478
DE1,26805,20354,1714,2683,829,1225
DE11,47936,46493,162,511,113,657
DE12,22309,21675,79,209,62,284
DE13,47161,42951,385,2464,390,971
DE14,32552,21873,717,8231,732,999
DE15,23611,22120,162,614,150,565
DE2,108630,92980,3237,7154,1835,3424
DE21,2424,2188,59,81,21,75
DE22,47340,40691,1447,2970,730,1502
DE23,63679,26301,3626,26818,4026,2908
DE24,5229,3790,217,815,151,256
DE3,18331,15362,410,1795,259,505
DE4,45455,44593,71,249,133,409
DE5,78302,76378,226,592,168,938
DE55,31496,30670,144,285,70,327
DE56,6043,5744,13,132,31,123
DE6,43548,42082,179,610,106,571
DE65,5346,4883,64,199,39,161
DE7,118229,113546,627,1878,459,1719
DE72,311,294,1,3,5,8
DE73,4444,3367,137,645,132,163
DE74,625,601,1,2,4,17
DE75,323,316,0,4,2,1
DH1,58095,51425,544,3705,888,1533
DH2,33195,32339,79,385,115,277
DH3,25679,24681,87,493,183,235
DH4,35030,34223,101,351,106,249
DH5,20275,19816,109,143,58,149
DH6,34684,33839,116,387,83,259
DH7,41320,40071,221,484,151,393
DH8,40221,39469,44,290,96,322
DH9,37438,36653,75,372,122,216
DH98,294,260,8,15,3,8
DL1,53160,50204,425,1270,528,733
DL10,21534,21081,85,136,72,160
DL11,3964,3906,6,16,9,27
DL12,13082,12792,74,77,17,122
DL13,14203,14004,16,86,19,78
DL14,38986,38113,139,379,66,289
DL15,22171,21785,35,137,57,157
DL16,21360,20898,66,184,45,167
DL17,18020,17697,53,130,45,95
DL2,18720,18084,87,259,66,224
DL3,38470,35910,195,1481,339,545
DL4,9299,9139,36,48,25,51
DL5,27514,26931,40,210,117,216
DL6,19337,18882,49,192,61,153
DL7,13213,12970,25,60,40,118
DL8,17727,17491,24,81,34,97
DL9,14111,11960,325,1159,441,226
DN1,13064,9658,702,1498,870,336
DN10,14737,14344,47,161,36,149
DN11,30439,29501,231,264,114,329
DN12,24843,24159,171,182,110,221
DN14,51180,50124,109,293,188,466
DN15,39159,33251,463,3896,937,612
DN16,32318,30928,134,714,167,375
DN17,35448,34428,85,475,132,328
DN18,13719,13417,29,113,39,121
DN19,6150,6055,7,22,5,61
DN2,25834,22079,501,1904,778,572
DN20,19229,18792,43,221,44,129
DN21,39543,38380,138,436,146,443
DN22,37630,36285,234,496,125,490
DN3,30219,29086,160,456,131,386
DN31,13925,13197,121,318,122,167
DN32,26493,25352,184,416,228,313
DN33,21535,20462,190,524,121,238
DN34,16495,15915,106,182,126,166
DN35,32867,31790,96,422,199,360
DN36,20602,19886,90,322,94,210
DN37,26987,26337,75,264,117,194
DN38,2696,2651,1,26,5,13
DN39,2977,2936,3,9,5,24
DN4,52349,45762,1142,3044,1226,1175
DN40,11092,10868,19,78,60,67
DN41,331,318,0,11,0,2
DN5,41316,39734,295,584,172,531
DN6,29247,28380,198,270,75,324
DN7,23703,22610,192,508,110,283
DN8,18865,18383,75,140,111,156
DN9,19840,19179,70,261,37,293
DT1,22157,20857,144,658,124,374
DT10,12260,12052,19,53,53,83
DT11,30096,28899,119,616,148,314
DT2,25273,24773,33,152,49,266
DT3,26390,25733,38,245,77,297
DT4,36073,34868,81,457,151,516
DT5,13105,12633,124,107,60,181
DT6,22304,21783,29,180,68,244
DT7,6049,5928,11,36,15,59
DT8,5878,5756,5,41,20,56
DT9,20589,19954,53,299,56,227
DY1,40373,29530,2826,5690,674,1653
DY10,40861,38243,232,1449,200,737
DY11,31565,30513,124,387,130,411
DY12,14222,13934,23,83,20,162
DY13,21558,21075,42,153,48,240
DY14,9471,9316,14,34,17,90
DY2,32938,23204,1626,6086,710,1312
DY3,36695,34495,443,833,139,785
DY4,48795,34096,3263,8670,1048,1718
DY5,43518,38834,641,2540,342,1161
DY6,30095,28742,139,627,104,483
DY7,7490,7233,31,84,37,105
DY8,48492,45542,341,1462,191,956
DY9,28286,22340,351,4513,381,701
E1,98305,35520,5603,48871,3892,4419
E10,53377,23031,9070,14582,3611,3083
E11,56998,32152,7225,11404,2436,3781
E12,44341,9169,5994,25780,1927,1471
E13,57206,16412,10679,24468,3091,2556
E14,108545,41905,8380,48300,4558,5402
E15,60845,24737,12351,16526,3273,3958
E16,60038,25383,14467,13671,2775,3742
E17,110461,56954,16586,23213,6350,7358
E18,20805,12550,1211,4905,848,1291
E1W,997,347,100,439,65,46
E2,49711,23119,5108,16371,2462,2651
E20,7991,3827,1234,2001,456,473
E3,64621,27283,5842,25641,2224,3631
E4,67375,42800,8234,7997,3961,4383
E5,54019,25924,13303,7001,4393,3398
E6,81374,22191,11272,40719,4177,3015
E7,49440,11782,6942,26744,1991,1981
E8,47277,25300,10152,4588,3817,3420
E9,36402,16453,11168,3513,2528,2740
EC1A,3093,2034,88,587,200,184
EC1M,2684,1816,136,456,121,155
EC1N,2699,1449,266,661,158,165
EC1R,6220,3822,733,705,543,417
EC1V,18731,10823,2315,2853,1490,1250
EC1Y,3968,2548,451,419,314,236
EC2A,1167,903,23,141,45,55
EC2P,396,248,3,103,14,28
EC2Y,1634,1355,11,135,57,76
EC3N,259,169,4,61,12,13
EC4A,191,78,2,87,9,15
EC4Y,223,121,9,69,14,10
EN1,53175,31539,7798,4759,5494,3585
EN10,19788,16617,1186,654,588,743
EN11,23190,21008,617,493,422,650
EN2,29265,20940,2065,2285,2128,1847
EN3,61972,24999,17425,7061,8873,3614
EN4,31563,20961,1649,4120,2891,1942
EN5,39852,27034,2755,5698,2149,2216
EN6,29720,23630,1163,2547,1200,1180
EN7,22771,18667,1068,949,1141,946
EN8,36678,26944,3832,1675,2494,1733
EN9,23542,19846,1264,722,729,981
EX1,33864,30045,345,2011,540,923
EX10,19034,18531,32,205,62,204
EX11,9982,9698,17,85,34,148
EX12,10425,10108,26,154,33,104
EX13,17399,16959,22,183,41,194
EX14,22699,22207,48,163,52,229
EX15,24378,23835,33,187,58,265
EX16,35280,34593,30,238,74,345
EX17,21284,20815,33,122,67,247
EX18,4256,4183,5,20,9,39
EX19,3930,3876,4,18,4,28
EX2,46415,43128,272,1529,480,1006
EX20,23576,23086,57,127,81,225
EX21,4511,4430,11,25,16,29
EX22,12411,12237,10,61,17,86
EX23,15838,15417,15,94,117,195
EX3,4621,4367,51,112,32,59
EX31,32074,30944,169,494,144,323
EX32,23136,22261,90,377,62,346
EX33,11090,10846,15,56,35,138
EX34,14935,14596,29,76,46,188
EX35,1531,1499,2,9,4,17
EX36,9632,9394,19,78,39,102
EX37,2640,2586,1,19,2,32
EX38,9007,8881,9,28,15,74
EX39,37644,36870,48,229,91,406
EX4,57129,51254,543,2966,869,1497
EX5,22587,21959,61,159,98,310
EX6,15082,14759,22,80,27,194
EX7,14189,13883,15,117,40,134
EX8,37627,36803,62,319,84,359
EX9,6641,6516,11,36,7,71
FY0,236,225,0,7,0,4
FY1,37885,34889,315,1506,423,752
FY2,24772,23850,75,394,121,332
FY3,31134,29095,161,1142,196,540
FY4,45039,43392,169,701,147,630
FY5,44130,43091,113,436,84,406
FY6,28942,28214,64,292,65,307
FY7,25812,25065,64,225,131,327
FY8,43527,41850,156,651,231,639
GL1,43329,32255,2346,5806,1026,1896
GL10,17978,17146,153,237,69,373
GL11,20417,19892,62,142,50,271
GL12,15109,14674,79,107,44,205
GL13,5672,5549,10,36,11,66
GL14,16970,16463,38,165,115,189
GL15,23277,22808,36,142,66,225
GL16,13681,13440,23,85,24,109
GL17,12937,12718,17,78,22,102
GL18,9370,9096,41,60,62,111
GL19,11467,11153,48,68,23,175
GL2,58487,53803,1129,1509,357,1689
GL20,29164,28241,110,365,71,377
GL3,35049,32639,407,956,243,804
GL4,45613,40823,1437,1395,249,1709
GL5,32695,31308,137,368,168,714
GL50,28319,25182,351,1596,338,852
GL51,50274,46058,528,2007,580,1101
GL52,49246,46091,321,1397,321,1116
GL53,18240,17088,75,565,103,409
GL54,25740,25019,84,223,66,348
GL55,6061,5940,13,37,17,54
GL56,9338,9075,28,90,22,123
GL6,22050,21374,44,205,63,364
GL7,46769,44810,253,770,212,724
GL8,9289,8954,35,98,25,177
GL9,1714,1693,3,5,4,9
GU1,38266,31697,599,3309,1083,1578
GU10,32263,30271,197,940,195,660
GU11,29979,20847,1191,6053,1127,761
GU12,30615,26512,472,2554,434,643
GU13,36926,34111,252,1461,269,833
GU14,57070,46236,1089,6802,1380,1563
GU15,50331,40893,890,6036,1162,1350
GU16,21581,18496,350,1847,353,535
GU17,33808,31155,366,1357,254,676
GU18,7289,6547,53,432,66,191
GU19,6191,5459,78,349,103,202
GU2,33850,26957,786,3972,895,1240
GU20,4399,4021,26,204,43,105
GU21,53496,40988,1000,8494,1172,1842
GU22,36847,28695,730,5367,773,1282
GU23,7681,7252,68,147,63,151
GU24,18363,16348,396,883,245,491
GU25,6705,5216,83,943,193,270
GU26,8866,8330,63,270,38,165
GU27,19181,18196,117,374,118,376
GU28,7129,6940,17,72,22,78
GU29,9690,9412,39,78,34,127
GU3,8944,8247,86,342,83,186
GU30,9906,9412,47,190,37,220
GU31,14082,13527,54,194,80,227
GU32,11284,10775,65,183,39,222
GU33,8298,7951,29,134,45,139
GU34,33775,32328,162,604,156,525
GU35,22201,20718,203,675,188,417
GU4,13285,12043,123,556,219,344
GU47,220,185,13,11,1,10
GU5,11427,10892,71,174,66,224
GU51,6014,5306,71,363,71,203
GU52,1664,1487,35,69,18,55
GU6,15822,15022,99,344,71,286
GU7,24801,23055,207,694,192,653
GU8,16216,15436,70,244,86,380
GU9,28075,25840,220,1155,192,668
HA0,60408,12044,6761,34998,4841,1764
HA1,48205,18997,3572,19746,3318,2572
HA2,61039,18397,5087,29974,5215,2366
HA3,79147,27366,6319,37228,5767,2467
HA4,54659,36941,2034,11181,1939,2564
HA5,45569,21522,2137,17962,2171,1777
HA6,22813,11157,871,8971,887,927
HA7,38614,14658,2318,17891,2668,1079
HA8,72397,33647,7358,22048,6466,2878
HA9,56787,16685,8682,23580,5611,2229
HD1,37423,18923,2231,12935,1657,1677
HD2,28303,15192,2606,7445,1052,2008
HD3,32413,26854,772,2967,461,1359
HD4,26653,19693,1072,4190,537,1161
HD5,29337,23891,1351,2068,563,1464
HD6,26987,25623,164,571,104,525
HD7,55533,53420,339,528,189,1057
HD8,33247,31917,152,468,119,591
HD9,271,269,0,2,0,0
HG1,36851,34624,326,919,270,712
HG2,31330,29573,178,768,201,610
HG3,29829,28736,158,324,138,473
HG4,25318,24467,134,319,106,292
HG5,19358,18874,41,174,55,214
HP1,29658,26055,752,1583,325,943
HP10,23740,20870,346,1473,236,815
HP11,20670,12049,1375,5428,654,1164
HP12,21448,10751,1325,7702,676,994
HP13,43124,27272,2603,9878,971,2400
HP14,20389,18598,223,888,112,568
HP15,16026,14710,118,658,116,424
HP16,12829,12086,46,317,64,316
HP17,26382,24470,311,784,183,634
HP18,24676,20793,876,1835,250,922
HP19,28388,20112,1557,4872,538,1309
HP2,42442,34599,2119,3401,694,1629
HP20,15556,11268,676,2696,294,622
HP21,33111,24683,1328,5224,630,1246
HP22,29010,26300,430,1216,266,798
HP23,19284,18086,178,411,133,476
HP3,33936,27960,1155,2951,494,1376
HP4,24206,22687,160,563,185,611
HP5,26656,21520,359,3577,305,895
HP6,16668,13146,133,2447,269,673
HP7,9550,7815,93,1180,128,334
HP8,6883,6035,57,488,66,237
HP9,17027,14577,167,1377,226,680
HR1,36950,35096,193,952,258,451
HR2,39558,38278,150,394,224,512
HR3,8480,8326,11,44,25,74
HR4,29150,28290,104,271,172,313
HR5,6457,6335,13,44,16,49
HR6,19725,19310,26,142,73,174
HR7,8776,8579,15,71,35,76
HR8,14369,14046,24,98,85,116
HR9,19628,19148,31,131,116,202
HU1,6919,5252,403,530,545,189
HU10,20883,20086,76,346,114,261
HU11,17529,17259,32,88,33,117
HU12,24948,24624,16,135,36,137
HU13,15163,14595,47,223,122,176
HU14,9029,8424,23,390,53,139
HU15,24384,23520,95,396,103,270
HU16,16038,15290,103,349,125,171
HU17,41546,40222,169,549,166,440
HU18,8174,8033,11,31,16,83
HU19,6787,6669,6,49,12,51
HU2,3882,2841,181,435,304,121
HU20,311,310,0,0,0,1
HU3,29942,24612,1238,2024,1308,760
HU4,23599,22486,210,363,228,312
HU5,48187,43638,992,1579,999,979
HU6,35184,31614,1032,1001,850,687
HU7,48445,46832,383,423,213,594
HU8,35121,33945,203,390,183,400
HU9,39766,37740,426,774,312,514
HX1,32682,14719,520,15950,774,719
HX2,36826,33490,225,2131,262,718
HX3,40172,37522,224,1419,227,780
HX4,10731,10419,29,101,35,147
HX5,8688,7904,63,508,59,154
HX6,18129,17486,77,220,33,313
HX7,12390,11899,49,109,33,300
IG1,75345,13216,7659,47972,4238,2260
IG10,34227,28845,952,2310,743,1377
IG11,67359,21206,15179,25240,2686,3048
IG2,35554,8522,2272,21139,2439,1182
IG3,35638,6831,2676,22748,2334,1049
IG4,10435,2225,477,6778,621,334
IG5,17916,5227,1445,9392,1303,549
IG6,31375,15038,2482,11018,1557,1280
IG7,22115,12918,1530,5674,1025,968
IG8,35828,21947,3228,7055,1428,2170
IG9,12087,9690,412,1151,265,569
IP1,43316,36620,1491,2138,1090,1977
IP10,11573,11039,87,160,40,247
IP11,24350,23210,161,412,105,462
IP12,26637,25330,286,368,127,526
IP13,20203,19661,66,167,61,248
IP14,44132,42731,223,382,166,630
IP15,2935,2835,11,44,10,35
IP16,6691,6495,15,80,31,70
IP17,12167,11847,47,104,47,122
IP18,4048,3939,23,34,17,35
IP19,9834,9588,28,122,22,74
IP2,32485,28025,1356,951,571,1582
IP20,8764,8607,11,60,16,70
IP21,12428,12143,56,68,32,129
IP22,22612,21898,114,247,115,238
IP23,6572,6447,13,47,11,54
IP24,30377,28562,268,387,403,757
IP25,22116,21270,241,193,110,302
IP26,10426,9887,90,85,120,244
IP27,20061,17479,713,351,538,980
IP28,31152,27882,781,614,624,1251
IP29,9252,8954,30,123,36,109
IP3,37156,31257,1288,2277,730,1604
IP30,14554,14169,62,102,43,178
IP31,19622,18966,81,185,88,302
IP32,18189,16847,198,449,221,474
IP33,21385,19722,232,782,181,468
IP4,35554,30093,862,2517,659,1423
IP5,17366,16050,190,626,92,408
IP6,16625,16141,66,105,28,285
IP7,15922,15038,237,241,118,288
IP8,9740,9196,104,134,51,255
IP9,11413,11047,77,105,31,153
KT1,27866,18925,1132,4478,1733,1598
KT10,23974,20742,138,1714,467,913
KT11,17301,15140,240,916,326,679
KT12,41483,35635,661,2691,763,1733
KT13,21516,18363,306,1423,492,932
KT14,13337,11713,139,821,234,430
KT15,29802,25805,467,2088,435,1007
KT16,19614,16856,439,1427,302,590
KT17,30430,24489,477,3420,725,1319
KT18,19879,17120,321,1334,297,807
KT19,37485,29479,856,4362,1158,1630
KT2,33336,22912,823,5769,1852,1980
KT20,19764,17217,381,1265,266,635
KT21,14371,13088,109,585,157,432
KT22,23725,21202,280,1177,334,732
KT23,10450,9886,73,180,69,242
KT24,8121,7708,55,160,43,155
KT3,41019,24023,1214,10705,2804,2273
KT4,28624,20362,681,4948,1279,1354
KT5,21728,15532,602,3534,967,1093
KT6,31402,23351,755,4379,1295,1622
KT7,9100,8072,75,426,131,396
KT8,20723,17973,221,1286,461,782
KT9,20102,16054,458,1984,721,885
L1,17152,12955,527,2035,844,791
L10,16585,15761,149,417,90,168
L11,33566,30214,1058,1229,403,662
L12,31941,29633,284,1265,255,504
L13,32952,28091,938,1679,1060,1184
L14,28328,25895,528,889,371,645
L15,32807,25916,1194,2550,1363,1784
L16,14841,13637,107,644,111,342
L17,24150,21021,494,919,491,1225
L18,25728,22684,379,1296,367,1002
L19,22809,20660,302,915,253,679
L2,4694,3704,89,388,313,200
L20,38852,36197,469,857,629,700
L21,23815,22887,167,322,158,281
L22,14900,14290,60,170,127,253
L23,29257,28149,71,515,124,398
L24,17880,16745,277,320,137,401
L25,33004,30596,236,1021,231,920
L26,14456,13706,96,255,66,333
L27,6211,5877,62,57,32,183
L28,5912,5505,166,61,39,141
L3,15945,12272,543,1761,834,535
L30,20323,19747,89,196,87,204
L31,31245,30510,139,179,50,367
L32,21923,21200,128,137,135,323
L33,18061,17345,162,123,105,326
L34,16517,15553,112,526,73,253
L35,30923,29328,185,862,136,412
L36,38511,36991,270,471,191,588
L37,23457,22800,55,220,89,293
L38,2220,2175,0,21,3,21
L39,31792,30558,168,521,89,456
L4,41956,37114,1280,1477,1097,988
L40,19927,19464,45,142,54,222
L5,11191,9114,608,634,495,340
L6,22591,15893,1913,2280,1595,910
L67,171,159,6,4,2,0
L68,576,533,11,11,20,1
L69,6381,4023,662,622,585,489
L7,17269,10945,1414,2524,1427,959
L70,115,89,4,5,4,13
L8,26845,15069,3684,2506,3596,1990
L9,27943,26217,351,766,151,458
LA1,58278,51185,881,3929,899,1384
LA10,4073,3997,10,21,8,37
LA11,11316,11166,33,47,13,57
LA12,20333,19950,20,138,53,172
LA13,21883,21119,114,387,86,177
LA14,34161,33126,122,502,140,271
LA15,7300,7157,16,36,9,82
LA16,3178,3128,1,21,4,24
LA17,1226,1220,1,1,1,3
LA18,8404,8280,11,50,5,58
LA19,734,712,6,3,4,9
LA2,23807,22677,114,639,109,268
LA20,1144,1120,1,7,3,13
LA21,1450,1383,7,32,5,23
LA22,4934,4790,21,41,15,67
LA23,7916,7653,42,88,52,81
LA3,25210,24535,81,227,135,232
LA4,24585,23861,84,254,135,251
LA5,16878,16538,56,114,42,128
LA6,11563,11345,21,67,24,106
LA7,4720,4601,18,38,6,57
LA8,8508,8351,4,38,29,86
LA9,30725,29851,75,311,126,362
LD1,12695,12409,29,94,39,124
LD2,5577,5506,12,30,6,23
LD3,18737,17894,49,513,94,187
LD4,758,746,1,8,1,2
LD5,795,775,3,8,2,7
LD6,2699,2646,6,24,2,21
LD7,4638,4562,6,32,8,30
LD8,3425,3361,6,11,10,37
LE1,22971,8965,4265,7323,1436,982
LE10,53404,50366,348,1455,297,938
LE11,66597,50978,1897,10292,1257,2173
LE12,71080,67482,322,1797,262,1217
LE13,28467,27418,123,424,125,377
LE14,18779,18276,57,171,30,245
LE15,36609,34580,549,592,186,702
LE16,39365,37392,272,814,167,720
LE17,23176,22222,117,380,103,354
LE18,34165,27744,580,4319,517,1005
LE19,19006,16948,192,1110,196,560
LE2,126766,63846,8486,43982,5212,5240
LE3,110752,76754,8002,17946,3543,4507
LE4,108127,40576,6334,54461,3651,3105
LE5,94295,20069,3918,63034,4255,3019
LE55,526,495,3,14,4,10
LE6,84669,80519,511,1858,400,1381
LE65,843,805,4,22,0,12
LE67,5820,5395,98,191,38,98
LE7,48079,40668,382,5318,470,1241
LE8,40050,36587,284,1912,300,967
LE9,55600,52948,372,1078,265,937
LL11,45941,44032,273,834,296,506
LL12,25452,24704,76,355,68,249
LL13,32631,30637,364,837,260,533
LL14,33776,32893,160,262,147,314
LL15,11557,11196,24,227,27,83
LL16,15656,15241,44,153,54,164
LL17,5894,5666,15,125,36,52
LL18,41449,39593,134,1015,172,535
LL19,19391,18888,53,179,53,218
LL20,7022,6893,8,39,29,53
LL21,6420,6322,2,34,6,56
LL22,19299,18780,44,259,44,172
LL23,3679,3614,0,36,4,25
LL24,2391,2359,4,12,1,15
LL25,453,449,0,1,2,1
LL26,4283,4252,1,12,3,15
LL27,647,624,4,11,1,7
LL28,14665,14180,39,227,57,162
LL29,18234,17388,51,447,97,251
LL30,22116,21258,51,386,135,286
LL31,9255,8978,34,108,19,116
LL32,6249,6169,10,29,7,34
LL33,4553,4404,17,53,22,57
LL34,4163,4078,19,9,3,54
LL35,963,956,0,2,4,1
LL36,4174,4091,11,28,4,40
LL37,714,701,0,3,2,8
LL38,683,666,0,3,1,13
LL39,295,288,1,0,0,6
LL40,4227,4160,11,24,5,27
LL41,6064,5966,7,30,15,46
LL42,2214,2140,4,18,4,48
LL43,470,468,0,1,1,0
LL44,771,759,0,2,1,9
LL45,911,898,2,4,0,7
LL46,1833,1788,7,16,2,20
LL48,2827,2786,3,11,6,21
LL49,3791,3699,5,37,13,37
LL51,1288,1258,2,4,6,18
LL52,2943,2906,5,14,4,14
LL53,15482,15223,21,64,38,136
LL54,11969,11808,8,44,17,92
LL55,21094,20680,32,134,47,201
LL56,2282,2191,23,28,3,37
LL57,25394,22703,356,1436,409,490
LL58,3884,3814,3,17,12,38
LL59,5289,5070,23,74,37,85
LL60,3243,3204,3,9,1,26
LL61,5463,5328,9,67,8,51
LL62,2751,2712,4,12,11,12
LL63,1591,1573,0,4,0,14
LL64,598,582,2,4,3,7
LL65,24232,23806,29,142,29,226
LL66,1963,1946,1,1,0,15
LL67,947,940,1,1,3,2
LL68,4934,4831,8,26,32,37
LL69,315,314,0,0,0,1
LL70,308,307,0,0,0,1
LL71,1958,1932,2,12,1,11
LL72,606,593,2,3,1,7
LL73,506,502,0,3,1,0
LL74,2374,2349,4,11,2,8
LL75,1413,1381,2,7,6,17
LL76,417,416,0,0,1,0
LL77,6079,5975,12,39,13,40
LN1,37479,34787,496,1083,316,797
LN10,7478,7296,22,61,23,76
LN11,30875,30228,55,227,54,311
LN12,14103,13873,25,90,27,88
LN13,8195,8043,17,29,12,94
LN2,43666,40486,555,1330,507,788
LN3,16903,16444,45,180,39,195
LN4,41803,40728,132,343,115,485
LN5,33589,31704,280,742,350,513
LN6,61805,59131,413,1069,335,857
LN7,6826,6682,18,65,14,47
LN8,8039,7843,9,63,32,92
LN9,9143,8949,19,79,12,84
LS1,16661,11235,1046,2759,921,700
LS10,40027,33065,3374,1789,570,1229
LS11,39494,22199,6349,7923,1411,1612
LS12,44318,35886,2739,3312,788,1593
LS13,39080,35665,1070,889,424,1032
LS14,41131,35068,1886,2216,393,1568
LS15,34577,31868,933,745,222,809
LS16,40638,32866,786,3736,1885,1365
LS17,44825,30920,1274,8832,2006,1793
LS18,21991,19802,234,944,303,708
LS19,19766,18755,135,398,110,368
LS2,11218,6229,891,2665,873,560
LS20,13047,12432,55,234,64,262
LS21,18103,17520,79,201,37,266
LS22,16670,16076,106,186,46,256
LS23,9899,9510,61,147,30,151
LS24,13143,12796,46,112,28,161
LS25,44539,43195,259,414,107,564
LS26,31816,30310,233,527,144,602
LS27,37040,33782,551,1613,290,804
LS28,38394,33638,311,3218,471,756
LS29,31992,30751,127,480,87,547
LS3,1992,1036,158,535,188,75
LS4,9571,7038,447,1262,353,471
LS5,6945,5712,292,406,201,334
LS6,47610,36366,2470,4943,1344,2487
LS7,30761,15707,6031,5500,1474,2049
LS8,51026,24852,5065,16493,2180,2436
LS9,39880,23346,8237,4471,1832,1994
LU1,51195,25188,5126,16753,2125,2003
LU2,64295,41960,5546,12024,1786,2979
LU3,65459,26713,6321,27737,1895,2793
LU4,56150,18518,6014,27357,2086,2175
LU5,43588,36064,2469,2680,640,1735
LU6,32164,28643,1035,1201,302,983
LU7,60990,56898,789,1363,342,1598
M1,18373,11098,841,4393,1112,929
M10,51175,33332,9464,4466,1328,2585
M11,25304,12998,6154,3226,1402,1524
M12,24144,5630,4230,11746,1395,1143
M13,27187,8174,2974,12962,1897,1180
M14,56200,26554,8745,12729,4726,3446
M15,23112,12513,3896,3233,1815,1655
M16,36846,15085,5546,11435,2657,2123
M17,2194,1732,99,223,73,67
M18,25610,13381,5298,4388,1050,1493
M19,38003,18841,2002,13553,1815,1792
M2,285,199,2,49,26,9
M20,48431,35605,1603,6009,2372,2842
M21,28076,20367,1190,3961,895,1663
M22,46017,36585,2705,3454,1142,2131
M23,33729,26561,1983,2629,963,1593
M24,53938,46661,3140,2120,558,1459
M25,56446,45706,1350,5402,2117,1871
M26,34429,30840,671,1677,365,876
M27,45285,40119,1582,1859,558,1167
M28,58881,51715,2644,2270,651,1601
M29,45699,43198,699,821,280,701
M3,16957,12160,1282,1578,1082,855
M30,59853,51895,1997,2815,1560,1586
M31,49438,44809,838,1873,350,1568
M32,27596,18731,1829,4739,813,1484
M33,60859,49963,1297,6167,1434,1998
M34,48797,43923,1113,2191,366,1204
M35,44357,39605,1571,1623,389,1169
M4,14908,11528,592,1453,568,767
M40,1320,621,459,159,12,69
M41,203,155,14,12,2,20
M43,666,611,18,25,4,8
M44,1136,940,43,112,6,35
M46,1305,1169,51,47,5,33
M5,27185,20078,2901,2073,983,1150
M50,3038,2082,305,360,148,143
M6,31100,24330,2821,1890,895,1164
M7,35100,24754,3617,3257,2266,1206
M8,32797,7859,2982,17702,2914,1340
M9,39893,25418,7541,3931,1159,1844
ME1,36736,30544,1604,2785,624,1179
ME10,53602,48812,2227,1114,340,1109
ME11,5086,4881,73,32,21,79
ME12,42244,39936,717,627,227,737
ME13,29487,28376,166,296,160,489
ME14,39159,34036,896,2610,684,933
ME15,54744,48950,1292,2477,720,1305
ME16,33213,28440,886,2443,481,963
ME17,25488,24398,305,313,102,370
ME18,7692,7423,45,91,34,99
ME19,26629,24845,305,693,137,649
ME2,42771,36739,2218,2181,475,1158
ME20,20791,19727,224,371,93,376
ME3,29513,27128,920,754,188,523
ME4,34087,25245,3358,3171,1005,1308
ME5,52472,46399,2593,1819,475,1186
ME6,11170,10597,142,174,47,210
ME7,50765,39136,4266,4597,942,1824
ME8,49994,45746,1062,1764,369,1053
ME9,20873,20002,293,223,50,305
MK1,11765,8146,1271,1621,255,472
MK10,24919,14969,3311,4621,750,1268
MK11,11930,9320,761,1236,136,477
MK12,17901,13061,1358,2353,353,776
MK13,17042,12515,1688,1746,365,728
MK14,19577,13550,2627,2113,536,751
MK15,6828,5260,415,808,105,240
MK16,20433,18701,412,715,109,496
MK17,21860,19614,657,896,162,531
MK18,34275,31612,598,1065,218,782
MK19,12395,11249,232,524,67,323
MK2,14456,9689,1916,2008,273,570
MK3,25402,19802,2184,1998,375,1043
MK4,24912,16726,2435,4126,437,1188
MK40,43322,28375,2825,8777,1189,2156
MK41,42624,34000,2281,3588,694,2061
MK42,55565,37860,3977,9527,1223,2978
MK43,41903,36683,1073,2225,450,1472
MK44,16979,16150,168,220,74,367
MK45,48476,45349,546,1066,242,1273
MK46,8845,8450,99,126,19,151
MK5,15259,10098,1158,2882,377,744
MK6,26647,15846,5113,3756,813,1119
MK7,14203,10828,1160,1378,211,626
MK8,12211,7918,943,2512,323,515
MK9,3773,2052,460,877,183,201
N1,91885,56337,12996,9241,6564,6747
N10,29209,21230,1787,2167,1691,2334
N11,35417,20732,3495,5704,3035,2451
N12,33154,18322,1839,8028,3120,1845
N13,37234,22582,3627,4477,4367,2181
N14,28983,17792,1512,4724,3140,1815
N15,55550,28320,11415,4863,7163,3789
N16,62823,39130,8780,5175,5984,3754
N17,68367,27523,20962,6778,8351,4753
N18,34926,12707,10634,4400,5344,1841
N19,40283,25596,5529,3255,2712,3191
N1C,1523,574,238,466,149,96
N2,25777,17528,1356,3217,2149,1527
N20,17065,10955,739,3106,1333,932
N21,21200,14464,1197,2350,1869,1320
N22,41008,23840,6134,4300,4161,2573
N3,25818,15525,1152,5136,2670,1335
N4,53901,32043,8172,5058,4569,4059
N5,23747,16354,2542,1759,1396,1696
N6,17459,13490,810,1173,794,1192
N7,48127,27736,7123,5609,3793,3866
N8,36354,24984,3728,2610,2305,2727
N9,48826,18261,14552,6007,7531,2475
NE1,22538,15465,954,4222,1145,752
NE10,37174,34884,456,888,546,400
NE11,16546,15474,182,511,171,208
NE12,38654,36294,257,1246,268,589
NE13,23034,20466,261,1498,362,447
NE15,36699,33122,658,1942,466,511
NE16,24085,23448,59,250,105,223
NE17,4947,4835,9,37,17,49
NE18,983,961,1,3,2,16
NE19,4133,4079,4,32,3,15
NE2,29701,25927,435,1870,557,912
NE20,11321,10330,25,705,69,192
NE21,18054,17599,58,190,68,139
NE22,20271,19891,41,160,37,142
NE23,39799,38949,96,305,112,337
NE24,39874,38813,108,439,205,309
NE25,31972,30881,70,518,101,402
NE26,17468,16743,50,322,68,285
NE27,15784,14737,60,642,98,247
NE28,46503,44162,416,1078,356,491
NE29,36902,34618,282,1209,214,579
NE3,49048,41788,963,3887,1289,1121
NE30,19227,18590,51,220,93,273
NE31,24517,23706,117,336,111,247
NE32,23090,22412,81,264,107,226
NE33,28826,24741,289,2679,523,594
NE34,49407,47533,226,657,338,653
NE35,7013,6690,53,161,42,67
NE36,6649,6431,13,90,39,76
NE37,21411,20813,107,223,70,198
NE38,29776,28825,71,500,92,288
NE39,8004,7781,42,51,61,69
NE4,39447,18024,3193,14062,3094,1074
NE40,14763,14415,30,121,43,154
NE41,1829,1787,2,14,6,20
NE42,12060,11774,17,144,26,99
NE43,4669,4594,3,32,6,34
NE44,1623,1582,3,11,8,19
NE45,3056,3016,5,21,6,8
NE46,15043,14718,20,133,37,135
NE47,7016,6925,6,25,4,56
NE48,2842,2813,1,10,5,13
NE49,3366,3339,4,3,8,12
NE5,47470,42240,1145,2572,868,645
NE6,49880,42629,2245,2586,1168,1252
NE61,36397,35503,53,370,144,327
NE62,8423,8256,12,57,17,81
NE63,27924,27036,51,470,157,210
NE64,5141,5073,9,33,5,21
NE65,19801,19560,34,70,33,104
NE66,17127,16858,33,66,37,133
NE67,946,937,2,2,1,4
NE68,1677,1658,1,4,4,10
NE69,324,318,2,2,0,2
NE7,14150,11691,174,1720,254,311
NE70,2013,1984,2,9,3,15
NE71,2752,2724,1,9,2,16
NE8,31130,26006,1004,1906,1507,707
NE9,34281,32436,337,690,457,361
NG1,21336,13800,1889,3270,1108,1269
NG10,47377,44386,535,1119,214,1123
NG11,40865,35621,1293,2031,443,1477
NG12,38182,35012,290,1610,313,957
NG13,22753,21857,129,341,64,362
NG14,20952,19866,200,298,89,499
NG15,46927,43746,870,988,267,1056
NG16,62642,59407,488,1450,337,960
NG17,75465,72012,780,1270,336,1067
NG18,50218,46907,649,1343,477,842
NG19,49939,47934,416,734,258,597
NG2,57662,41547,3358,8455,1575,2727
NG20,28239,27479,205,190,130,235
NG21,24450,23667,210,201,40,332
NG22,29197,28414,102,227,99,355
NG23,17587,17219,42,97,32,197
NG24,46869,44763,351,705,298,752
NG25,8294,7994,30,86,47,137
NG3,53963,36964,5808,6245,1730,3216
NG31,48810,45882,415,1380,359,774
NG32,11607,11355,19,101,28,104
NG33,9648,9452,29,53,33,81
NG34,42516,41290,142,420,164,500
NG4,39047,34622,941,1534,374,1576
NG5,88196,69395,6274,6580,1376,4571
NG6,37870,29355,3503,2150,496,2366
NG7,63737,35586,6647,15084,2863,3557
NG8,63727,40702,5582,11472,2309,3662
NG9,70858,61133,1529,4828,1197,2171
NN1,38024,26887,3978,4654,1017,1488
NN10,41507,38823,803,776,232,873
NN11,42707,40382,467,915,237,706
NN12,26940,25921,195,330,62,432
NN13,22589,21522,199,349,119,400
NN14,48996,46777,626,638,228,727
NN15,43760,39098,1162,2106,440,954
NN16,29278,24977,1217,1837,496,751
NN17,34317,32234,731,550,266,536
NN18,39280,35112,1788,1136,511,733
NN2,42423,35253,2519,2537,593,1521
NN29,12124,11588,104,173,37,222
NN3,76091,60296,6370,5710,1086,2629
NN4,53375,43993,2960,3844,735,1843
NN5,45450,36977,3217,2943,638,1675
NN6,36050,34613,322,396,111,608
NN7,27528,26460,175,362,68,463
NN8,55475,43989,3863,4781,550,2292
NN9,27295,25734,514,386,75,586
NP1,57487,55019,387,905,215,961
NP10,8279,7327,139,532,75,206
NP11,1022,994,5,3,6,14
NP12,31649,31092,31,222,62,242
NP13,19064,18690,35,150,33,156
NP15,11158,10932,35,89,11,91
NP16,22588,21815,111,245,102,315
NP18,18188,17135,123,414,106,410
NP19,55746,46276,1611,5255,960,1644
NP2,25340,24907,39,183,51,160
NP20,53662,43973,1506,5191,1427,1565
NP23,31566,30797,68,345,87,269
NP25,14737,14261,28,226,55,167
NP26,23190,22551,29,246,57,307
NP3,358,347,0,5,0,6
NP4,46772,45854,87,293,105,433
NP44,46572,44818,137,900,141,576
NP7,25769,24768,80,456,142,323
NP8,4520,4373,14,62,10,61
NR1,32624,28373,662,2044,536,1009
NR10,26553,25841,131,202,66,313
NR11,20478,20123,37,89,40,189
NR12,21859,21426,33,118,59,223
NR13,30409,29404,99,384,117,405
NR14,27879,27019,101,255,97,407
NR15,16667,16372,36,78,29,152
NR16,12306,12020,55,87,28,116
NR17,17313,16740,70,204,71,228
NR18,21037,20018,277,336,67,339
NR19,21551,20925,89,190,66,281
NR2,29019,25541,618,1306,475,1079
NR20,20363,19932,67,150,37,177
NR21,16620,16269,29,99,50,173
NR22,599,591,0,1,5,2
NR23,3317,3246,0,25,15,31
NR24,4312,4244,5,14,7,42
NR25,8342,8176,19,52,16,79
NR26,8040,7901,11,52,12,64
NR27,11367,11107,25,76,31,128
NR28,15953,15662,17,75,34,165
NR29,21519,21085,41,132,67,194
NR3,33227,30014,767,1082,483,881
NR30,31326,28709,712,637,490,778
NR31,50415,47977,352,1206,238,642
NR32,40397,39095,165,487,145,505
NR33,39666,38494,170,352,93,557
NR34,21265,20742,39,185,72,227
NR35,10259,9999,19,105,28,108
NR4,26391,21861,750,2335,516,929
NR5,32264,27943,912,1865,660,884
NR6,22873,21569,233,552,124,395
NR7,31264,29607,264,643,192,558
NR8,21250,20013,276,497,100,364
NR9,17581,16835,123,263,69,291
NW1,63065,33567,6623,13628,5053,4194
NW10,104550,39956,28097,17722,11520,7255
NW11,35947,23894,1426,4832,4390,1405
NW2,67302,30888,9506,13382,9142,4384
NW3,52795,35468,2891,7590,3528,3318
NW4,34480,19850,2409,6612,4193,1416
NW5,23922,15126,2567,3232,1371,1626
NW6,64087,36190,8558,8687,6268,4384
NW7,26728,14724,2529,5588,2469,1418
NW8,30352,14467,2388,6876,4937,1684
NW9,72890,27791,9308,24850,7453,3488
OL1,32031,18735,2419,9220,580,1077
OL10,29145,26567,804,999,187,588
OL11,53052,31644,2086,16836,1138,1348
OL12,47920,33845,982,11040,985,1068
OL13,16373,15802,56,212,65,238
OL14,16026,15026,66,597,53,284
OL15,15280,14646,62,351,56,165
OL16,33818,20912,840,10512,770,784
OL2,39826,36733,381,1866,119,727
OL3,15550,15061,52,126,36,275
OL4,46547,28764,1202,14750,670,1161
OL5,12060,11446,99,266,49,200
OL6,32156,22852,1056,7054,497,697
OL7,16227,11565,499,3594,200,369
OL8,46209,21668,2095,19904,1292,1250
OL9,37160,21370,1356,12956,418,1060
OX1,32279,24730,726,4209,771,1843
OX10,29712,28152,188,578,200,594
OX11,45973,41229,809,2340,468,1127
OX12,30453,28866,350,518,230,489
OX13,17517,15437,566,836,223,455
OX14,43153,39169,643,1766,444,1131
OX15,22762,21508,190,500,120,444
OX16,52229,44145,1197,4551,760,1576
OX17,15156,14716,54,137,47,202
OX18,28567,27321,214,390,111,531
OX2,38846,31206,775,3811,1198,1856
OX20,6868,6376,53,215,63,161
OX25,14249,12856,324,590,114,365
OX26,36885,32295,644,2195,520,1231
OX27,6753,6273,72,163,64,181
OX28,29485,27779,198,636,269,603
OX29,24190,23056,168,379,128,459
OX3,48762,33938,2589,7849,1968,2418
OX33,7155,6617,75,214,74,175
OX39,8419,8001,41,151,38,188
OX4,65580,44619,3835,10837,2492,3797
OX44,7705,7342,49,110,39,165
OX49,4383,4205,10,86,15,67
OX5,23281,20357,312,1481,414,717
OX7,21555,20624,99,379,96,357
OX9,15648,14746,128,317,87,370
PE1,58650,33645,2368,17616,2872,2149
PE10,25784,24810,183,407,75,309
PE11,48040,45800,276,787,453,724
PE12,42476,41420,181,345,114,416
PE13,39311,37676,273,472,397,493
PE14,23195,22685,72,185,80,173
PE15,31448,30150,282,382,145,489
PE16,11175,10728,84,136,54,173
PE17,63325,59246,633,1937,332,1177
PE18,55650,50239,1229,2256,460,1466
PE19,41137,38540,456,971,273,897
PE2,54536,45976,2567,3067,994,1932
PE20,16091,15611,59,149,89,183
PE21,46587,43496,365,1245,740,741
PE22,15727,15360,63,97,47,160
PE23,8668,8517,8,54,16,73
PE24,11608,11359,24,79,11,135
PE25,22728,22011,55,314,68,280
PE27,265,238,12,6,0,9
PE28,2461,2052,124,112,59,114
PE29,1490,1180,64,168,16,62
PE3,34186,23378,1583,6754,1175,1296
PE30,48383,44373,479,2100,574,857
PE31,19946,19662,37,99,31,117
PE32,15568,15216,41,106,47,158
PE33,15175,14796,33,142,23,181
PE34,12990,12771,20,66,30,103
PE36,5374,5237,10,45,23,59
PE37,11427,11077,36,119,69,126
PE38,15030,14486,85,132,120,207
PE4,29838,26268,821,1386,433,930
PE5,1337,1266,14,24,9,24
PE6,38887,37109,307,653,114,704
PE7,47187,41951,1394,1921,528,1393
PE8,17640,16706,175,280,114,365
PE9,31061,29854,177,429,135,466
PL1,31717,28065,793,1280,672,907
PL10,3878,3765,4,23,19,67
PL11,9910,9688,21,47,51,103
PL12,22500,22009,21,106,130,234
PL13,10902,10661,9,58,96,78
PL14,24436,23878,27,161,174,196
PL15,22460,21926,27,181,138,188
PL16,881,865,0,2,1,13
PL17,9996,9818,5,38,54,81
PL18,5196,5094,8,20,25,49
PL19,15733,15425,22,102,39,145
PL2,32919,30987,270,759,284,619
PL20,13269,12968,38,67,33,163
PL21,21031,20667,23,93,61,187
PL22,4259,4148,4,17,50,40
PL23,3259,3186,2,14,34,23
PL24,11006,10757,13,45,89,102
PL25,29362,28487,44,214,297,320
PL26,28506,27854,29,85,325,213
PL27,12776,12404,15,64,102,191
PL28,4073,3942,5,11,84,31
PL29,1596,1560,1,6,18,11
PL3,30453,28532,244,744,288,645
PL30,10077,9814,7,15,141,100
PL31,15221,14735,24,116,144,202
PL32,4143,4065,3,16,17,42
PL33,2017,1977,1,7,18,14
PL34,1485,1435,3,13,7,27
PL35,704,680,1,3,11,9
PL4,30864,26911,705,1658,666,924
PL5,45706,44025,311,609,227,534
PL6,41093,39435,290,643,258,467
PL7,32480,31756,76,209,102,337
PL8,5244,5138,4,30,13,59
PL9,28937,28282,113,132,104,306
PO1,36185,27154,2434,4058,1345,1194
PO10,21000,20065,262,252,132,289
PO11,17389,16898,51,128,70,242
PO12,46472,44473,401,699,241,658
PO13,36341,34496,581,497,211,556
PO14,37168,35578,260,599,180,551
PO15,23337,22040,151,629,114,403
PO16,31324,29949,168,622,140,445
PO17,8255,7978,46,96,22,113
PO18,16687,16132,53,166,99,237
PO19,33057,30517,302,1239,279,720
PO2,42497,37079,1282,2627,625,884
PO20,34201,33113,93,397,146,452
PO21,45473,43405,235,809,385,639
PO22,29161,28129,111,370,147,404
PO3,19516,17957,378,642,144,395
PO30,32968,31709,179,623,103,354
PO31,14368,13849,60,208,45,206
PO32,8895,8663,26,70,15,121
PO33,31423,30381,89,391,88,474
PO34,1825,1790,2,10,6,17
PO35,3336,3269,1,18,10,38
PO36,17342,16956,39,124,47,176
PO37,8881,8642,25,85,20,109
PO38,11694,11431,25,65,15,158
PO39,3330,3247,7,41,14,21
PO4,41832,36238,1181,2432,630,1351
PO40,4765,4662,16,24,12,51
PO41,1632,1609,5,4,4,10
PO5,25511,20005,1178,2616,767,945
PO6,42971,39349,609,2001,302,710
PO7,44420,42446,280,940,136,618
PO8,34830,33686,105,496,139,404
PO9,50322,48158,385,815,227,737
PR0,407,196,11,174,17,9
PR1,78820,52721,2269,19517,1857,2456
PR11,304,227,1,61,8,7
PR2,77678,63059,1231,10311,991,2086
PR25,36284,34895,177,547,91,574
PR26,13814,13245,102,191,28,248
PR3,40093,39032,100,466,89,406
PR4,62287,59863,310,1012,239,863
PR5,38899,37027,244,800,155,673
PR6,37259,35329,163,1029,156,582
PR7,60587,58169,295,912,311,900
PR8,57345,54259,363,1220,419,1084
PR9,42120,40396,190,654,261,619
RG1,55498,32311,4364,13982,2301,2540
RG10,20315,18747,170,738,170,490
RG11,79730,68401,1427,6505,1056,2341
RG12,84422,72262,2403,5933,1029,2795
RG13,41870,38494,425,1751,380,820
RG14,28803,26285,321,1303,240,654
RG15,17480,16797,103,251,74,255
RG16,19765,18880,116,344,108,317
RG17,7153,6906,41,66,37,103
RG18,971,890,12,49,10,10
RG19,1641,1464,34,63,18,62
RG2,47177,30954,3594,8883,1210,2536
RG21,32343,25483,897,4093,800,1070
RG22,42244,37709,757,2263,413,1102
RG23,12995,11870,279,459,116,271
RG24,40465,34168,1318,3209,477,1293
RG25,15741,15104,102,209,73,253
RG26,23105,22010,186,406,60,443
RG27,21411,19951,145,619,144,552
RG28,6987,6763,14,86,22,102
RG3,78696,59810,4847,8803,1333,3903
RG30,482,278,66,82,21,35
RG31,397,341,1,26,14,15
RG4,42185,36018,970,2980,592,1625
RG40,2267,1660,108,360,40,99
RG41,1062,698,44,247,21,52
RG42,3846,3342,74,258,45,127
RG5,28061,22739,661,3386,410,865
RG6,34736,21836,1246,9391,1056,1207
RG7,30854,27946,546,1274,197,891
RG8,15496,14697,98,256,72,373
RG9,21084,19579,204,596,212,493
RH1,54554,44048,2124,5368,899,2115
RH10,78998,61918,2571,9850,1785,2874
RH11,57166,41296,2963,9060,1475,2372
RH12,53359,48847,538,2197,421,1356
RH13,39597,36953,495,1020,250,879
RH14,16175,15487,95,208,38,347
RH15,34743,31715,282,1700,235,811
RH16,40802,36892,448,1890,430,1142
RH17,16925,16089,120,252,86,378
RH18,5604,5179,40,121,54,210
RH19,34134,31664,323,1054,246,847
RH2,24339,21978,348,920,283,810
RH20,25423,24698,74,222,85,344
RH3,4498,4325,14,51,18,90
RH4,17635,16417,135,469,177,437
RH5,13149,12603,62,199,52,233
RH6,34381,30158,873,1966,345,1039
RH7,8970,8423,60,170,66,251
RH8,15348,14478,125,256,91,398
RH9,4475,4142,63,88,20,162
RM1,29905,20956,2649,4129,923,1248
RM10,45914,23650,11345,7659,1447,1813
RM11,35850,27661,1768,4503,803,1115
RM12,34886,27844,2107,3242,583,1110
RM13,31884,22220,4163,3701,615,1185
RM14,26780,24118,604,1172,206,680
RM15,31887,24401,4117,1914,457,998
RM16,60592,43770,8514,5191,1027,2090
RM17,28143,19602,3427,3403,765,946
RM18,19618,14391,3503,946,236,542
RM19,628,331,200,36,10,51
RM2,12193,9376,671,1461,265,420
RM3,46863,34708,5415,4057,762,1921
RM4,3684,3277,39,212,45,111
RM5,21781,16497,1794,2116,494,880
RM6,37419,13112,5953,14968,1642,1744
RM7,27906,17752,3186,4771,853,1344
RM8,48175,22548,9150,12360,1973,2144
RM9,36434,20252,7580,6188,955,1459
S1,24782,14059,1674,6468,1632,949
S10,50833,42274,1295,3950,1351,1963
S11,36348,30067,1065,3040,825,1351
S12,37511,35020,739,608,318,826
S13,31957,28258,943,1370,287,1099
S14,10161,7932,955,448,202,624
S17,16440,14831,227,728,164,490
S18,24692,24035,85,229,46,297
S19,28792,27415,268,437,116,556
S2,41349,29132,3998,4215,1557,2447
S20,1253,1126,25,49,7,46
S21,19654,19116,74,181,47,236
S25,21821,21222,138,168,54,239
S26,25701,24789,180,353,79,300
S3,15453,6603,2590,3185,2361,714
S30,80262,77632,494,785,286,1065
S35,2042,1798,47,82,57,58
S36,559,554,0,0,1,4
S4,14409,5128,2004,4635,1992,650
S40,41197,39102,356,909,198,632
S41,33793,32029,315,792,139,518
S42,29285,28570,82,305,37,291
S43,40206,39018,214,402,124,448
S44,20480,19932,95,186,66,201
S45,12288,11954,31,113,22,168
S5,60925,44524,4363,6861,2521,2656
S6,53231,47745,1262,1185,1338,1701
S60,47326,37095,852,7443,1052,884
S61,33895,30957,526,1421,403,588
S62,22970,22057,170,306,101,336
S63,43314,41955,384,361,159,455
S64,27896,27128,191,225,95,257
S65,32796,26868,669,3735,884,640
S66,43659,42368,205,522,144,420
S7,15257,9844,494,3975,379,565
S70,44662,42392,547,687,541,495
S71,48121,46703,344,424,236,414
S72,26910,26321,128,140,109,212
S73,28318,27511,166,217,127,297
S74,16756,16395,59,92,46,164
S75,42545,41304,227,459,181,374
S8,41643,36646,1292,1801,472,1432
S80,30017,28811,194,380,265,367
S81,36746,35504,222,467,136,417
S9,27145,12767,1875,9848,1706,949
SA1,56464,46611,1562,5262,1692,1337
SA10,32629,31902,75,312,81,259
SA11,34739,33743,108,452,96,340
SA12,33304,32140,101,527,98,438
SA13,16745,15949,43,477,66,210
SA14,39767,38737,91,526,102,311
SA15,35548,34407,62,560,160,359
SA16,8516,8365,5,71,8,67
SA17,9361,9194,14,57,16,80
SA18,30629,29874,77,259,129,290
SA19,10810,10588,18,65,40,99
SA2,36648,32685,455,1930,782,796
SA20,2792,2743,5,15,9,20
SA3,24598,23650,71,390,139,348
SA31,19582,18461,145,558,167,251
SA32,5435,5331,6,45,4,49
SA33,12852,12623,12,76,25,116
SA34,5849,5737,19,31,14,48
SA35,1381,1356,1,9,5,10
SA37,2593,2557,2,10,4,20
SA38,4984,4876,7,47,2,52
SA39,3231,3203,2,6,11,9
SA4,45496,44167,140,626,120,443
SA40,3550,3449,6,28,36,31
SA41,1746,1710,2,12,1,21
SA42,2583,2538,3,17,2,23
SA43,11520,11276,15,71,40,118
SA44,10218,10062,9,52,20,75
SA45,1149,1135,5,3,3,3
SA46,3130,3085,10,17,4,14
SA47,179,161,7,3,0,8
SA48,8022,7765,20,125,42,70
SA5,36213,33697,469,1223,406,418
SA6,31783,29804,165,1119,232,463
SA61,15935,15128,73,408,99,227
SA62,22520,22189,41,80,42,168
SA63,803,784,0,3,6,10
SA64,2022,1986,4,15,2,15
SA65,3550,3468,5,38,21,18
SA66,3637,3567,6,17,14,33
SA67,5835,5723,4,53,18,37
SA68,4993,4852,16,58,13,54
SA69,3820,3721,5,49,14,31
SA7,13360,12844,87,229,68,132
SA70,7445,7279,10,54,28,74
SA71,11546,11284,8,102,36,116
SA72,9199,8943,16,82,51,107
SA73,19700,19305,37,153,56,149
SA8,12405,12138,31,97,25,114
SA9,14067,13690,26,135,61,155
SE1,84530,43987,16558,12142,5993,5850
SE10,42304,25821,6384,5514,1557,3028
SE11,22623,11689,5942,1740,1459,1793
SE12,32087,18942,6321,3004,1416,2404
SE13,46436,24792,10695,4956,2164,3829
SE14,32900,15301,10028,2796,1998,2777
SE15,68328,29551,24308,5160,4148,5161
SE16,52060,30112,9484,6200,2853,3411
SE17,32940,13893,10696,3425,2578,2348
SE18,88915,39218,23419,16225,4683,5370
SE19,31824,18652,6890,2216,1244,2822
SE2,25040,12000,8006,2867,958,1209
SE20,24297,14516,5216,1490,867,2208
SE21,19654,12869,2998,1557,637,1593
SE22,29647,19853,4523,1847,1100,2324
SE23,37200,22967,7527,2284,1318,3104
SE24,21655,13616,4291,1203,786,1759
SE25,33441,14524,11442,2907,1325,3243
SE26,28413,15522,7297,1999,1228,2367
SE27,20337,10834,5307,1240,1030,1926
SE28,29793,11172,13026,2658,1049,1888
SE3,33920,23500,3602,3545,1209,2064
SE4,25945,14693,6466,1648,986,2152
SE5,46832,20278,15728,3468,3731,3627
SE6,51819,22097,17770,5034,2670,4248
SE7,20769,11324,4224,2941,874,1406
SE8,26558,11791,7988,3414,1509,1856
SE9,63193,46576,6649,5052,1944,2972
SG1,56335,45317,2958,5064,835,2161
SG10,3194,3017,29,49,15,84
SG11,8525,8180,59,91,31,164
SG12,29570,27672,280,676,255,687
SG13,17254,15863,261,419,165,546
SG14,19687,18256,284,449,110,588
SG15,6342,5620,138,270,51,263
SG16,7557,6910,119,223,51,254
SG17,14619,13638,189,315,103,374
SG18,31133,28675,518,869,208,863
SG19,24390,23055,243,441,96,555
SG2,43038,37344,1801,2104,389,1400
SG3,6164,5774,82,157,37,114
SG4,30535,26053,705,2035,495,1247
SG5,31961,28188,740,1501,321,1211
SG6,33642,28417,1039,2246,436,1504
SG7,14319,13317,189,356,67,390
SG8,39644,37325,382,904,228,805
SG9,12374,11949,68,125,47,185
SK1,15955,13940,417,897,209,492
SK10,44998,42568,327,1005,301,797
SK11,33883,32250,226,666,189,552
SK12,51548,50107,135,525,158,623
SK13,33795,32804,100,279,75,537
SK14,51361,44221,746,5079,344,971
SK15,28256,26117,418,1062,127,532
SK16,18436,16851,368,750,144,323
SK17,29187,28536,69,219,74,289
SK2,30869,28153,259,1545,281,631
SK22,277,271,0,5,0,1
SK23,228,224,0,0,1,3
SK3,28310,24733,439,1806,400,932
SK4,35230,29350,442,3525,757,1156
SK5,29649,26130,742,1342,499,936
SK6,49033,46858,235,804,232,904
SK7,41487,37327,302,2422,581,855
SK8,59101,46312,550,8846,1699,1694
SK9,39629,35252,292,2225,713,1147
SL0,12912,8269,299,3333,519,492
SL1,85750,35683,5884,36324,4385,3474
SL2,55931,24038,3692,23034,2962,2205
SL3,48381,20288,2982,20673,2678,1760
SL4,45889,38302,802,4139,934,1712
SL5,23064,19776,285,1824,389,790
SL6,80498,62253,1194,12756,1745,2550
SL7,20054,18500,165,676,155,558
SL8,6435,5952,54,252,41,136
SL9,22413,17231,203,3618,549,812
SM1,48837,32865,2871,8849,1732,2520
SM2,30172,19718,1549,6404,1069,1432
SM3,20132,14381,636,3638,752,725
SM4,40377,25131,2829,8484,1918,2015
SM5,40512,29654,2382,5476,1064,1936
SM6,34729,22528,2855,6481,1113,1752
SM7,16483,14424,251,1066,203,539
SN1,39162,24009,1218,11877,773,1285
SN10,33267,32135,177,342,139,474
SN11,27083,26149,158,259,122,395
SN12,28714,27498,176,427,104,509
SN13,18766,18024,98,239,84,321
SN14,29368,27589,282,814,158,525
SN15,32648,30309,507,952,270,610
SN16,14460,13786,81,288,70,235
SN17,304,251,5,34,8,6
SN2,70246,59687,1741,6033,915,1870
SN25,21546,18195,958,1414,255,724
SN3,54678,45611,1426,5439,787,1415
SN38,962,766,31,74,53,38
SN4,27475,25843,314,676,159,483
SN5,33639,28996,870,2168,640,965
SN6,21437,20390,179,356,140,372
SN7,14143,13369,182,272,88,232
SN8,24821,23869,107,345,98,402
SN9,7509,7284,46,57,33,89
SO1,120030,95054,4202,13676,3171,3927
SO14,15379,8409,899,4680,809,582
SO15,803,598,16,119,37,33
SO16,15008,10833,472,2578,512,613
SO17,15644,11563,479,2463,527,612
SO18,40552,35801,824,2184,480,1263
SO19,56896,52286,850,1647,471,1642
SO20,9530,9191,56,96,54,133
SO21,24820,23395,146,622,143,514
SO22,33106,29950,290,1625,324,917
SO23,19633,17822,140,956,199,516
SO24,9454,9151,32,102,30,139
SO3,92987,89117,486,1592,340,1452
SO30,3448,3142,37,163,28,78
SO31,1704,1524,34,90,4,52
SO32,1468,1326,44,45,6,47
SO4,114566,110934,535,1226,429,1442
SO40,742,702,0,22,3,15
SO41,738,709,4,5,8,12
SO45,132,128,0,2,0,2
SO5,109968,101648,897,4461,887,2075
SO50,1969,1676,30,180,28,55
SO51,2867,2726,32,49,14,46
SO53,3279,2687,57,382,79,74
SP1,23795,21988,261,950,157,439
SP10,42311,39226,480,1498,304,803
SP11,32340,29689,851,872,244,684
SP2,31152,28843,381,1179,231,518
SP3,12250,12015,33,66,21,115
SP4,37658,34073,1038,1193,583,771
SP5,21573,21013,72,178,55,255
SP6,13121,12868,23,80,21,129
SP7,14779,14246,76,181,54,222
SP8,13821,13509,35,138,47,92
SP9,11245,9025,734,820,310,356
SR1,10407,8172,500,1391,199,145
SR2,32768,29691,534,1844,315,384
SR3,36314,35350,146,380,117,321
SR4,38421,34029,834,2836,319,403
SR5,34009,33240,152,278,85,254
SR6,27021,26104,128,456,80,253
SR7,30150,29510,40,338,80,182
SR8,34140,33570,65,222,74,209
SS0,48305,39943,1878,4091,648,1745
SS1,30481,25974,1178,1865,444,1020
SS11,19388,18146,341,396,99,406
SS12,18968,17687,343,435,115,388
SS13,23830,20384,1670,861,242,673
SS14,28142,23294,2280,1358,318,892
SS15,34495,29388,1980,1799,306,1022
SS16,30547,25264,1852,2237,306,888
SS17,32733,30250,1065,634,175,609
SS2,35861,30923,1247,2013,505,1173
SS22,297,287,6,1,1,2
SS3,27598,25579,518,677,150,674
SS4,21758,20798,214,307,73,366
SS5,22004,21240,106,248,78,332
SS6,33636,32092,246,545,121,632
SS7,49573,46771,665,1091,219,827
SS8,38318,36621,495,447,197,558
SS9,47272,44151,417,1307,313,1084
ST1,35642,24544,1564,7038,1332,1164
ST10,26494,26006,34,192,43,219
ST11,10403,9926,17,286,56,118
ST12,5859,5498,41,219,9,92
ST13,27113,26503,62,219,50,279
ST14,22177,21380,143,318,68,268
ST15,24061,23107,104,351,100,399
ST16,36158,32117,692,2142,383,824
ST17,37674,34852,470,1192,314,846
ST18,16630,16090,80,199,44,217
ST19,16160,15608,77,178,31,266
ST2,36989,34536,975,543,229,706
ST20,7843,7647,22,61,31,82
ST21,5021,4858,21,51,18,73
ST3,67907,59922,997,5095,640,1253
ST4,56665,46858,1775,5746,1023,1263
ST5,81470,73941,1113,4217,745,1454
ST6,66279,55030,1616,6975,1107,1551
ST7,54234,52761,177,539,145,612
ST8,18334,18005,34,97,35,163
ST9,9309,9131,30,48,11,89
SW10,18709,12838,1099,1921,1606,1245
SW11,84983,57891,10488,7543,3629,5432
SW12,35785,26786,2937,2969,994,2099
SW13,17858,14549,333,1430,591,955
SW14,17213,14327,258,966,624,1038
SW15,65091,44448,5007,7518,3824,4294
SW16,82627,42410,16275,12757,4511,6674
SW17,62960,38953,6234,11440,2453,3880
SW18,64962,48373,4515,6282,2022,3770
SW19,77159,53391,4440,11393,3159,4776
SW1A,2105,1436,44,391,123,111
SW1E,2503,1620,112,426,224,121
SW1H,965,567,59,177,97,65
SW1P,12375,7427,979,2056,1102,811
SW1V,20737,12643,1681,2886,2133,1394
SW1W,7108,4702,479,928,637,362
SW1X,5855,4210,127,654,506,358
SW1Y,283,163,12,72,20,16
SW2,54680,29915,13866,2939,3405,4555
SW20,26658,19218,958,4043,819,1620
SW3,18392,13483,796,1887,1273,953
SW4,40586,25905,7763,2224,1869,2825
SW5,15134,9589,817,2327,1499,902
SW6,68111,48712,5828,5505,3923,4143
SW7,12714,8254,243,2501,1050,666
SW8,34535,17895,8390,3340,2398,2512
SW9,40916,19102,13722,2258,2572,3262
SY1,29991,28710,116,493,201,471
SY10,21643,21138,43,237,49,176
SY11,24271,23508,138,269,123,233
SY12,8499,8321,17,61,24,76
SY13,21566,21114,48,144,64,196
SY14,5452,5360,7,13,17,55
SY15,7860,7755,12,30,16,47
SY16,16121,15711,28,146,73,163
SY17,3664,3623,0,10,3,28
SY18,4178,4101,4,23,9,41
SY19,917,908,1,6,1,1
SY2,19158,18431,48,261,80,338
SY20,6677,6547,9,37,17,67
SY21,17230,16954,17,73,47,139
SY22,5920,5826,7,36,9,42
SY23,28661,26918,276,746,219,502
SY24,4409,4307,9,49,16,28
SY25,3109,3052,15,7,3,32
SY3,35842,33948,175,1004,175,540
SY4,24826,24267,50,205,54,250
SY5,21088,20325,72,446,34,211
SY6,8485,8299,19,56,18,93
SY7,9740,9471,16,144,33,76
SY8,17588,17262,26,81,48,171
SY9,1971,1923,7,21,3,17
TA1,44618,41126,355,1981,408,748
TA10,10873,10672,13,59,41,88
TA11,9001,8817,13,48,14,109
TA12,6023,5896,12,50,24,41
TA13,4590,4493,15,16,6,60
TA14,3378,3327,7,9,7,28
TA15,477,473,0,0,1,3
TA16,2031,2003,4,8,1,15
TA17,707,695,0,0,3,9
TA18,9362,9152,21,60,26,103
TA19,12687,12442,28,76,15,126
TA2,30819,29298,244,620,180,477
TA20,21145,20494,128,147,109,267
TA21,21894,21119,136,346,89,204
TA22,2423,2389,5,10,7,12
TA23,7062,6968,9,23,12,50
TA24,16948,16572,28,106,38,204
TA3,12950,12728,14,57,22,129
TA4,17679,17365,30,93,32,159
TA5,12639,12365,55,50,47,122
TA6,53300,50698,259,1203,412,728
TA7,14530,14352,7,65,27,79
TA8,16968,16481,42,246,43,156
TA9,12292,11961,25,112,42,152
TD12,1318,1304,1,3,0,10
TD15,15942,15637,28,132,43,102
TF1,47628,39076,1550,4856,654,1492
TF10,23265,22123,153,552,107,330
TF11,13907,13048,105,257,210,287
TF12,5986,5881,7,32,10,56
TF13,3628,3567,7,16,6,32
TF2,38566,34196,955,1962,424,1029
TF3,28883,24801,1587,1462,237,796
TF4,19534,17940,419,548,99,528
TF5,5008,4593,44,235,30,106
TF6,3546,3415,22,48,3,58
TF7,19821,18170,620,398,102,531
TF8,580,562,1,13,2,2
TF9,23693,22846,150,292,93,312
TN1,15834,13524,289,1113,323,585
TN10,18176,16954,129,560,113,420
TN11,19212,18049,115,535,82,431
TN12,30368,29042,201,454,143,528
TN13,27803,24880,311,1269,304,1039
TN14,16022,15062,116,363,107,374
TN15,22399,21092,190,505,112,500
TN16,18840,17721,287,280,82,470
TN17,14906,14307,88,174,63,274
TN18,7408,7220,14,68,33,73
TN19,5858,5694,20,47,18,79
TN2,28749,25725,340,1620,324,740
TN20,4426,4220,39,71,8,88
TN21,16077,15553,52,162,78,232
TN22,25793,24739,89,387,105,473
TN23,47080,38947,1840,3950,1143,1200
TN24,35643,30046,1189,2975,538,895
TN25,16678,15619,251,397,84,327
TN26,13201,12789,73,141,40,158
TN27,11212,10761,45,129,36,241
TN28,9177,8974,26,74,16,87
TN29,11805,11576,12,89,22,106
TN3,15276,14516,78,295,51,336
TN30,9548,9245,36,91,42,134
TN31,14331,13944,41,104,52,190
TN32,4667,4486,18,57,11,95
TN33,12424,12036,41,100,43,204
TN34,34809,32086,443,838,450,992
TN35,16794,16022,102,246,78,346
TN36,2229,2183,4,21,1,20
TN37,21756,19386,403,866,467,634
TN38,24306,22111,367,677,397,754
TN39,28626,27164,169,483,210,600
TN4,25722,23234,278,1158,279,773
TN40,15449,14337,186,470,101,355
TN5,8018,7704,43,69,28,174
TN6,24499,23428,122,391,139,419
TN7,1860,1800,1,21,12,26
TN8,12255,11530,80,217,71,357
TN9,15924,14106,136,1048,186,448
TQ1,36605,35012,153,626,206,608
TQ10,4066,3977,5,15,15,54
TQ11,5028,4919,9,18,11,71
TQ12,61537,60028,127,501,167,714
TQ13,19794,19346,30,110,40,268
TQ14,19200,18729,27,159,60,225
TQ2,33439,31646,119,890,166,618
TQ3,34101,32985,86,434,121,475
TQ4,19650,19111,44,227,73,195
TQ5,18701,18278,38,106,53,226
TQ6,8332,8036,30,72,117,77
TQ7,17464,17158,25,89,45,147
TQ8,1570,1544,2,2,2,20
TQ9,16778,16139,33,166,89,351
TR1,24412,22677,151,727,354,503
TR10,15924,15098,63,158,262,343
TR11,30509,29095,132,343,362,577
TR12,9802,9424,35,51,184,108
TR13,20547,19932,52,82,255,226
TR14,30877,30010,37,177,347,306
TR15,23391,22624,47,153,310,257
TR16,15304,14828,25,59,248,144
TR17,2401,2328,1,14,33,25
TR18,20886,20055,37,162,293,339
TR19,9130,8834,7,54,147,88
TR2,9867,9617,12,40,96,102
TR20,7578,7357,13,36,108,64
TR21,1592,1553,2,6,13,18
TR22,175,167,2,0,3,3
TR24,152,151,0,0,0,1
TR25,135,133,0,0,1,1
TR26,11020,10574,20,90,160,176
TR27,13886,13481,21,71,132,181
TR3,11669,11277,15,108,111,158
TR4,10824,10546,13,44,92,129
TR5,3757,3623,6,15,54,59
TR6,3722,3582,6,39,36,59
TR7,23281,22434,34,186,200,427
TR8,9917,9687,18,39,64,109
TR9,7402,7167,19,44,72,100
TS1,21739,11446,2198,5954,1585,556
TS10,38291,37402,74,270,219,326
TS11,11257,11096,14,44,20,83
TS12,22432,22104,24,116,24,164
TS13,10047,9924,19,48,15,41
TS14,18749,18420,22,117,21,169
TS15,15198,14153,63,539,137,306
TS16,11675,11039,60,314,86,176
TS17,48081,43242,522,2985,435,897
TS18,28855,23586,795,3487,537,450
TS19,34675,32681,458,958,168,410
TS2,1024,992,8,6,4,14
TS20,19941,19250,176,185,123,207
TS21,12163,11879,28,125,23,108
TS22,10884,10148,62,468,94,112
TS23,27831,27263,58,212,87,211
TS24,25570,24594,172,367,191,246
TS25,39228,38248,177,392,209,202
TS26,22359,21255,84,691,135,194
TS27,10135,9951,21,88,12,63
TS28,5336,5273,5,28,7,23
TS29,5786,5711,9,33,4,29
TS3,30520,28178,644,758,330,610
TS4,19044,15411,473,2299,362,499
TS5,37035,29673,337,5195,972,858
TS6,29574,28507,92,471,202,302
TS7,23500,22298,80,679,137,306
TS8,19414,18749,90,274,79,222
TS9,11902,11699,19,66,19,99
TW1,31500,26114,654,2290,792,1650
TW10,20757,16376,355,1827,879,1320
TW11,24701,21159,373,1417,550,1202
TW12,23286,18986,508,2013,574,1205
TW13,40404,22230,3356,10513,2244,2061
TW14,33915,16438,2802,11303,2007,1365
TW15,31155,24530,776,4120,663,1066
TW16,22329,17535,664,2570,566,994
TW17,13387,12148,93,592,159,395
TW18,27171,21943,505,3218,546,959
TW19,17889,11483,615,4322,807,662
TW2,30828,23544,639,3955,1082,1608
TW20,24837,19611,515,3056,639,1016
TW3,52396,15167,2850,28611,3793,1975
TW4,29767,7823,1998,16644,2363,939
TW5,31447,6373,1955,18966,3189,964
TW6,1760,654,108,810,102,86
TW7,40271,21336,3096,10873,2650,2316
TW8,25977,15595,2738,3868,2054,1722
TW9,20282,15873,376,1966,828,1239
UB1,47673,5109,4798,31734,4978,1054
UB10,41462,22764,2121,12277,2391,1909
UB11,1730,650,242,653,106,79
UB18,501,21,17,350,99,14
UB2,37043,3981,4059,23439,4591,973
UB3,54353,14026,6348,26861,5127,1991
UB4,42115,12265,4810,19427,4086,1527
UB5,49789,18876,8542,14403,5235,2733
UB6,48873,20266,4804,15064,6476,2263
UB7,35330,18438,3316,10056,1893,1627
UB8,36619,19816,3377,9181,2144,2101
UB9,13314,10547,321,1572,340,534
W1,194,144,3,27,8,12
W10,38111,18478,6822,4394,5321,3096
W11,31832,18752,3800,3737,3069,2474
W12,51786,28064,9300,6053,4525,3844
W13,38132,23599,3241,5773,3012,2507
W14,35386,21784,3311,4322,3616,2353
W1A,9913,6531,303,1573,906,600
W1B,572,425,14,66,38,29
W1C,933,521,17,179,157,59
W1D,1114,564,144,251,94,61
W1G,1146,857,33,127,77,52
W1H,5000,3098,145,922,517,318
W1J,188,127,3,27,24,7
W1K,300,139,4,133,11,13
W1M,1313,719,104,253,169,68
W1N,334,190,11,75,26,32
W1P,3298,1810,197,777,256,258
W2,41668,22616,2923,6954,6299,2876
W3,57207,30113,7109,8930,7372,3683
W4,44894,33038,2158,4363,2287,3048
W5,45457,28192,2580,7697,4220,2768
W6,30276,19009,3254,3889,2083,2041
W7,27882,16020,3486,4388,1987,2001
W8,14316,10058,439,1611,1310,898
W9,32358,17674,3570,4107,4697,2310
WA1,25471,23574,242,1025,272,358
WA10,42306,40726,188,639,297,456
WA11,39436,38497,113,327,177,322
WA12,25955,24913,98,411,135,398
WA13,14054,13300,48,341,60,305
WA14,33186,26471,454,4253,852,1156
WA15,40536,32856,560,4915,963,1242
WA16,21328,20169,103,530,123,403
WA2,41490,39150,393,895,439,613
WA3,49165,47069,346,806,211,733
WA4,50655,47913,300,1224,410,808
WA5,59655,54509,456,3209,593,888
WA6,19130,18582,44,207,51,246
WA7,61847,59747,256,631,336,877
WA8,63630,61475,212,766,347,830
WA9,50037,48106,312,768,318,533
WC1A,2626,1435,165,669,168,189
WC1B,650,403,31,151,30,35
WC1E,805,389,25,309,36,46
WC1H,6997,3268,578,2212,458,481
WC1N,4443,2224,376,1273,317,253
WC1R,219,122,16,45,23,13
WC1V,331,177,16,97,19,22
WC1X,3600,1987,423,734,215,241
WC2A,342,243,9,60,17,13
WC2B,1367,842,116,226,81,102
WC2E,708,440,22,157,37,52
WC2H,748,429,40,154,60,65
WD1,80069,49398,4197,20346,2687,3441
WD17,477,263,36,130,7,41
WD18,470,160,57,194,23,36
WD19,460,335,11,84,11,19
WD2,78777,55358,4281,13261,2430,3447
WD23,226,169,7,31,14,5
WD24,293,175,11,84,10,13
WD25,1214,691,86,342,30,65
WD3,40932,33222,585,5050,576,1499
WD4,10817,9761,167,442,101,346
WD5,10164,8986,225,514,96,343
WD6,41904,31767,2958,3849,1780,1550
WD7,11336,9382,266,908,407,373
WF1,45099,34987,1578,6524,1047,963
WF10,51606,49666,467,664,164,645
WF11,17346,16861,119,153,55,158
WF12,40600,25898,255,13240,458,749
WF13,30889,11650,293,17363,719,864
WF14,20180,18802,139,750,75,414
WF15,18529,16580,148,1335,73,393
WF16,10565,6165,108,3954,96,242
WF17,40376,22566,336,16081,430,963
WF2,53030,47242,1133,3020,671,964
WF3,31661,29865,260,874,139,523
WF4,41480,39951,301,502,147,579
WF5,20485,19801,105,247,53,279
WF6,21719,20973,143,325,92,186
WF7,24004,23307,119,251,59,268
WF8,35643,34366,220,541,114,402
WF9,38496,37414,295,254,109,424
WN1,23903,22061,407,757,327,351
WN2,53272,51009,503,768,301,691
WN3,30222,29050,243,380,187,362
WN4,27463,26892,85,182,94,210
WN5,44972,43148,509,518,310,487
WN6,40328,38739,219,653,250,467
WN7,48997,45373,933,1359,484,848
WN8,45336,43854,149,438,251,644
WR1,13456,11803,256,795,189,413
WR10,21290,20868,38,129,41,214
WR11,47356,45704,172,555,347,578
WR12,5553,5445,15,31,9,53
WR13,13030,12690,26,133,32,149
WR14,31779,30239,168,663,141,568
WR15,6813,6702,16,13,15,67
WR2,32896,31300,289,541,173,593
WR3,23332,21934,180,664,154,400
WR4,26004,23443,287,1476,260,538
WR5,32269,28264,247,2732,375,651
WR6,8461,8263,16,47,18,117
WR7,5078,4994,3,21,12,48
WR8,6817,6688,16,48,15,50
WR9,31304,30121,163,496,100,424
WS1,32238,11261,2214,16340,1300,1123
WS10,51421,36871,2710,9135,734,1971
WS11,47705,45889,269,612,150,785
WS12,34202,33117,146,400,98,441
WS13,30884,29154,176,738,116,700
WS14,16535,15465,198,414,76,382
WS15,37183,36125,147,403,74,434
WS2,42093,23396,3151,12577,1144,1825
WS3,53570,47409,2371,2063,291,1436
WS4,17565,13829,701,2145,286,604
WS5,20175,9641,1038,7631,1150,715
WS6,15871,15370,46,219,30,206
WS7,29820,28986,77,287,50,420
WS8,17079,15830,288,481,115,365
WS9,23870,21597,391,1146,147,589
WV1,23086,11810,3875,4991,1032,1378
WV10,63495,43169,7533,7254,1531,4008
WV11,35331,27807,1399,4138,649,1338
WV12,24093,20363,495,2142,444,649
WV13,21330,14276,1143,4171,708,1032
WV14,49214,35454,3106,7268,964,2422
WV15,9499,9259,29,102,21,88
WV16,16662,16338,24,125,46,129
WV2,20366,6817,2816,8210,1323,1200
WV3,30609,18353,2160,7676,924,1496
WV4,30332,17463,1537,8654,1419,1259
WV5,13206,12770,55,175,26,180
WV6,43383,29425,2611,8023,1668,1656
WV7,5712,5364,17,118,139,74
WV8,14473,12583,417,749,137,587
WV9,6258,5238,268,474,55,223
YO1,52593,46003,555,3761,877,1397
YO10,810,290,10,463,20,27
YO11,29312,28106,142,502,171,391
YO12,37472,36073,146,636,218,399
YO13,8922,8724,16,68,27,87
YO14,11020,10879,11,37,25,68
YO15,17407,16979,30,192,75,131
YO16,22074,21662,25,151,61,175
YO17,24772,24214,58,155,116,229
YO18,10985,10853,14,58,13,47
YO19,7746,7552,7,96,16,75
YO2,65777,63048,297,1100,291,1041
YO21,14891,14631,21,90,50,99
YO22,7193,7097,4,36,12,44
YO23,1132,1101,1,9,4,17
YO24,517,490,8,8,1,10
YO25,32470,32002,35,154,58,221
YO26,8161,7547,120,309,50,135
YO3,79589,74973,446,2215,730,1225
YO30,2721,2656,2,42,8,13
YO31,630,563,6,19,19,23
YO4,39062,38118,118,363,98,365
YO42,901,884,4,1,8,4
YO43,860,841,2,2,0,15
YO5,5603,5494,11,36,13,49
YO6,29292,28656,97,197,80,262
YO61,292,290,0,2,0,0
YO7,19482,18971,109,167,99,136
YO8,46878,45797,116,337,209,419
