outcode,Avg Listing per sqft,Avg Sold per sqft
AL1,700.65,709.1
AL10,525.68,732.48
AL2,599.33,444.1
AL3,715.25,450.11
AL4,718.72,449.73
AL5,602.13,519.16
AL6,611.13,380.11
AL7,458.61,527.62
AL8,559.47,488.88
AL9,692.46,490.51
B1,360.15,2470.32
B10,278.14,187.3
B11,292.8,301.58
B12,251.8,345.34
B13,401.46,236.31
B14,351.76,212.97
B15,391.06,849.17
B16,316.93,466.48
B17,531.56,310.42
B18,322.28,333.18
B19,350.84,243.89
B2,397.98,14283.21
B20,441.35,199.06
B21,279.31,161.19
B23,257.86,163.91
B24,320.22,415.27
B25,310.08,191.68
B26,290.67,412.43
B27,280.89,178.79
B28,378.51,206.7
B29,442.25,542.75
B3,444.25,8564.25
B30,372.79,236.19
B31,350.81,194.38
B32,324.45,191.94
B33,332.52,174.59
B34,319.37,149.52
B35,222.08,649.2
B36,388.86,175.52
B37,303.22,569.87
B38,378.86,193.54
B4,619.81,32713.23
B42,292.54,194.26
B43,316.17,213.7
B44,278.86,160.24
B45,448.45,279.25
B46,474.7,333.24
B47,380.23,293.99
B48,687.12,454.48
B49,473.41,502.74
B5,324.18,1066.38
B50,446.59,326.84
B6,238.48,742.27
B60,413.78,310.2
B61,427.1,288.99
B62,444.8,411.9
B63,372.1,190.27
B64,318.32,249.5
B65,299.96,192.06
B66,318.99,355.94
B67,296.09,137.32
B68,314.57,158.65
B69,297.73,790.88
B7,502.9,415.88
B70,262.3,247.2
B71,297.69,111.88
B72,401.84,363.87
B73,389.56,257.99
B74,510.73,387.29
B75,471.42,279.12
B76,393.04,896.85
B77,341.33,267.74
B78,466.66,461.62
B79,436.47,310.09
B8,256.99,194.54
B80,506.13,362.66
B9,281.15,306.32
B90,386.26,375.92
B91,433.41,538.74
B92,384.0,178.42
B93,508.51,292.31
B94,520.0,548.48
B95,852.87,389.84
B96,415.69,449.17
B97,424.81,267.16
B98,338.53,512.5
BA1,791.46,715.42
BA10,764.63,421.24
BA11,588.12,318.58
BA12,383.82,272.95
BA13,342.54,267.44
BA14,389.41,211.62
BA15,461.81,383.73
BA16,434.09,244.33
BA2,656.05,540.75
BA20,378.2,333.33
BA21,349.65,213.05
BA22,441.05,333.58
BA3,503.31,251.31
BA4,444.01,338.59
BA5,655.1,383.79
BA6,573.87,254.01
BA7,518.02,287.03
BA8,435.23,270.81
BA9,397.89,430.82
BB1,267.42,330.35
BB10,274.77,165.29
BB11,198.17,159.54
BB12,273.67,183.38
BB18,286.38,153.92
BB2,281.5,126.98
BB23,,
BB3,167.9,147.6
BB4,383.21,215.68
BB5,196.11,152.37
BB6,278.11,223.44
BB7,402.7,262.16
BB8,243.72,194.86
BB9,296.65,142.41
BD1,78.3,1513.05
BD10,601.85,186.46
BD11,431.25,196.23
BD12,232.12,146.32
BD13,300.95,148.81
BD14,269.78,125.12
BD15,304.02,154.69
BD16,352.48,229.34
BD17,333.18,254.47
BD18,298.51,165.69
BD19,345.58,268.89
BD2,239.32,143.26
BD20,378.89,201.76
BD21,195.12,164.24
BD22,391.56,167.99
BD23,495.18,281.28
BD24,361.03,203.43
BD3,101.35,224.52
BD4,288.53,257.02
BD5,312.47,189.23
BD6,244.55,141.06
BD7,254.06,217.66
BD8,209.99,153.84
BD9,340.66,166.04
BH1,397.27,491.02
BH10,512.27,235.63
BH11,418.81,290.2
BH12,412.77,187.43
BH13,1530.49,643.09
BH14,512.64,478.33
BH15,335.83,408.05
BH16,649.87,357.78
BH17,348.81,191.8
BH18,814.04,370.01
BH19,387.09,445.29
BH2,327.95,638.48
BH20,935.58,319.25
BH21,607.6,414.49
BH22,478.23,372.29
BH23,542.59,370.48
BH24,738.17,461.19
BH25,418.72,203.46
BH3,695.51,447.99
BH31,330.49,411.56
BH4,536.47,633.58
BH5,370.67,279.53
BH6,675.26,276.06
BH7,506.38,390.84
BH8,430.38,463.65
BH9,516.81,239.97
BL0,416.56,220.22
BL1,358.31,302.04
BL2,312.79,223.19
BL3,289.76,187.94
BL4,269.53,183.57
BL5,474.43,324.4
BL6,384.26,246.37
BL7,407.26,371.1
BL8,331.76,252.89
BL9,348.95,331.29
BN1,674.54,940.59
BN10,475.72,234.63
BN11,435.9,307.83
BN12,670.49,304.01
BN13,490.71,375.59
BN14,529.59,245.42
BN15,408.59,273.12
BN16,784.17,290.0
BN17,298.39,419.15
BN18,661.57,384.68
BN2,494.98,485.41
BN20,652.49,367.87
BN21,298.89,342.55
BN22,402.39,215.96
BN23,389.93,284.04
BN24,425.05,338.15
BN25,468.22,292.65
BN26,559.38,391.32
BN27,519.61,389.49
BN3,629.17,593.17
BN41,439.48,204.46
BN42,794.08,132.53
BN43,585.79,216.88
BN44,667.08,316.37
BN45,,503.94
BN5,676.39,342.4
BN6,341.0,514.94
BN7,452.16,501.88
BN8,681.57,410.13
BN9,301.8,276.42
BR1,465.85,620.31
BR2,779.96,367.97
BR3,686.83,345.42
BR4,565.01,463.95
BR5,603.92,606.54
BR6,804.27,505.43
BR7,1053.22,661.52
BR8,412.72,580.04
BS1,313.23,3118.54
BS10,478.4,384.25
BS11,515.07,853.67
BS13,349.04,178.15
BS14,436.18,245.83
BS15,411.66,227.47
BS16,461.43,353.52
BS2,395.1,851.41
BS20,481.2,279.03
BS21,663.39,271.11
BS22,362.92,217.24
BS23,305.52,250.16
BS24,430.35,297.87
BS25,663.06,398.28
BS26,685.82,369.33
BS27,367.97,244.7
BS28,533.87,364.36
BS29,452.47,269.29
BS3,283.45,359.12
BS30,483.25,362.59
BS31,620.81,218.81
BS32,484.14,807.3
BS34,382.72,372.71
BS35,525.34,601.03
BS36,619.29,411.92
BS37,412.65,277.38
BS39,511.93,296.31
BS4,363.13,304.13
BS40,868.95,357.6
BS41,784.64,318.55
BS48,401.75,409.73
BS49,389.06,219.62
BS5,327.35,235.1
BS6,559.38,371.55
BS7,596.12,240.6
BS8,634.32,477.09
BS9,649.94,361.69
C09,,
CA1,189.65,208.42
CA10,434.1,161.09
CA11,394.58,168.97
CA12,584.19,195.44
CA13,257.87,249.19
CA14,227.12,128.05
CA15,223.07,74.25
CA16,399.74,235.73
CA17,465.25,173.45
CA18,,260.19
CA19,,261.49
CA2,192.36,115.85
CA20,238.44,104.44
CA21,,156.01
CA22,176.81,121.92
CA23,,104.06
CA24,,88.36
CA25,149.98,77.0
CA26,132.64,107.41
CA27,335.66,133.85
CA28,173.86,86.03
CA3,191.56,224.67
CA4,662.4,272.01
CA5,327.34,184.51
CA6,360.56,287.45
CA7,328.34,137.34
CA8,484.48,183.36
CA9,154.88,159.16
CB1,560.68,672.95
CB10,705.63,608.11
CB11,476.43,497.56
CB2,518.19,1177.01
CB21,492.37,450.45
CB22,630.54,532.15
CB23,436.13,539.53
CB24,309.39,360.74
CB25,545.25,429.69
CB3,638.14,1106.76
CB4,366.37,824.01
CB5,553.96,754.14
CB6,291.2,244.12
CB7,329.8,334.98
CB8,442.79,569.93
CB9,374.24,256.32
CF10,196.84,2072.01
CF11,281.48,366.99
CF14,551.68,312.41
CF15,449.17,264.81
CF23,429.69,395.21
CF24,275.63,337.55
CF3,350.2,239.77
CF31,297.29,244.25
CF32,475.25,229.6
CF33,316.89,193.3
CF34,200.4,114.58
CF35,368.27,271.73
CF36,408.51,249.53
CF37,263.63,219.13
CF38,340.6,160.75
CF39,223.86,125.35
CF40,150.32,80.46
CF41,166.08,84.78
CF42,170.98,75.51
CF43,100.45,72.56
CF44,225.53,112.07
CF45,177.14,118.97
CF46,326.76,122.13
CF47,236.45,109.32
CF48,282.91,185.52
CF5,486.8,215.59
CF61,426.27,161.72
CF62,429.31,187.38
CF63,264.55,168.49
CF64,581.06,290.51
CF71,697.97,368.52
CF72,387.71,179.39
CF81,183.86,129.79
CF82,280.77,105.41
CF83,319.01,185.42
CH1,307.5,593.57
CH2,461.07,138.8
CH3,457.02,286.9
CH4,343.5,372.2
CH41,137.73,178.53
CH42,250.11,115.32
CH43,366.78,200.04
CH44,195.85,108.06
CH45,322.51,204.85
CH46,264.53,128.72
CH47,373.25,264.37
CH48,604.24,358.36
CH49,339.57,155.02
CH5,315.06,242.24
CH6,249.17,129.85
CH60,587.71,396.92
CH61,324.84,183.01
CH62,330.84,372.08
CH63,329.78,231.43
CH64,333.06,340.02
CH65,207.58,471.36
CH66,345.81,192.34
CH7,397.13,253.28
CH8,202.47,153.31
CM0,394.15,281.9
CM1,479.03,595.73
CM11,723.82,312.75
CM12,626.71,279.9
CM13,986.05,514.43
CM14,587.1,592.83
CM15,732.7,492.93
CM16,841.59,520.48
CM17,505.21,405.59
CM18,444.4,225.22
CM19,476.72,529.25
CM2,440.12,558.63
CM20,373.86,559.21
CM21,638.04,389.11
CM22,651.66,436.12
CM23,543.78,602.44
CM24,726.99,1682.3
CM3,849.22,383.72
CM4,1275.43,673.68
CM5,820.68,483.49
CM6,952.25,415.99
CM7,451.54,253.83
CM77,444.33,467.04
CM8,595.18,277.78
CM9,466.64,281.37
CO1,238.7,459.23
CO10,348.14,407.72
CO11,404.81,256.54
CO12,267.92,182.83
CO13,421.53,315.8
CO14,267.44,160.93
CO15,317.99,150.11
CO16,373.55,325.27
CO2,428.82,235.96
CO3,430.43,299.33
CO4,369.16,481.55
CO5,517.31,292.25
CO6,570.56,406.86
CO7,686.96,324.38
CO8,792.9,497.75
CO9,484.61,313.97
CR0,468.57,543.11
CR2,490.34,438.96
CR3,651.26,423.35
CR4,381.67,305.61
CR5,662.61,430.29
CR6,502.75,700.2
CR7,349.44,246.38
CR8,586.96,440.5
CR9,,11166.4
CT1,429.02,435.71
CT10,545.12,660.14
CT11,325.16,178.55
CT12,478.65,367.02
CT13,403.8,355.75
CT14,358.65,327.91
CT15,683.87,360.59
CT16,292.08,227.36
CT17,252.29,256.61
CT18,587.68,243.09
CT19,314.38,236.03
CT2,472.03,393.48
CT20,394.5,254.54
CT21,564.23,415.43
CT3,557.41,380.69
CT4,686.41,453.6
CT5,613.38,269.43
CT6,497.05,234.14
CT7,350.69,260.95
CT8,381.16,193.23
CT9,391.39,176.2
CV1,243.57,670.72
CV10,262.69,322.75
CV11,300.28,257.97
CV12,223.13,156.64
CV13,588.79,399.47
CV2,248.81,240.51
CV21,252.16,315.17
CV22,424.62,255.76
CV23,522.72,724.48
CV3,449.96,349.86
CV31,450.41,319.62
CV32,494.15,315.35
CV33,575.35,386.95
CV34,352.19,380.47
CV35,963.48,351.96
CV36,800.88,382.15
CV37,509.57,372.83
CV4,337.5,414.06
CV47,585.29,327.04
CV5,356.78,218.31
CV6,224.49,313.47
CV7,483.65,360.48
CV8,529.85,542.67
CV9,359.22,318.05
CW1,200.64,286.62
CW10,307.1,436.06
CW11,401.12,323.0
CW12,343.6,282.62
CW2,338.39,250.35
CW3,630.15,281.03
CW4,550.38,431.39
CW5,443.09,299.47
CW6,767.13,391.35
CW7,298.74,237.63
CW8,378.19,289.81
CW9,330.1,292.26
DA1,348.62,520.95
DA10,352.93,407.61
DA11,275.94,585.32
DA12,317.48,268.66
DA13,537.21,345.95
DA14,341.18,564.56
DA15,582.76,378.2
DA16,418.87,309.04
DA17,334.73,832.86
DA18,,863.15
DA2,648.75,470.12
DA3,606.72,420.43
DA4,674.4,354.84
DA5,670.23,345.21
DA6,471.85,366.64
DA7,611.06,283.6
DA8,398.25,471.26
DA9,356.13,572.59
DE1,249.06,409.31
DE11,314.38,167.73
DE12,415.75,416.28
DE13,369.78,257.56
DE14,210.73,406.91
DE15,286.8,201.14
DE21,313.55,250.32
DE22,380.85,202.58
DE23,382.42,174.32
DE24,294.8,301.96
DE3,535.25,219.17
DE4,477.63,266.97
DE45,597.43,417.23
DE5,290.24,393.31
DE55,400.6,246.85
DE56,370.71,267.66
DE6,588.68,224.85
DE65,440.03,454.0
DE7,336.23,121.5
DE72,451.18,164.64
DE73,381.52,289.88
DE74,401.64,710.67
DE75,270.04,172.44
DH1,389.84,568.37
DH14,,
DH2,228.73,154.91
DH3,280.99,176.53
DH4,193.84,133.96
DH5,176.33,104.81
DH6,244.77,96.34
DH7,230.94,155.96
DH8,216.56,194.68
DH9,158.0,99.46
DL0,,
DL1,202.18,329.63
DL10,398.87,245.85
DL11,473.66,330.41
DL12,436.35,291.4
DL13,325.08,177.38
DL14,185.78,142.04
DL15,181.04,99.49
DL16,229.25,355.51
DL17,189.44,106.38
DL2,353.23,315.6
DL3,299.03,215.57
DL4,63.58,115.7
DL5,239.3,392.55
DL6,308.81,323.23
DL7,298.44,297.82
DL8,452.83,307.34
DL9,202.51,201.57
DN1,284.24,284.41
DN10,480.85,226.07
DN11,299.12,140.43
DN12,301.76,107.01
DN14,267.13,271.87
DN15,240.03,257.11
DN16,192.53,105.07
DN17,275.18,188.99
DN18,231.1,193.72
DN19,283.99,160.79
DN2,198.54,191.52
DN20,281.93,144.72
DN21,346.22,198.26
DN22,303.85,197.93
DN23,,
DN3,282.11,196.61
DN31,134.98,133.84
DN32,153.68,131.02
DN33,231.29,158.28
DN34,211.22,108.39
DN35,193.48,133.12
DN36,284.25,150.01
DN37,252.89,178.53
DN38,333.86,169.92
DN39,266.35,238.89
DN4,277.22,266.78
DN40,198.22,137.16
DN41,340.12,186.01
DN5,352.41,161.0
DN6,342.57,219.17
DN7,308.31,187.65
DN8,285.28,186.98
DN9,416.7,273.8
DT1,353.93,396.47
DT10,488.64,434.5
DT11,459.08,256.27
DT2,467.54,475.57
DT3,413.5,403.19
DT4,393.07,388.78
DT5,307.88,227.63
DT6,435.56,387.62
DT7,621.93,386.66
DT8,595.12,428.08
DT9,545.84,432.66
DY1,270.5,315.95
DY10,305.16,353.14
DY11,407.47,345.01
DY12,438.85,359.9
DY13,391.64,285.2
DY14,403.22,1385.68
DY2,219.85,174.66
DY3,408.7,262.0
DY4,252.66,182.34
DY5,229.56,257.11
DY6,261.96,242.6
DY7,552.81,386.6
DY8,298.56,291.46
DY9,749.21,381.93
E1,850.62,3472.32
E10,582.33,451.77
E11,624.45,414.25
E12,550.91,305.19
E13,336.52,463.7
E14,814.42,2014.58
E15,582.06,2090.78
E16,612.92,4930.67
E17,757.96,707.53
E18,662.17,965.93
E1W,,960.18
E2,529.99,1276.29
E20,,2120.65
E22,,
E3,586.61,1323.81
E4,699.51,648.58
E5,951.77,373.84
E6,542.78,488.33
E7,587.22,235.1
E8,813.66,652.58
E9,857.88,381.24
EC1A,,6815.89
EC1M,,4701.71
EC1N,,8338.75
EC1R,,2833.06
EC1V,,4623.59
EC1Y,,7684.35
EC2A,,6474.53
EC2M,,25325.61
EC2Y,,1492.32
EC3M,,17414.37
EC3N,,19167.27
EC3R,,10260.05
EC3V,,15824.37
EC4A,,11051.16
EC4M,,8974.53
EC4R,,12493.79
EC4V,,11831.52
EC4Y,,9281.32
EN1,532.31,488.62
EN10,860.27,357.71
EN11,663.85,634.5
EN2,738.21,495.84
EN3,525.48,526.07
EN4,1420.4,518.18
EN5,1066.25,586.34
EN6,1107.45,567.24
EN7,864.49,332.7
EN8,457.82,389.02
EN9,840.02,306.49
EX1,484.36,526.38
EX10,795.84,302.92
EX11,612.28,273.16
EX12,557.88,298.43
EX13,602.23,332.11
EX14,586.58,253.52
EX15,646.99,380.73
EX16,664.48,323.62
EX17,1708.05,316.54
EX18,800.41,387.76
EX19,1037.83,366.69
EX2,573.36,347.91
EX20,773.85,322.06
EX21,488.57,280.73
EX22,812.03,369.4
EX23,742.58,258.55
EX24,718.26,311.6
EX3,865.94,337.61
EX31,480.14,310.74
EX32,456.43,246.39
EX33,539.6,297.9
EX34,394.53,234.18
EX35,620.2,305.7
EX36,511.83,254.54
EX37,632.15,343.22
EX38,376.57,228.57
EX39,369.5,264.19
EX4,330.21,492.07
EX5,675.34,372.47
EX6,517.2,442.1
EX7,380.06,294.77
EX8,388.63,247.72
EX9,461.02,292.63
FY1,137.77,142.87
FY2,197.45,105.08
FY3,192.6,88.16
FY4,206.54,128.04
FY5,202.55,135.48
FY6,247.02,171.51
FY7,144.62,116.0
FY8,286.69,256.14
GL1,261.7,271.99
GL10,383.13,375.09
GL11,326.34,276.49
GL12,450.97,393.75
GL13,450.61,299.71
GL14,263.6,207.65
GL15,307.42,239.47
GL16,345.73,207.72
GL17,403.63,233.34
GL18,407.7,286.63
GL19,772.56,282.98
GL2,396.12,370.36
GL20,339.47,340.8
GL3,263.69,328.19
GL4,359.17,102.11
GL5,449.49,208.75
GL50,568.59,381.89
GL51,377.84,273.5
GL52,459.66,284.99
GL53,809.87,290.39
GL54,868.44,440.52
GL55,637.32,444.47
GL56,952.75,439.2
GL6,939.2,308.86
GL7,801.79,462.31
GL8,782.76,489.03
GL9,,414.54
GU1,563.31,1071.46
GU10,986.99,674.25
GU11,374.0,412.86
GU12,391.29,276.58
GU14,489.82,439.38
GU15,467.35,501.67
GU16,498.63,437.78
GU17,455.58,330.55
GU18,506.52,477.14
GU19,494.81,462.76
GU2,518.49,463.87
GU20,1633.81,1531.26
GU21,440.82,1051.07
GU22,640.61,544.37
GU23,710.04,532.91
GU24,901.49,477.59
GU25,2512.54,1612.2
GU26,708.22,811.56
GU27,972.56,696.87
GU28,892.18,820.13
GU29,809.03,611.07
GU3,990.25,726.18
GU30,848.33,499.65
GU31,630.54,540.31
GU32,631.68,730.7
GU33,572.51,522.74
GU34,482.94,439.1
GU35,404.29,349.75
GU4,641.94,569.37
GU46,455.35,292.31
GU47,375.12,256.92
GU5,1034.14,659.42
GU51,349.14,417.41
GU52,698.67,238.24
GU6,814.5,877.55
GU7,749.17,628.86
GU8,1100.68,604.52
GU9,618.43,499.43
HA0,498.12,491.05
HA1,488.63,683.33
HA10,,
HA2,523.37,293.82
HA3,593.55,323.42
HA4,430.48,306.61
HA5,850.13,350.63
HA6,1235.16,573.64
HA7,808.55,703.18
HA8,483.4,402.9
HA9,189.68,2084.52
HD1,146.61,381.16
HD2,273.22,164.79
HD3,249.39,132.12
HD4,307.78,102.56
HD5,186.29,184.78
HD6,257.21,141.91
HD7,246.31,154.89
HD8,360.82,192.57
HD9,340.74,177.21
HG1,363.89,274.17
HG2,587.74,204.05
HG3,660.41,368.76
HG4,409.32,296.62
HG5,507.55,299.05
HG9,,
HO9,,
HP1,340.77,315.57
HP10,726.14,448.98
HP11,580.8,646.84
HP12,359.83,378.57
HP13,408.72,349.65
HP14,621.32,415.95
HP15,623.57,638.49
HP16,1124.83,521.19
HP17,1050.13,481.95
HP18,509.22,444.73
HP19,342.42,365.89
HP2,477.39,465.64
HP20,331.04,354.09
HP21,304.23,260.66
HP22,552.3,439.36
HP23,733.22,438.84
HP27,929.01,498.72
HP3,771.42,801.58
HP4,1033.22,502.64
HP5,699.31,553.18
HP6,1002.63,732.69
HP7,912.87,770.53
HP8,1492.81,945.57
HP9,2046.68,961.08
HR1,440.15,356.31
HR2,496.34,339.54
HR3,519.92,369.31
HR4,379.21,333.46
HR5,379.55,288.03
HR6,425.86,101.22
HR7,316.28,293.01
HR8,438.95,360.31
HR9,320.61,301.56
HU1,219.99,586.58
HU10,387.19,295.29
HU11,228.65,186.24
HU12,292.66,206.75
HU13,297.01,388.56
HU14,549.68,399.94
HU15,305.54,245.79
HU16,244.48,214.87
HU17,247.86,248.63
HU18,186.15,114.55
HU19,188.6,94.49
HU2,182.13,138.02
HU20,,299.74
HU3,157.56,132.22
HU4,240.95,129.4
HU5,223.01,87.5
HU6,185.11,125.25
HU7,158.61,161.62
HU8,119.06,72.69
HU9,130.92,176.61
HX1,126.75,181.3
HX2,268.51,128.27
HX3,262.46,147.65
HX37,,
HX4,309.48,250.67
HX5,145.49,259.61
HX6,202.16,154.66
HX7,325.56,171.19
IG1,501.58,579.77
IG10,703.02,457.78
IG11,333.46,759.7
IG2,378.97,298.36
IG3,481.72,263.14
IG4,665.67,428.01
IG5,563.81,206.59
IG6,472.75,355.32
IG7,1788.66,455.64
IG8,685.28,372.27
IG9,608.83,428.06
IP1,282.45,380.04
IP10,547.91,392.57
IP11,224.56,245.26
IP12,483.23,304.85
IP13,567.48,310.92
IP14,368.8,257.46
IP15,710.87,323.39
IP16,364.81,321.43
IP17,635.92,207.28
IP18,587.21,214.14
IP19,1188.38,258.87
IP2,327.32,219.06
IP20,397.59,328.43
IP21,575.57,322.48
IP22,532.08,279.49
IP23,531.6,402.54
IP24,398.03,249.56
IP25,395.91,244.05
IP26,599.11,308.69
IP27,351.36,124.69
IP28,144.88,268.06
IP29,833.47,311.37
IP3,322.94,461.78
IP30,469.95,230.6
IP31,555.5,367.05
IP32,387.86,474.45
IP33,350.91,496.28
IP4,385.21,283.71
IP5,410.87,267.59
IP6,427.68,297.89
IP7,489.88,493.61
IP8,420.58,472.61
IP9,523.17,424.73
KT1,528.72,937.06
KT10,1269.5,986.99
KT11,1346.4,1231.23
KT12,984.45,774.55
KT13,1293.49,1309.95
KT14,626.47,373.46
KT15,422.14,403.32
KT16,520.15,873.51
KT17,629.89,514.13
KT18,461.71,1361.74
KT19,536.37,487.66
KT2,946.08,797.44
KT20,834.24,873.3
KT21,692.68,428.89
KT22,1172.08,847.26
KT23,939.04,536.82
KT24,999.44,837.69
KT3,692.78,638.69
KT4,568.75,450.85
KT5,634.58,523.84
KT6,540.41,895.83
KT7,742.34,793.28
KT8,691.93,652.34
KT9,425.79,448.51
L1,141.41,1192.78
L10,245.02,135.72
L11,122.0,88.38
L12,274.66,132.8
L13,161.02,165.82
L14,223.12,129.31
L15,269.02,155.08
L16,373.49,466.08
L17,275.25,227.2
L18,406.98,325.32
L19,261.33,224.92
L2,116.12,3387.78
L20,162.62,160.16
L21,109.18,126.63
L22,143.35,124.02
L23,363.92,188.86
L24,196.35,401.47
L25,381.47,209.22
L26,378.86,224.95
L27,182.5,112.97
L28,94.24,62.09
L29,,245.21
L3,208.12,1066.38
L30,205.97,128.93
L31,366.47,179.85
L32,137.99,65.29
L33,135.52,348.74
L34,294.72,290.23
L35,299.11,135.54
L36,156.09,158.56
L37,588.36,315.46
L38,491.95,244.83
L39,637.93,183.0
L4,154.39,80.15
L40,332.95,220.46
L41,,82.58
L5,139.43,150.36
L6,203.34,213.01
L7,318.3,255.99
L8,235.49,270.11
L9,193.51,132.24
LA1,235.37,82.59
LA10,351.17,327.1
LA11,452.93,277.79
LA12,428.75,268.05
LA13,250.8,150.16
LA14,199.35,130.72
LA15,189.88,115.07
LA16,318.4,139.7
LA17,703.65,222.9
LA18,301.29,130.4
LA19,601.43,194.91
LA2,566.05,256.5
LA20,,331.14
LA21,648.44,356.3
LA22,668.06,368.79
LA23,516.35,426.48
LA3,234.97,157.35
LA4,268.18,142.75
LA5,476.5,244.02
LA6,245.82,251.68
LA7,580.26,197.45
LA8,608.31,339.81
LA9,332.83,232.45
LD1,366.21,181.34
LD2,375.96,200.35
LD3,582.45,250.9
LD4,,260.35
LD5,,243.18
LD6,363.27,171.66
LD7,404.91,217.16
LD8,345.99,245.38
LE1,125.84,891.94
LE10,419.74,361.36
LE11,339.15,276.73
LE12,424.48,274.88
LE13,774.44,395.34
LE14,782.58,259.62
LE15,777.85,340.75
LE16,552.15,185.68
LE17,619.06,831.26
LE18,322.66,214.49
LE19,399.52,851.36
LE2,267.77,276.13
LE26,,
LE3,239.96,221.49
LE4,272.03,131.02
LE5,330.12,155.76
LE6,544.69,169.46
LE65,438.32,523.82
LE67,306.99,264.65
LE7,436.18,362.37
LE8,415.94,210.98
LE9,304.1,226.65
LL11,226.83,170.53
LL12,228.31,204.81
LL13,343.83,223.72
LL14,266.95,134.96
LL15,352.43,169.78
LL16,395.91,194.27
LL17,438.15,234.21
LL18,214.26,88.33
LL19,196.23,123.84
LL20,295.3,169.0
LL21,244.03,176.82
LL22,352.62,141.86
LL23,309.19,187.93
LL24,263.97,168.79
LL25,,168.43
LL26,310.4,145.81
LL27,,159.42
LL28,275.97,164.95
LL29,269.04,112.23
LL30,309.96,164.93
LL31,321.98,220.18
LL32,265.75,124.93
LL33,605.04,140.5
LL34,336.92,152.71
LL35,517.52,258.7
LL36,260.8,133.93
LL37,,184.81
LL38,207.32,134.19
LL39,,192.69
LL40,274.53,181.65
LL41,176.19,95.44
LL42,323.72,161.29
LL43,188.67,231.82
LL44,330.5,203.98
LL45,,178.57
LL46,475.5,177.15
LL47,,160.64
LL48,372.85,262.26
LL49,107.64,361.47
LL51,,228.81
LL52,461.69,260.58
LL53,465.06,341.73
LL54,327.85,183.52
LL55,275.81,202.15
LL56,374.22,283.66
LL57,265.09,260.81
LL58,465.4,219.51
LL59,345.39,239.13
LL60,373.36,199.47
LL61,362.79,468.94
LL62,,190.78
LL63,,159.42
LL64,511.93,224.34
LL65,478.89,143.02
LL66,,383.03
LL67,331.5,178.6
LL68,310.56,177.12
LL69,,186.34
LL70,,254.69
LL71,425.27,150.61
LL72,,242.91
LL73,,286.79
LL74,393.81,259.74
LL75,,210.08
LL76,,187.97
LL77,361.93,182.07
LL78,,273.98
LN1,376.42,314.32
LN10,393.57,290.89
LN11,286.08,277.12
LN12,253.56,154.91
LN13,269.83,193.51
LN2,355.31,231.65
LN3,306.25,187.43
LN4,291.14,251.08
LN5,326.3,274.1
LN6,287.52,338.18
LN7,306.34,226.82
LN8,380.71,236.94
LN9,376.34,254.28
LR18,,
LS1,261.82,5381.21
LS10,241.29,455.01
LS11,207.41,1017.3
LS12,232.92,304.88
LS13,227.31,158.0
LS14,413.46,259.0
LS15,366.17,254.58
LS16,222.7,425.27
LS17,665.91,329.75
LS18,436.77,336.34
LS19,398.19,261.19
LS2,219.62,3790.37
LS20,391.08,432.13
LS21,340.46,435.83
LS22,587.05,442.29
LS23,435.98,402.03
LS24,592.18,293.0
LS25,369.66,251.09
LS26,353.65,306.53
LS27,228.86,292.4
LS28,300.5,258.38
LS29,533.25,561.54
LS3,189.64,4612.5
LS4,237.58,250.48
LS5,261.88,521.2
LS6,319.89,435.02
LS7,218.27,254.42
LS8,403.96,233.31
LS9,177.77,349.6
LU1,161.2,1174.17
LU2,246.66,298.09
LU3,243.83,213.06
LU4,360.95,683.92
LU5,274.6,986.28
LU6,496.79,334.75
LU7,422.34,364.14
M1,284.79,4470.47
M11,159.8,148.69
M12,199.37,292.46
M13,286.39,289.12
M14,214.64,331.3
M15,276.73,755.95
M16,359.35,212.98
M18,121.5,96.99
M19,308.98,168.57
M2,290.39,6677.43
M20,433.86,275.92
M21,384.13,306.15
M22,265.01,275.59
M23,341.04,216.4
M24,279.29,286.98
M25,382.95,270.09
M26,268.58,147.84
M27,283.58,466.86
M28,444.94,238.62
M29,332.77,182.17
M3,232.79,2796.14
M30,337.2,183.48
M31,287.5,260.78
M32,698.79,277.76
M33,944.09,305.12
M34,352.64,135.1
M35,400.25,124.01
M38,269.98,83.53
M4,353.35,869.23
M40,318.96,174.24
M41,407.6,380.52
M43,258.41,162.35
M44,257.55,413.01
M45,536.4,193.28
M46,294.83,126.53
M5,396.7,289.59
M50,234.78,1081.22
M6,240.37,137.71
M7,281.18,208.95
M8,225.65,183.45
M9,218.62,98.26
ME1,385.1,280.41
ME10,349.92,391.47
ME11,286.18,347.76
ME12,338.83,274.44
ME13,403.72,300.06
ME14,601.32,550.27
ME15,552.66,602.05
ME16,499.54,487.39
ME17,651.83,532.0
ME18,671.56,509.91
ME19,649.3,591.34
ME2,472.79,238.05
ME20,621.26,665.38
ME3,487.48,259.91
ME4,347.02,501.64
ME5,485.49,235.16
ME6,382.83,414.05
ME7,350.48,278.14
ME8,421.52,266.48
ME9,791.17,493.57
MK1,,7100.32
MK10,496.14,930.58
MK11,569.17,528.05
MK12,418.93,766.95
MK13,419.84,417.46
MK14,528.11,454.47
MK15,572.92,1000.97
MK16,573.68,1504.53
MK17,815.21,665.51
MK18,1077.39,417.64
MK19,623.92,416.6
MK2,326.67,215.14
MK3,470.3,299.93
MK4,550.65,363.91
MK40,495.71,200.31
MK41,480.05,381.97
MK42,483.14,409.39
MK43,607.19,913.22
MK44,646.95,548.24
MK45,598.22,343.61
MK46,852.77,327.33
MK5,687.37,530.8
MK6,374.63,377.58
MK7,578.27,475.93
MK8,476.03,409.42
MK9,290.72,2670.96
N1,1102.81,882.01
N10,1154.09,621.05
N11,757.37,626.46
N12,810.57,617.39
N13,632.9,395.62
N14,996.41,654.22
N15,630.37,471.24
N16,982.27,548.73
N17,514.89,555.61
N18,556.18,913.82
N19,1116.21,585.37
N1C,,1806.38
N2,3572.69,1056.13
N20,1403.76,538.0
N21,1199.25,267.22
N22,742.13,381.25
N3,1102.63,523.4
N4,811.87,313.86
N5,940.33,532.46
N6,2571.09,1284.58
N7,642.64,949.56
N8,758.12,741.37
N9,433.77,228.18
NB1,,
NE1,240.98,2879.17
NE10,151.55,181.67
NE11,140.36,805.3
NE12,230.22,198.39
NE13,383.18,211.61
NE15,295.66,145.44
NE16,281.27,155.51
NE17,212.97,66.48
NE18,,384.76
NE19,414.36,290.89
NE2,449.14,543.65
NE20,1054.02,534.03
NE21,213.82,191.18
NE22,229.28,177.9
NE23,591.45,231.31
NE24,185.19,116.57
NE25,323.52,208.1
NE26,435.84,221.2
NE27,305.8,269.15
NE28,212.8,160.95
NE29,187.56,184.29
NE3,387.84,397.66
NE30,322.21,224.75
NE31,176.74,189.43
NE32,153.52,144.48
NE33,175.38,209.98
NE34,231.96,146.21
NE35,214.44,172.39
NE36,353.43,169.43
NE37,171.37,369.41
NE38,257.66,242.58
NE39,305.88,195.51
NE4,124.33,280.69
NE40,252.01,112.38
NE41,318.14,217.81
NE42,228.07,173.55
NE43,674.52,363.28
NE44,,438.43
NE45,848.45,463.49
NE46,481.28,328.65
NE47,559.39,375.96
NE48,457.83,254.9
NE49,269.53,184.77
NE5,261.13,171.01
NE6,245.45,456.52
NE61,563.98,266.63
NE62,215.89,87.41
NE63,203.32,143.57
NE64,260.13,91.42
NE65,676.62,304.67
NE66,654.24,336.11
NE67,635.81,374.11
NE68,662.78,231.37
NE69,,338.34
NE7,288.15,410.68
NE70,342.16,309.21
NE71,200.6,287.35
NE8,207.8,120.13
NE9,291.68,118.97
NG1,265.66,1622.15
NG10,332.97,175.27
NG11,357.39,223.56
NG12,722.31,326.93
NG13,554.53,304.48
NG14,556.52,320.37
NG15,410.9,218.43
NG16,509.44,169.53
NG17,326.89,180.26
NG18,325.25,236.29
NG19,282.13,195.71
NG2,309.87,395.55
NG20,259.41,334.43
NG21,303.26,193.57
NG22,447.19,226.7
NG23,402.26,289.73
NG24,293.37,220.72
NG25,650.55,356.06
NG3,165.41,195.71
NG31,316.51,173.55
NG32,481.82,456.31
NG33,445.44,320.18
NG34,364.02,129.52
NG4,334.51,145.16
NG5,230.1,163.74
NG6,258.75,148.0
NG7,368.41,967.82
NG8,396.21,131.95
NG9,397.55,244.51
NN1,243.49,465.58
NN10,358.16,215.48
NN11,463.38,453.78
NN12,644.64,519.85
NN13,621.45,401.63
NN14,510.49,527.27
NN15,372.5,319.76
NN16,301.11,174.37
NN17,379.12,430.52
NN18,267.1,239.16
NN2,337.22,228.03
NN29,423.39,322.3
NN3,301.11,380.33
NN4,442.04,873.87
NN5,231.33,432.0
NN6,301.1,876.07
NN7,482.25,397.96
NN8,287.11,415.98
NN9,276.45,254.34
NP10,322.44,284.44
NP11,249.91,157.67
NP12,324.66,162.47
NP13,229.4,81.65
NP15,542.17,465.24
NP16,632.69,420.39
NP18,539.22,248.13
NP19,305.3,270.12
NP20,256.41,279.23
NP22,165.71,130.03
NP23,172.24,133.66
NP24,107.89,104.82
NP25,278.81,322.96
NP26,421.53,403.4
NP4,202.77,164.08
NP44,269.18,259.08
NP7,607.72,272.67
NP8,679.43,395.01
NR1,360.81,307.91
NR10,538.93,227.05
NR11,452.95,314.03
NR12,413.04,318.76
NR13,368.9,376.66
NR14,488.67,376.26
NR15,565.57,336.57
NR16,622.13,356.18
NR17,506.9,347.1
NR18,465.5,262.31
NR19,383.53,226.34
NR2,463.71,417.51
NR20,521.9,229.72
NR21,514.25,253.49
NR22,,228.55
NR23,554.61,411.31
NR24,420.99,226.49
NR25,634.44,361.51
NR26,300.58,193.89
NR27,373.5,183.62
NR28,382.48,180.85
NR29,222.77,290.88
NR3,196.64,175.1
NR30,223.67,199.41
NR31,352.46,189.85
NR32,318.8,192.73
NR33,319.87,133.09
NR34,454.97,245.52
NR35,438.51,283.88
NR4,524.86,279.89
NR5,405.79,231.46
NR6,359.52,233.51
NR7,356.45,211.95
NR8,382.95,234.66
NR9,433.71,344.11
NW1,1928.59,2016.28
NW10,641.44,970.4
NW11,1546.3,772.54
NW2,822.83,903.54
NW3,2616.99,1319.2
NW4,860.07,557.71
NW5,836.07,765.69
NW6,1034.75,615.41
NW7,1014.99,940.08
NW8,2688.96,1058.73
NW9,398.55,584.16
OL1,219.9,160.99
OL10,347.65,180.89
OL11,342.57,199.55
OL12,301.94,182.94
OL13,313.86,139.51
OL14,411.24,170.99
OL15,449.6,144.82
OL16,233.97,354.93
OL2,262.26,170.33
OL3,463.8,358.56
OL4,407.32,150.8
OL5,338.08,130.45
OL6,296.1,162.03
OL7,236.63,170.21
OL8,244.65,97.78
OL9,214.23,173.11
OX1,928.32,1186.79
OX10,872.65,1008.19
OX11,515.8,637.17
OX12,436.9,367.51
OX13,540.37,452.37
OX14,638.82,569.26
OX15,577.85,395.93
OX16,221.84,401.59
OX17,606.52,557.41
OX18,586.21,418.68
OX2,908.97,813.13
OX20,550.85,637.1
OX25,424.08,753.16
OX26,386.72,443.26
OX27,551.62,423.13
OX28,380.97,316.83
OX29,782.81,484.24
OX3,481.72,494.65
OX33,688.13,450.6
OX39,792.36,463.27
OX4,495.68,774.19
OX44,753.86,951.45
OX49,622.12,479.55
OX5,614.57,429.4
OX7,761.88,623.08
OX9,563.56,365.76
PE1,253.38,366.67
PE10,419.02,251.54
PE11,333.95,176.18
PE12,495.57,150.06
PE13,353.11,222.14
PE14,404.57,224.58
PE15,338.51,232.08
PE16,313.29,239.27
PE19,426.6,355.25
PE2,293.25,596.27
PE20,302.13,233.46
PE21,232.54,147.09
PE22,326.61,156.85
PE23,297.33,293.94
PE24,379.08,144.75
PE25,314.99,366.15
PE26,347.6,244.03
PE27,491.66,329.36
PE28,545.97,322.02
PE29,380.98,575.49
PE3,412.85,443.51
PE30,326.1,244.22
PE31,515.49,266.38
PE32,456.22,297.05
PE33,489.03,243.25
PE34,411.94,195.74
PE36,480.58,339.27
PE37,442.34,263.62
PE38,430.93,213.57
PE39,,
PE4,318.98,262.95
PE5,558.28,417.47
PE6,466.96,321.82
PE7,428.61,405.78
PE8,573.97,246.75
PE9,442.66,254.54
PL1,302.32,447.2
PL10,636.0,221.35
PL11,586.21,199.28
PL12,482.29,192.54
PL13,424.58,276.47
PL14,429.56,213.62
PL15,522.22,206.67
PL16,384.81,349.73
PL17,391.38,242.14
PL18,427.19,215.25
PL19,398.72,255.53
PL2,212.88,132.67
PL20,444.75,376.29
PL21,483.02,286.72
PL22,330.55,396.22
PL23,677.6,423.87
PL24,272.37,169.37
PL25,299.38,199.54
PL26,334.72,197.26
PL27,932.31,433.92
PL28,558.53,487.77
PL29,734.12,370.31
PL3,292.68,190.95
PL30,520.4,345.8
PL31,223.93,324.25
PL32,326.18,228.25
PL33,,271.33
PL34,495.54,371.46
PL35,396.42,501.81
PL4,227.91,220.4
PL5,239.86,173.86
PL6,273.75,319.03
PL7,346.59,230.38
PL8,893.49,454.58
PL9,339.42,278.09
PO1,349.07,753.5
PO10,538.16,366.6
PO11,478.06,205.38
PO12,329.55,198.77
PO13,393.11,255.71
PO14,558.65,398.47
PO15,442.93,556.23
PO16,446.33,502.24
PO17,430.4,504.73
PO18,822.83,458.37
PO19,397.65,350.82
PO2,233.26,166.0
PO20,615.3,380.49
PO21,546.84,291.97
PO22,475.9,297.43
PO3,301.67,683.48
PO30,341.92,242.69
PO31,541.76,192.99
PO32,307.99,145.74
PO33,480.15,225.09
PO34,562.39,302.54
PO35,545.49,324.83
PO36,330.52,219.03
PO37,475.1,187.78
PO38,362.59,202.73
PO39,406.57,295.15
PO4,355.04,261.18
PO40,965.47,157.4
PO41,689.1,260.26
PO5,319.4,212.7
PO6,366.7,508.83
PO7,427.55,378.73
PO8,381.82,241.45
PO9,383.12,364.53
PR1,250.35,237.18
PR2,296.68,302.88
PR23,,
PR25,275.92,157.46
PR26,329.06,182.62
PR3,378.19,237.56
PR4,413.46,293.22
PR5,236.44,317.06
PR6,396.83,201.51
PR7,339.12,294.54
PR8,310.66,286.63
PR9,228.91,174.9
RG1,451.26,1471.18
RG10,959.38,822.64
RG12,387.36,1034.13
RG14,390.15,506.46
RG17,598.37,658.8
RG18,716.37,245.75
RG19,533.54,756.42
RG2,409.47,892.87
RG20,616.26,740.97
RG21,227.57,584.4
RG22,371.09,549.09
RG23,484.05,821.15
RG24,357.82,496.54
RG25,2353.49,488.61
RG26,579.82,482.47
RG27,674.66,665.43
RG28,416.51,669.0
RG29,638.88,428.18
RG30,429.62,381.4
RG31,611.27,356.21
RG4,817.91,438.66
RG40,702.79,596.32
RG41,414.17,500.27
RG42,700.35,924.05
RG45,875.3,727.72
RG5,438.95,535.08
RG6,537.75,444.32
RG7,804.08,696.48
RG8,968.24,726.53
RG9,1032.0,1160.11
RH1,513.78,666.29
RH10,548.43,749.31
RH11,381.83,402.85
RH12,491.01,503.36
RH13,729.3,481.55
RH14,849.23,713.88
RH15,432.61,476.41
RH16,618.53,458.69
RH17,964.55,618.77
RH18,682.11,607.04
RH19,715.37,461.28
RH2,629.56,780.05
RH20,816.97,584.85
RH3,881.77,604.31
RH4,447.51,491.49
RH5,638.72,835.9
RH6,513.88,779.38
RH7,607.42,503.84
RH8,865.38,655.28
RH9,501.0,494.98
RM1,450.91,855.4
RM10,346.7,346.64
RM11,834.3,457.92
RM12,629.68,293.44
RM13,429.83,370.41
RM14,770.41,487.68
RM15,387.79,249.95
RM16,540.57,323.61
RM17,456.13,336.86
RM18,347.41,319.46
RM19,322.26,929.38
RM2,589.86,362.09
RM20,250.45,2750.07
RM3,341.88,349.61
RM4,866.32,547.68
RM5,514.33,178.75
RM6,412.05,218.67
RM7,445.19,407.45
RM8,327.11,167.69
RM9,402.64,440.63
S1,189.01,2506.56
S10,501.54,247.62
S11,570.75,254.76
S12,285.11,97.46
S13,181.61,106.53
S14,159.82,57.62
S17,716.46,270.77
S18,512.17,234.86
S2,153.87,336.82
S20,295.77,178.31
S21,418.82,122.75
S25,319.61,143.69
S26,367.89,146.28
S3,111.87,922.04
S32,599.39,268.21
S33,592.62,276.34
S35,370.03,243.07
S36,362.2,214.66
S4,165.72,536.56
S40,314.69,228.68
S41,242.01,136.61
S42,298.71,192.35
S43,279.47,181.85
S44,329.78,147.54
S45,363.88,162.1
S5,162.64,79.99
S6,275.82,300.19
S60,250.72,350.37
S61,168.61,108.91
S62,164.18,117.69
S63,223.29,146.18
S64,213.63,112.83
S65,341.23,178.08
S66,297.55,159.71
S7,280.15,292.96
S70,171.13,180.88
S71,259.09,199.73
S72,322.51,153.38
S73,173.6,304.96
S74,193.19,203.11
S75,342.24,279.82
S8,284.22,264.57
S80,240.76,334.89
S81,231.43,214.91
S9,192.64,626.61
SA1,154.79,419.76
SA10,281.12,206.72
SA11,181.65,126.06
SA12,169.06,142.78
SA13,168.24,148.76
SA14,340.0,292.26
SA15,298.89,172.31
SA16,241.68,184.51
SA17,392.69,229.81
SA18,312.91,177.4
SA19,381.8,297.78
SA2,465.96,249.81
SA20,392.12,297.75
SA3,612.9,365.1
SA31,372.15,239.33
SA32,630.68,382.93
SA33,415.31,272.84
SA34,660.16,330.86
SA35,,138.05
SA36,,146.22
SA37,705.01,324.92
SA38,221.05,176.22
SA39,378.32,223.16
SA4,352.88,191.48
SA40,523.33,160.97
SA41,435.04,212.85
SA42,682.48,300.5
SA43,699.86,201.52
SA44,351.62,260.05
SA45,300.92,223.43
SA46,390.88,186.49
SA47,,187.69
SA48,490.71,222.37
SA5,335.45,152.2
SA6,205.56,143.37
SA61,265.29,217.03
SA62,520.14,337.84
SA63,524.73,219.8
SA64,347.09,205.58
SA65,319.51,157.71
SA66,391.84,229.49
SA67,655.41,258.58
SA68,410.27,262.13
SA69,392.68,296.35
SA7,271.11,220.61
SA70,438.03,259.25
SA71,428.32,196.56
SA72,305.53,139.4
SA73,358.9,164.1
SA8,264.35,145.82
SA9,311.67,169.27
SE1,1176.09,3141.87
SE10,610.49,560.92
SE11,1134.82,546.73
SE12,626.47,279.54
SE13,569.17,332.8
SE14,558.88,547.63
SE15,671.46,908.58
SE16,682.44,649.78
SE17,684.06,402.65
SE18,585.54,392.21
SE19,599.77,222.11
SE2,350.48,251.11
SE20,553.52,182.59
SE21,1155.71,562.6
SE22,893.6,262.11
SE23,756.65,403.06
SE24,988.58,595.13
SE25,447.24,229.58
SE26,678.9,742.01
SE27,738.82,368.47
SE28,337.68,313.75
SE3,843.88,408.15
SE4,813.98,334.95
SE5,707.36,551.12
SE6,502.08,263.42
SE7,555.99,669.19
SE8,454.54,466.31
SE9,498.54,247.45
SG1,401.25,412.32
SG10,1845.85,562.32
SG11,676.12,640.79
SG12,663.22,423.1
SG13,528.5,635.05
SG14,641.49,654.36
SG15,351.63,228.39
SG16,430.62,389.11
SG17,576.82,310.3
SG18,352.83,359.0
SG19,421.16,253.04
SG2,407.46,222.74
SG3,467.08,639.96
SG4,592.8,608.63
SG5,453.67,458.61
SG6,381.1,484.86
SG7,437.41,461.39
SG8,603.99,555.33
SG9,592.23,366.59
SK1,157.65,567.83
SK10,591.92,361.7
SK11,429.56,309.03
SK12,442.17,229.37
SK13,304.58,72.38
SK14,328.38,165.36
SK15,297.77,135.1
SK16,249.83,151.63
SK17,426.25,267.62
SK2,386.06,161.25
SK22,466.11,158.72
SK23,360.0,189.06
SK3,197.58,226.84
SK4,334.72,323.12
SK5,286.92,142.39
SK6,359.84,371.62
SK7,432.53,276.14
SK8,397.52,367.88
SK9,677.71,534.07
SL0,882.02,623.21
SL1,333.79,647.19
SL13,,
SL2,754.82,323.15
SL3,677.27,860.35
SL4,651.52,420.09
SL5,1211.74,724.93
SL6,755.47,580.09
SL7,1692.67,810.8
SL8,1297.17,566.84
SL9,1708.46,1098.11
SM1,481.93,607.58
SM2,741.0,429.63
SM3,770.51,536.05
SM4,643.25,327.74
SM5,702.02,284.02
SM6,596.86,447.21
SM7,841.78,755.69
SN1,323.69,348.16
SN10,571.57,314.97
SN11,565.03,243.07
SN12,439.4,304.52
SN13,755.93,420.62
SN14,732.65,506.54
SN15,579.65,419.46
SN16,788.08,514.43
SN2,316.19,284.88
SN25,456.04,307.14
SN26,668.41,432.45
SN3,387.97,710.32
SN4,730.09,387.74
SN5,476.78,372.96
SN6,1266.32,397.81
SN7,551.53,349.51
SN8,867.69,665.44
SN9,696.24,380.89
SO14,348.63,549.54
SO15,186.87,314.95
SO16,295.51,310.28
SO17,365.93,234.57
SO18,241.87,214.91
SO19,292.67,188.01
SO20,872.55,575.9
SO21,759.13,439.45
SO22,653.13,477.22
SO23,568.97,581.01
SO24,755.93,457.37
SO26,,
SO30,558.38,462.9
SO31,545.7,335.85
SO32,622.85,511.23
SO40,424.13,354.12
SO41,783.54,517.95
SO42,1162.83,745.55
SO43,764.14,548.48
SO45,358.33,239.13
SO50,509.82,307.26
SO51,601.31,504.8
SO52,563.66,291.93
SO53,444.01,326.67
SP1,365.52,319.98
SP10,380.6,381.95
SP11,738.93,601.99
SP2,483.16,351.78
SP3,738.87,446.26
SP4,547.23,317.61
SP5,850.82,225.85
SP6,548.91,261.41
SP7,613.84,275.85
SP8,472.92,352.76
SP9,706.25,280.62
SR1,121.5,317.51
SR2,166.26,84.98
SR3,262.63,171.45
SR4,136.92,181.21
SR5,121.41,194.76
SR6,414.87,156.5
SR7,326.49,231.01
SR8,127.96,168.65
SS0,460.35,224.46
SS1,431.4,291.94
SS11,270.79,454.64
SS12,447.91,383.14
SS13,258.4,350.62
SS14,250.64,1059.2
SS15,234.61,553.76
SS16,546.49,199.57
SS17,514.12,221.01
SS2,364.84,217.78
SS3,613.47,171.1
SS4,488.26,322.22
SS5,616.63,257.33
SS6,449.53,320.19
SS7,532.89,251.51
SS8,394.24,228.25
SS9,493.71,279.94
ST1,156.78,232.45
ST10,303.27,372.35
ST11,294.9,202.36
ST12,477.01,243.64
ST13,325.54,229.11
ST14,487.09,203.41
ST15,399.34,276.73
ST16,239.1,324.57
ST17,428.37,182.55
ST18,481.94,332.95
ST19,512.21,221.0
ST2,186.7,124.81
ST20,454.59,179.87
ST21,546.53,258.42
ST3,215.9,147.79
ST4,322.53,260.73
ST5,348.66,192.83
ST6,213.45,167.6
ST7,354.87,225.04
ST8,405.33,111.5
ST9,486.89,229.73
SW10,1623.15,1405.33
SW11,1051.38,998.18
SW12,884.85,543.59
SW13,1257.93,1058.06
SW14,399.86,764.67
SW15,990.1,599.59
SW16,546.06,285.82
SW17,571.09,452.08
SW18,915.49,537.83
SW19,967.04,1017.85
SW1A,,21289.43
SW1E,,3850.1
SW1H,,14740.12
SW1P,,2737.14
SW1V,,1531.28
SW1W,,4077.57
SW1X,,3155.97
SW1Y,,15842.65
SW2,500.3,379.79
SW20,735.21,791.18
SW3,2572.34,1839.2
SW4,828.19,618.75
SW5,1466.96,1846.87
SW6,1714.27,1272.74
SW7,2848.99,2379.52
SW8,1726.22,819.84
SW9,803.91,648.52
SY1,273.3,253.47
SY10,501.23,239.83
SY11,211.97,163.91
SY12,345.14,259.68
SY13,270.62,268.32
SY14,490.99,253.94
SY15,404.55,239.25
SY16,373.11,141.37
SY17,399.95,147.56
SY18,403.03,121.15
SY19,345.84,151.54
SY2,392.3,227.89
SY20,386.99,133.65
SY21,444.55,158.26
SY22,453.67,188.37
SY23,431.96,130.06
SY24,410.43,150.78
SY25,334.95,145.57
SY3,422.84,305.88
SY4,408.08,298.83
SY5,514.42,255.63
SY6,742.08,266.23
SY7,609.72,234.2
SY8,481.32,252.35
SY9,537.41,283.71
TA1,324.79,156.93
TA10,670.02,248.22
TA11,732.84,279.32
TA12,544.63,172.87
TA13,488.55,245.64
TA14,573.23,298.58
TA15,,256.35
TA16,451.57,204.25
TA17,,466.25
TA18,393.0,255.93
TA19,465.67,230.82
TA2,424.98,239.36
TA20,427.73,286.53
TA21,334.48,221.67
TA22,366.8,283.79
TA23,339.19,140.55
TA24,411.94,369.11
TA3,547.84,408.12
TA4,542.63,376.98
TA5,573.2,221.56
TA6,243.72,259.53
TA7,483.32,272.17
TA8,364.36,145.15
TA9,338.99,259.88
TD12,,250.31
TD15,,223.34
TD9,,176.94
TF1,233.04,203.7
TF10,470.78,219.53
TF11,481.18,172.51
TF12,379.36,145.85
TF13,502.6,314.18
TF2,309.2,172.61
TF3,268.1,210.38
TF4,244.07,146.76
TF5,424.52,179.45
TF6,618.0,312.05
TF7,238.89,309.52
TF70,,
TF8,314.12,223.74
TF9,367.24,247.88
TN1,446.37,825.81
TN10,739.47,317.79
TN11,1076.84,402.65
TN12,715.11,491.21
TN13,987.24,637.2
TN14,435.79,451.42
TN15,544.27,544.43
TN16,508.88,457.81
TN17,830.67,646.57
TN18,991.38,264.37
TN19,568.66,430.73
TN2,320.4,509.79
TN20,911.28,424.36
TN21,989.0,436.38
TN22,772.12,374.51
TN23,341.52,365.88
TN24,498.03,805.7
TN25,732.92,474.8
TN26,761.72,434.19
TN27,570.95,469.37
TN28,560.05,256.22
TN29,521.56,261.25
TN3,1258.88,484.79
TN30,524.63,366.22
TN31,600.62,358.96
TN32,562.36,434.26
TN33,494.74,413.02
TN34,307.21,274.89
TN35,372.28,315.65
TN36,384.78,366.15
TN37,240.63,122.46
TN38,339.73,236.39
TN39,460.91,312.28
TN4,587.39,476.95
TN40,353.02,183.83
TN5,742.03,528.28
TN6,557.04,388.48
TN7,1016.23,798.13
TN8,764.95,619.59
TN9,377.94,511.96
TQ1,385.16,275.61
TQ10,376.17,399.69
TQ11,347.26,243.84
TQ12,330.31,305.46
TQ13,388.15,335.96
TQ14,396.87,238.6
TQ2,304.41,238.06
TQ3,381.05,192.41
TQ4,196.25,296.25
TQ5,311.45,302.31
TQ6,527.16,545.62
TQ7,513.23,426.37
TQ8,1133.55,628.24
TQ9,584.26,339.81
TR1,455.07,369.52
TR10,261.56,261.68
TR11,604.74,337.37
TR12,470.4,352.28
TR13,451.85,305.6
TR14,327.66,220.06
TR15,261.02,375.95
TR16,466.17,232.91
TR17,586.91,286.0
TR18,336.37,257.38
TR19,365.31,238.62
TR2,632.68,415.52
TR20,424.03,242.18
TR21,,357.66
TR22,,498.11
TR25,,507.57
TR26,664.7,407.47
TR27,273.29,415.13
TR3,611.46,284.97
TR4,516.34,303.47
TR5,413.18,433.3
TR6,565.71,256.09
TR7,361.15,407.22
TR8,444.15,458.04
TR9,309.31,255.0
TS1,121.26,437.44
TS10,251.76,153.81
TS11,152.78,187.06
TS12,257.61,318.06
TS13,391.57,216.51
TS14,296.25,130.25
TS15,348.01,295.3
TS16,255.93,193.86
TS17,262.4,142.59
TS18,188.77,272.19
TS19,192.83,163.07
TS2,,391.14
TS20,176.63,206.68
TS21,357.65,316.23
TS22,484.69,413.72
TS23,104.42,127.95
TS24,123.19,118.83
TS25,92.91,149.69
TS26,169.86,181.14
TS27,182.19,119.85
TS28,138.79,155.28
TS29,128.24,121.39
TS3,82.07,111.42
TS4,95.37,237.65
TS5,174.61,138.49
TS6,98.34,114.81
TS7,298.78,158.79
TS8,179.73,152.27
TS9,410.16,230.21
TW1,1217.91,929.66
TW10,1036.84,888.97
TW11,730.3,756.52
TW12,687.96,462.01
TW13,393.77,389.45
TW14,403.33,941.35
TW15,254.45,456.15
TW16,510.04,865.64
TW17,624.84,559.57
TW18,382.53,1093.82
TW19,573.5,417.62
TW2,767.65,650.54
TW20,840.23,2392.22
TW3,425.38,644.55
TW4,625.21,756.61
TW40,,
TW5,693.36,652.66
TW7,549.73,395.11
TW8,575.73,1755.65
TW9,1000.73,1870.87
UB1,357.38,470.23
UB10,526.16,556.99
UB2,267.51,690.38
UB3,332.52,920.73
UB4,538.82,629.28
UB5,436.42,228.21
UB6,411.21,789.59
UB7,394.6,1280.93
UB8,469.97,864.92
UB9,481.53,649.37
UN4,,
W10,1195.39,680.84
W11,1861.74,904.16
W12,1042.84,763.55
W13,674.99,651.67
W14,1400.5,1511.24
W15,,474.63
W1B,,6849.39
W1C,,26767.7
W1D,,10884.64
W1F,,8903.27
W1G,,4187.63
W1H,,1345.59
W1J,,7353.53
W1K,,6401.35
W1S,,29514.82
W1T,,7794.34
W1U,,4940.22
W1W,,3564.5
W2,1481.25,2339.04
W3,400.75,1433.77
W4,853.57,884.62
W5,966.09,1095.79
W6,1161.62,1299.23
W7,558.7,280.18
W8,3433.8,2295.47
W9,1098.82,649.09
WA1,324.93,343.5
WA10,278.85,168.89
WA11,220.71,362.11
WA12,247.82,150.86
WA13,608.91,245.78
WA14,833.36,456.42
WA15,670.79,434.96
WA16,779.15,581.4
WA2,262.6,358.38
WA3,300.99,380.74
WA4,465.41,483.68
WA5,325.77,416.84
WA6,468.72,319.89
WA7,176.06,269.61
WA8,310.18,226.22
WA9,214.71,204.3
WC1,1074.82,
WC1A,,11357.63
WC1B,,14615.22
WC1E,,2723.42
WC1H,,3405.73
WC1N,,4107.7
WC1R,,4930.96
WC1V,,15197.94
WC1X,,3525.82
WC2A,,17649.07
WC2B,,10395.31
WC2E,,8427.6
WC2H,,8656.6
WC2N,,20802.56
WC2R,,8529.27
WD17,481.44,1276.16
WD18,378.0,648.53
WD19,895.87,310.18
WD23,822.3,461.16
WD24,428.24,775.67
WD25,686.74,509.75
WD3,881.1,721.67
WD4,708.74,791.06
WD5,484.39,350.41
WD6,536.3,646.4
WD7,2545.25,760.05
WF1,305.01,216.46
WF10,269.5,275.61
WF11,309.34,179.52
WF12,403.43,214.84
WF13,165.89,117.07
WF14,213.81,174.2
WF15,374.93,113.59
WF16,265.24,90.35
WF17,324.03,178.6
WF2,345.14,302.17
WF3,375.39,208.46
WF4,401.05,169.03
WF5,342.27,171.45
WF6,308.19,419.43
WF7,357.85,191.95
WF8,382.38,184.42
WF9,283.01,169.5
WN1,261.37,199.65
WN2,280.95,133.18
WN3,193.11,125.4
WN4,222.66,110.21
WN5,244.0,187.3
WN6,301.2,164.35
WN7,227.14,145.06
WN8,421.71,250.62
WR1,440.73,
WR10,533.49,
WR11,451.99,
WR12,701.23,
WR13,678.06,
WR14,456.13,
WR15,523.14,
WR2,457.39,
WR3,508.02,
WR4,310.24,
WR5,625.64,
WR6,656.65,
WR7,777.83,
WR8,886.75,
WR9,483.5,
WS1,311.49,
WS10,212.35,
WS11,353.94,
WS12,402.04,
WS13,543.45,
WS14,772.21,
WS15,514.12,
WS2,259.51,
WS3,341.67,
WS4,260.68,
WS5,409.16,
WS6,475.94,
WS7,352.88,
WS8,361.26,
WS9,431.87,
WV1,219.41,
WV10,624.15,
WV11,296.81,
WV12,310.84,
WV13,428.66,
WV14,341.61,
WV15,431.38,
WV16,450.19,
WV2,133.35,
WV3,210.26,
WV4,283.59,
WV5,901.72,
WV6,435.7,
WV7,590.0,
WV8,491.32,
WV9,356.42,
YO1,459.7,
YO10,393.97,
YO11,312.54,
YO12,286.93,
YO13,337.04,
YO14,332.61,
YO15,284.03,
YO16,242.24,
YO17,367.6,
YO18,473.44,
YO19,446.34,
YO21,298.46,
YO22,248.72,
YO23,352.62,
YO24,477.02,
YO25,366.41,
YO26,515.53,
YO30,463.31,
YO31,306.59,
YO32,471.86,
YO41,473.58,
YO42,429.15,
YO43,485.58,
YO51,569.07,
YO60,512.52,
YO61,759.01,
YO62,1070.83,
YO7,809.96,
YO8,490.73,
