outcode,Very Good Health,Good Health,Fair Health,Bad Health,Very Bad Health
AL1,24223,12556,3632,952,264
AL10,21352,13514,4100,1140,295
AL2,13572,8319,2781,725,195
AL3,16826,8981,2846,775,205
AL4,15269,8481,2636,664,162
AL5,19164,8794,2343,556,172
AL6,8010,4681,1493,408,123
AL7,18138,12603,4420,1319,334
AL8,6359,4235,1457,408,105
AL9,5669,3412,1056,280,73
B1,7909,4624,1307,379,108
B10,15312,10965,4308,1657,639
B11,23797,17561,6833,2294,832
B12,11069,7647,3136,1336,377
B13,18367,12992,5334,1772,576
B14,19520,14227,6254,2149,718
B15,13821,8301,2145,585,176
B16,12630,8254,2830,1031,310
B17,14951,8977,3173,977,264
B18,9617,6603,2732,899,296
B19,13490,8358,3346,1218,348
B2,359,231,68,17,9
B20,18615,13930,5305,1616,485
B21,12672,9300,3683,1290,417
B22,98,91,53,6,7
B23,24147,17649,7838,2790,890
B24,13575,9858,4237,1619,551
B25,8683,6073,2583,892,310
B26,16879,12886,5152,1673,528
B27,12647,9775,4186,1538,470
B28,14460,10297,3901,1144,349
B29,23873,15940,5553,1752,548
B3,873,537,82,24,1
B30,14011,9912,3939,1261,392
B31,26333,20016,8380,2892,939
B32,17378,12581,5569,1907,669
B33,16026,11889,5267,1960,665
B34,9119,7073,3132,1193,395
B35,3633,2821,1453,736,217
B36,17270,12839,5381,1646,545
B37,15432,12048,5447,2137,616
B38,8276,6037,2812,1099,340
B4,4430,2938,576,96,27
B42,13247,10304,3607,1099,350
B43,14047,11043,4034,1218,313
B44,15140,11014,5053,1887,608
B45,15221,10697,4445,1499,466
B46,7067,4785,1827,543,149
B47,5333,3689,1304,302,92
B48,2828,1829,609,155,84
B49,5756,4402,1712,425,134
B5,4856,2959,1037,383,118
B50,3781,2443,826,225,48
B6,9081,5921,2427,881,321
B60,16181,10434,3613,1159,331
B61,11577,8003,3049,925,224
B62,12697,9679,3604,1053,349
B63,16043,12891,5345,1742,463
B64,8561,6838,3023,1139,355
B65,10987,8963,4004,1413,433
B66,15564,10386,4054,1387,409
B67,12490,9199,3674,1257,416
B68,14198,11187,4524,1574,458
B69,13717,10011,4096,1317,384
B7,4590,2551,1097,431,133
B70,15764,11982,5021,1910,594
B71,13841,11138,4801,1689,546
B72,6750,4108,1543,410,220
B73,10457,6562,2461,709,215
B74,17062,10964,3711,978,294
B75,14027,8777,3053,990,291
B76,9259,6248,2411,622,175
B77,26403,20217,7958,2434,769
B78,11433,8858,3556,1041,305
B79,11198,8410,3372,1098,322
B8,22394,15282,5541,2126,696
B80,3989,2952,1138,331,108
B9,11400,7566,2807,943,371
B90,25654,17091,5914,1577,476
B91,18309,11253,3669,967,240
B92,15947,11342,4068,1246,382
B93,11271,6230,1926,539,144
B94,4058,2335,699,145,47
B95,3202,2264,869,267,71
B96,2477,1813,584,150,46
B97,17051,12047,4326,1270,354
B98,20965,16790,6561,2105,560
BA1,26177,15322,4968,1473,386
BA10,2698,1747,566,141,35
BA11,18275,13060,4828,1416,315
BA12,14033,10689,4129,1164,310
BA13,10030,7997,3002,871,251
BA14,24222,18426,6774,1924,547
BA15,7031,4798,1740,499,136
BA16,6774,5136,1870,605,172
BA2,39206,24670,8366,2302,635
BA20,6413,5186,1978,558,175
BA21,16194,12679,4762,1397,420
BA22,9795,6458,2179,626,178
BA3,18532,13304,4899,1365,405
BA4,8766,6341,2346,594,156
BA5,9111,6678,2584,682,209
BA6,5755,4438,1874,551,152
BA7,1719,1364,569,155,55
BA8,2485,1798,728,188,53
BA9,3573,2645,940,266,95
BB0,229,112,80,28,11
BB1,37087,24562,9693,3522,1122
BB10,19990,14921,6115,2249,682
BB11,11185,8269,3869,1470,476
BB12,16573,11640,4873,1624,488
BB18,8452,6318,2430,747,216
BB2,28816,19965,8319,3126,986
BB3,15129,10805,4499,1779,501
BB4,20312,14072,5746,1957,518
BB5,27401,21180,9214,3348,1079
BB6,12508,8069,3074,924,269
BB7,12875,8102,3081,832,201
BB8,10930,8129,3689,1124,354
BB9,22137,15722,6345,2228,635
BD1,6152,4624,1582,504,210
BD10,14686,11013,4088,1358,419
BD11,6726,4658,1693,438,133
BD12,8257,6444,2762,844,255
BD13,14473,10873,3989,1197,368
BD14,4170,3069,1294,443,114
BD15,8243,6258,2368,886,275
BD16,13057,9147,3539,1094,287
BD17,8956,6622,2301,733,219
BD18,12545,9730,3849,1216,379
BD19,10281,7742,2943,853,259
BD2,13716,10854,4156,1358,370
BD20,19740,14312,5275,1413,437
BD21,12674,10068,4312,1419,398
BD22,11609,8603,3268,954,282
BD23,14043,10764,3847,1013,265
BD24,2108,1681,633,158,50
BD3,15381,11594,4483,1773,607
BD4,14807,11050,4685,1828,551
BD5,13898,9970,3944,1677,501
BD6,13721,10487,4503,1495,424
BD7,14370,10793,4050,1587,486
BD8,14184,11454,4403,1765,603
BD9,12543,9553,3502,1191,406
BH1,15813,11871,4170,1391,371
BH10,10924,8376,3503,1196,373
BH11,8893,7117,3127,1160,415
BH12,17690,13587,5394,1749,485
BH13,3957,2722,1125,284,85
BH14,12395,7246,2634,694,217
BH15,16154,12043,4769,1464,472
BH16,7417,5482,2105,645,164
BH17,11105,8407,3023,856,255
BH18,5454,3632,1427,339,89
BH19,4539,4118,1860,542,161
BH2,4469,3269,1220,386,107
BH20,9344,7100,2871,839,233
BH21,27456,19307,7004,1777,536
BH22,11165,9908,4422,1235,348
BH23,24947,19711,7961,2346,639
BH24,11705,8272,3233,858,248
BH25,10386,9701,4160,1167,351
BH3,3698,2292,740,186,59
BH31,273,162,49,7,1
BH4,3543,2764,1082,368,110
BH5,5318,3545,1475,540,125
BH6,11611,7794,3073,927,263
BH7,4811,2805,928,280,99
BH8,14285,9699,3615,1181,312
BH9,14843,9286,2880,784,214
BL0,10073,6248,2233,681,171
BL1,36273,23199,9234,3289,986
BL11,149,174,59,15,2
BL2,21961,16107,6977,2543,720
BL3,34768,23334,9247,3429,1094
BL4,15518,11282,4987,1954,549
BL5,13795,9521,3597,1151,365
BL6,14216,9824,3778,1296,454
BL7,7447,4484,1494,393,106
BL8,17409,11689,4602,1267,365
BL9,24021,18038,7438,2539,768
BN1,46402,29847,9430,3006,850
BN10,8749,6987,3130,990,310
BN11,15684,12965,5525,1731,470
BN12,10200,8453,3407,989,294
BN13,13974,11088,4258,1255,356
BN14,14508,10564,3659,956,281
BN15,11903,10215,4385,1307,373
BN16,12441,11075,4623,1340,348
BN17,14076,11772,4773,1440,351
BN18,6976,5123,1930,582,152
BN2,43351,30976,11967,4282,1329
BN20,11653,9145,3741,1083,311
BN21,10506,8241,3613,1157,338
BN22,13870,11385,4856,1621,458
BN23,12611,10859,4689,1482,424
BN24,3959,3043,1291,368,105
BN25,10371,8856,3931,1153,309
BN26,5864,4947,2113,653,194
BN27,14573,11342,4532,1391,333
BN3,41747,25631,8761,2832,892
BN4,29555,20799,7835,2346,676
BN41,716,551,216,102,26
BN42,157,102,43,24,17
BN43,1306,912,297,87,19
BN44,268,184,79,31,7
BN5,3900,2676,978,269,69
BN6,10321,5974,2051,562,141
BN7,9900,7073,2566,755,182
BN8,8300,5591,1924,499,141
BN9,5937,4719,1916,672,183
BR1,34864,20936,7032,1959,620
BR2,27736,15891,4791,1272,383
BR3,27627,16134,4810,1286,409
BR4,9970,6118,1900,465,122
BR5,26419,17533,6146,1922,580
BR6,23872,15212,4778,1240,349
BR7,10328,5589,1827,530,148
BR8,11286,8215,3265,948,318
BS0,138,104,43,15,0
BS1,14406,9104,2272,634,159
BS10,16313,11763,4695,1699,534
BS11,8521,6424,2774,945,309
BS12,38840,26983,9186,2420,690
BS13,15505,11601,5126,1875,572
BS14,14847,10984,4250,1474,489
BS15,40061,29796,10906,3124,959
BS16,45750,29635,10671,3143,883
BS17,26529,19366,7045,2002,558
BS18,30007,18638,6548,1763,522
BS19,18512,12258,4614,1240,371
BS2,10367,6463,2006,662,203
BS20,17308,10970,3811,992,280
BS21,10916,8001,3102,922,259
BS22,17695,14416,5879,1876,502
BS23,14293,12370,6239,2331,688
BS24,12967,8939,3093,978,276
BS25,2229,1671,601,150,47
BS26,1994,1397,524,140,47
BS27,3377,2293,926,249,74
BS28,1709,1120,349,84,15
BS3,21956,13128,4310,1476,446
BS31,874,567,164,69,21
BS32,1280,704,119,29,7
BS34,3546,1864,468,152,37
BS35,610,289,55,24,4
BS36,176,73,22,7,0
BS37,1024,561,163,48,16
BS39,515,269,71,21,4
BS4,23116,16092,6250,2227,652
BS49,149,59,46,17,7
BS5,25594,16681,6204,2101,630
BS6,21484,10975,2823,715,166
BS7,20653,12412,3835,1225,337
BS8,14377,7210,1867,414,110
BS9,16773,9594,3161,944,315
CA1,11632,8843,3676,1270,337
CA10,8282,5973,2175,535,147
CA11,10657,8231,3052,789,212
CA12,3670,2488,976,213,84
CA13,7902,5504,2135,570,134
CA14,15562,12325,5682,1872,565
CA15,6836,5673,2633,881,246
CA16,2633,1980,751,224,70
CA17,2123,1631,665,146,51
CA18,213,186,88,11,5
CA19,667,593,238,59,15
CA2,18136,14195,5916,2092,648
CA20,1216,1020,418,126,34
CA21,418,357,121,34,5
CA22,3794,2911,1362,505,122
CA23,855,634,288,98,30
CA24,379,252,101,27,7
CA25,2467,1730,926,320,97
CA26,1320,1009,521,200,56
CA27,770,492,174,34,7
CA28,12399,8885,4185,1477,436
CA3,7018,5207,2017,538,125
CA4,5609,3991,1452,378,94
CA5,9065,6753,2958,935,239
CA6,5180,4085,1616,478,146
CA7,3697,2771,1107,344,97
CA8,2313,1771,810,264,79
CA9,842,715,332,123,16
CB1,43154,25723,7826,1974,557
CB10,9974,5970,1863,473,117
CB11,9180,5542,1756,425,122
CB2,28627,16616,4799,1205,343
CB23,20670,12558,3479,848,224
CB24,19062,12018,3869,958,281
CB25,9627,6732,2350,608,173
CB3,9867,5378,1401,299,74
CB4,22295,14634,4949,1355,364
CB5,5180,3364,1266,412,116
CB6,19843,14948,5291,1409,370
CB7,12820,9366,3379,880,237
CB8,17024,12274,4178,1046,283
CB9,15524,11715,4103,1168,302
CF1,29741,19032,6987,2559,802
CF10,1900,1120,317,78,31
CF11,3832,2358,662,193,55
CF14,41750,25006,9506,3013,944
CF15,10421,5969,2090,641,183
CF2,40855,26081,9111,3262,1039
CF23,8124,5160,2024,680,204
CF24,1764,1053,344,142,27
CF3,21031,13974,6275,2574,930
CF31,22529,15266,6376,2272,835
CF32,14920,10117,4948,1959,653
CF33,7331,5310,2434,945,330
CF34,8714,5957,3281,1408,463
CF35,10159,6428,2691,861,260
CF36,6863,4987,2499,911,263
CF37,17663,13262,6226,2396,691
CF38,11047,7366,2727,957,296
CF39,13156,9449,4891,2166,596
CF4,265,159,65,18,5
CF40,7863,6088,3221,1357,424
CF41,4721,3422,1767,784,251
CF42,5469,3861,2203,925,343
CF43,4547,3603,2065,906,300
CF44,18334,12826,6763,2886,902
CF45,7998,6077,3125,1315,466
CF46,6629,4762,2437,1016,343
CF47,10517,6818,3580,1647,569
CF48,11693,7923,3741,1799,589
CF5,30735,20609,8837,3634,1197
CF6,47610,33689,14433,5084,1689
CF61,690,465,168,48,13
CF62,2738,1531,421,125,25
CF63,921,493,152,29,15
CF64,562,251,106,17,9
CF7,15997,9520,3950,1317,382
CF72,1990,1001,269,66,7
CF8,32970,24068,11795,5086,1566
CF82,601,283,56,18,3
CF83,6951,4133,1970,759,205
CH1,19671,14244,5502,1808,554
CH2,15945,10397,3780,1185,326
CH25,118,118,61,28,9
CH26,163,100,44,10,2
CH27,272,207,110,33,3
CH28,253,204,127,68,16
CH29,151,108,100,27,11
CH3,19480,11530,3972,1061,291
CH30,291,101,26,4,2
CH31,188,103,47,16,2
CH32,181,130,56,18,4
CH33,125,106,45,11,0
CH34,529,312,126,46,14
CH4,17923,11505,4125,1317,352
CH41,9734,7590,3940,1945,565
CH42,14690,10511,4845,2228,767
CH43,15824,10585,4919,1972,605
CH44,12841,9754,4776,2164,643
CH45,13076,9500,4118,1536,414
CH46,10568,7798,3682,1536,492
CH47,5358,3415,1344,411,130
CH48,8037,4788,1814,516,147
CH49,14077,9427,4266,1576,423
CH5,19757,14368,5628,1843,600
CH6,8590,6208,2687,942,276
CH60,7223,4363,1509,432,117
CH61,7291,4930,2132,730,202
CH62,14930,10079,4142,1491,504
CH63,13932,9160,3390,1150,387
CH64,8827,5966,2308,737,205
CH65,13632,10209,4227,1726,537
CH66,15612,11164,4277,1335,444
CH7,24783,17122,6728,2043,598
CH8,8667,6315,2955,985,327
CM0,7985,6457,2526,764,202
CM1,39069,25372,8324,2123,646
CM11,12109,7391,2342,574,165
CM12,10090,6287,2006,504,132
CM13,14855,9089,3055,864,255
CM14,11930,6696,2142,589,183
CM15,12415,7236,2495,655,199
CM16,13296,8207,2861,735,267
CM17,13853,8910,2828,780,221
CM18,12334,9335,3699,1181,352
CM19,10418,7628,2752,841,266
CM2,30281,19942,6478,1641,431
CM20,12454,8885,3455,1068,306
CM21,5422,3550,1167,286,86
CM22,10548,6474,1974,497,146
CM23,23723,13753,4061,1033,268
CM24,4170,2431,749,200,42
CM3,28387,19380,6324,1596,449
CM4,4574,2925,1085,294,80
CM5,5127,3451,1226,362,96
CM6,14793,9027,2782,716,199
CM7,31716,23634,8370,2281,571
CM8,16859,12820,4413,1384,389
CM9,16108,12021,4438,1233,316
CO1,11284,8221,2901,843,245
CO10,23335,19009,7386,1953,539
CO11,6593,4865,1830,519,132
CO12,9894,8503,3793,1231,338
CO13,5312,5135,2403,739,206
CO14,2170,2361,1337,469,141
CO15,16048,16611,9191,3690,1086
CO16,9832,8504,4232,1417,466
CO2,20481,13395,4650,1318,392
CO3,15980,11231,3622,927,258
CO4,26044,17999,6099,1779,476
CO5,13179,10470,3886,1000,302
CO6,13516,9563,3321,861,245
CO7,15824,12165,4515,1266,370
CO8,701,495,156,53,20
CO9,12330,9548,3484,890,242
CR0,90697,60267,20337,6291,1923
CR2,43038,27749,8722,2434,798
CR3,38052,23583,7450,1957,552
CR4,57305,38478,12773,3699,1172
CR5,903,473,117,35,8
CR6,131,114,26,7,0
CR7,1615,1172,365,101,38
CR8,595,410,114,26,16
CR9,195,142,66,21,4
CT1,16298,11369,4033,1208,350
CT10,12251,9811,4121,1180,375
CT11,12611,10520,4647,1613,454
CT12,7810,6517,2928,1166,358
CT13,4440,3483,1467,451,130
CT14,15229,12453,5561,1748,536
CT15,7422,5696,2058,578,185
CT16,9751,8022,3493,1309,316
CT17,8079,6352,2663,901,241
CT18,7921,6082,2408,721,233
CT19,13259,10471,4432,1486,421
CT2,17263,12355,4156,1164,349
CT20,9765,7399,3177,1132,303
CT21,7052,5828,2532,788,246
CT3,9238,6359,2391,782,244
CT4,6934,4599,1747,482,113
CT5,15141,11920,4548,1384,381
CT6,17508,13814,6013,1915,590
CT7,4923,4639,2226,746,218
CT8,3378,3005,1331,467,200
CT9,18017,14766,6895,2652,741
CV1,21027,13427,4603,1537,463
CV10,26621,20988,8400,2593,803
CV11,18607,14397,5495,1665,495
CV12,13947,11958,5381,1749,490
CV13,5381,3799,1406,350,114
CV2,33281,23696,9154,3109,986
CV21,21316,15655,5559,1702,426
CV22,18059,12943,4515,1222,325
CV23,17687,11879,3916,1067,278
CV3,35250,24576,9020,2901,840
CV31,19056,12268,4193,1200,324
CV32,16846,10590,3569,1043,312
CV33,10661,7186,2407,594,158
CV34,18031,11622,3973,1043,306
CV35,13583,9124,2885,686,170
CV36,5794,4120,1512,416,97
CV37,21498,14530,4895,1364,420
CV4,17706,12213,4333,1360,407
CV5,22146,16091,5697,1566,449
CV6,43866,30166,11451,3951,1289
CV7,10858,7435,2866,1006,299
CV8,14721,9825,3329,820,228
CV9,9215,7121,3029,1003,293
CW1,22212,16493,6489,2072,607
CW10,8519,6002,2230,682,181
CW11,13977,9151,3231,957,279
CW12,16615,11983,4386,1294,394
CW2,20567,15108,5420,1589,436
CW3,5353,3907,1550,428,126
CW4,5427,3303,1120,326,87
CW5,15737,10601,3948,1115,321
CW6,7234,4342,1429,376,109
CW7,15485,11826,4897,1694,541
CW8,20283,13415,4930,1422,391
CW9,16590,11447,4533,1429,347
DA1,35679,22905,7364,2038,631
DA10,6356,3755,1164,331,89
DA11,20988,14604,5400,1614,433
DA12,23239,16337,6053,1948,508
DA13,7325,5101,1722,505,146
DA14,12775,8758,3136,1077,329
DA15,15409,9906,3251,881,261
DA16,19696,13532,4371,1135,344
DA17,11393,7515,2636,753,225
DA18,3155,1883,703,247,77
DA2,12145,8107,3023,782,237
DA3,8538,6179,2215,625,166
DA4,4207,2823,918,243,67
DA5,10809,6725,2180,594,184
DA6,5494,3774,1334,405,132
DA7,16727,11594,4025,1021,290
DA8,17878,11273,4003,1243,406
DA9,7544,4539,1247,336,85
DE1,11835,9467,3800,1320,375
DE11,21493,16856,6869,2120,605
DE12,10049,7974,3111,892,281
DE13,22579,16519,5884,1623,520
DE14,15221,11759,4023,1194,343
DE15,10246,8478,3499,1102,282
DE2,47289,38278,16208,5279,1598
DE21,1285,839,226,50,16
DE22,22658,16227,6115,1800,556
DE23,31160,21203,7746,2682,867
DE24,2828,1764,477,123,26
DE3,9085,6338,2171,559,173
DE4,20916,15843,6437,1793,488
DE5,34388,27697,11671,3561,980
DE55,13276,11216,4959,1635,424
DE56,3323,1937,617,136,28
DE6,21387,15069,5403,1310,380
DE65,3071,1772,395,94,17
DE7,53465,41515,16825,5000,1396
DE72,175,102,26,6,2
DE73,2549,1400,374,88,26
DE74,392,187,30,9,1
DE75,174,112,26,6,5
DH1,29479,19354,6801,1914,556
DH2,14433,11290,5126,1795,539
DH3,11259,8891,3787,1377,359
DH4,15667,11787,5129,1899,562
DH5,8462,6579,3513,1332,385
DH6,14692,11663,5444,2254,640
DH7,17760,14112,6339,2445,681
DH8,17592,13933,5921,2094,668
DH9,14785,12874,6551,2460,759
DH98,83,108,64,38,4
DL1,22859,18547,8150,2876,773
DL10,10217,7625,2747,749,216
DL11,1924,1390,493,118,37
DL12,5821,4681,1924,521,145
DL13,5846,4979,2347,814,218
DL14,16224,13153,6384,2529,680
DL15,9241,7517,3632,1381,409
DL16,9418,7127,3247,1193,375
DL17,7110,6147,3144,1249,375
DL2,9480,6342,2180,550,145
DL3,17511,13359,5469,1687,423
DL4,3535,3215,1681,661,204
DL5,11425,9552,4434,1596,489
DL6,8876,6851,2651,764,185
DL7,6344,4736,1609,417,96
DL8,8088,6476,2418,574,171
DL9,8146,4091,1395,367,94
DN1,5638,4566,1945,678,235
DN10,6848,5058,2080,586,173
DN11,13507,10412,4452,1540,499
DN12,10611,8033,4010,1702,505
DN14,23101,18399,7112,1975,573
DN15,16681,14367,5780,1812,525
DN16,13646,11525,5047,1645,452
DN17,14868,12797,5509,1784,506
DN18,5990,4872,2090,601,177
DN19,2698,2219,879,292,70
DN2,11390,9073,3600,1326,404
DN20,8315,6782,3010,874,232
DN21,16688,14060,6206,2057,520
DN22,16518,13205,5722,1651,524
DN3,13650,10481,4298,1375,415
DN31,5520,4788,2441,933,244
DN32,11142,9267,4126,1493,478
DN33,9607,7418,3191,976,332
DN34,7020,5878,2594,790,205
DN35,13769,11656,5209,1740,478
DN36,9379,7291,2897,797,240
DN37,12103,9554,3878,1142,311
DN38,1257,907,405,103,27
DN39,1263,1068,448,146,52
DN4,23907,18022,7187,2415,799
DN40,4594,3923,1831,559,184
DN41,201,94,29,4,0
DN5,18813,14163,5773,1975,600
DN6,12618,9880,4543,1699,506
DN7,9949,8187,3740,1423,381
DN8,7956,6379,3025,1145,344
DN9,9644,6759,2540,720,182
DT1,9984,7857,3128,921,272
DT10,5399,4455,1768,528,117
DT11,14333,10666,3766,1048,262
DT2,11951,8886,3324,859,259
DT3,11304,9637,4005,1141,292
DT4,14849,12967,5863,1884,517
DT5,5275,4935,2038,659,195
DT6,9242,8429,3410,948,281
DT7,2775,2133,838,226,66
DT8,2447,2216,947,232,42
DT9,9670,7180,2797,742,202
DY1,18069,13794,5810,2074,652
DY10,18066,14621,5805,1818,525
DY11,13700,11153,4688,1555,448
DY12,5997,5177,2181,660,200
DY13,9267,7657,3250,1063,329
DY14,4339,3406,1251,362,119
DY2,14316,11495,4933,1736,526
DY3,15552,13190,5654,1842,507
DY4,21415,16420,7317,2775,816
DY5,18666,15519,6577,2130,604
DY6,13248,10964,4353,1194,337
DY7,3450,2591,1077,285,76
DY8,22182,16943,6688,2072,573
DY9,13086,9921,3848,1105,325
E1,51453,31734,10116,3661,1366
E10,27167,18158,5792,1715,555
E11,29874,18935,5843,1805,539
E12,21724,15135,5223,1671,583
E13,28589,19331,6522,2048,719
E14,58960,35028,10027,3440,1135
E15,31889,20242,6263,1790,638
E16,32844,19168,5509,1841,681
E17,57802,36868,11146,3522,1099
E18,11416,6816,1889,479,173
E1W,572,314,82,27,8
E2,26308,15462,5262,2037,671
E20,5014,2388,476,113,32
E3,33618,20806,6882,2512,879
E4,34072,22277,7754,2429,844
E5,30120,15410,5628,2023,856
E6,40776,27292,9346,3011,986
E7,25182,16548,5501,1704,555
E8,26066,13783,4926,1848,682
E9,19487,10792,3994,1591,519
EC1A,1882,917,212,60,12
EC1M,1640,743,225,48,18
EC1N,1377,853,306,122,45
EC1R,3235,1875,728,306,77
EC1V,10494,5499,1742,719,252
EC1Y,2077,1278,402,146,60
EC2A,724,355,67,18,2
EC2P,249,119,24,4,0
EC2Y,902,552,148,23,12
EC3N,177,70,10,0,0
EC4A,145,44,4,0,0
EC4Y,147,68,8,1,0
EN1,26809,17704,6119,1893,719
EN10,10489,6531,2071,541,128
EN11,11666,7812,2731,765,205
EN2,15175,9711,3177,938,289
EN3,30643,20509,7413,2576,837
EN4,16973,9859,3413,995,319
EN5,20903,13002,4201,1319,401
EN6,15032,10036,3416,926,284
EN7,11710,7526,2582,749,236
EN8,17693,12550,4623,1389,449
EN9,11095,8167,3045,969,295
EX1,17637,10910,3731,1231,344
EX10,8248,6953,2909,740,188
EX11,5122,3326,1136,298,93
EX12,3975,3942,1850,531,139
EX13,7604,6356,2585,681,184
EX14,10339,8123,3180,844,211
EX15,11937,8328,3014,822,262
EX16,16084,12518,4843,1448,387
EX17,10013,7486,2861,713,194
EX18,1870,1566,606,181,41
EX19,1790,1402,537,159,50
EX2,23485,15112,5602,1721,487
EX20,10638,8273,3444,982,240
EX21,1943,1567,726,209,60
EX22,5590,4197,1906,554,157
EX23,7223,5343,2314,741,212
EX3,2236,1641,575,131,35
EX31,15442,10582,4312,1372,369
EX32,10781,7907,3091,1081,281
EX33,5658,3523,1409,372,136
EX34,6567,5042,2315,781,217
EX35,639,578,241,54,14
EX36,4310,3303,1428,423,178
EX37,1242,927,351,101,23
EX38,4011,3134,1348,417,96
EX39,16457,13033,5773,1871,515
EX4,29489,18932,6300,1859,544
EX5,11894,7297,2434,752,213
EX6,7514,4975,1906,533,147
EX7,5862,5166,2203,733,211
EX8,16919,13143,5469,1651,456
EX9,2848,2483,957,283,60
FY0,97,86,41,9,3
FY1,14386,12703,6882,2979,950
FY2,10076,8443,4119,1667,487
FY3,13826,10136,4688,1904,597
FY4,18810,14948,7436,2871,947
FY5,18412,15084,7311,2511,778
FY6,13245,9555,4319,1385,439
FY7,10384,8576,4451,1785,595
FY8,19381,14616,6794,2137,638
GL1,19907,15058,6010,1869,514
GL10,8500,6375,2315,610,162
GL11,9680,7119,2656,773,187
GL12,7662,5187,1678,466,121
GL13,2739,1948,740,187,52
GL14,7151,6155,2597,813,245
GL15,10461,8323,3237,966,297
GL16,5813,4824,2220,659,173
GL17,5721,4606,1902,531,176
GL18,4358,3377,1173,354,99
GL19,5798,3968,1309,308,88
GL2,29295,20513,6508,1748,445
GL20,13937,10278,3729,962,251
GL3,17231,12025,4326,1158,295
GL4,20997,16140,6112,1854,490
GL5,15435,11597,4230,1122,280
GL50,14188,9804,3213,866,220
GL51,23873,17451,6535,1882,543
GL52,25777,16232,5501,1351,400
GL53,10476,5465,1782,407,136
GL54,13346,8595,2896,708,200
GL55,2876,2200,709,217,53
GL56,4481,3238,1215,324,81
GL6,11007,7510,2649,718,190
GL7,23633,15907,5490,1357,415
GL8,4713,3230,1020,272,62
GL9,911,554,199,37,14
GU1,21376,12245,3480,857,287
GU10,18270,10025,2972,735,236
GU11,15335,10032,3518,861,238
GU12,15029,10814,3602,922,243
GU13,20017,12292,3665,804,197
GU14,28163,20110,6636,1728,429
GU15,26816,16729,5157,1246,374
GU16,11511,7236,2198,518,136
GU17,17373,11833,3504,826,251
GU18,3975,2388,692,189,56
GU19,3392,1950,636,176,27
GU2,18278,11302,3242,798,230
GU20,2563,1383,347,80,21
GU21,28135,17938,5569,1484,409
GU22,20132,11920,3590,933,284
GU23,4107,2506,795,219,44
GU24,10516,5776,1596,367,120
GU25,3876,2043,591,133,46
GU26,4645,2829,964,332,97
GU27,10525,6150,1889,492,117
GU28,3579,2387,897,209,56
GU29,4799,3264,1208,325,98
GU3,4596,2947,1009,286,89
GU30,5224,3267,1064,273,79
GU31,7456,4627,1557,354,93
GU32,5956,3667,1260,320,82
GU33,4085,2938,975,239,55
GU34,16785,11951,3938,888,226
GU35,10693,7972,2610,720,193
GU4,7502,4159,1247,279,103
GU47,120,74,24,2,0
GU5,6584,3468,1035,257,77
GU51,3854,1726,353,63,14
GU52,1092,451,87,30,4
GU6,8249,5277,1754,425,117
GU7,13711,7930,2365,624,164
GU8,9008,5106,1624,398,76
GU9,14747,9305,3075,725,216
HA0,31555,20230,6353,1666,583
HA1,25717,16078,4675,1277,431
HA2,30872,21282,6652,1728,537
HA3,39545,26947,9139,2700,832
HA4,28789,18365,5595,1445,431
HA5,23887,15348,4758,1163,368
HA6,11867,7707,2380,628,221
HA7,20006,12914,4154,1142,394
HA8,38016,23552,7770,2265,781
HA9,28976,19712,5863,1704,516
HD1,16679,13084,5281,1830,569
HD2,13105,9706,3807,1261,416
HD3,15300,11105,4303,1296,365
HD4,12040,9241,3728,1252,379
HD5,13118,10184,4227,1390,432
HD6,12325,9386,3753,1192,329
HD7,27493,18931,6794,1841,504
HD8,16589,11391,3851,1111,303
HD9,125,95,34,15,1
HG1,17649,12777,4770,1285,360
HG2,16816,9974,3441,881,219
HG3,15911,9909,2985,824,191
HG4,12162,8650,3326,913,248
HG5,9673,6583,2349,604,146
HP1,15219,10028,3304,893,240
HP10,12868,7876,2339,531,121
HP11,10644,7278,2041,544,130
HP12,10596,7432,2514,698,210
HP13,21839,15024,4706,1234,309
HP14,10829,6890,2057,506,125
HP15,8350,5439,1732,396,93
HP16,7228,4040,1206,280,76
HP17,13645,8968,2841,734,209
HP18,13684,8062,2271,514,148
HP19,14115,9834,3363,849,242
HP2,20493,14447,5434,1619,411
HP20,7760,5400,1801,465,127
HP21,16274,11694,3886,979,251
HP22,15924,9446,2773,696,170
HP23,10470,6345,1904,460,129
HP3,17559,11371,3712,1043,284
HP4,13775,7390,2289,602,149
HP5,13738,9041,2881,769,227
HP6,9488,5166,1476,419,112
HP7,5450,3064,782,191,62
HP8,3991,2070,624,147,35
HP9,10103,4946,1450,385,121
HR1,17593,12611,4890,1412,425
HR2,18381,13506,5378,1753,545
HR3,3956,2949,1183,293,103
HR4,13567,10282,3896,1095,319
HR5,2754,2273,1038,320,71
HR6,8463,7063,3077,891,228
HR7,3720,3182,1336,430,105
HR8,6538,5095,2030,571,159
HR9,8737,7056,2809,799,230
HU1,2881,2321,1146,425,144
HU10,10160,7271,2546,683,236
HU11,7478,6465,2680,701,195
HU12,10885,8912,3839,1013,303
HU13,7041,5294,2111,567,160
HU14,4893,2905,956,239,59
HU15,12190,8381,2891,735,186
HU16,7266,5599,2338,649,210
HU17,19757,14694,5344,1390,371
HU18,3140,2968,1428,474,162
HU19,2448,2255,1329,555,196
HU2,1529,1373,641,258,90
HU20,133,115,52,9,2
HU3,12581,10326,4616,1828,617
HU4,10011,8353,3622,1265,359
HU5,21361,17363,6767,2116,618
HU6,15427,12436,5008,1824,525
HU7,22062,16639,6821,2276,662
HU8,15341,12290,5181,1749,550
HU9,16602,13498,6487,2439,726
HX1,14459,11538,4583,1576,499
HX2,16746,12735,5124,1713,538
HX3,18932,13689,5439,1640,465
HX4,5423,3615,1240,337,121
HX5,3958,2948,1259,406,123
HX6,8979,6035,2211,724,195
HX7,5967,4033,1719,503,157
IG1,38336,25591,8132,2443,801
IG10,18275,10932,3658,1046,302
IG11,35661,22186,6818,2078,659
IG2,17786,12514,3885,1038,318
IG3,17944,12381,3905,1034,353
IG4,5209,3668,1167,290,93
IG5,8737,6303,2019,650,199
IG6,15874,10627,3475,1058,353
IG7,11415,7399,2461,630,216
IG8,19209,11694,3547,1092,326
IG9,6711,3866,1117,287,109
IP1,19686,15605,5879,1735,438
IP10,5427,4099,1476,440,121
IP11,10081,8920,3873,1143,323
IP12,12360,9363,3666,1002,251
IP13,9843,7044,2452,677,183
IP14,20838,15735,5732,1460,347
IP15,1138,1171,442,152,30
IP16,2694,2487,1097,331,84
IP17,5197,4446,1884,506,142
IP18,1643,1526,664,163,45
IP19,4112,3649,1513,435,131
IP2,14082,11712,4808,1472,411
IP20,3684,3331,1295,353,105
IP21,5629,4472,1733,458,136
IP22,9947,8327,3293,798,243
IP23,3024,2370,863,261,68
IP24,13630,11161,4100,1199,298
IP25,8920,8405,3510,1002,283
IP26,4531,3826,1504,440,134
IP27,9382,7077,2553,794,248
IP28,15473,10910,3539,964,259
IP29,4510,3179,1157,327,87
IP3,17041,13327,4988,1421,389
IP30,6870,5361,1724,486,110
IP31,9432,6920,2416,654,189
IP32,9039,6336,2110,563,147
IP33,9494,7802,3079,789,198
IP4,17288,12431,4353,1175,311
IP5,8696,6073,1971,495,139
IP6,7799,5855,2235,585,144
IP7,7631,5653,2025,494,117
IP8,4600,3610,1182,267,83
IP9,5461,3999,1459,390,92
KT1,15215,9025,2730,709,213
KT10,14843,6598,1955,448,133
KT11,10381,4910,1445,410,131
KT12,23256,12853,4053,1020,301
KT13,12883,6343,1729,408,143
KT14,7021,4431,1414,373,104
KT15,15239,10188,3236,873,235
KT16,10120,6382,2264,659,179
KT17,17094,9665,2839,653,166
KT18,10830,6382,2034,493,141
KT19,19759,12534,3967,940,270
KT2,19846,9747,2769,744,239
KT20,10379,6463,2163,574,175
KT21,7898,4607,1356,405,106
KT22,12740,7691,2508,611,171
KT23,5413,3435,1202,309,83
KT24,4902,2357,635,194,41
KT3,21498,13679,4363,1168,344
KT4,15156,9533,3007,727,210
KT5,11677,7169,2201,542,143
KT6,17650,10038,2833,709,199
KT7,5642,2569,679,187,46
KT8,11521,6543,1990,544,162
KT9,9873,7120,2298,618,183
L1,9488,5850,1311,376,104
L10,8036,5060,2264,923,318
L11,15307,9904,4921,2615,839
L12,15759,9860,4133,1652,520
L13,14526,10431,4986,2220,766
L14,13596,8358,3992,1766,614
L15,16779,10333,3799,1450,431
L16,8039,4611,1546,464,158
L17,11961,7489,3122,1211,363
L18,14098,7912,2656,825,253
L19,11243,6940,3013,1234,382
L2,2586,1642,376,74,19
L20,16611,12124,6291,2887,898
L21,10465,7663,3647,1563,459
L22,7106,4795,2050,752,212
L23,14742,9070,3680,1312,426
L24,8204,5431,2626,1175,455
L25,15527,10046,4663,2077,668
L26,7283,4314,1815,776,263
L27,2547,1936,1012,531,181
L28,2371,1777,1007,566,190
L3,7917,5041,1831,829,295
L30,8797,6498,3149,1422,444
L31,15641,9948,3965,1292,396
L32,9810,6549,3256,1703,591
L33,8674,5235,2465,1305,362
L34,8079,5085,2188,876,290
L35,14313,9998,4381,1673,537
L36,18130,11521,5452,2566,882
L37,11927,7351,3049,895,251
L38,1082,744,273,95,31
L39,15869,10585,3832,1132,367
L4,18306,12792,6412,3342,1080
L40,10059,6409,2548,720,209
L5,4389,3358,1947,1104,417
L6,10375,6998,3215,1486,520
L67,78,80,5,5,3
L68,318,168,67,20,6
L69,3054,2131,747,351,108
L7,8466,5575,2048,861,324
L70,52,31,18,13,3
L8,12355,8057,3788,1999,651
L9,12808,8694,4138,1715,590
LA1,28619,19721,7142,2193,592
LA10,2106,1365,460,109,32
LA11,5154,4022,1619,419,106
LA12,9635,7088,2581,844,202
LA13,10154,7406,2900,1117,287
LA14,13851,11945,5596,2176,611
LA15,3356,2521,1009,336,83
LA16,1484,1077,425,144,39
LA17,624,400,154,38,11
LA18,3653,2839,1302,468,146
LA19,332,249,104,41,8
LA2,11868,8147,2842,719,233
LA20,589,380,125,37,14
LA21,644,534,193,68,11
LA22,2342,1811,622,124,39
LA23,3957,2602,1000,262,84
LA3,10941,8536,3942,1396,417
LA4,10003,8507,4238,1421,422
LA5,7650,5967,2353,711,193
LA6,5725,4038,1369,337,91
LA7,2160,1715,640,163,38
LA8,4308,2904,1011,223,59
LA9,14635,10720,3956,1088,308
LD1,5219,4482,2116,680,197
LD2,2382,1992,895,254,58
LD3,8944,6190,2648,720,218
LD4,323,254,126,37,14
LD5,343,249,147,44,9
LD6,1134,926,471,126,35
LD7,1983,1696,719,193,49
LD8,1391,1262,570,166,33
LE1,12053,7807,2180,716,201
LE10,24768,19217,7010,1869,547
LE11,33202,22511,7934,2354,619
LE12,35666,24220,8398,2183,631
LE13,13067,10355,3886,934,234
LE14,9510,6300,2278,527,166
LE15,18513,12488,4282,1060,249
LE16,19821,13306,4637,1243,373
LE17,11839,7811,2687,662,169
LE18,14929,12564,4883,1426,394
LE19,9482,6449,2334,569,185
LE2,61558,43313,15727,4743,1461
LE3,52884,37927,14273,4337,1311
LE4,50861,37081,14357,4443,1398
LE5,47971,30270,11350,3646,1059
LE55,280,177,57,9,2
LE6,39260,29953,11265,3273,892
LE65,516,243,66,18,2
LE67,3083,2001,563,126,42
LE7,24293,16513,5499,1376,432
LE8,20227,13660,4586,1196,351
LE9,26257,19517,7210,2052,574
LL11,21239,15533,6402,2152,595
LL12,11970,8664,3486,1065,278
LL13,14571,11186,4710,1676,478
LL14,14909,11465,5100,1808,489
LL15,5974,3667,1397,403,119
LL16,7589,4927,2256,671,210
LL17,2693,2008,812,272,96
LL18,17346,13519,6911,2744,941
LL19,8014,6439,3299,1266,367
LL20,3250,2371,987,322,90
LL21,3259,2095,785,228,63
LL22,8147,6357,3345,1137,309
LL23,1962,1116,463,103,33
LL24,1253,776,254,76,31
LL25,220,168,49,15,1
LL26,2181,1299,572,177,49
LL27,318,213,77,26,10
LL28,6315,4979,2419,737,206
LL29,8149,6096,2794,923,269
LL30,9345,7701,3579,1143,341
LL31,4449,3097,1212,380,110
LL32,2979,2041,894,252,79
LL33,2203,1474,632,188,49
LL34,1897,1435,566,207,55
LL35,466,314,130,42,6
LL36,1643,1459,766,255,46
LL37,272,266,132,31,11
LL38,225,240,157,43,16
LL39,133,98,54,7,4
LL40,2028,1435,565,169,36
LL41,2919,1954,839,285,68
LL42,976,752,346,119,25
LL43,177,193,71,26,3
LL44,307,269,146,34,15
LL45,386,334,131,46,13
LL46,758,651,290,104,28
LL48,1431,918,345,106,33
LL49,1776,1252,576,145,40
LL51,656,411,157,46,14
LL52,1355,978,423,168,29
LL53,8005,4747,1975,586,174
LL54,6000,3680,1557,565,182
LL55,11177,6134,2741,781,249
LL56,1289,667,236,63,19
LL57,13020,8091,3123,915,232
LL58,1736,1288,611,210,48
LL59,2676,1744,659,160,60
LL60,1638,1026,437,101,41
LL61,2580,1745,831,244,67
LL62,1371,832,389,123,34
LL63,700,481,310,78,24
LL64,295,182,90,24,4
LL65,11594,7645,3458,1203,334
LL66,849,650,338,91,28
LL67,387,306,172,59,22
LL68,2132,1655,836,248,62
LL69,146,102,49,11,3
LL70,138,115,40,10,5
LL71,1009,585,269,75,19
LL72,287,177,104,29,9
LL73,254,154,79,14,4
LL74,941,856,429,116,28
LL75,617,473,251,56,15
LL76,254,107,46,10,0
LL77,3182,1806,816,200,67
LN1,17101,13898,4862,1315,311
LN10,3048,2662,1254,376,123
LN11,12696,11179,4956,1590,451
LN12,3848,4989,3451,1417,403
LN13,2958,3027,1552,511,164
LN2,19754,15563,5995,1860,511
LN3,7251,6192,2476,774,207
LN4,18841,14818,5897,1756,457
LN5,15354,12162,4505,1244,336
LN6,27851,22405,8498,2404,706
LN7,2966,2479,979,325,70
LN8,3413,2910,1211,378,118
LN9,3703,3260,1530,498,140
LS1,9466,5478,1301,322,85
LS10,18930,13112,5568,1893,548
LS11,19270,13024,4831,1808,570
LS12,20076,15345,6115,2201,592
LS13,17761,13615,5418,1746,487
LS14,19319,13350,5697,2102,657
LS15,16202,11931,4714,1366,400
LS16,20780,13189,4788,1532,358
LS17,23472,14311,5157,1410,435
LS18,11993,6968,2268,583,178
LS19,9663,6726,2488,708,185
LS2,6296,3854,825,177,44
LS20,6929,4229,1407,382,108
LS21,8812,6212,2265,628,197
LS22,8458,5568,1967,513,164
LS23,5130,3180,1162,322,114
LS24,6641,4434,1574,384,112
LS25,21599,15151,5662,1697,430
LS26,15333,10673,4112,1318,379
LS27,17581,12831,4710,1498,419
LS28,19035,12824,4692,1440,368
LS29,17152,10145,3555,907,242
LS3,953,683,249,81,29
LS4,4593,3451,1129,300,95
LS5,3244,2418,887,321,79
LS6,25656,15898,4475,1238,332
LS7,15532,9917,3626,1311,378
LS8,26456,16439,5672,1892,570
LS9,19826,12506,4923,1966,611
LU1,25587,17122,5973,1920,571
LU2,31740,22636,7273,1956,647
LU3,31576,22625,8126,2380,747
LU4,26495,19630,7084,2267,689
LU5,21035,15345,5285,1526,420
LU6,15570,11418,3795,1064,300
LU7,30863,21048,6807,1825,443
M1,10290,6397,1337,292,75
M10,24869,15398,6898,3077,972
M11,12826,7342,3220,1456,460
M12,11943,7564,3060,1159,419
M13,13884,8991,2994,970,353
M14,29499,18524,5706,1902,606
M15,12574,7514,2102,707,231
M16,18389,11849,4407,1675,515
M17,1114,724,246,83,20
M18,12543,7941,3225,1365,546
M19,18743,12358,4647,1743,507
M2,181,88,13,4,0
M20,26703,14672,4877,1569,568
M21,14915,8761,3027,1042,328
M22,21215,14484,6665,2746,898
M23,15764,10657,4792,1953,578
M24,25515,17450,7359,2750,799
M25,28584,17800,7114,2321,609
M26,15933,11568,4707,1755,435
M27,21327,15174,6067,2096,613
M28,29019,18784,7453,2776,844
M29,21311,15396,6270,2151,589
M3,9398,5558,1391,469,127
M30,27965,19585,8316,3092,869
M31,24383,15866,6366,2135,675
M32,13750,8945,3434,1139,319
M33,32615,18742,6769,2110,620
M34,21926,16671,7078,2453,688
M35,20171,14888,6378,2237,673
M4,8803,4815,977,240,73
M40,691,402,147,67,7
M41,68,65,48,18,4
M43,283,213,121,38,5
M44,697,339,79,20,5
M46,795,406,81,20,3
M5,13662,9100,3015,1092,353
M50,1727,1051,217,34,9
M6,14616,10231,4095,1651,524
M7,20538,9098,3569,1497,436
M8,16941,9973,3967,1436,477
M9,19354,12054,5365,2379,731
ME1,17682,12623,4706,1364,375
ME10,25043,18946,6968,2023,608
ME11,2160,1751,800,295,89
ME12,17610,14724,6794,2440,703
ME13,13866,9953,4157,1168,326
ME14,20156,13185,4365,1164,264
ME15,26760,18435,6939,2008,586
ME16,16605,11287,3939,1032,348
ME17,12580,8802,3046,834,238
ME18,3808,2622,930,255,77
ME19,14864,8388,2522,657,198
ME2,20416,14876,5342,1680,440
ME20,10006,7257,2577,718,213
ME3,14178,10299,3617,1127,321
ME4,16921,11026,4263,1455,428
ME5,24804,18397,6637,2001,583
ME6,5275,3944,1420,435,109
ME7,24139,17522,6513,2035,559
ME8,23272,17612,6585,1972,543
ME9,10049,7258,2594,763,214
MK1,5663,3983,1580,422,115
MK10,15366,7543,1530,370,100
MK11,5930,4172,1399,352,76
MK12,8659,6268,2180,628,173
MK13,7848,6021,2246,698,218
MK14,9496,6758,2363,719,215
MK15,3258,2427,842,219,65
MK16,10187,7128,2349,624,158
MK17,11812,7081,2249,562,140
MK18,18265,11422,3536,829,225
MK19,6491,4147,1323,360,92
MK2,6924,4797,1922,651,183
MK3,12179,8859,3208,907,279
MK4,13743,8201,2206,600,187
MK40,21494,14551,5208,1587,435
MK41,20287,15286,5190,1495,391
MK42,26683,19697,6628,1965,566
MK43,22293,14058,4196,1114,262
MK44,8261,6035,2039,514,156
MK45,25318,16333,5208,1287,382
MK46,4605,2950,987,256,53
MK5,8060,5105,1494,470,111
MK6,12729,8930,3314,1232,438
MK7,7491,4679,1464,457,115
MK8,6499,4141,1201,271,96
MK9,2062,1261,337,75,30
N1,51470,26530,9033,3633,1232
N10,16855,8855,2513,736,242
N11,18512,11413,3975,1112,397
N12,17684,10499,3582,1079,331
N13,18975,12475,4183,1236,380
N14,15211,9425,3248,854,256
N15,29884,17131,5573,2197,758
N16,38219,16374,5524,1972,722
N17,33273,22765,8346,3010,960
N18,17332,11604,4021,1471,469
N19,21261,12143,4496,1846,574
N1C,793,458,165,95,17
N2,14658,7790,2388,670,277
N20,9505,5290,1636,465,158
N21,11701,6794,2042,532,144
N22,20643,13561,4489,1699,548
N3,14267,8062,2568,693,224
N4,29586,16375,5354,1846,706
N5,14123,6542,2114,693,287
N6,10328,5046,1465,479,155
N7,25440,14568,5357,2021,791
N8,20236,10997,3501,1147,451
N9,23650,16174,6117,2132,703
NE1,12087,7715,2033,560,152
NE10,15255,12435,6157,2517,810
NE11,7063,5738,2537,926,279
NE12,17830,12807,5543,1971,526
NE13,12114,7160,2742,767,228
NE15,15966,12373,5681,2032,635
NE16,10978,8331,3527,988,251
NE17,1956,1649,926,330,99
NE18,502,294,136,40,12
NE19,1983,1400,573,131,41
NE2,17177,8978,2607,686,209
NE20,6003,3636,1276,313,96
NE21,7834,6273,2770,912,275
NE22,8570,6939,3356,1102,307
NE23,17402,13883,6019,1980,552
NE24,17094,13304,6465,2412,599
NE25,15415,10626,4289,1303,334
NE26,8643,5719,2334,603,175
NE27,8206,4908,1907,589,174
NE28,19911,15888,7246,2659,752
NE29,15589,12618,5923,2157,623
NE3,24304,15540,6391,2148,653
NE30,9496,6171,2526,809,215
NE31,11016,8088,3681,1334,418
NE32,9497,7809,3811,1563,446
NE33,12125,9639,4745,1814,541
NE34,21550,16234,7657,3047,940
NE35,3257,2218,1032,397,107
NE36,3304,2239,812,219,76
NE37,8651,7447,3545,1383,392
NE38,13015,10376,4393,1518,474
NE39,3432,2749,1293,414,120
NE4,19484,12188,4978,2106,702
NE40,6431,5263,2195,670,187
NE41,955,614,202,51,15
NE42,5316,4184,1843,546,158
NE43,2391,1505,583,149,35
NE44,799,576,184,46,21
NE45,1386,1072,419,136,36
NE46,6874,5136,2223,628,174
NE47,3202,2529,970,241,72
NE48,1258,1000,433,117,33
NE49,1314,1238,611,147,50
NE5,20694,15527,7246,3082,933
NE6,21682,16425,7658,3126,942
NE61,16572,12595,5202,1600,443
NE62,3233,3008,1544,510,133
NE63,11349,9595,4730,1778,467
NE64,1799,1772,1042,393,120
NE65,8358,7136,3100,948,247
NE66,7671,6040,2577,671,179
NE67,386,387,131,33,9
NE68,648,633,299,75,26
NE69,131,121,51,18,3
NE7,7129,4654,1718,501,151
NE70,835,747,309,100,21
NE71,1084,978,471,161,54
NE8,14941,9570,4311,1785,540
NE9,15115,11292,5250,1990,622
NG1,11293,7539,1892,487,136
NG10,21164,16779,6798,2047,588
NG11,18890,13842,5706,1842,580
NG12,19346,12609,4576,1306,331
NG13,11562,7533,2725,745,189
NG14,10007,7143,2827,754,220
NG15,21230,16307,6692,2095,587
NG16,27097,21755,9722,3184,885
NG17,31226,26171,12290,4431,1337
NG18,21984,17285,7501,2674,758
NG19,20886,17347,8035,2880,809
NG2,30750,18113,6236,1954,576
NG20,11522,9388,4741,1943,652
NG21,10687,8252,3738,1395,363
NG22,12546,10267,4501,1456,411
NG23,8563,6085,2221,560,182
NG24,20544,16864,6800,2069,592
NG25,3998,2904,1039,285,72
NG3,25794,18060,6912,2400,794
NG31,21710,17559,6963,2039,524
NG32,5222,4146,1646,473,128
NG33,4377,3484,1312,386,99
NG34,19279,15101,5884,1797,475
NG4,17326,13675,5661,1789,568
NG5,39745,30245,12771,4151,1243
NG6,15958,13127,5896,2172,688
NG7,33952,20989,6102,2073,601
NG8,29931,20575,8748,3241,1139
NG9,33309,24565,9543,2667,735
NN1,19048,13262,4131,1276,300
NN10,18520,15380,5662,1540,418
NN11,19854,15556,5343,1568,393
NN12,13917,9166,2963,714,183
NN13,11578,7916,2337,587,159
NN14,23081,17665,6142,1625,473
NN15,20289,15869,5680,1520,421
NN16,13110,10558,4043,1234,310
NN17,16186,11847,4394,1494,406
NN18,19003,13440,4689,1630,506
NN2,20006,15199,5381,1489,410
NN29,5309,4549,1675,487,102
NN3,35862,27174,9485,2727,816
NN4,28326,18154,5101,1372,423
NN5,22017,15762,5570,1657,429
NN6,17997,12698,4056,1025,281
NN7,13504,9503,3396,916,225
NN8,25057,19825,7758,2229,616
NN9,11853,10005,3993,1136,318
NP1,25658,19076,8637,3069,1051
NP10,4710,2637,693,198,43
NP11,574,291,118,29,6
NP12,13746,10298,4928,1951,706
NP13,7534,6359,3314,1407,455
NP15,5297,3784,1523,397,128
NP16,10890,7746,2788,910,238
NP18,8686,6075,2401,793,241
NP19,25285,18913,7758,2974,828
NP2,10235,7896,4409,2078,713
NP20,23806,17579,8132,3223,947
NP23,13231,10346,5173,2109,709
NP25,6812,5106,1973,642,223
NP26,10777,8197,3040,927,247
NP3,183,111,43,17,2
NP4,19817,15929,7280,2889,885
NP44,19985,15714,7241,2764,855
NP7,11722,8531,3799,1314,410
NP8,2263,1458,551,182,53
NR1,13957,12144,4723,1458,389
NR10,11877,9853,3607,965,258
NR11,8668,7467,3232,880,224
NR12,8560,8355,3597,1055,273
NR13,13911,10903,4137,1151,307
NR14,13526,9701,3514,924,231
NR15,7676,6039,2233,586,135
NR16,5686,4416,1670,423,112
NR17,7706,6377,2408,650,163
NR18,10198,7431,2597,665,169
NR19,9111,7985,3277,963,226
NR2,13124,10495,3877,1196,342
NR20,8900,7365,3020,858,232
NR21,6940,6076,2719,711,184
NR22,249,209,108,26,6
NR23,1353,1222,566,133,49
NR24,1786,1583,684,179,68
NR25,3276,3145,1428,390,110
NR26,3012,3080,1465,366,111
NR27,4144,4305,2135,599,179
NR28,6344,6000,2623,744,234
NR29,8655,7898,3542,1063,373
NR3,14041,12093,5056,1598,431
NR30,11919,11272,5554,2013,536
NR31,20838,17950,8136,2728,769
NR32,16433,14335,6687,2367,601
NR33,15872,14515,6530,2169,548
NR34,9010,7837,3227,940,271
NR35,4251,3714,1666,496,138
NR4,12804,9199,3255,872,250
NR5,14458,11534,4484,1404,412
NR6,9901,8423,3420,906,205
NR7,13711,11518,4480,1235,305
NR8,10538,7392,2468,644,185
NR9,8258,6164,2371,622,177
NW1,33748,18977,6832,2614,917
NW10,54387,33021,11893,3935,1323
NW11,22050,9259,3308,973,362
NW2,35229,21696,7226,2391,799
NW3,32024,14412,4389,1493,446
NW4,19332,10652,3229,933,324
NW5,12620,7008,2736,1155,400
NW6,36333,18696,6111,2157,775
NW7,15280,8070,2398,749,211
NW8,16687,8757,3144,1242,530
NW9,38063,24242,7557,2229,764
OL1,15279,10131,4456,1710,500
OL10,13535,9610,4128,1484,427
OL11,24931,17372,7209,2785,779
OL12,21968,16129,6712,2437,677
OL13,7399,5480,2342,903,265
OL14,7300,5428,2201,870,230
OL15,7294,5110,2095,625,163
OL16,16039,11139,4581,1606,449
OL2,17805,13483,6041,1924,583
OL3,7962,5017,1870,515,160
OL4,22253,15435,6121,2101,621
OL5,5734,4114,1511,537,147
OL6,14646,10648,4613,1718,492
OL7,7109,5367,2461,970,307
OL8,21583,14875,6595,2473,692
OL9,17171,12405,5250,1783,560
OX1,18749,10250,2508,607,134
OX10,15803,9750,3167,814,208
OX11,24419,15513,4650,1108,290
OX12,15440,10513,3419,890,201
OX13,9654,5674,1670,385,124
OX14,21935,14763,5001,1152,285
OX15,12068,7697,2321,554,135
OX16,25069,18401,6390,1866,514
OX17,7623,5152,1776,474,124
OX18,15089,9604,3004,684,172
OX2,22116,12104,3551,891,215
OX20,3820,2162,716,126,48
OX25,7895,4602,1360,321,83
OX26,19150,12790,3719,911,282
OX27,3687,2163,732,131,32
OX28,14600,10235,3499,890,264
OX29,12348,8257,2674,736,189
OX3,26524,15682,4925,1232,381
OX33,3658,2412,821,228,49
OX39,4522,2844,816,200,36
OX4,33831,21850,7157,2088,630
OX44,3926,2676,868,196,46
OX49,2457,1353,422,120,29
OX5,11472,8104,2752,728,185
OX7,10835,7394,2501,631,187
OX9,8334,5201,1608,418,103
PE1,26297,21523,7622,2469,729
PE10,12127,9093,3371,945,249
PE11,20607,18317,6733,1923,452
PE12,16649,15910,7118,2157,638
PE13,15487,14857,6258,2118,604
PE14,9549,8418,3673,1180,361
PE15,12666,11658,5167,1558,417
PE16,4624,4180,1713,511,151
PE17,29764,22952,7911,2128,525
PE18,26739,19827,6657,1904,546
PE19,19863,14487,5050,1387,343
PE2,25291,19535,6950,2156,607
PE20,6637,5852,2635,757,203
PE21,20118,17338,6553,1997,574
PE22,6018,5837,2712,898,257
PE23,3362,3203,1516,463,125
PE24,3854,4024,2539,889,276
PE25,7978,7771,4635,1793,552
PE27,146,87,28,5,0
PE28,1528,723,157,48,8
PE29,847,510,100,35,6
PE3,15067,12312,4783,1556,437
PE30,21033,17848,6789,2151,563
PE31,7608,7618,3443,965,289
PE32,6588,5643,2389,733,211
PE33,6849,5439,2102,608,194
PE34,5296,4793,2076,614,202
PE36,1813,1987,1155,334,91
PE37,4159,4401,2062,646,155
PE38,6018,5692,2460,681,195
PE4,12741,11098,4372,1305,340
PE5,663,461,146,54,13
PE6,18236,14013,4974,1315,381
PE7,22617,16753,5777,1594,465
PE8,9105,5893,1967,511,157
PE9,15199,10697,3938,1026,227
PL1,13913,10574,4774,1889,583
PL10,1673,1351,612,185,46
PL11,4402,3414,1441,497,170
PL12,10522,7560,3126,999,295
PL13,4433,3827,1849,582,212
PL14,10418,8590,3747,1310,387
PL15,10007,7713,3366,1061,321
PL16,377,327,129,45,5
PL17,4241,3578,1496,528,148
PL18,2272,1804,823,219,66
PL19,7173,5436,2311,636,196
PL2,14823,11209,4707,1702,490
PL20,5954,4595,1956,609,171
PL21,10870,6929,2325,718,203
PL22,1980,1445,580,184,65
PL23,1472,1120,479,144,46
PL24,4631,3711,1864,618,181
PL25,13048,9920,4481,1500,414
PL26,12425,9788,4419,1391,480
PL27,6180,4128,1780,543,148
PL28,1862,1332,615,197,67
PL29,740,571,213,64,15
PL3,14752,9916,4004,1370,400
PL30,4650,3441,1445,425,124
PL31,6597,5269,2310,794,255
PL32,1845,1412,617,191,72
PL33,881,662,331,107,34
PL34,589,557,236,81,23
PL35,314,244,104,33,11
PL4,14236,10923,4024,1304,380
PL5,19396,15369,7196,2835,862
PL6,19209,13708,5690,1938,549
PL7,15821,10997,4077,1253,333
PL8,2555,1764,648,215,51
PL9,13821,9836,3796,1120,370
PO1,16356,12593,5067,1694,471
PO10,10371,7234,2527,650,205
PO11,7094,6361,2837,859,231
PO12,19938,17078,6918,2029,509
PO13,15966,13003,5355,1596,405
PO14,17656,13168,4784,1250,319
PO15,11629,8209,2689,635,171
PO16,14548,11403,4049,1093,251
PO17,4236,2707,999,239,71
PO18,8406,5649,1956,535,146
PO19,15738,11679,4146,1172,339
PO2,19910,15193,5338,1601,439
PO20,15605,12029,4767,1387,399
PO21,18918,16938,7059,2029,551
PO22,12866,10646,4140,1204,320
PO3,9451,6892,2338,628,180
PO30,13412,12115,5198,1719,517
PO31,6352,5256,2056,571,148
PO32,3618,3218,1428,506,125
PO33,12538,11610,5197,1621,454
PO34,705,761,265,78,14
PO35,1287,1230,615,168,39
PO36,6596,6419,3050,964,317
PO37,3358,3324,1568,500,134
PO38,4621,4266,1940,668,186
PO39,1171,1242,664,204,51
PO4,20527,14643,4950,1319,389
PO40,1723,1846,819,302,84
PO41,645,614,277,83,13
PO5,12159,8648,3285,1092,313
PO6,20294,14685,5817,1639,521
PO7,20824,15594,5857,1621,485
PO8,16965,12029,4347,1189,291
PO9,22434,17625,7237,2380,685
PR0,188,143,49,20,6
PR1,37406,26519,10388,3514,964
PR11,157,102,40,4,2
PR2,37090,25775,10403,3409,1028
PR25,17081,12321,4950,1507,421
PR26,6459,4658,1894,632,177
PR3,20071,13187,5033,1418,388
PR4,30945,20868,7665,2192,615
PR5,18085,13479,5227,1644,444
PR6,18282,12455,4715,1409,407
PR7,29961,19965,7609,2369,667
PR8,26509,19143,8033,2798,831
PR9,17979,14315,6723,2307,765
RG1,29597,19168,5156,1283,327
RG10,11605,6348,1826,413,118
RG11,44021,26168,7299,1754,481
RG12,43821,29287,8528,2219,606
RG13,20159,15092,4994,1303,326
RG14,14840,9930,3101,775,189
RG15,9186,5881,1815,491,120
RG16,10932,6379,1937,431,101
RG17,3503,2548,867,182,40
RG18,580,293,88,14,1
RG19,926,544,140,21,5
RG2,24464,15790,5061,1485,393
RG21,15442,11554,3906,1111,317
RG22,20331,15320,4983,1320,341
RG23,6166,4731,1569,411,107
RG24,21126,13887,4137,1048,274
RG25,8673,5067,1532,377,95
RG26,11452,7970,2755,726,184
RG27,12000,6869,1927,478,133
RG28,3706,2312,738,186,49
RG3,38425,28202,9037,2450,631
RG30,240,194,37,9,4
RG31,257,98,37,5,1
RG4,22874,13793,4260,974,304
RG40,1436,700,110,18,5
RG41,624,354,69,6,2
RG42,2155,1237,349,84,19
RG5,14358,9771,2975,722,195
RG6,18780,11913,3235,608,187
RG7,16638,10255,3110,662,211
RG8,8549,4992,1543,346,82
RG9,11837,6571,2004,496,163
RH1,29137,17884,5595,1494,429
RH10,40409,27090,8566,2295,657
RH11,27158,20265,6957,2144,644
RH12,27933,17979,5665,1432,386
RH13,20625,13414,4159,1037,335
RH14,8736,5265,1693,374,97
RH15,17352,12132,3884,1093,296
RH16,22220,13016,4218,1074,288
RH17,9388,5303,1671,471,106
RH18,3058,1771,579,156,39
RH19,17635,11652,3719,910,258
RH2,13786,7487,2321,553,189
RH20,12529,8893,3020,771,196
RH3,2350,1465,502,117,62
RH4,9177,5830,1921,564,155
RH5,7031,4315,1367,346,89
RH6,17810,11731,3591,966,268
RH7,4539,2950,1067,300,99
RH8,8343,4864,1614,406,138
RH9,2212,1571,514,146,33
RM1,15124,10145,3391,981,287
RM10,23165,15080,5315,1829,536
RM11,18538,12117,3881,980,311
RM12,16976,12155,4220,1191,332
RM13,15613,11045,3791,1134,318
RM14,13829,8913,3027,778,229
RM15,16015,10419,3880,1194,371
RM16,31939,19982,6355,1795,515
RM17,14298,9492,3115,942,263
RM18,10004,6271,2343,767,221
RM19,388,183,48,9,3
RM2,6415,4057,1275,341,102
RM3,22839,15732,5790,1916,603
RM4,1815,1289,438,105,40
RM5,10331,7556,2777,828,283
RM6,19082,12672,4068,1219,379
RM7,14092,9318,3226,1017,267
RM8,24704,15579,5424,1890,587
RM9,17847,12195,4312,1575,493
S1,13216,8580,2262,581,147
S10,27472,16611,4977,1410,373
S11,20236,11374,3524,929,237
S12,15465,13341,6054,2083,570
S13,13688,10961,4954,1844,517
S14,4024,3589,1733,642,171
S17,8708,5220,1914,472,133
S18,11573,8453,3513,887,273
S19,12764,10033,4225,1378,408
S2,18016,14011,6107,2513,699
S20,738,399,83,25,8
S21,8695,6743,2901,1026,278
S25,9867,7490,3091,1046,324
S26,11839,8738,3621,1154,362
S3,7982,4958,1696,628,189
S30,37395,27477,10889,3410,1089
S35,868,673,331,128,38
S36,360,160,27,13,1
S4,6758,4574,1954,781,321
S40,17465,14232,6601,2282,613
S41,14214,11686,5524,1868,518
S42,12215,10355,4776,1551,415
S43,16512,14120,6609,2312,691
S44,8324,7055,3464,1278,361
S45,4891,4108,2216,847,219
S5,25557,20286,9936,3918,1229
S6,24370,18327,7311,2527,696
S60,21767,16105,6458,2330,673
S61,14088,11927,5336,1939,592
S62,9758,7877,3603,1378,361
S63,18583,14243,6859,2762,887
S64,11543,9434,4711,1727,463
S65,13683,10964,5262,2165,709
S66,19642,14759,6260,2296,694
S7,7882,4963,1775,522,114
S70,19029,15303,6918,2665,750
S71,20559,16075,7700,2930,860
S72,11413,8814,4342,1822,526
S73,12109,9552,4457,1709,465
S74,6774,5746,2838,1101,317
S75,19436,14542,6081,1959,505
S8,18987,14093,6033,1976,533
S80,12495,10294,4923,1774,536
S81,16219,12792,5474,1703,516
S9,12129,9175,3868,1501,490
SA1,25194,18015,8325,3637,1329
SA10,15468,10028,4696,1834,593
SA11,15064,10570,5797,2521,790
SA12,14908,9920,5260,2376,833
SA13,7388,5088,2640,1201,429
SA14,18264,12352,6140,2242,757
SA15,15621,11131,5745,2348,723
SA16,3549,2786,1427,576,167
SA17,4098,2923,1538,583,218
SA18,13411,9362,5111,1985,738
SA19,4955,3635,1573,505,139
SA2,18547,11379,4700,1525,484
SA20,1210,956,445,139,40
SA3,12804,7340,3162,994,310
SA31,9137,6380,2881,911,278
SA32,2669,1710,780,203,72
SA33,5910,4178,1974,601,197
SA34,2754,1872,905,234,83
SA35,589,487,231,60,15
SA37,1176,871,400,108,39
SA38,2113,1627,873,261,98
SA39,1408,1083,543,151,46
SA4,22923,13755,5901,2125,762
SA40,1516,1201,571,196,67
SA41,895,541,224,65,23
SA42,1133,921,387,113,30
SA43,4949,3842,1903,631,183
SA44,4408,3412,1718,527,170
SA45,459,420,192,57,22
SA46,1368,1077,477,149,55
SA47,70,47,42,13,8
SA48,3562,2701,1266,367,138
SA5,16337,11162,5452,2393,838
SA6,14742,9948,4643,1868,588
SA61,7182,5429,2293,811,215
SA62,10557,7595,3091,990,300
SA63,391,260,118,25,12
SA64,903,686,286,103,42
SA65,1475,1272,562,180,58
SA66,1708,1179,511,194,49
SA67,2826,1866,813,255,75
SA68,2109,1747,825,234,73
SA69,1596,1303,622,230,68
SA7,6434,4137,1814,729,233
SA70,3403,2402,1114,389,140
SA71,4944,3815,1853,689,243
SA72,3895,3044,1514,596,161
SA73,8451,6449,3207,1192,400
SA8,5970,3728,1772,691,241
SA9,6064,4297,2372,974,347
SE1,47895,25634,7753,2459,812
SE10,24632,12785,3483,1036,364
SE11,12064,7026,2484,790,281
SE12,16794,10449,3479,1095,329
SE13,24937,14985,4654,1439,451
SE14,17501,10841,3214,1056,298
SE15,37260,20675,7282,2359,753
SE16,28738,16135,4981,1684,526
SE17,17808,10100,3443,1156,399
SE18,45580,29186,9967,3177,996
SE19,17051,10211,3299,969,298
SE2,12994,8005,2873,918,268
SE20,12550,7892,2627,954,270
SE21,11539,5769,1703,472,171
SE22,17411,8652,2573,783,247
SE23,20706,11661,3523,1025,319
SE24,12753,6178,1854,643,212
SE25,17370,10977,3793,1055,298
SE26,14958,9012,3134,1006,301
SE27,10947,6260,2118,710,271
SE28,16525,9008,3017,962,302
SE3,18314,10652,3399,1213,340
SE4,14471,7990,2464,753,257
SE5,25663,14537,4705,1462,451
SE6,26565,16513,6231,1883,619
SE7,10794,6549,2327,795,247
SE8,14182,8543,2677,866,267
SE9,31249,20804,7675,2604,824
SG1,27386,19471,6929,2015,533
SG10,1605,1101,372,85,25
SG11,4587,2803,865,207,60
SG12,15318,9875,3257,868,258
SG13,9711,5479,1548,396,111
SG14,10312,6508,2131,568,151
SG15,3180,2128,746,235,54
SG16,3970,2501,843,202,33
SG17,7758,4788,1611,364,98
SG18,15516,10847,3603,952,251
SG19,11555,8892,2941,779,201
SG2,20745,15181,5224,1477,398
SG3,3117,2057,758,198,45
SG4,16108,10083,3270,861,219
SG5,16642,10601,3533,902,263
SG6,15597,11867,4574,1302,342
SG7,7251,4915,1640,429,99
SG8,20072,13705,4519,1095,316
SG9,6649,4020,1279,338,75
SK1,6941,5388,2497,861,265
SK10,23501,14419,5227,1453,411
SK11,15847,11591,4549,1489,399
SK12,25452,17525,6273,1800,482
SK13,16295,11340,4403,1355,406
SK14,23459,17412,7221,2547,739
SK15,13155,9430,3894,1343,398
SK16,8000,6233,2869,1023,297
SK17,13547,10087,4103,1162,303
SK2,14823,10396,3950,1349,370
SK22,138,98,32,9,1
SK23,148,62,13,4,0
SK3,13311,9476,3807,1330,383
SK4,18574,11104,3931,1246,357
SK5,13294,9823,4353,1662,506
SK6,23132,16458,6726,2060,649
SK7,21788,13340,4688,1301,385
SK8,31045,18591,6756,2060,636
SK9,21973,11985,4064,1202,450
SL0,6832,4240,1358,372,116
SL1,43852,29519,9187,2467,727
SL2,29169,18583,5985,1731,448
SL3,25420,16170,5090,1315,380
SL4,25687,14373,4418,1112,277
SL5,13547,6891,2042,505,108
SL6,44305,26186,7565,1901,556
SL7,11583,6039,1886,436,118
SL8,3334,2217,666,169,45
SL9,12953,6666,2070,576,163
SM1,25319,16737,5002,1388,391
SM2,15437,10268,3305,869,256
SM3,10528,6886,2085,501,151
SM4,20512,13586,4625,1279,391
SM5,20725,13724,4346,1317,388
SM6,17478,11829,3924,1144,370
SM7,8671,5391,1820,449,119
SN1,19621,14083,4117,1025,279
SN10,15504,11657,4518,1224,338
SN11,13192,9522,3262,875,240
SN12,13379,9977,3907,1135,302
SN13,9531,6178,2277,613,163
SN14,15292,9772,3242,819,238
SN15,16668,11074,3762,904,267
SN16,7661,4661,1576,444,108
SN17,153,110,30,10,1
SN2,32617,24796,9317,2771,754
SN25,12568,6921,1631,367,82
SN3,24808,19373,7537,2299,657
SN38,459,353,111,27,11
SN4,13050,9559,3625,993,236
SN5,16329,11842,4000,1160,307
SN6,10756,7318,2560,627,163
SN7,7333,4715,1612,383,103
SN8,13140,8027,2704,799,158
SN9,3685,2583,919,257,66
SO1,58024,42116,14135,4473,1320
SO14,7811,5382,1596,459,133
SO15,424,253,81,38,14
SO16,7616,5187,1635,443,128
SO17,7975,5335,1643,530,176
SO18,18899,14401,5308,1516,448
SO19,25807,20099,7747,2499,732
SO20,5090,3146,977,252,65
SO21,13789,8024,2308,586,151
SO22,17626,11010,3370,900,213
SO23,10200,6368,2226,640,178
SO24,4899,3135,1086,271,60
SO3,47383,31617,10471,2789,722
SO30,2095,1085,224,35,7
SO31,960,536,145,55,10
SO32,952,393,105,15,4
SO4,53307,40746,15175,4155,1207
SO40,423,237,59,22,4
SO41,291,282,126,32,8
SO45,39,61,24,7,1
SO5,53823,38687,13195,3338,874
SO50,1101,639,169,45,12
SO51,1601,980,215,57,17
SO53,1976,1001,239,60,24
SP1,11505,8069,3123,879,228
SP10,19525,15183,5630,1507,438
SP11,17570,10556,3139,856,204
SP2,14817,10955,3975,1117,287
SP3,5933,4240,1551,407,111
SP4,20207,12188,3920,1040,302
SP5,10979,7303,2500,619,173
SP6,6404,4466,1659,454,132
SP7,6986,5278,1895,485,143
SP8,6117,5082,1947,522,142
SP9,7049,3170,788,208,46
SR1,4284,3245,1782,828,254
SR2,14890,10553,4929,1820,618
SR3,15485,11852,5977,2314,692
SR4,16867,12361,6027,2431,719
SR5,13827,10857,5909,2616,801
SR6,12296,9073,4036,1262,373
SR7,12677,10083,4917,1889,601
SR8,13617,10953,5994,2732,865
SS0,22612,16577,6455,2090,600
SS1,13878,10625,4147,1359,447
SS11,9019,6926,2559,682,197
SS12,9344,6678,2182,595,173
SS13,10390,8241,3410,1337,438
SS14,13296,9553,3671,1247,379
SS15,16515,11832,4313,1391,448
SS16,14863,10481,3641,1164,378
SS17,15485,11501,4251,1132,339
SS2,16053,12437,5067,1787,512
SS22,139,103,41,11,3
SS3,12586,9659,3784,1199,351
SS4,10313,7512,2929,780,222
SS5,10620,7760,2667,742,219
SS6,16975,11415,3961,993,272
SS7,23665,17342,6270,1809,500
SS8,16424,13512,5867,1945,585
SS9,23490,15919,5711,1666,468
ST1,15667,12585,5055,1780,558
ST10,12046,9383,3687,1053,319
ST11,4738,3706,1438,427,105
ST12,2729,1968,818,266,78
ST13,12065,9476,3952,1286,342
ST14,10283,7764,3098,790,249
ST15,11604,8321,3068,840,244
ST16,16651,12740,4932,1438,391
ST17,17383,13232,5036,1530,477
ST18,7885,5840,2206,559,163
ST19,7454,5730,2097,652,228
ST2,15286,12775,5859,2284,796
ST20,3718,2796,975,284,74
ST21,2490,1714,628,141,53
ST3,28361,23883,10388,4033,1240
ST4,25073,20265,7850,2646,784
ST5,36014,28554,11706,3999,1213
ST6,27907,23209,9933,4011,1198
ST7,24114,19365,7610,2425,685
ST8,7881,6482,2847,849,279
ST9,4321,3350,1170,349,124
SW10,11323,4762,1698,722,237
SW11,53444,22644,6367,1964,620
SW12,22851,9425,2496,766,221
SW13,11114,4782,1407,407,132
SW14,10994,4550,1259,315,106
SW15,37944,19070,5865,1680,558
SW16,44734,26596,8228,2352,710
SW17,36204,18908,5767,1586,463
SW18,41383,17368,4543,1279,401
SW19,45595,23116,6227,1702,489
SW1A,1276,652,132,34,13
SW1E,1617,685,150,29,15
SW1H,520,272,107,49,24
SW1P,6560,3822,1320,476,206
SW1V,10932,6162,2415,910,301
SW1W,4231,1923,645,210,98
SW1X,3913,1534,312,63,22
SW1Y,171,91,20,0,0
SW2,30953,16411,5188,1574,552
SW20,15393,8206,2281,607,162
SW3,11427,4782,1518,520,184
SW4,24338,11485,3368,1035,321
SW5,9269,4050,1202,462,131
SW6,42780,17675,5299,1746,649
SW7,8507,3305,714,156,50
SW8,19292,10449,3334,1143,318
SW9,22385,12532,4188,1359,410
SY1,13923,10317,4134,1273,366
SY10,10273,7500,2904,767,205
SY11,11229,8291,3437,1029,285
SY12,3945,2952,1149,356,93
SY13,9656,7718,2985,915,286
SY14,2758,1775,669,201,52
SY15,3470,2862,1116,317,91
SY16,6929,5756,2486,757,189
SY17,1596,1350,544,147,31
SY18,1904,1435,609,167,67
SY19,394,311,166,35,12
SY2,8757,6708,2721,778,201
SY20,3061,2208,986,332,91
SY21,7746,5996,2506,730,257
SY22,2716,2103,805,216,76
SY23,13527,9791,3889,1161,294
SY24,2157,1376,620,194,57
SY25,1301,1064,510,164,58
SY3,17584,12142,4497,1251,374
SY4,11947,8451,3273,926,231
SY5,10480,7178,2503,763,190
SY6,3744,3055,1258,327,103
SY7,4238,3613,1400,381,100
SY8,7449,6366,2759,804,227
SY9,819,761,274,90,27
TA1,20713,15613,6039,1766,468
TA10,4978,3825,1544,385,137
TA11,4123,3153,1256,372,99
TA12,2762,2113,849,225,70
TA13,2035,1631,675,205,39
TA14,1545,1156,487,155,38
TA15,225,170,61,17,5
TA16,853,701,356,92,26
TA17,285,299,95,21,7
TA18,4010,3441,1391,390,127
TA19,5823,4534,1786,464,96
TA2,15046,10493,3842,1168,296
TA20,9188,7655,3110,921,251
TA21,9950,7790,3031,913,200
TA22,1043,850,389,112,34
TA23,2788,2542,1253,377,98
TA24,6658,6189,2971,900,236
TA3,6344,4382,1651,453,130
TA4,8326,6119,2341,697,208
TA5,5800,4561,1666,508,114
TA6,24041,18953,7322,2316,660
TA7,6697,5167,1950,584,141
TA8,6419,6316,3008,934,290
TA9,5150,4318,1942,678,198
TD12,554,466,224,63,12
TD15,6567,5679,2650,791,233
TF1,21705,16278,6662,2305,686
TF10,11170,7934,3010,868,254
TF11,7368,4457,1532,410,124
TF12,2708,1986,931,286,73
TF13,1642,1318,497,126,50
TF2,17677,13242,5311,1800,531
TF3,13469,9753,3853,1414,378
TF4,9091,6538,2661,948,293
TF5,2503,1734,563,160,43
TF6,1533,1277,517,155,55
TF7,8468,6750,3094,1161,304
TF8,239,212,97,23,7
TF9,11051,8252,3207,949,237
TN1,8636,5152,1532,414,113
TN10,8600,6289,2377,753,170
TN11,10414,5993,2057,568,171
TN12,15198,10420,3520,966,256
TN13,16607,7927,2424,615,207
TN14,8817,5086,1573,424,111
TN15,11791,7149,2537,729,198
TN16,9606,6470,2061,551,159
TN17,7762,4879,1703,438,124
TN18,3745,2438,894,243,78
TN19,2892,2001,722,182,48
TN2,14876,9522,3196,892,256
TN20,2286,1490,492,126,23
TN21,7821,5642,1943,523,160
TN22,12777,8896,3109,784,220
TN23,23207,16261,5606,1548,448
TN24,17010,12357,4421,1469,375
TN25,8562,5576,1902,487,145
TN26,6027,4583,1883,556,159
TN27,5398,3802,1493,361,136
TN28,3535,3371,1601,523,144
TN29,4293,4239,2288,779,208
TN3,8631,4643,1544,358,103
TN30,4196,3452,1392,397,104
TN31,6079,5219,2213,620,206
TN32,2394,1558,508,153,46
TN33,5930,4301,1597,478,126
TN34,14604,12165,5514,1953,594
TN35,7141,6109,2577,782,204
TN36,861,828,390,122,33
TN37,9423,7641,3175,1167,367
TN38,10047,8418,3912,1411,521
TN39,11239,10599,4892,1511,392
TN4,13806,8229,2726,775,212
TN40,5708,5687,2835,943,275
TN5,4174,2674,852,243,68
TN6,12095,8654,2853,725,179
TN7,956,609,222,57,11
TN8,6150,4178,1425,378,126
TN9,8239,5350,1772,441,114
TQ1,15361,12279,6072,2255,648
TQ10,1931,1334,565,181,58
TQ11,2343,1701,709,237,48
TQ12,28339,21413,8540,2521,729
TQ13,9281,6828,2690,764,230
TQ14,8066,6973,3008,929,219
TQ2,15083,11235,4975,1701,491
TQ3,14503,11600,5519,1914,559
TQ4,8015,6940,3272,1067,348
TQ5,7334,6751,3240,1081,311
TQ6,3822,2849,1172,384,106
TQ7,8269,5906,2410,684,206
TQ8,733,549,211,52,23
TQ9,8209,5384,2235,719,226
TR1,11882,7949,3227,1071,283
TR10,7755,5500,1946,559,159
TR11,14672,10199,4016,1247,376
TR12,4485,3229,1496,454,152
TR13,9971,6789,2749,824,209
TR14,13723,10028,4888,1700,556
TR15,10515,7748,3496,1231,364
TR16,7136,5025,2238,711,194
TR17,1018,769,399,147,71
TR18,8635,7038,3437,1317,469
TR19,3993,3101,1503,435,120
TR2,4731,3284,1318,399,144
TR20,3504,2497,1020,400,159
TR21,808,522,189,58,18
TR22,92,56,22,4,0
TR24,83,49,18,2,0
TR25,70,49,14,1,1
TR26,4974,3677,1639,570,170
TR27,6248,4770,1990,646,242
TR3,5575,3920,1581,461,139
TR4,5567,3446,1306,404,97
TR5,2072,1089,430,131,30
TR6,1803,1154,522,172,68
TR7,11316,7476,3166,1025,296
TR8,5075,3207,1197,325,118
TR9,3501,2395,1061,344,92
TS1,10406,6717,2930,1255,443
TS10,16232,12976,6113,2293,671
TS11,4605,4124,1847,521,165
TS12,9433,7580,3621,1355,431
TS13,4065,3372,1722,660,218
TS14,8468,6458,2704,847,278
TS15,7850,5008,1788,429,138
TS16,5970,3837,1400,370,107
TS17,24450,15450,5667,1970,565
TS18,13055,9500,4272,1567,511
TS19,14987,11580,5363,2091,673
TS2,389,346,198,75,12
TS20,8547,6977,3069,1036,310
TS21,5784,4102,1611,497,170
TS22,5588,3484,1330,370,122
TS23,11662,9763,4416,1550,459
TS24,10036,8516,4451,1966,593
TS25,16518,13237,6255,2434,774
TS26,10628,7337,3066,1027,312
TS27,4183,3401,1703,629,205
TS28,2259,1741,871,334,117
TS29,2307,1938,1015,391,145
TS3,13187,9687,4647,2231,767
TS4,8737,5986,2851,1141,332
TS5,17905,12535,4535,1585,488
TS6,12448,9918,4720,1882,592
TS7,11456,7728,3062,959,294
TS8,8696,6202,2909,1220,389
TS9,5650,4101,1589,436,130
TW1,19553,8950,2255,584,165
TW10,12521,5918,1659,517,158
TW11,14723,7290,2013,514,166
TW12,12656,7271,2368,725,225
TW13,20628,13610,4468,1268,391
TW14,16867,11493,4051,1155,359
TW15,15352,11084,3506,936,255
TW16,11640,7482,2350,664,188
TW17,6643,4609,1621,392,134
TW18,14065,9208,2968,728,195
TW19,8914,6078,2157,583,181
TW2,17141,9764,2938,801,220
TW20,13143,8468,2406,638,173
TW3,26827,18170,5435,1531,457
TW4,14623,10510,3256,1023,354
TW5,15233,11105,3690,1077,341
TW6,900,609,195,42,16
TW7,21560,13183,3922,1210,381
TW8,13980,8170,2658,848,308
TW9,12482,5659,1582,442,112
UB1,22574,16436,6197,1926,538
UB10,21729,13939,4300,1145,346
UB11,949,570,133,59,14
UB18,248,179,50,26,2
UB2,18323,12729,4269,1315,403
UB3,27378,18687,5975,1750,577
UB4,21523,14290,4608,1280,403
UB5,25017,16866,5593,1742,570
UB6,24513,16894,5497,1484,504
UB7,17876,11989,3955,1197,329
UB8,18812,12226,4100,1143,359
UB9,6626,4404,1667,471,150
W1,129,57,14,0,0
W10,19239,11315,4862,1907,721
W11,18223,8466,3310,1339,457
W12,28664,15320,5278,1888,645
W13,21146,11936,3572,1149,322
W14,20820,10144,3069,1018,359
W1A,6122,2659,806,231,84
W1B,362,159,40,11,1
W1C,449,316,128,26,12
W1D,553,370,140,36,15
W1G,753,299,70,10,8
W1H,3196,1315,350,109,31
W1J,115,54,12,3,1
W1K,188,76,20,2,17
W1M,694,388,135,70,23
W1N,218,94,17,3,3
W1P,1853,992,290,113,48
W2,24061,11728,3813,1422,588
W3,31615,17918,5280,1719,602
W4,26591,13225,3652,1086,352
W5,25543,14197,4200,1114,391
W6,17698,8465,2813,939,325
W7,14631,9018,3056,854,289
W8,9462,3649,898,251,56
W9,17694,9712,3252,1234,480
WA1,12449,8592,3164,981,271
WA10,19361,13663,6051,2525,738
WA11,17210,13256,5933,2369,691
WA12,12469,8348,3440,1306,406
WA13,7999,4142,1416,382,108
WA14,19088,9856,3098,890,248
WA15,23342,11845,3938,1065,345
WA16,11437,6704,2271,704,229
WA2,19102,13980,5695,2086,616
WA3,23236,16442,6623,2230,615
WA4,26333,16434,5691,1712,485
WA5,30578,19313,6942,2148,644
WA6,9576,6303,2385,683,185
WA7,27405,20101,9218,3900,1257
WA8,30138,20363,8563,3504,1081
WA9,22039,16101,7711,3212,991
WC1A,1406,794,272,122,29
WC1B,396,201,40,11,6
WC1E,474,255,53,18,4
WC1H,3693,2196,735,270,90
WC1N,2219,1389,519,228,92
WC1R,111,49,38,13,5
WC1V,150,104,51,21,7
WC1X,1864,1085,416,183,60
WC2A,221,86,22,12,2
WC2B,725,398,164,61,22
WC2E,441,193,45,23,7
WC2H,366,230,89,47,18
WD1,42050,26541,8376,2390,686
WD17,239,157,51,23,7
WD18,273,146,33,11,5
WD19,272,126,54,8,3
WD2,41168,26210,8366,2298,663
WD23,109,83,20,9,1
WD24,203,72,12,5,0
WD25,744,369,79,16,4
WD3,22615,13099,3968,948,232
WD4,5967,3370,1108,301,67
WD5,5252,3289,1191,330,93
WD6,22411,13158,4604,1340,418
WD7,6672,3277,1041,268,75
WF1,20778,15758,5979,2017,603
WF10,22721,17698,7599,2779,828
WF11,7271,5860,2912,1015,292
WF12,18722,13966,5468,1914,508
WF13,14061,10786,4068,1542,427
WF14,9376,7060,2773,768,208
WF15,8348,6450,2620,896,227
WF16,4519,3693,1664,519,164
WF17,18671,13658,5513,1954,553
WF2,23827,18514,7438,2587,675
WF3,15414,10769,3930,1178,376
WF4,19006,14246,5784,1936,529
WF5,9487,7049,2840,857,249
WF6,9540,7588,3292,1022,281
WF7,11039,7934,3467,1205,350
WF8,16118,12201,4999,1776,548
WF9,16134,12803,6255,2507,793
WN1,11340,7776,3264,1179,360
WN2,23646,18024,7929,2852,795
WN3,14624,10033,3868,1331,364
WN4,12436,9355,4021,1306,357
WN5,20524,14963,6404,2452,621
WN6,19726,13185,5328,1635,439
WN7,21595,16722,7267,2660,786
WN8,20713,15148,6351,2386,719
WR1,6224,4727,1803,559,147
WR10,9606,7686,2971,808,219
WR11,21920,16969,6314,1705,456
WR12,2468,1990,800,224,59
WR13,6157,4591,1682,468,138
WR14,13946,11352,4702,1402,384
WR15,2931,2504,1021,272,72
WR2,15525,11594,4222,1204,365
WR3,11658,7984,2724,767,205
WR4,12293,8940,3358,1105,311
WR5,15928,11259,3735,1027,319
WR6,4363,2820,982,249,49
WR7,2623,1700,561,155,37
WR8,2929,2484,1030,288,86
WR9,14852,10687,4174,1272,338
WS1,14830,11009,4364,1535,524
WS10,22547,17166,7803,2982,882
WS11,20515,16969,7098,2402,704
WS12,15391,12130,4703,1523,458
WS13,14889,10502,3911,1224,354
WS14,8363,5780,1812,472,120
WS15,16387,13070,5383,1807,537
WS2,18747,13907,6263,2335,806
WS3,22790,18281,8345,3187,937
WS4,7467,6264,2699,886,286
WS5,9353,7088,2725,795,223
WS6,6709,5808,2389,748,203
WS7,12857,10785,4454,1337,367
WS8,7354,5925,2645,892,282
WS9,10323,8466,3668,1093,326
WV1,10340,7973,3279,1154,330
WV10,28526,21658,9129,3255,928
WV11,15087,12316,5573,1864,533
WV12,10412,8490,3686,1148,366
WV13,9430,7369,3146,1060,318
WV14,21241,17055,7400,2781,765
WV15,4314,3275,1377,409,139
WV16,7650,5815,2328,678,203
WV2,9677,6730,2725,933,269
WV3,13749,10732,4420,1330,378
WV4,13597,10691,4297,1308,407
WV5,6069,4741,1749,498,152
WV6,20326,15079,5770,1714,495
WV7,2394,1994,932,289,97
WV8,6701,5063,1962,578,186
WV9,2619,2352,926,275,81
YO1,26080,18586,5950,1605,400
YO10,492,257,43,16,2
YO11,11784,10434,4797,1792,519
YO12,15903,13287,5858,1910,517
YO13,4152,3154,1194,340,88
YO14,3918,4204,2006,670,223
YO15,6166,6185,3362,1282,409
YO16,8121,7874,4103,1376,572
YO17,11504,8816,3301,892,255
YO18,4581,4055,1763,446,137
YO19,4111,2520,861,206,60
YO2,32001,22800,8115,2235,614
YO21,6293,5479,2272,657,201
YO22,3038,2562,1112,390,91
YO23,545,377,147,57,5
YO24,325,152,31,7,2
YO25,14224,11618,4892,1341,396
YO26,4390,2671,861,177,64
YO3,37911,28097,10027,2779,753
YO30,1443,883,295,75,31
YO31,349,212,54,16,4
YO4,18572,13931,4938,1276,345
YO42,557,254,74,12,2
YO43,512,264,64,14,4
YO5,2694,1990,679,177,61
YO6,14155,10192,3676,953,301
YO61,176,83,22,10,0
YO7,9341,6868,2465,637,159
YO8,22063,16548,6026,1720,497
