outcode,housing_units,owns_outright,own_with_mortgage,shared_ownership,social_rent,private_rent,rent_free
AL1,17258,4887,5758,82,2336,4177,18
AL10,13508,2338,3228,180,4088,3641,33
AL2,10226,3922,3696,84,1097,1415,12
AL3,11751,4166,4328,57,1786,1404,10
AL4,10606,4001,3905,54,1383,1259,4
AL5,11927,4628,4623,37,940,1690,9
AL6,5918,2620,2096,93,546,558,5
AL7,15384,3308,4379,333,5381,1945,38
AL8,5327,1936,1584,32,1244,519,12
AL9,4127,1713,1446,15,303,648,2
B1,7816,490,973,61,1780,4499,13
B10,8633,2507,1713,33,1953,2400,27
B11,14261,4095,3279,55,2834,3960,38
B12,7695,1599,1075,50,2762,2172,37
B13,15765,4772,4225,100,2934,3698,36
B14,17706,5459,5296,216,3920,2720,95
B15,8474,1738,1528,52,1726,3414,16
B16,10668,1483,1582,64,2669,4835,35
B17,11765,3465,3090,143,1605,3439,23
B18,7244,1053,989,34,2797,2324,47
B19,8143,1072,1008,73,4473,1444,73
B2,482,23,31,2,84,340,2
B20,12533,3719,2802,61,2768,3132,51
B21,8675,2178,1613,59,2300,2485,40
B22,132,26,25,0,52,29,0
B23,22001,4901,5200,348,5611,5842,99
B24,11803,3197,3488,72,2754,2249,43
B25,6229,1521,1841,26,1461,1340,40
B26,14723,5116,5008,93,2060,2407,39
B27,11001,2778,3076,61,2446,2590,50
B28,10492,3973,3772,69,876,1786,16
B29,16952,3908,3495,185,4051,5274,39
B3,947,52,152,10,59,674,0
B30,12980,3731,3928,158,2572,2573,18
B31,24720,6775,6932,652,6641,3616,104
B32,15844,4407,4017,110,4887,2323,100
B33,13270,3070,3276,117,4275,2476,56
B34,8119,2028,2155,174,2635,1091,36
B35,3738,649,610,16,2111,348,4
B36,14066,4582,4225,102,3458,1660,39
B37,15016,3677,3749,114,5447,1998,31
B38,7727,2369,2064,67,2352,824,51
B4,1251,92,124,2,286,743,4
B42,11076,3838,3844,57,871,2448,18
B43,12291,5224,4361,39,1023,1629,15
B44,13424,3914,4134,52,2674,2592,58
B45,13577,4603,4427,127,2710,1663,47
B46,6146,2542,2098,34,471,996,5
B47,4547,2246,1490,49,436,324,2
B48,2306,1057,788,16,227,216,2
B49,5633,2534,1472,42,751,831,3
B5,4023,461,389,28,1425,1699,21
B50,3109,1120,1101,115,432,341,0
B6,5433,1289,978,19,1834,1289,24
B60,13229,5201,4604,115,1602,1698,9
B61,10138,3751,3428,157,1645,1150,7
B62,11372,5041,3786,50,1047,1438,10
B63,15775,5926,4908,43,2737,2124,37
B64,8245,2215,2118,53,2301,1495,63
B65,10700,3314,3136,50,2654,1501,45
B66,10364,2009,2023,61,2805,3346,120
B67,9773,2881,2703,38,1947,2142,62
B68,12370,4083,3670,83,2477,2003,54
B69,11317,3158,3284,28,2568,2227,52
B7,3110,351,242,27,2136,321,33
B70,12899,2876,2682,95,4445,2697,104
B71,12515,3612,3090,35,3614,2103,61
B72,5490,2419,1933,10,208,916,4
B73,8462,3622,3015,30,620,1155,20
B74,13558,6597,4859,26,698,1367,11
B75,10910,4380,3994,22,1274,1214,26
B76,8103,3557,2831,54,674,974,13
B77,23715,7842,8391,135,4156,3152,39
B78,10656,4035,3517,74,1563,1449,18
B79,10572,3878,3152,129,1789,1600,24
B8,12031,3347,2799,60,2996,2787,42
B80,3663,1376,1158,78,580,471,0
B9,6232,1460,1407,46,1621,1662,36
B90,20954,8273,7946,269,1647,2802,17
B91,14054,6726,4586,82,671,1981,8
B92,13666,5393,4857,59,1310,2039,8
B93,8289,4126,2856,42,422,836,7
B94,2975,1418,1078,26,155,296,2
B95,3105,1463,814,31,368,429,0
B96,2175,960,752,16,166,281,0
B97,15010,4706,5225,148,2645,2258,28
B98,19229,5828,6185,95,4388,2681,52
BA1,21407,7165,5287,157,3070,5718,10
BA10,2161,894,535,24,251,456,1
BA11,16377,6319,4791,164,2129,2967,7
BA12,13515,5669,3344,84,1790,2619,9
BA13,9439,3407,3199,62,1255,1515,1
BA14,22164,7926,7191,141,3193,3701,12
BA15,6439,3071,1745,36,854,731,2
BA16,6092,2301,1640,81,825,1241,4
BA2,28863,10210,7604,266,4569,6191,23
BA20,6561,2466,1731,47,697,1616,4
BA21,15072,4803,4293,199,2970,2785,22
BA22,7925,3466,2285,89,835,1247,3
BA3,15771,6296,5246,141,1929,2151,8
BA4,7832,3047,2240,88,885,1570,2
BA5,8764,4084,2122,129,933,1494,2
BA6,5799,2533,1439,102,682,1040,3
BA7,1796,773,384,28,289,322,0
BA8,2309,1010,601,25,286,387,0
BA9,3276,1195,884,30,467,699,1
BB0,127,21,19,2,66,19,0
BB1,26758,10043,6790,100,4890,4913,22
BB10,17545,6254,4653,27,2525,4067,19
BB11,11018,3097,2809,36,2092,2972,12
BB12,15273,5660,4691,54,1743,3120,5
BB18,8017,3256,2509,18,641,1591,2
BB2,24145,7829,6710,145,4630,4815,16
BB3,14562,4842,4546,98,1798,3272,6
BB4,18177,6457,6098,50,2602,2960,10
BB5,25836,8453,7396,37,3936,5998,16
BB6,10707,4282,3484,193,930,1816,2
BB7,11075,4426,3340,151,1197,1960,1
BB8,10872,3691,3172,20,1741,2237,11
BB9,16742,5990,4040,36,2003,4653,20
BD1,5124,591,397,13,989,3126,8
BD10,13578,3767,4674,159,2568,2400,10
BD11,5852,2255,2263,32,440,860,2
BD12,8199,2837,2697,16,1080,1567,2
BD13,13284,4603,4931,53,1169,2523,5
BD14,3543,1151,1166,23,459,743,1
BD15,7017,2201,2296,21,1219,1273,7
BD16,12216,4982,3968,56,1099,2104,7
BD17,8868,3222,2790,26,1144,1673,13
BD18,11599,3747,3737,92,1596,2418,9
BD19,9779,3328,3249,31,1273,1877,21
BD2,11445,3528,3950,57,1214,2691,5
BD20,17508,7395,6019,130,1055,2899,10
BD21,11014,3316,2742,32,1666,3246,12
BD22,10917,3896,3653,78,1397,1872,21
BD23,13919,6158,3437,99,1413,2810,2
BD24,2219,1136,433,24,213,412,1
BD3,9648,2671,2226,26,2029,2675,21
BD4,13105,2786,3374,42,3698,3189,16
BD5,9687,2421,2011,65,2328,2847,15
BD6,12376,3448,4378,33,1828,2672,17
BD7,9708,2937,2326,19,1070,3330,26
BD8,9442,2562,2150,40,1942,2734,14
BD9,7509,2142,2422,30,894,2016,5
BH1,14370,2326,2509,109,1552,7863,11
BH10,10283,3933,3249,60,1215,1817,9
BH11,8478,2554,2535,40,2317,1005,27
BH12,16364,5109,5518,124,2260,3335,18
BH13,4026,2398,867,8,51,702,0
BH14,10456,3891,3401,33,671,2457,3
BH15,15454,5196,4143,227,2352,3514,22
BH16,6611,2754,2048,53,825,929,2
BH17,9870,3529,3480,73,1202,1577,9
BH18,4629,2705,1497,9,97,318,3
BH19,5317,2747,996,39,631,902,2
BH2,5066,1146,815,80,314,2709,2
BH20,8755,3721,1903,77,1421,1628,5
BH21,23867,10788,7409,166,2301,3199,4
BH22,12549,7240,3018,69,939,1283,0
BH23,25097,11768,6596,259,2980,3489,5
BH24,10503,5156,3023,113,830,1375,6
BH25,11923,6283,2709,63,1204,1661,3
BH3,2781,893,737,4,156,991,0
BH31,197,94,86,0,0,17,0
BH4,4316,1452,889,15,290,1668,2
BH5,5405,1286,1220,39,320,2537,3
BH6,10717,4099,3240,33,750,2590,5
BH7,3577,1271,1360,6,130,810,0
BH8,11977,3146,3549,85,1650,3534,13
BH9,10563,2979,3777,42,495,3267,3
BL0,8437,3334,3043,18,752,1287,3
BL1,28929,8943,7472,78,6129,6229,78
BL11,109,10,4,1,18,75,1
BL2,20635,7140,5616,54,4660,3120,45
BL3,25251,8234,6199,138,5527,5056,97
BL4,14016,3673,3872,72,3893,2471,35
BL5,12247,4692,4436,87,1481,1544,7
BL6,13137,4869,4352,49,1728,2124,15
BL7,6127,2783,2271,25,255,791,2
BL8,14902,6380,5322,23,1172,1986,19
BL9,21545,6787,6163,109,4091,4352,43
BN1,38171,9734,10296,327,4441,13309,64
BN10,8780,3453,2782,98,860,1578,9
BN11,17858,5452,4303,102,1686,6309,6
BN12,10370,5091,2975,81,896,1323,4
BN13,13085,5000,4533,130,1666,1753,3
BN14,12630,5000,4641,50,730,2208,1
BN15,12298,5119,3897,44,1415,1800,23
BN16,13818,7314,3599,119,1079,1703,4
BN17,13843,4744,3858,282,1798,3149,12
BN18,6178,2720,1822,65,658,908,5
BN2,39910,9837,8961,348,8794,11840,130
BN20,11838,5832,2952,36,817,2195,6
BN21,11626,3560,2180,45,1066,4758,17
BN22,13660,4378,3702,93,2349,3123,15
BN23,13102,5038,3530,136,1843,2536,19
BN24,3855,1792,1333,33,175,521,1
BN25,11410,5786,2841,95,893,1785,10
BN26,6221,2770,1865,121,521,942,2
BN27,13671,5738,4223,233,1729,1744,4
BN3,37009,9291,10385,248,3539,13508,38
BN4,25687,9907,8453,191,3356,3760,20
BN41,674,173,180,2,229,90,0
BN42,119,24,39,1,39,16,0
BN43,1243,463,385,41,53,300,1
BN44,269,80,73,8,84,24,0
BN5,3437,1502,970,70,450,444,1
BN6,7739,3288,2708,72,845,825,1
BN7,8888,3602,2400,48,1309,1517,12
BN8,6872,2971,2054,80,701,1061,5
BN9,5726,1816,1678,27,865,1326,14
BR1,26020,6959,8734,178,4661,5467,21
BR2,20352,7031,7670,165,1876,3603,7
BR3,21596,6800,7681,198,2103,4811,3
BR4,7091,3198,2852,39,298,703,1
BR5,20878,6718,7058,242,4467,2387,6
BR6,18240,8086,6725,64,1317,2046,2
BR7,7382,2813,2842,54,573,1100,0
BR8,9754,3360,3235,130,2049,966,14
BS0,130,21,27,0,39,43,0
BS1,10330,1125,1388,183,1906,5707,21
BS10,14009,3720,3908,111,3887,2335,48
BS11,7698,1878,2143,26,2435,1183,33
BS12,32418,11769,11004,237,3173,6219,16
BS13,14196,3552,3788,190,4587,2022,57
BS14,13285,5002,4359,134,2185,1570,35
BS15,35684,13209,12577,272,4199,5395,32
BS16,34851,10667,12211,487,4910,6538,38
BS17,22880,9803,8181,125,1884,2880,7
BS18,23859,10101,8193,211,2561,2774,19
BS19,15629,7484,5160,78,1173,1727,7
BS2,8026,1082,1405,160,2343,2993,43
BS20,14543,5888,5070,135,1270,2172,8
BS21,10446,4561,3223,68,795,1796,3
BS22,17669,6958,5962,141,1437,3168,3
BS23,17166,4907,3850,70,2619,5697,23
BS24,10641,3680,4303,117,792,1747,2
BS25,2035,1099,579,12,115,230,0
BS26,1747,798,571,8,126,244,0
BS27,2979,1360,860,56,309,391,3
BS28,1367,751,395,12,68,140,1
BS3,17750,4030,6098,155,2761,4685,21
BS31,722,180,309,40,151,42,0
BS32,825,120,367,3,31,304,0
BS34,2334,213,976,117,533,491,4
BS35,361,39,249,7,51,15,0
BS36,114,37,54,3,10,10,0
BS37,749,92,376,51,186,44,0
BS39,366,27,161,49,73,56,0
BS4,19579,5056,6797,210,3853,3610,53
BS49,141,12,56,13,58,2,0
BS5,21381,4330,6345,143,4431,6066,66
BS6,14689,3651,4028,46,999,5959,6
BS7,14544,3700,4576,105,2051,4090,22
BS8,10389,2523,2102,50,656,5051,7
BS9,11581,5135,3835,49,1256,1287,19
CA1,11921,3363,3349,105,2244,2853,7
CA10,7549,3605,1764,85,717,1378,0
CA11,10358,4679,2504,101,1284,1790,0
CA12,3433,1685,601,54,640,453,0
CA13,7528,3570,1969,69,958,962,0
CA14,16692,6317,4558,63,3928,1819,7
CA15,7345,2859,1833,20,1735,897,1
CA16,2622,1298,568,45,192,519,0
CA17,2105,1045,420,17,192,431,0
CA18,238,121,42,0,19,56,0
CA19,701,399,173,3,39,86,1
CA2,19270,6561,5679,103,3564,3352,11
CA20,1356,763,394,0,56,143,0
CA21,439,237,158,1,11,32,0
CA22,3996,1694,1073,12,816,398,3
CA23,892,393,250,3,103,143,0
CA24,340,145,138,0,3,54,0
CA25,2578,927,718,1,647,282,3
CA26,1509,573,399,5,332,199,1
CA27,685,338,219,5,30,93,0
CA28,12497,4788,3906,53,2517,1220,13
CA3,6738,3214,2154,163,414,792,1
CA4,5118,2814,1446,22,204,631,1
CA5,8863,4470,2250,37,961,1143,2
CA6,5135,2447,1369,20,341,958,0
CA7,3626,1646,930,13,526,511,0
CA8,2477,1052,550,11,465,396,3
CA9,963,474,204,2,113,170,0
CB1,30069,8867,6870,384,5268,8644,36
CB10,7807,2832,2311,134,1165,1357,8
CB11,6990,2713,2328,100,873,972,4
CB2,18363,5655,4885,593,3678,3532,20
CB23,14990,4885,5415,540,1898,2241,11
CB24,15170,5596,5342,278,1843,2087,24
CB25,8256,3162,2581,157,1148,1202,6
CB3,5596,1950,1130,94,824,1589,9
CB4,17696,4352,3289,362,4669,4986,38
CB5,4221,903,822,32,1285,1169,10
CB6,17419,6389,5902,205,2432,2485,6
CB7,11605,3763,3466,229,1717,2427,3
CB8,15582,4871,4030,199,2526,3948,8
CB9,13489,4092,4505,84,2557,2245,6
CF1,23086,4616,5400,67,4515,8395,93
CF10,1860,194,396,8,119,1142,1
CF11,3633,561,960,5,532,1574,1
CF14,32618,13021,11059,131,3240,5120,47
CF15,8099,3456,3136,12,650,830,15
CF2,31063,7392,7739,88,4537,11225,82
CF23,6631,2064,2358,21,982,1190,16
CF24,1376,222,416,1,164,572,1
CF3,18456,4935,6091,52,4869,2453,56
CF31,20386,7220,7051,40,3031,3030,14
CF32,14102,5282,4597,33,1975,2199,16
CF33,6934,2314,2128,10,1478,995,9
CF34,8658,3627,2346,14,1150,1503,18
CF35,7769,3003,3216,11,698,839,2
CF36,7161,3561,1991,29,431,1141,8
CF37,17320,6237,4887,40,2697,3436,23
CF38,9327,3677,3718,12,865,1047,8
CF39,13124,4933,4008,24,2000,2140,19
CF4,250,65,88,1,40,56,0
CF40,8257,3267,2226,13,910,1828,13
CF41,4879,1945,1331,7,553,1041,2
CF42,5765,2640,1336,15,640,1129,5
CF43,5192,2095,1040,7,776,1267,7
CF44,18374,7073,5241,24,2895,3116,25
CF45,8329,3101,2211,9,1296,1703,9
CF46,6614,2713,2077,8,920,893,3
CF47,10184,3288,2439,11,2799,1627,20
CF48,11376,4216,3119,22,2294,1703,22
CF5,27483,8607,8461,69,6311,3932,103
CF6,44884,16657,14396,97,6149,7553,32
CF61,665,308,199,3,23,132,0
CF62,1970,419,1111,12,196,232,0
CF63,579,161,337,1,28,52,0
CF64,404,141,157,1,17,88,0
CF7,13350,5543,4740,30,1436,1592,9
CF72,1239,273,709,0,79,178,0
CF8,32812,11515,10453,99,6200,4524,21
CF82,344,87,221,1,5,30,0
CF83,5836,1967,2049,5,1117,696,2
CH1,18323,5027,4366,250,4001,4669,10
CH2,13624,5264,4229,115,1691,2320,5
CH25,212,13,10,14,104,71,0
CH26,140,65,59,0,1,15,0
CH27,265,70,86,0,30,79,0
CH28,293,95,70,0,73,54,1
CH29,194,113,35,1,5,40,0
CH3,15499,6588,5208,276,1187,2236,4
CH30,180,29,131,0,5,15,0
CH31,174,84,36,0,8,46,0
CH32,176,34,40,0,4,97,1
CH33,156,44,32,2,32,46,0
CH34,391,41,148,8,147,46,1
CH4,15373,5689,5233,63,2002,2375,11
CH41,11515,1960,1894,94,4240,3319,8
CH42,14769,3639,3675,144,2969,4314,28
CH43,15373,5247,4440,105,2834,2732,15
CH44,13451,3529,3417,92,2381,4025,7
CH45,13077,5035,4014,60,918,3048,2
CH46,10633,3847,3166,25,2115,1471,9
CH47,4581,2148,1545,5,219,664,0
CH48,6829,3322,2104,31,408,963,1
CH49,13228,5213,4071,105,2123,1706,10
CH5,17995,6477,5945,110,2792,2661,10
CH6,8007,2686,2579,23,1622,1094,3
CH60,6018,3263,1952,20,205,577,1
CH61,6832,3280,2332,30,596,594,0
CH62,13704,4933,4725,105,1905,2031,5
CH63,11974,5556,4088,68,974,1284,4
CH64,8194,3975,2319,27,926,943,4
CH65,13250,3233,3783,121,3662,2421,30
CH66,14408,5838,5253,121,1581,1595,20
CH7,22575,9862,7388,86,2491,2739,9
CH8,8280,3256,2336,39,1515,1127,7
CM0,7636,3185,2504,65,885,995,2
CM1,31239,9885,10012,495,5288,5541,18
CM11,8962,3950,3509,17,547,937,2
CM12,7947,3530,2954,20,550,889,4
CM13,11788,4393,4104,39,1498,1743,11
CM14,9364,2616,3440,111,1076,2102,19
CM15,9286,4036,3338,45,822,1035,10
CM16,10438,3973,3543,62,1446,1407,7
CM17,10718,2773,4406,223,1767,1538,11
CM18,10830,2612,3115,114,3609,1353,27
CM19,8769,2590,2609,37,2280,1238,15
CM2,24836,9023,8601,237,2975,3990,10
CM20,10735,2041,2690,146,3684,2135,39
CM21,4552,1682,1589,20,400,858,3
CM22,7711,2687,2930,145,878,1066,5
CM23,17203,5560,6203,306,1908,3219,7
CM24,3034,920,1193,58,436,427,0
CM3,22959,9607,8227,138,2162,2819,6
CM4,3883,1726,1137,29,466,517,8
CM5,4166,1638,1334,35,656,493,10
CM6,11025,3773,4004,227,1475,1534,12
CM7,27378,9168,9315,194,4311,4380,10
CM8,15078,4555,5248,134,2960,2173,8
CM9,14496,6174,4575,136,1852,1757,2
CO1,10695,2302,2643,46,1540,4153,11
CO10,23220,9873,6035,186,3544,3549,33
CO11,6128,2601,1958,26,571,967,5
CO12,10488,4078,2846,43,1211,2294,16
CO13,6522,3876,1374,50,213,1008,1
CO14,3174,1481,599,21,390,680,3
CO15,22098,10629,4320,71,1480,5591,7
CO16,10788,5066,2865,37,1208,1607,5
CO2,15822,3879,4735,70,2902,4213,23
CO3,13308,5151,4903,80,1159,2011,4
CO4,20727,5675,6810,161,3701,4359,21
CO5,12489,5830,4014,54,1055,1533,3
CO6,11572,5083,3884,37,1164,1399,5
CO7,14756,6969,4647,95,889,2148,8
CO8,614,261,187,1,103,62,0
CO9,11275,4029,3757,99,1768,1614,8
CR0,70670,14417,18646,1097,16219,20135,156
CR2,32205,10782,12145,410,3215,5624,29
CR3,28460,10121,11574,440,2677,3632,16
CR4,40466,8744,11265,518,8397,11486,56
CR5,550,45,226,72,160,47,0
CR6,115,50,27,2,3,33,0
CR7,1238,283,423,9,177,342,4
CR8,474,142,154,2,19,156,1
CR9,142,2,10,1,126,3,0
CT1,12916,3018,2437,147,2862,4429,23
CT10,12210,5736,3245,73,828,2327,1
CT11,13683,4284,3375,38,1569,4412,5
CT12,7777,2771,2112,43,1620,1225,6
CT13,4529,2104,1092,28,565,733,7
CT14,16216,7219,4084,155,1853,2891,14
CT15,6366,2939,1978,35,516,898,0
CT16,10061,3110,2520,49,1909,2462,11
CT17,7700,2213,2091,37,1263,2086,10
CT18,7270,3187,2353,54,593,1079,4
CT19,12515,3790,3592,68,1925,3123,17
CT2,12438,4398,2927,117,1814,3165,17
CT20,10381,3031,2157,84,1065,4040,4
CT21,7692,3689,1951,65,769,1212,6
CT3,7527,2682,2647,105,1147,939,7
CT4,5698,2499,1851,23,526,793,6
CT5,14939,7199,4247,70,1113,2301,9
CT6,17267,7342,5121,221,1392,3183,8
CT7,6075,3246,1423,20,358,1028,0
CT8,3837,1363,985,19,290,1179,1
CT9,18610,5319,4308,82,2743,6143,15
CV1,14041,2112,1474,163,3918,6321,53
CV10,24808,7719,8624,269,4100,4066,30
CV11,17001,6357,5281,111,1961,3273,18
CV12,14464,5683,4358,121,2298,1985,19
CV13,4755,2214,1466,22,378,670,5
CV2,28262,8019,7472,228,5431,7044,68
CV21,18880,4933,5893,280,2826,4912,36
CV22,14845,5605,5016,217,2048,1945,14
CV23,13705,5157,5292,237,1372,1643,4
CV3,28312,9807,8665,164,4720,4928,28
CV31,15139,3884,4326,282,2734,3900,13
CV32,14306,5054,4132,92,2017,3001,10
CV33,8975,3024,3364,220,1381,983,3
CV34,15204,4609,5082,332,2569,2595,17
CV35,11302,4734,3812,149,1297,1309,1
CV36,5474,2364,1483,100,764,763,0
CV37,19091,7493,5376,352,2617,3251,2
CV4,13268,3702,3619,124,3154,2649,20
CV5,19888,8470,6600,50,924,3840,4
CV6,34103,9860,10342,225,4754,8879,43
CV7,9260,3775,3196,55,998,1225,11
CV8,12759,5828,4031,112,995,1782,11
CV9,8891,3228,2503,82,1572,1485,21
CW1,20487,6449,6129,186,3370,4334,19
CW10,7596,2856,2701,78,962,990,9
CW11,12341,4772,4545,207,1233,1582,2
CW12,15317,6450,5005,225,1812,1820,5
CW2,18477,6762,5849,175,1924,3754,13
CW3,5052,2473,1488,33,463,589,6
CW4,4362,2158,1427,70,337,370,0
CW5,13929,5626,4315,196,1505,2283,4
CW6,5773,2850,1803,91,370,656,3
CW7,14413,4370,4561,228,3032,2182,40
CW8,17543,6945,6166,214,1792,2415,11
CW9,14891,5510,4992,277,2002,2088,22
DA1,26760,6506,10300,526,4368,5023,37
DA10,4557,678,1827,228,949,860,15
DA11,16739,4305,4759,274,3117,4247,37
DA12,18625,5483,5807,153,3825,3303,54
DA13,5956,2909,2216,27,245,549,10
DA14,11053,3733,3350,214,1877,1879,0
DA15,11498,4587,4997,81,520,1310,3
DA16,14413,5275,5931,135,1207,1862,3
DA17,8667,2377,2873,87,1269,2055,6
DA18,2222,261,366,8,1249,329,9
DA2,9362,3191,3538,108,1346,1170,9
DA3,7266,3543,2375,99,469,777,3
DA4,3450,1286,1242,78,454,390,0
DA5,7989,3455,3287,55,357,833,2
DA6,4442,1523,1524,80,473,841,1
DA7,13163,5759,5033,50,850,1467,4
DA8,12998,2700,4053,403,3754,2078,10
DA9,5767,1041,2363,242,511,1605,5
DE1,12142,1766,1750,189,3662,4752,23
DE11,20671,6857,7650,110,2644,3375,35
DE12,9566,3742,3296,60,1299,1157,12
DE13,19926,8373,6669,119,1936,2821,8
DE14,12919,3198,3353,89,1719,4549,11
DE15,10084,3731,2951,49,1973,1370,10
DE2,45426,15199,13386,189,9223,7332,97
DE21,959,302,423,24,117,93,0
DE22,20403,7002,5819,143,2970,4442,27
DE23,21323,6669,6149,205,3162,5102,36
DE24,2028,401,1032,40,257,297,1
DE3,7851,3655,2725,52,480,938,1
DE4,20896,10272,4790,175,2768,2881,10
DE5,35189,14739,10751,207,4681,4766,45
DE55,13989,5226,4463,53,1945,2285,17
DE56,2510,1152,862,17,166,311,2
DE6,18538,8334,5668,192,1704,2635,5
DE65,2083,423,1132,12,70,446,0
DE7,52245,20311,16775,289,6356,8469,45
DE72,122,55,60,0,1,6,0
DE73,1543,292,800,50,202,198,1
DE74,251,28,186,16,11,10,0
DE75,112,34,69,0,0,9,0
DH1,21309,8076,5735,67,2824,4596,11
DH2,15389,5281,4800,80,3266,1953,9
DH3,11626,4248,3596,83,2126,1569,4
DH4,15367,5250,5220,29,3081,1786,1
DH5,9150,2875,2489,47,2518,1217,4
DH6,15892,5084,4776,69,3628,2314,21
DH7,19177,6502,5329,62,4433,2824,27
DH8,18208,6217,5910,42,2740,3292,7
DH9,17295,5181,4701,29,3979,3400,5
DH98,166,23,14,0,109,20,0
DL1,24283,7105,6454,104,5292,5316,12
DL10,9720,4275,2386,55,1123,1865,16
DL11,1867,950,383,7,122,402,3
DL12,6042,2769,1289,25,779,1180,0
DL13,6654,2985,1597,11,877,1181,3
DL14,17913,6425,4782,55,3319,3323,9
DL15,10007,3370,2823,10,2172,1625,7
DL16,9848,3119,3023,47,2194,1455,10
DL17,8645,2732,2154,18,1999,1740,2
DL2,8003,3221,2912,30,578,1258,4
DL3,17801,6438,5323,62,2188,3786,4
DL4,4458,1321,1044,9,1098,982,4
DL5,12333,3940,3518,35,3091,1742,7
DL6,8822,3688,2129,70,1515,1419,1
DL7,5675,2445,1552,37,527,1114,0
DL8,8275,3928,1753,53,872,1664,5
DL9,4546,823,1304,28,795,1591,5
DN1,6111,881,701,17,1252,3241,19
DN10,6526,2986,2017,28,620,869,6
DN11,13306,4793,4321,64,2028,2072,28
DN12,10875,3149,3030,23,2720,1897,56
DN14,22043,8227,6966,90,2479,4238,43
DN15,16182,5455,4246,54,2522,3891,14
DN16,14056,4566,4317,31,2677,2450,15
DN17,15341,6004,4488,33,2836,1963,17
DN18,6181,2419,1881,22,753,1101,5
DN19,2654,1117,907,9,196,423,2
DN2,10859,3253,3270,15,2233,2047,41
DN20,8503,3711,2522,18,928,1319,5
DN21,17545,6210,4676,117,2625,3907,10
DN22,16532,6686,4830,73,2277,2648,18
DN3,13427,5672,4348,58,1261,2062,26
DN31,6705,1465,1262,18,1299,2656,5
DN32,11613,3019,2872,45,1677,3986,14
DN33,9126,3175,2905,52,1746,1241,7
DN34,7220,2602,2297,85,989,1241,6
DN35,15228,5577,4105,48,1407,4085,6
DN36,9047,4427,3119,90,438,972,1
DN37,11934,5125,3866,43,1211,1680,9
DN38,1134,519,337,3,85,189,1
DN39,1277,541,424,5,127,180,0
DN4,22649,7509,6559,89,3555,4867,70
DN40,4769,1718,1435,9,871,734,2
DN41,116,36,74,0,0,6,0
DN5,18285,6629,5770,121,2424,3304,37
DN6,12535,4087,3644,59,2567,2135,43
DN7,9264,3332,2758,31,1697,1422,24
DN8,8042,2795,2168,59,1539,1456,25
DN9,8422,3714,2996,31,663,1014,4
DT1,10379,4330,2250,177,1781,1841,0
DT10,5528,2741,1196,42,765,784,0
DT11,12543,5234,3206,114,1841,2136,12
DT2,11077,5151,2748,121,1150,1907,0
DT3,11948,5599,3083,126,1297,1841,2
DT4,16769,6276,4012,168,2482,3828,3
DT5,5504,2204,1389,31,717,1162,1
DT6,10737,5551,1861,105,1512,1708,0
DT7,2839,1584,539,28,347,341,0
DT8,2748,1388,511,21,410,417,1
DT9,9265,4240,1907,99,1363,1653,3
DY1,16259,4393,4102,102,4618,2979,65
DY10,18128,6703,5120,140,2723,3426,16
DY11,13663,5109,4011,155,2353,2013,22
DY12,6599,3593,1547,66,478,912,3
DY13,9744,4408,2751,121,1125,1333,6
DY14,3995,2045,999,21,352,578,0
DY2,12860,3744,3374,42,3354,2260,86
DY3,16026,6683,4532,103,3059,1607,42
DY4,19166,4604,4884,110,6363,3093,112
DY5,18615,6060,5409,125,4155,2798,68
DY6,13024,6545,4216,55,943,1248,17
DY7,3360,1686,957,6,343,367,1
DY8,21464,8802,6806,56,2924,2831,45
DY9,11547,4676,3351,65,1891,1537,27
E1,36885,2984,4732,830,13099,15131,109
E10,19002,3227,4758,405,4043,6536,33
E11,22130,5008,5822,145,4161,6967,27
E12,12967,2541,2505,130,2860,4888,43
E13,18257,2450,3323,349,5738,6316,81
E14,43649,3250,6766,1146,13787,18627,73
E15,23053,2300,3818,786,7247,8809,93
E16,23318,1481,4017,839,7670,9266,45
E17,40862,6770,11966,823,9291,11945,67
E18,8371,2248,2711,65,704,2630,13
E1W,414,22,44,29,165,154,0
E2,19729,1545,2760,539,8327,6494,64
E20,2997,63,257,185,777,1711,4
E3,25181,1845,4504,864,10162,7755,51
E4,25574,7615,8448,392,4720,4368,31
E5,20634,2255,3312,326,8615,6088,38
E6,23907,3739,5137,249,5981,8751,50
E7,14743,2941,2868,178,2957,5763,36
E8,21036,1837,3114,535,8512,6985,53
E9,14633,1102,2039,427,7753,3277,35
EC1A,1511,258,201,15,132,905,0
EC1M,1439,208,238,1,298,694,0
EC1N,1374,129,109,7,557,566,6
EC1R,2967,309,339,22,1515,772,10
EC1V,8690,771,917,248,3594,3139,21
EC1Y,2048,315,219,22,940,545,7
EC2A,693,116,88,5,39,445,0
EC2P,243,39,31,2,2,169,0
EC2Y,919,398,196,1,27,296,1
EC3N,160,24,14,0,4,118,0
EC4A,109,18,12,0,2,77,0
EC4Y,98,29,21,0,3,45,0
EN1,20171,5565,6055,148,3296,5072,35
EN10,7872,2791,2866,58,957,1198,2
EN11,9194,3113,3189,63,1174,1650,5
EN2,12161,4260,3987,76,1190,2634,14
EN3,21207,4080,4906,390,5018,6738,75
EN4,12246,4069,3968,108,1048,3040,13
EN5,16076,5218,5025,155,2127,3543,8
EN6,12086,4961,3882,44,1396,1796,7
EN7,8839,3308,3533,127,1050,821,0
EN8,15040,4447,4939,172,2571,2896,15
EN9,9857,3244,3168,78,2010,1337,20
EX1,13921,3738,3932,233,2732,3260,26
EX10,8979,5138,1634,96,851,1248,12
EX11,4158,1933,1192,76,358,596,3
EX12,5087,2754,909,36,422,963,3
EX13,7790,3867,1708,103,942,1167,3
EX14,10070,4654,2646,74,941,1751,4
EX15,10187,3819,3189,160,1197,1805,17
EX16,15313,6076,3898,140,2101,3075,23
EX17,9210,3906,2551,78,990,1676,9
EX18,1897,967,446,20,142,321,1
EX19,1725,917,391,4,104,309,0
EX2,20083,6928,5766,216,2857,4296,20
EX20,10169,4527,2467,80,954,2139,2
EX21,1909,1042,439,8,115,305,0
EX22,5277,2631,1090,44,422,1089,1
EX23,7063,3311,1425,86,887,1346,8
EX3,1979,1061,426,9,113,369,1
EX31,13799,6110,3604,268,1460,2353,4
EX32,10014,3390,2716,72,1606,2226,4
EX33,4827,2300,1368,27,338,792,2
EX34,6813,2739,1537,28,601,1905,3
EX35,725,344,133,3,55,188,2
EX36,4250,1802,984,47,509,904,4
EX37,1148,611,295,6,66,170,0
EX38,3899,1738,1019,20,344,777,1
EX39,17244,7331,4253,196,1844,3616,4
EX4,20827,6241,5172,221,3408,5766,19
EX5,9387,3246,3249,320,1206,1355,11
EX6,6593,3083,1843,68,537,1062,0
EX7,6632,2960,1506,132,692,1341,1
EX8,16882,7419,4311,113,1862,3159,18
EX9,3168,1836,606,32,269,423,2
FY0,129,40,31,1,3,54,0
FY1,17366,3865,3240,74,1766,8409,12
FY2,11506,4172,3375,53,1183,2711,12
FY3,13934,4324,4120,31,1915,3521,23
FY4,20500,7150,6052,44,1879,5361,14
FY5,20594,9328,6241,103,816,4100,6
FY6,13459,6733,3964,90,625,2041,6
FY7,11541,3953,2795,45,2013,2732,3
FY8,21267,9536,5230,103,1576,4818,4
GL1,18380,4527,4516,197,2901,6215,24
GL10,7506,2833,2453,170,1179,858,13
GL11,8835,3605,2746,108,1286,1070,20
GL12,5880,2397,2013,67,649,745,9
GL13,2457,935,766,39,309,403,5
GL14,7373,2967,2077,33,1082,1210,4
GL15,10165,4495,2966,105,1358,1240,1
GL16,6115,2708,1608,42,962,791,4
GL17,5505,2719,1651,43,510,581,1
GL18,4135,1857,1032,49,506,689,2
GL19,4349,2098,1287,42,363,559,0
GL2,23923,8215,9243,487,1961,4001,16
GL20,12858,5001,3904,197,1717,2037,2
GL3,14941,5701,5046,184,1827,2178,5
GL4,19004,6845,6381,120,3138,2494,26
GL5,14653,5943,4392,113,1905,2284,16
GL50,13657,3991,3046,102,1088,5423,7
GL51,21782,7694,6259,212,3895,3689,33
GL52,21521,7881,7133,429,2400,3661,17
GL53,7572,3483,2593,31,365,1098,2
GL54,11522,4826,2850,245,1514,2084,3
GL55,2784,1266,655,75,432,356,0
GL56,4361,1652,1045,119,752,792,1
GL6,9679,4558,2871,53,874,1308,15
GL7,20585,8083,5298,425,3287,3486,6
GL8,4218,1632,1140,95,659,691,1
GL9,713,290,190,3,68,162,0
GU1,15327,4300,4203,262,2245,4292,25
GU10,12662,5227,4681,136,916,1697,5
GU11,11531,2185,3371,258,1916,3786,15
GU12,12580,3831,4811,162,1892,1873,11
GU13,15100,5947,5773,178,1067,2133,2
GU14,22806,6592,8502,364,3598,3742,8
GU15,19636,6648,7205,152,2240,3382,9
GU16,8586,3227,3350,73,646,1286,4
GU17,13664,5765,5405,105,963,1425,1
GU18,3104,1389,1142,9,132,432,0
GU19,2606,880,972,30,304,420,0
GU2,11718,3345,3397,198,1999,2772,7
GU20,1835,778,732,2,81,242,0
GU21,21182,6472,7203,230,2883,4363,31
GU22,14566,4833,4906,69,1400,3351,7
GU23,3146,1353,1093,27,304,365,4
GU24,6222,2228,2366,132,473,1022,1
GU25,2641,1029,908,42,120,542,0
GU26,3621,1493,1196,38,320,569,5
GU27,7833,2926,2783,70,980,1073,1
GU28,3088,1241,652,13,512,669,1
GU29,4527,1737,1044,52,780,913,1
GU3,3627,1740,1180,26,310,370,1
GU30,4127,1638,1425,70,492,502,0
GU31,6156,2692,1731,86,751,896,0
GU32,4787,1728,1267,39,783,970,0
GU33,3367,1492,1091,13,335,435,1
GU34,14302,5651,4387,248,2020,1995,1
GU35,9189,3089,3444,136,1412,1104,4
GU4,5560,2164,1963,75,433,921,4
GU47,81,6,25,11,31,8,0
GU5,4639,2018,1471,46,502,598,4
GU51,2195,362,1102,148,160,423,0
GU52,545,36,304,64,112,29,0
GU6,6600,2988,1812,154,841,801,4
GU7,10179,3263,3561,111,1357,1882,5
GU8,6607,2639,2247,90,856,767,8
GU9,11602,4059,3762,127,1792,1847,15
HA0,18054,4449,4138,390,2408,6660,9
HA1,17576,3901,4387,261,1829,7164,34
HA2,20697,5870,6434,209,2359,5792,33
HA3,25456,8014,6626,287,3083,7396,50
HA4,21200,7322,7737,169,1866,4088,18
HA5,17000,6632,5665,96,1484,3106,17
HA6,8949,3030,2597,28,988,2306,0
HA7,13554,4546,4068,166,1406,3349,19
HA8,24145,6394,6149,362,4041,7175,24
HA9,17940,3979,3204,390,3014,7333,20
HD1,14715,3814,2973,37,2551,5287,53
HD2,11275,3554,3341,50,2188,2104,38
HD3,14311,4882,4778,73,1723,2825,30
HD4,11502,4121,3185,38,2014,2116,28
HD5,12923,4541,3739,47,2175,2390,31
HD6,12525,4821,3763,27,1670,2238,6
HD7,24392,10271,8430,105,1758,3802,26
HD8,13989,6206,4958,53,926,1828,18
HD9,127,35,54,0,25,12,1
HG1,17592,5996,4990,135,1919,4527,25
HG2,13593,5747,4294,99,1130,2316,7
HG3,12287,5334,3764,135,1128,1909,17
HG4,11100,4658,2749,64,1352,2267,10
HG5,8542,3872,2614,81,821,1144,10
HP1,12418,3675,4027,77,2750,1870,19
HP10,9709,3992,3622,53,755,1283,4
HP11,7908,1639,2448,124,1134,2560,3
HP12,7699,1975,2626,99,1330,1664,5
HP13,16494,4322,5695,295,2878,3287,17
HP14,8137,3266,2891,63,748,1162,7
HP15,6462,3117,2462,25,354,504,0
HP16,5265,2299,1815,13,454,682,2
HP17,11231,4775,3703,144,1191,1412,6
HP18,9125,2658,3812,277,1191,1184,3
HP19,11246,2477,4105,190,2216,2248,10
HP2,17192,3980,5016,144,5315,2716,21
HP20,6365,1757,2104,153,993,1353,5
HP21,13423,3987,4554,229,2299,2340,14
HP22,11462,4309,4328,142,1275,1403,5
HP23,8055,3244,2792,46,877,1090,6
HP3,13258,3951,4758,73,2533,1930,13
HP4,10207,4061,3477,42,1331,1287,9
HP5,10766,3613,3552,70,2057,1468,6
HP6,6592,2460,2193,76,972,890,1
HP7,3924,1515,1349,52,438,570,0
HP8,2698,1222,1043,21,183,229,0
HP9,6707,2718,2221,24,776,968,0
HR1,16181,6656,4168,200,2056,3097,4
HR2,16812,6103,4343,175,3367,2808,16
HR3,3937,2096,752,15,332,739,3
HR4,12921,5118,3372,175,1539,2712,5
HR5,2922,1364,520,26,266,746,0
HR6,8874,3802,1877,79,1236,1879,1
HR7,4016,1823,912,59,548,673,1
HR8,6583,3086,1351,75,736,1333,2
HR9,8956,4102,2086,73,1111,1582,2
HU1,4063,344,356,9,1506,1830,18
HU10,9220,4298,3172,32,690,1018,10
HU11,7853,3911,2305,6,545,1080,6
HU12,11000,4902,3513,37,938,1594,16
HU13,6660,2309,2430,23,701,1183,14
HU14,3766,1826,1384,10,156,389,1
HU15,10086,4246,3825,46,579,1379,11
HU16,7447,3500,2277,32,745,885,8
HU17,18676,7947,5521,97,2081,2985,45
HU18,3710,1781,882,10,390,643,4
HU19,3089,1322,584,9,397,772,5
HU2,1838,205,194,3,855,564,17
HU20,129,74,34,0,14,7,0
HU3,13103,2134,2393,99,3834,4577,66
HU4,10472,3047,3021,101,2408,1857,38
HU5,21888,5817,5681,84,2847,7417,42
HU6,13685,3344,2870,39,4880,2512,40
HU7,19919,4807,6871,39,5370,2781,51
HU8,15192,4399,4566,106,3164,2871,86
HU9,17066,3430,3755,113,6331,3388,49
HX1,12359,3618,2999,21,1848,3849,24
HX2,15995,5391,4949,69,2975,2601,10
HX3,18101,6342,5559,57,2561,3576,6
HX4,4657,1680,1712,47,418,800,0
HX5,3877,1143,1015,32,751,934,2
HX6,8071,2556,2635,45,1197,1635,3
HX7,5971,2541,1636,31,680,1081,2
IG1,22647,4785,4840,314,2800,9843,65
IG10,13851,4345,4905,54,2383,2139,25
IG11,22202,2838,5491,664,6814,6341,54
IG2,11169,3071,3453,73,877,3662,33
IG3,10336,2666,2859,44,735,4017,15
IG4,3067,1023,1101,11,135,790,7
IG5,5784,1894,2176,27,722,955,10
IG6,11090,2968,3543,131,1700,2717,31
IG7,7998,2461,2927,165,1199,1230,16
IG8,13686,4459,4790,62,1915,2440,20
IG9,5016,1774,1850,17,380,993,2
IP1,18734,5199,4942,97,3723,4743,30
IP10,4990,2104,1628,34,508,713,3
IP11,11448,4868,2557,24,1811,2185,3
IP12,11648,5401,2857,52,1332,2003,3
IP13,8612,3990,2211,50,1110,1250,1
IP14,18956,7601,6015,214,2296,2811,19
IP15,1517,809,204,2,205,297,0
IP16,3138,1360,621,11,592,553,1
IP17,5614,2674,1128,32,940,837,3
IP18,2055,1159,332,20,318,226,0
IP19,4625,2385,907,14,583,735,1
IP2,13849,3750,3225,104,4347,2370,53
IP20,4016,1886,972,74,509,572,3
IP21,5467,2616,1377,46,656,767,5
IP22,10111,4579,2478,75,1273,1702,4
IP23,2806,1343,791,19,315,335,3
IP24,12319,3443,3175,80,2485,3127,9
IP25,9244,3974,2451,97,1113,1599,10
IP26,4390,1856,1191,11,392,939,1
IP27,8509,2861,2113,59,1083,2388,5
IP28,13393,3828,3567,324,1881,3783,10
IP29,3952,1919,1147,17,439,429,1
IP3,15386,4662,4486,82,2792,3337,27
IP30,6305,2765,1914,86,833,700,7
IP31,8455,3819,2428,84,843,1273,8
IP32,7956,2122,2251,179,1711,1682,11
IP33,10506,4171,2186,54,1873,2220,2
IP4,15338,5264,4695,67,1738,3556,18
IP5,7332,3352,2373,21,337,1249,0
IP6,7394,3091,2565,55,687,987,9
IP7,6600,2849,1608,45,923,1155,20
IP8,4317,1716,1540,29,410,617,5
IP9,4863,2392,1417,50,425,573,6
KT1,11258,2306,2888,89,1976,3977,22
KT10,9080,3549,3634,63,635,1197,2
KT11,6653,2507,2250,31,689,1175,1
KT12,17146,5155,6130,307,2425,3122,7
KT13,9172,3020,3231,60,622,2236,3
KT14,5522,1907,2122,29,537,922,5
KT15,12203,4156,4557,286,1407,1784,13
KT16,8389,2835,2820,79,1217,1428,10
KT17,11756,4429,4433,92,598,2204,0
KT18,8116,3076,2998,65,840,1132,5
KT19,14109,4901,5489,235,1641,1841,2
KT2,12939,3826,4062,136,1273,3621,21
KT20,8071,3483,2848,123,796,819,2
KT21,5719,2538,2087,37,467,590,0
KT22,10041,3818,3415,132,1061,1613,2
KT23,4485,2080,1331,32,598,444,0
KT24,3188,1534,1155,21,189,289,0
KT3,14986,4739,5130,116,1442,3536,23
KT4,11083,3963,4337,66,761,1955,1
KT5,8758,2541,2937,26,895,2344,15
KT6,13231,3274,4557,72,1098,4226,4
KT7,3504,1162,1579,7,241,511,4
KT8,8505,3010,3166,119,848,1356,6
KT9,7660,2536,3022,57,962,1077,6
L1,6457,436,546,106,1050,4308,11
L10,7097,2603,2329,27,998,1133,7
L11,13646,2707,3024,37,5986,1872,20
L12,13371,5106,4753,64,1495,1951,2
L13,14785,3854,3418,55,3121,4310,27
L14,12088,3110,3631,55,3571,1705,16
L15,13025,3235,3116,69,2054,4538,13
L16,5661,2771,2298,10,164,414,4
L17,11768,3041,2977,85,2251,3414,0
L18,10151,4237,3776,44,587,1502,5
L19,9920,3036,3112,69,1916,1781,6
L2,1773,131,187,5,39,1410,1
L20,17388,3537,3572,101,6140,4020,18
L21,10614,2712,2651,42,3240,1964,5
L22,6736,2151,2147,36,649,1752,1
L23,12551,5321,4215,32,1404,1575,4
L24,7677,1549,1812,44,3083,1186,3
L25,15149,5422,4358,253,3409,1701,6
L26,6052,2087,2135,78,1120,627,5
L27,2660,668,555,39,1104,290,4
L28,2747,484,343,34,1594,291,1
L3,6735,717,840,50,1884,3239,5
L30,8880,2574,2473,106,2639,1080,8
L31,13218,6281,4902,72,689,1274,0
L32,9415,2457,2486,107,2921,1433,11
L33,7436,1499,2134,34,2304,1443,22
L34,7413,2259,2496,29,1171,1444,14
L35,13151,5136,4258,126,2030,1589,12
L36,16363,4701,5006,164,4323,2145,24
L37,10021,5523,3123,37,364,973,1
L38,995,590,324,2,14,65,0
L39,12037,5298,3737,151,1130,1701,20
L4,18940,4265,3216,87,6143,5203,26
L40,8468,3862,2905,63,657,968,13
L5,5440,765,553,28,2826,1260,8
L6,9814,1568,1186,67,2992,3969,32
L67,100,8,19,0,3,70,0
L68,235,61,110,0,5,59,0
L69,2541,152,159,15,1275,929,11
L7,6569,923,738,42,2138,2715,13
L70,55,3,2,0,45,4,1
L8,11732,1219,1095,106,5920,3366,26
L9,11787,3514,3456,100,1874,2834,9
LA1,22911,6999,6533,217,3589,5537,36
LA10,1665,895,318,8,146,298,0
LA11,5401,2972,1190,33,326,879,1
LA12,9393,4325,2787,40,825,1410,6
LA13,9472,3972,3557,15,857,1057,14
LA14,16634,6027,4760,32,2333,3462,20
LA15,3376,1360,1224,4,224,564,0
LA16,1406,685,530,2,32,155,2
LA17,555,293,159,3,23,77,0
LA18,3708,1733,964,10,492,505,4
LA19,337,167,67,1,56,46,0
LA2,9652,4869,2755,97,492,1437,2
LA20,508,272,120,2,39,75,0
LA21,639,263,78,3,132,163,0
LA22,2178,846,279,9,528,516,0
LA23,3647,1564,700,21,539,820,3
LA3,11200,4184,3360,64,800,2789,3
LA4,11285,4546,2836,91,1076,2733,3
LA5,7716,4085,2217,37,454,922,1
LA6,5170,2546,1348,37,357,881,1
LA7,2098,1056,547,10,196,289,0
LA8,3787,1958,958,27,222,620,2
LA9,14100,6023,3850,99,1882,2232,14
LD1,5955,2942,1089,15,660,1240,9
LD2,2575,1286,525,8,224,531,1
LD3,8332,3779,1719,22,1257,1543,12
LD4,353,204,68,2,18,61,0
LD5,386,206,73,0,49,58,0
LD6,1241,564,216,2,167,289,3
LD7,2167,1135,395,4,256,374,3
LD8,1619,867,275,3,187,283,4
LE1,8371,603,583,27,2586,4553,19
LE10,23535,8858,8398,213,2288,3756,22
LE11,24478,7721,6187,215,4272,6047,36
LE12,30071,12094,10811,314,2721,4114,17
LE13,12537,4851,3735,133,1576,2229,13
LE14,8097,3510,2549,88,679,1264,7
LE15,14786,6445,3945,210,1560,2616,10
LE16,16662,6847,5494,274,1537,2505,5
LE17,9586,3872,3254,181,1008,1270,1
LE18,14442,6010,4643,143,1360,2265,21
LE19,8042,2923,3148,87,761,1121,2
LE2,45545,13550,11194,176,7827,12709,89
LE3,42563,11794,11299,225,8096,11047,102
LE4,38021,12041,10044,219,7736,7897,84
LE5,29292,8759,8217,252,5326,6652,86
LE55,226,65,83,1,16,61,0
LE6,36476,14358,12319,414,4933,4417,35
LE65,332,51,178,11,56,36,0
LE67,2408,705,1272,42,129,260,0
LE7,20011,8227,7341,294,1690,2450,9
LE8,16787,6790,6165,259,1666,1905,2
LE9,23527,9117,8404,349,2668,2978,11
LL11,19929,6631,6197,80,3662,3311,48
LL12,11123,4966,3436,26,1489,1182,24
LL13,13400,4071,3115,43,3406,2711,54
LL14,14612,4767,3974,46,3674,2093,58
LL15,5081,2254,1345,13,607,861,1
LL16,6768,2769,1835,27,1045,1075,17
LL17,2593,1061,729,6,296,497,4
LL18,18169,6437,4791,144,2619,4143,35
LL19,8816,3885,2321,78,776,1742,14
LL20,3187,1393,813,7,470,496,8
LL21,2793,1239,632,7,376,536,3
LL22,8871,4149,2172,54,909,1581,6
LL23,1653,748,301,6,287,307,4
LL24,1033,444,234,1,149,205,0
LL25,208,91,51,0,35,31,0
LL26,1861,787,443,5,254,367,5
LL27,284,132,74,0,40,38,0
LL28,6799,3131,1641,31,628,1361,7
LL29,7993,2732,2173,39,1319,1725,5
LL30,10536,4735,2119,62,1417,2192,11
LL31,4143,1819,1276,14,364,667,3
LL32,2828,1332,718,16,330,430,2
LL33,2050,888,514,7,239,402,0
LL34,1971,786,531,11,279,364,0
LL35,514,290,88,4,64,68,0
LL36,2045,1032,318,5,273,414,3
LL37,343,181,60,0,41,61,0
LL38,364,246,36,0,20,61,1
LL39,147,91,12,1,8,35,0
LL40,1944,1027,359,7,245,304,2
LL41,2802,1330,577,9,463,420,3
LL42,1040,422,169,2,178,267,2
LL43,241,151,43,3,9,34,1
LL44,363,198,63,3,60,39,0
LL45,450,266,77,1,42,64,0
LL46,941,518,165,2,116,140,0
LL48,1298,652,280,5,182,174,5
LL49,1729,827,330,5,261,303,3
LL51,519,273,114,1,67,64,0
LL52,1303,721,218,2,137,225,0
LL53,6889,3220,1297,28,1039,1291,14
LL54,5073,2336,1341,23,791,571,11
LL55,9157,3604,2492,26,1845,1163,27
LL56,1051,409,303,1,78,257,3
LL57,9756,2919,2286,26,2239,2261,25
LL58,1846,949,334,8,262,285,8
LL59,2454,1244,600,6,240,364,0
LL60,1406,624,447,5,132,198,0
LL61,2407,1166,611,6,298,313,13
LL62,1176,516,243,2,152,257,6
LL63,731,362,172,0,98,99,0
LL64,281,137,52,1,34,53,4
LL65,10633,4134,2555,35,2039,1828,42
LL66,880,450,222,0,98,109,1
LL67,466,219,95,0,82,69,1
LL68,2266,1029,488,3,333,410,3
LL69,145,53,39,0,29,24,0
LL70,155,92,22,0,4,37,0
LL71,841,391,177,3,140,127,3
LL72,292,158,52,0,52,30,0
LL73,211,127,62,1,2,19,0
LL74,1203,759,240,4,55,144,1
LL75,620,299,145,3,53,118,2
LL76,173,110,44,0,0,19,0
LL77,2635,941,663,6,706,307,12
LN1,14769,4672,3595,201,2164,4100,37
LN10,3409,1869,784,50,254,452,0
LN11,14027,6088,3395,159,1693,2683,9
LN12,6858,3898,928,64,741,1223,4
LN13,3712,1873,718,29,415,677,0
LN2,18437,6021,4895,192,3533,3755,41
LN3,7400,3323,2301,65,646,1060,5
LN4,17771,7360,5374,165,1764,3084,24
LN5,14431,4422,3897,119,1761,4200,32
LN6,26265,9409,8877,267,3752,3907,53
LN7,3045,1311,802,17,369,544,2
LN8,3730,1644,995,43,374,670,4
LN9,4282,1884,984,47,517,849,1
LS1,6208,571,882,33,1015,3697,10
LS10,16847,3082,4534,103,5580,3479,69
LS11,16276,2850,2877,89,4370,6031,59
LS12,19664,4387,5017,99,5401,4701,59
LS13,17259,4093,5362,95,4791,2863,55
LS14,17521,3738,5085,152,6577,1913,56
LS15,15201,6400,4973,35,1867,1905,21
LS16,17584,6414,5658,89,3086,2295,42
LS17,18543,7160,6444,75,2043,2800,21
LS18,9219,3232,3458,46,1106,1366,11
LS19,8791,3188,3121,38,1289,1146,9
LS2,3853,158,254,10,682,2746,3
LS20,5456,2278,2023,28,511,608,8
LS21,8193,3488,2531,60,1044,1052,18
LS22,7349,3419,2308,51,745,818,8
LS23,4027,1734,1334,44,439,469,7
LS24,5685,2123,1936,37,751,830,8
LS25,19163,7402,7140,143,2227,2226,25
LS26,13719,4912,5044,62,2147,1538,16
LS27,16957,5082,5986,69,2271,3525,24
LS28,16722,5539,6201,107,1995,2847,33
LS29,14220,6701,4511,131,997,1875,5
LS3,750,76,46,2,267,358,1
LS4,4159,657,771,33,725,1970,3
LS5,3061,574,820,2,848,811,6
LS6,17262,2436,2687,82,3024,9003,30
LS7,13117,2592,3040,89,4307,3033,56
LS8,18824,5200,5393,75,3317,4794,45
LS9,17140,2092,2552,157,7248,5004,87
LU1,18872,3483,3686,128,3926,7608,41
LU2,24882,7354,7762,129,2841,6769,27
LU3,22140,6751,7049,81,3064,5150,45
LU4,17898,4691,5466,140,3617,3965,19
LU5,17413,5069,6279,247,3156,2648,14
LU6,13387,5028,4766,162,1617,1800,14
LU7,25378,8578,9851,369,3028,3528,24
M1,7677,590,1000,52,911,5120,4
M10,20996,4112,4418,98,8097,4196,75
M11,9759,1257,1611,124,4113,2640,14
M12,8222,940,1407,33,3349,2468,25
M13,7232,870,1136,22,2287,2900,17
M14,17694,2227,2346,114,5005,7951,51
M15,10945,795,1427,61,3445,5203,14
M16,14412,3036,3169,95,3581,4497,34
M17,981,227,294,1,104,355,0
M18,9820,1515,1790,145,3337,2996,37
M19,14027,3146,4163,172,3002,3528,16
M2,187,27,37,1,0,122,0
M20,20834,4551,5876,109,3100,7188,10
M21,11964,3052,3743,68,2089,3004,8
M22,18910,3368,4001,209,8262,3034,36
M23,14477,2826,3676,162,5703,2086,24
M24,22972,6965,7099,125,5119,3628,36
M25,22774,7551,7709,76,3451,3968,19
M26,15015,4286,4680,64,2776,3172,37
M27,19171,5977,6118,104,3672,3250,50
M28,24787,7289,7951,183,5533,3772,59
M29,20006,6918,6530,140,3322,3034,62
M3,9119,590,1096,30,1526,5866,11
M30,26230,6148,7430,132,7272,5172,76
M31,20701,7702,7408,230,3118,2229,14
M32,11303,3152,3958,45,2336,1806,6
M33,25257,9003,8800,136,3415,3890,13
M34,21655,7596,6933,76,3834,3194,22
M35,19205,6339,6038,48,3015,3747,18
M4,8542,411,1435,55,810,5826,5
M40,461,80,109,0,102,168,2
M41,126,18,16,0,79,13,0
M43,272,116,99,0,3,54,0
M44,441,64,256,1,7,112,1
M46,529,50,317,4,19,138,1
M5,11934,1164,1749,70,3502,5409,40
M50,1811,61,109,4,92,1544,1
M6,13132,2756,2899,81,3895,3451,50
M7,12168,1846,2047,73,4346,3816,40
M8,10141,2049,2036,91,2277,3668,20
M9,16061,2854,3286,149,6082,3615,75
ME1,15096,4290,5007,365,2305,3124,5
ME10,21200,6537,7626,351,2827,3852,7
ME11,2000,540,554,46,345,515,0
ME12,16351,5768,4710,154,2025,3689,5
ME13,12682,4914,3757,141,1894,1974,2
ME14,16075,5306,5242,171,1571,3782,3
ME15,21764,6503,6924,441,4758,3126,12
ME16,13545,4424,4621,319,1291,2887,3
ME17,10260,4227,3576,201,1016,1237,3
ME18,3234,1384,1049,37,296,468,0
ME19,10373,3249,4241,230,1541,1107,5
ME2,16709,5281,6246,274,2302,2603,3
ME20,8574,2959,3187,167,1379,880,2
ME3,11677,4479,4563,191,1240,1200,4
ME4,13476,2527,3591,265,2742,4331,20
ME5,20891,6893,8211,241,2536,3003,7
ME6,4619,1294,1639,112,914,659,1
ME7,19742,5129,5740,280,2417,6159,17
ME8,20517,8333,7338,129,2000,2698,19
ME9,8100,2982,2968,140,929,1079,2
MK1,4608,1114,1114,102,942,1318,18
MK10,8844,937,3537,1006,1407,1957,0
MK11,5052,1493,1701,268,722,857,11
MK12,7103,1675,2278,325,1339,1475,11
MK13,6793,1680,1840,374,1508,1379,12
MK14,7743,1884,2106,341,1772,1633,7
MK15,3005,1084,886,271,282,480,2
MK16,8490,3293,2969,126,656,1441,5
MK17,9068,3227,3255,183,995,1406,2
MK18,13911,5229,4676,237,1685,2076,8
MK19,5086,1754,2059,158,533,582,0
MK2,5357,1240,1373,119,1508,1102,15
MK3,10094,3009,3520,378,1719,1446,22
MK4,9193,1623,3376,875,1386,1930,3
MK40,17878,3954,4626,379,2981,5920,18
MK41,17526,6770,5431,202,2757,2364,2
MK42,21559,5043,7119,508,4690,4182,17
MK43,16354,5648,6714,508,1811,1669,4
MK44,7127,3187,2324,75,709,830,2
MK45,20176,7802,7593,325,2090,2360,6
MK46,3810,1590,1182,35,270,731,2
MK5,5956,1386,1866,575,913,1213,3
MK6,10037,1553,1578,461,3736,2681,28
MK7,5791,1238,1688,602,946,1314,3
MK8,4662,836,1701,699,439,986,1
MK9,1972,121,194,147,360,1146,4
N1,41483,4536,5710,908,17289,12946,94
N10,11808,3067,3392,84,1653,3589,23
N11,13729,3407,3556,202,2145,4402,17
N12,13009,3621,3348,114,1152,4753,21
N13,13853,4049,3833,147,1342,4469,13
N14,10636,3697,3211,59,760,2904,5
N15,20601,2654,3118,431,5972,8333,93
N16,23722,3055,4156,360,7843,8265,43
N17,25269,3126,3848,530,9566,8037,162
N18,11899,2179,2196,102,3282,4065,75
N19,17879,2319,3074,186,7180,5018,102
N1C,544,37,20,33,336,117,1
N2,10334,2979,2668,60,1625,2990,12
N20,6678,2240,2245,112,552,1528,1
N21,8062,3050,2850,59,382,1718,3
N22,16232,2803,2978,207,4160,6023,61
N3,10410,3128,2580,39,553,4108,2
N4,23208,2878,4185,402,6881,8792,70
N5,10517,1605,2177,188,3211,3314,22
N6,8107,2277,1922,112,1141,2640,15
N7,20865,2052,2892,454,8746,6648,73
N8,16012,2945,4010,280,3254,5489,34
N9,17202,3381,3248,210,4434,5875,54
NE1,6516,591,645,42,1984,3246,8
NE10,17115,4607,4245,42,5811,2383,27
NE11,7470,2392,2370,40,1515,1145,8
NE12,17686,5354,5915,152,4074,2177,14
NE13,10007,3249,4390,47,1159,1157,5
NE15,16160,4883,4506,41,4061,2626,43
NE16,10976,4759,3472,28,1366,1343,8
NE17,2384,837,570,10,440,526,1
NE18,412,141,121,2,83,65,0
NE19,1889,802,417,6,138,526,0
NE2,10535,2223,1663,70,1676,4886,17
NE20,4731,2555,1525,3,210,438,0
NE21,8243,2606,2657,31,1843,1101,5
NE22,9272,3057,2709,51,1850,1600,5
NE23,18077,6276,5720,97,3796,2163,25
NE24,18104,5484,5155,76,4485,2868,36
NE25,14454,5930,4972,83,1850,1602,17
NE26,7582,3270,2618,24,550,1117,3
NE27,6752,1550,2881,58,1412,851,0
NE28,21734,5789,6138,120,5739,3925,23
NE29,17640,4957,4433,68,4693,3473,16
NE3,21517,7590,6179,86,3911,3727,24
NE30,9264,3789,2874,29,1090,1481,1
NE31,10998,2617,3481,45,3463,1369,23
NE32,10525,3028,2560,22,3879,1028,8
NE33,14531,4147,3432,133,3355,3453,11
NE34,22368,6550,5539,115,7833,2313,18
NE35,3152,1014,938,4,790,405,1
NE36,2976,1324,1034,4,378,235,1
NE37,9609,2747,2383,29,3112,1332,6
NE38,13056,4679,3856,59,2995,1463,4
NE39,3612,1486,1047,17,705,356,1
NE4,13745,2043,2172,27,5375,4057,71
NE40,6701,2594,2188,31,1055,831,2
NE41,819,423,246,1,58,91,0
NE42,5385,1881,1651,31,1162,659,1
NE43,2015,987,599,31,136,262,0
NE44,690,381,191,5,23,90,0
NE45,1528,747,328,8,223,221,1
NE46,7074,3048,1591,48,1110,1273,4
NE47,3152,1364,757,46,398,585,2
NE48,1319,543,283,15,224,253,1
NE49,1633,701,330,2,315,285,0
NE5,20949,6132,5559,175,6177,2862,44
NE6,22894,4154,4212,94,9082,5279,73
NE61,16015,6737,4804,79,2112,2275,8
NE62,3932,1536,1078,3,772,543,0
NE63,12959,3815,3433,77,2797,2826,11
NE64,2511,918,472,5,635,476,5
NE65,9331,4226,2236,70,1533,1262,4
NE66,8089,3142,1595,35,1478,1836,3
NE67,480,228,77,3,35,137,0
NE68,862,426,157,9,142,127,1
NE69,181,81,27,8,23,42,0
NE7,5959,2335,2147,15,592,863,7
NE70,946,405,164,4,170,203,0
NE71,1397,565,196,3,298,335,0
NE8,14046,2282,2850,55,4027,4779,53
NE9,15408,5006,4312,51,4284,1725,30
NG1,7196,595,561,33,1697,4297,13
NG10,21306,7695,7066,131,2626,3776,12
NG11,16933,5661,5168,195,3194,2684,31
NG12,16501,7287,5557,249,1624,1781,3
NG13,9568,4137,3174,97,771,1384,5
NG14,8745,4298,2848,35,590,968,6
NG15,20132,7430,7099,90,2395,3093,25
NG16,27577,11327,8822,101,3470,3826,31
NG17,32550,11487,9663,128,5391,5798,83
NG18,22027,6919,6321,57,3866,4811,53
NG19,21731,8226,6694,139,3136,3476,60
NG2,24049,6886,6739,131,3581,6685,27
NG20,11992,3877,3161,49,2390,2487,28
NG21,10381,3603,3654,92,1472,1549,11
NG22,12709,5040,3753,63,1884,1954,15
NG23,7711,3806,2452,56,576,816,5
NG24,20840,7026,6025,200,3367,4191,31
NG25,3537,1728,931,35,357,483,3
NG3,22938,6607,6246,112,4730,5180,63
NG31,21243,6821,6279,169,3267,4657,50
NG32,5134,2360,1396,24,573,780,1
NG33,4239,1580,1283,33,568,769,6
NG34,18733,7272,5683,192,2260,3297,29
NG4,17520,6017,5957,116,2109,3313,8
NG5,37704,12182,11291,133,6719,7305,74
NG6,16495,4108,4185,66,4486,3596,54
NG7,19229,2574,2538,103,4276,9701,37
NG8,24352,6797,6878,87,6778,3747,65
NG9,30818,11578,9160,72,3728,6230,50
NN1,15786,2520,3216,219,2646,7134,51
NN10,17624,6070,6115,156,2292,2985,6
NN11,18068,5936,5826,240,3034,3022,10
NN12,11313,4189,4156,223,1284,1456,5
NN13,9296,3089,3797,143,852,1415,0
NN14,20639,7558,7331,289,2292,3151,18
NN15,17984,6189,6477,354,2219,2722,23
NN16,12469,2962,3256,109,2245,3862,35
NN17,14053,3899,4791,85,2561,2687,30
NN18,14979,3508,5260,105,2851,3230,25
NN2,17416,5232,5643,241,2564,3701,35
NN29,5256,2162,1758,23,467,844,2
NN3,29676,9319,9754,476,5212,4858,57
NN4,20414,5530,8182,275,2218,4191,18
NN5,18504,4940,6171,367,3449,3531,46
NN6,15146,6271,5368,182,1474,1848,3
NN7,11774,4760,4133,132,1421,1321,7
NN8,22559,6270,6521,358,4692,4700,18
NN9,11700,3983,4178,127,1753,1654,5
NP1,24886,9037,8090,142,4418,3187,12
NP10,3231,804,1687,16,210,512,2
NP11,390,112,182,3,31,61,1
NP12,13517,5099,4242,38,2499,1628,11
NP13,8769,3204,2170,11,1635,1745,4
NP15,4708,2369,1232,19,310,777,1
NP16,9761,3952,3012,36,1244,1511,6
NP18,7705,3289,2738,20,911,734,13
NP19,22867,6158,7167,186,4615,4693,48
NP2,11493,3942,2781,14,3133,1609,14
NP20,22643,6471,6243,176,5554,4125,74
NP23,14183,4794,3596,18,3618,2134,23
NP25,6528,2925,1687,32,971,910,3
NP26,9866,3979,3432,38,1403,1011,3
NP3,164,83,55,0,1,25,0
NP4,20472,7585,5937,96,4498,2336,20
NP44,20264,6586,6133,142,5167,2223,13
NP7,11660,5265,2806,34,1919,1628,8
NP8,2031,1051,453,4,272,250,1
NR1,16214,3768,3109,72,4131,5117,17
NR10,11192,4876,3368,99,1152,1697,0
NR11,9357,4610,2124,82,1087,1453,1
NR12,10195,5048,2284,54,1141,1667,1
NR13,13093,5953,4213,180,1368,1374,5
NR14,12034,5249,3944,106,1269,1464,2
NR15,7065,3231,2189,59,738,845,3
NR16,5225,2266,1591,22,463,881,2
NR17,7383,3037,2319,92,755,1178,2
NR18,8904,3409,2962,180,1095,1258,0
NR19,9430,3691,2539,46,1264,1887,3
NR2,14178,3281,2621,83,3543,4620,30
NR20,8634,4002,2446,63,942,1178,3
NR21,7638,3329,1696,58,1124,1424,7
NR22,297,98,39,0,78,82,0
NR23,1633,711,166,13,380,362,1
NR24,1984,874,502,12,218,377,1
NR25,4090,2222,566,49,717,535,1
NR26,3860,2202,611,12,357,677,1
NR27,5700,2869,904,28,620,1276,3
NR28,7393,3258,1769,49,1152,1162,3
NR29,9574,4971,2483,28,812,1270,10
NR3,15710,3016,3441,89,5045,4088,31
NR30,14251,4454,2369,47,2872,4467,42
NR31,22281,8396,6037,58,3726,4012,52
NR32,18099,6774,4241,76,3051,3938,19
NR33,18011,7713,4708,47,2106,3428,9
NR34,9710,4359,2334,60,1306,1638,13
NR35,4621,2050,1129,23,647,771,1
NR4,9616,3414,2237,79,2121,1756,9
NR5,12957,3161,2928,163,4276,2409,20
NR6,10164,4529,3219,35,1165,1214,2
NR7,13971,5846,4390,127,2070,1528,10
NR8,8932,3429,3392,60,665,1383,3
NR9,7544,3274,2433,66,845,923,3
NW1,27480,3601,2896,219,10914,9771,79
NW10,39657,5763,5735,907,13231,13936,85
NW11,13703,3730,2904,60,913,6087,9
NW2,26075,4988,4476,320,5519,10718,54
NW3,24117,5534,4072,140,4645,9691,35
NW4,12875,2854,2724,72,1185,6036,4
NW5,10092,1505,1558,74,4507,2406,42
NW6,28620,3856,4648,279,8496,11277,64
NW7,9873,2866,3383,93,1013,2515,3
NW8,13062,2352,1400,92,3833,5308,77
NW9,25737,5051,5904,674,5281,8788,39
OL1,11755,2384,2787,83,4208,2251,42
OL10,12612,3498,3681,59,2975,2377,22
OL11,20214,6416,5536,56,4161,3978,67
OL12,19204,5773,5791,83,3888,3616,53
OL13,7045,2218,2225,8,1217,1370,7
OL14,7244,2535,2200,44,984,1477,4
OL15,6671,2606,2306,11,544,1204,0
OL16,12609,3610,4017,26,2563,2377,16
OL2,17724,6895,5565,83,2514,2654,13
OL3,6887,3153,2248,29,529,927,1
OL4,16941,5589,5267,68,2922,3071,24
OL5,5459,1648,1857,11,887,1052,4
OL6,13353,3675,3278,31,3364,2991,14
OL7,6745,1791,1635,24,1998,1293,4
OL8,15275,3573,3523,59,4775,3253,92
OL9,13713,4045,3983,64,3142,2423,56
OX1,8123,2567,1712,53,1117,2660,14
OX10,12199,4450,3703,227,1837,1980,2
OX11,18677,5282,7037,652,2510,3187,9
OX12,13017,4775,4209,299,1976,1756,2
OX13,6836,2328,2228,160,984,1135,1
OX14,18090,6700,5556,168,2777,2873,16
OX15,9481,3765,3239,234,1051,1191,1
OX16,21659,5825,6264,354,3966,5236,14
OX17,6364,2724,2144,66,613,817,0
OX18,11222,3610,3438,248,1356,2568,2
OX2,15596,5665,3619,170,1796,4336,10
OX20,3016,1156,864,43,283,663,7
OX25,5625,1723,1980,191,574,1155,2
OX26,14855,4249,5543,279,1869,2914,1
OX27,2703,797,1043,34,276,553,0
OX28,12786,4485,3720,318,1964,2297,2
OX29,10103,4178,3090,243,1292,1299,1
OX3,17694,4890,3711,165,3608,5289,31
OX33,3015,1400,916,23,238,438,0
OX39,3433,1341,1295,85,357,355,0
OX4,23407,5092,4911,483,5743,7126,52
OX44,3196,1421,991,20,347,415,2
OX49,1880,769,558,17,196,339,1
OX5,9834,4194,2784,160,996,1698,2
OX7,9399,3937,2519,132,1322,1487,2
OX9,6457,2477,2118,113,836,913,0
PE1,21333,4382,4748,264,4704,7196,39
PE10,10930,4164,3705,161,1097,1795,8
PE11,20315,7605,5894,262,2507,4008,39
PE12,18506,8404,5123,151,2102,2700,26
PE13,16785,6090,4140,71,2683,3791,10
PE14,9638,4372,2966,21,971,1302,6
PE15,13466,5411,4041,75,1432,2499,8
PE16,4857,1657,1670,39,566,924,1
PE17,27452,10731,8992,300,2821,4605,3
PE18,23165,7935,7247,370,3491,4114,8
PE19,17786,6179,5929,259,2513,2898,8
PE2,22495,5972,6921,330,4043,5205,24
PE20,6829,2524,1896,77,1250,1081,1
PE21,19372,5895,4593,257,4032,4565,30
PE22,6661,3317,1697,60,757,827,3
PE23,3854,1862,857,33,430,672,0
PE24,5394,2758,919,45,490,1181,1
PE25,10570,3713,1687,159,1804,3204,3
PE27,101,17,38,7,21,18,0
PE28,929,82,455,40,164,186,2
PE29,586,42,269,34,108,132,1
PE3,12703,3648,3104,118,2767,3044,22
PE30,20748,6272,5393,149,4201,4709,24
PE31,9624,5054,1777,44,1035,1710,4
PE32,6811,3092,1674,36,955,1047,7
PE33,6257,2711,1797,22,509,1216,2
PE34,5422,2456,1657,22,624,662,1
PE36,2776,1510,383,16,310,554,3
PE37,5283,2352,1113,31,947,840,0
PE38,6862,2942,1689,35,821,1372,3
PE4,12909,4199,3897,191,2369,2245,8
PE5,576,242,166,6,57,105,0
PE6,16490,6868,5745,183,1671,2007,16
PE7,19209,5741,7374,248,2306,3535,5
PE8,7167,2737,2006,93,899,1432,0
PE9,13935,5348,3983,194,1979,2413,18
PL1,15135,2426,2396,228,4642,5433,10
PL10,1807,882,356,11,250,307,1
PL11,4534,1883,1241,24,499,884,3
PL12,9927,4374,2872,73,1121,1465,22
PL13,5030,2507,982,73,622,841,5
PL14,10926,4502,2709,111,1541,2038,25
PL15,9671,4104,2359,67,1052,2083,6
PL16,382,163,101,1,45,72,0
PL17,4418,2158,1084,45,340,789,2
PL18,2347,1073,667,21,245,339,2
PL19,7122,3364,1676,58,804,1215,5
PL2,14363,3636,4498,192,2748,3268,21
PL20,5607,2756,1425,26,582,815,3
PL21,8838,3573,2952,141,790,1381,1
PL22,1914,928,458,19,168,341,0
PL23,1563,775,315,8,202,261,2
PL24,4830,2154,1243,24,480,928,1
PL25,12923,5053,3336,169,1695,2663,7
PL26,12262,5317,3082,165,1234,2461,3
PL27,5650,2459,1253,65,685,1184,4
PL28,1838,787,318,57,405,267,4
PL29,738,360,163,7,84,122,2
PL3,12951,4077,4422,85,1832,2526,9
PL30,4348,2317,1033,33,331,627,7
PL31,6510,1850,1599,62,1510,1469,20
PL32,1759,748,360,14,316,319,2
PL33,902,401,212,5,126,158,0
PL34,711,367,134,0,28,182,0
PL35,357,196,61,1,37,62,0
PL4,12570,2225,2462,97,1475,6304,7
PL5,19708,5256,5346,278,5913,2852,63
PL6,17547,6553,5383,211,2951,2426,23
PL7,13771,5562,5044,154,1046,1962,3
PL8,2305,1091,572,52,311,279,0
PL9,12574,5792,4090,194,706,1787,5
PO1,13845,2097,2046,183,5276,4183,60
PO10,8959,4164,2260,123,1020,1386,6
PO11,8196,4351,1938,44,646,1216,1
PO12,20956,7292,6177,201,2954,4300,32
PO13,15305,5215,4466,240,2925,2426,33
PO14,15749,6945,5074,143,1486,2087,14
PO15,9629,3422,3779,103,901,1418,6
PO16,13736,6258,4746,55,953,1716,8
PO17,3496,1271,873,61,573,710,8
PO18,7285,3101,1814,124,1033,1208,5
PO19,14698,5355,2771,301,2928,3328,15
PO2,17515,4476,5563,121,2307,5016,32
PO20,15129,7230,3730,183,1680,2302,4
PO21,20030,8304,4873,204,1843,4788,18
PO22,12776,5910,3704,98,1177,1878,9
PO3,7976,2693,2948,113,814,1401,7
PO30,14262,5584,3780,158,1879,2856,5
PO31,6528,2751,1814,34,476,1452,1
PO32,4032,1467,1072,62,586,845,0
PO33,14758,6089,3423,96,1567,3582,1
PO34,903,575,187,2,28,111,0
PO35,1621,1045,274,7,93,202,0
PO36,8043,3834,1787,77,833,1511,1
PO37,4207,1993,778,18,374,1044,0
PO38,5640,2809,1127,26,683,995,0
PO39,1588,861,294,8,115,310,0
PO4,18112,5052,5115,143,1399,6393,10
PO40,2359,1240,408,21,348,342,0
PO41,836,481,138,5,74,138,0
PO5,11783,2111,1930,87,2533,5082,40
PO6,17158,5715,5593,120,3095,2600,35
PO7,18958,7268,6312,261,2765,2340,12
PO8,14586,6296,5035,157,1746,1339,13
PO9,20896,6372,5991,225,5697,2557,54
PR0,180,33,34,3,34,75,1
PR1,31190,9152,7259,209,5947,8599,24
PR11,127,50,57,2,1,17,0
PR2,32727,11154,10319,222,5708,5314,10
PR25,15868,5664,5771,185,2358,1888,2
PR26,5051,1951,1809,39,722,527,3
PR3,17265,8385,5164,278,1104,2331,3
PR4,26526,11596,9346,376,1902,3298,8
PR5,17243,6596,6018,78,2097,2449,5
PR6,16208,6239,5650,95,1852,2367,5
PR7,26212,9073,9548,180,3440,3963,8
PR8,25242,10147,7238,301,1885,5669,2
PR9,19440,8021,5154,143,1529,4588,5
RG1,21427,3027,4281,289,2823,10985,22
RG10,8269,3304,2957,49,669,1285,5
RG11,31417,11943,12282,569,2477,4131,15
RG12,34552,8703,12772,615,6739,5693,30
RG13,17882,5525,5725,255,3047,3328,2
RG14,12243,3776,3935,317,1921,2292,2
RG15,7196,2862,2129,73,1033,1097,2
RG16,7655,2735,2353,63,1037,1466,1
RG17,3225,1177,759,29,466,794,0
RG18,352,127,183,0,2,40,0
RG19,601,113,275,21,71,121,0
RG2,17156,3210,5539,421,4067,3878,41
RG21,14032,3233,3868,323,3035,3570,3
RG22,17198,5209,6071,126,3713,2078,1
RG23,5332,2024,1882,108,824,493,1
RG24,16408,3978,6271,588,3018,2547,6
RG25,6453,2418,1891,76,951,1116,1
RG26,9645,3869,3508,142,1162,963,1
RG27,8894,3123,3422,175,969,1203,2
RG28,2880,976,954,52,444,453,1
RG3,31160,9705,10401,281,4363,6358,52
RG30,216,3,42,23,70,78,0
RG31,139,64,65,0,2,8,0
RG4,16905,6541,6067,161,1486,2641,9
RG40,867,86,469,71,136,105,0
RG41,351,12,144,132,50,13,0
RG42,1667,524,654,123,138,227,1
RG5,11089,4411,4317,123,893,1341,4
RG6,13003,4703,5058,130,424,2684,4
RG7,12349,4031,4582,365,1704,1664,3
RG8,6411,2906,2088,52,486,877,2
RG9,8936,3634,2511,76,973,1741,1
RH1,22033,6337,7836,372,3174,4305,9
RH10,31088,9106,10525,386,4835,6176,60
RH11,21419,4610,6561,306,6107,3768,67
RH12,22862,7971,7912,402,2709,3853,15
RH13,16142,6195,5624,262,1739,2317,5
RH14,6695,2530,2370,142,822,831,0
RH15,14434,5338,5402,217,1551,1923,3
RH16,17140,5639,6023,260,2013,3204,1
RH17,6897,2518,2486,98,824,970,1
RH18,2362,968,635,3,250,505,1
RH19,14375,5653,5024,131,1307,2259,1
RH2,9737,3337,3565,54,1193,1588,0
RH20,11238,5286,3272,142,1320,1212,6
RH3,1929,809,658,3,183,276,0
RH4,7674,2752,2300,84,1252,1284,2
RH5,5542,2258,1862,69,616,735,2
RH6,13881,4592,5226,358,1432,2267,6
RH7,3643,1341,1300,19,528,455,0
RH8,6138,2378,2145,46,808,758,3
RH9,1827,621,668,9,338,190,1
RM1,12005,3531,3760,246,1353,3105,10
RM10,16025,2584,4261,210,5331,3612,27
RM11,13855,5818,5327,61,709,1932,8
RM12,13732,5661,5055,60,1306,1642,8
RM13,11946,3951,4149,151,1846,1834,15
RM14,10484,5100,3876,26,388,1091,3
RM15,12054,2564,4745,73,3224,1437,11
RM16,22485,5356,9234,154,3428,4303,10
RM17,10783,2396,3664,80,1612,3018,13
RM18,6886,1148,2117,52,2087,1475,7
RM19,252,9,76,30,27,109,1
RM2,4994,1805,1860,31,355,941,2
RM3,17986,4138,5834,234,5215,2531,34
RM4,1453,604,484,4,165,196,0
RM5,8065,2797,2913,61,1257,1030,7
RM6,12456,2765,3976,124,2302,3269,20
RM7,10338,2735,3583,128,1619,2262,11
RM8,15992,2183,4633,252,5077,3810,37
RM9,12472,1801,3491,109,4442,2605,24
S1,7621,1059,927,25,1332,4269,9
S10,19463,6735,5223,60,1699,5737,9
S11,14768,5429,4501,35,1236,3556,11
S12,16722,6187,5233,94,3355,1849,4
S13,14029,4343,4317,80,3728,1552,9
S14,4538,880,749,7,2401,494,7
S17,7162,3527,2453,8,570,602,2
S18,11064,5345,3445,49,1329,884,12
S19,12943,5012,4255,42,2177,1449,8
S2,17453,2844,3429,98,7423,3624,35
S20,489,95,266,2,37,88,1
S21,8649,3125,2590,41,1862,1011,20
S25,9453,3752,3052,20,1210,1404,15
S26,10991,4239,3793,20,1582,1334,23
S3,6389,730,684,38,2068,2828,41
S30,35542,15650,11532,110,4288,3945,17
S35,892,190,274,1,267,157,3
S36,206,41,140,0,2,23,0
S4,4922,1260,830,24,1531,1268,9
S40,19671,7528,4994,91,3685,3343,30
S41,15683,5312,4322,61,3384,2576,28
S42,13342,5666,3862,103,2414,1281,16
S43,17850,6544,5340,33,3370,2535,28
S44,9203,3414,2698,48,1750,1278,15
S45,5714,1788,1521,26,1585,772,22
S5,24517,5250,5379,74,10643,3137,34
S6,24399,8116,7414,53,4551,4245,20
S60,19361,6522,6098,91,3303,3276,71
S61,15199,4818,3954,67,4225,2074,61
S62,10093,2835,2943,56,2669,1540,50
S63,18558,5320,5636,91,4133,3328,50
S64,12639,4161,3398,38,2993,2017,32
S65,13724,3649,3193,59,4441,2315,67
S66,18944,6890,5956,63,2876,3107,52
S7,5858,1974,2009,37,267,1569,2
S70,20455,5642,5076,135,4548,4968,86
S71,21037,6918,6043,113,5127,2770,66
S72,11479,3593,3506,40,2202,2103,35
S73,12374,3742,3630,57,2685,2218,42
S74,7541,2401,2093,37,1850,1139,21
S75,18942,7694,6395,80,2248,2491,34
S8,19011,6373,5868,39,3953,2764,14
S80,13399,4149,3385,53,2762,3024,26
S81,15795,6159,5510,52,2079,1969,26
S9,9960,2897,2548,28,2447,2027,13
SA1,24899,5597,4531,103,7268,7303,97
SA10,14180,5760,4555,21,2137,1689,18
SA11,15950,6024,4006,22,3351,2507,40
SA12,14882,5281,3933,13,3475,2139,41
SA13,7424,2890,2036,8,1331,1149,10
SA14,16804,6865,5286,39,2645,1950,19
SA15,15705,5871,4073,27,2725,2976,33
SA16,3835,1838,948,12,494,535,8
SA17,4018,1794,1159,14,536,508,7
SA18,13340,5678,3662,21,2230,1725,24
SA19,4754,2660,1067,9,331,686,1
SA2,15329,6505,4437,48,1690,2622,27
SA20,1212,607,244,2,172,186,1
SA3,11275,6093,3004,51,837,1281,9
SA31,8818,3326,2137,32,1538,1776,9
SA32,2293,1293,606,13,118,263,0
SA33,5474,2885,1441,21,460,665,2
SA34,2487,1339,621,6,144,376,1
SA35,611,307,143,2,39,120,0
SA37,1140,674,232,3,57,174,0
SA38,2200,1170,445,2,161,421,1
SA39,1447,793,319,4,141,187,3
SA4,19685,7714,6900,48,2423,2568,32
SA40,1536,729,316,3,180,308,0
SA41,759,364,160,2,114,119,0
SA42,1251,704,191,6,129,220,1
SA43,5455,2724,1035,12,816,866,2
SA44,4614,2528,1029,18,458,577,4
SA45,561,319,100,1,64,76,1
SA46,1499,790,287,7,129,286,0
SA47,83,13,9,0,39,22,0
SA48,3460,1805,694,11,325,622,3
SA5,15753,4763,3894,30,4677,2284,105
SA6,14117,5226,4120,30,2441,2267,33
SA61,7245,2596,1635,14,1522,1472,6
SA62,9653,4944,2358,30,1003,1313,5
SA63,324,202,73,0,5,44,0
SA64,937,409,214,2,81,231,0
SA65,1679,791,315,1,344,228,0
SA66,1556,790,358,6,112,289,1
SA67,2639,1261,641,16,280,441,0
SA68,2216,1188,592,9,156,270,1
SA69,1761,909,355,5,150,342,0
SA7,5660,2014,1972,11,888,769,6
SA70,3450,1547,673,8,636,581,5
SA71,5323,2165,1107,10,1202,830,9
SA72,4221,1486,1048,7,823,850,7
SA73,8990,3217,2047,15,2296,1410,5
SA8,5361,2134,1687,18,912,605,5
SA9,6379,2660,1652,12,1233,799,23
SE1,37806,3332,5000,1073,14066,14266,69
SE10,18844,2055,4794,789,5116,6077,13
SE11,10176,983,1359,296,4939,2584,15
SE12,12936,2921,3885,176,2970,2970,14
SE13,20088,2720,4993,393,5207,6752,23
SE14,12960,1269,2673,306,4515,4174,23
SE15,27962,2670,5600,628,12871,6073,120
SE16,22914,2130,3618,784,8732,7616,34
SE17,13810,894,1723,375,6923,3842,53
SE18,34667,4396,7133,706,12034,10298,100
SE19,14105,2542,4298,185,3232,3827,21
SE2,9037,1639,2056,87,3181,2052,22
SE20,10950,1473,3001,171,3336,2962,7
SE21,7782,1885,2271,74,1700,1842,10
SE22,12322,2107,3902,82,2849,3363,19
SE23,15467,2931,5155,131,3329,3895,26
SE24,8956,1510,2308,131,2802,2201,4
SE25,14139,2429,4365,143,2750,4429,23
SE26,12021,1963,3274,173,3960,2629,22
SE27,8391,1227,2262,101,2613,2174,14
SE28,10423,948,2460,269,3516,3184,46
SE3,14600,3223,4096,244,3319,3708,10
SE4,10373,1588,3168,146,2748,2708,15
SE5,19315,1718,3602,392,8857,4647,99
SE6,20212,3540,5720,212,5488,5232,20
SE7,7728,1132,1939,60,3048,1528,21
SE8,11124,742,1796,360,4787,3417,22
SE9,24627,6293,7638,245,6925,3480,46
SG1,23060,5459,7010,565,5990,4025,11
SG10,1232,477,419,4,162,170,0
SG11,3402,1289,1257,27,428,401,0
SG12,12730,4323,4395,195,1860,1956,1
SG13,7243,2214,2668,99,881,1379,2
SG14,8647,2774,2788,117,1548,1413,7
SG15,2691,718,1078,34,489,370,2
SG16,3093,1044,1128,99,422,398,2
SG17,5767,1980,2118,119,728,821,1
SG18,13007,4215,4927,295,1828,1737,5
SG19,10232,3606,3584,165,1540,1332,5
SG2,17234,5090,5918,136,4045,2031,14
SG3,2693,950,844,9,428,461,1
SG4,13052,4357,4262,138,1915,2378,2
SG5,13435,4409,4691,184,2333,1812,6
SG6,14513,4469,3813,167,4376,1685,3
SG7,6202,2281,1927,67,891,1034,2
SG8,16594,6413,5408,274,2351,2140,8
SG9,4957,1844,1822,98,686,506,1
SK1,7992,1485,1872,315,2092,2217,11
SK10,20150,8396,6528,164,1969,3087,6
SK11,15501,5358,4711,129,2622,2668,13
SK12,22672,10423,7488,185,1761,2798,17
SK13,15072,5421,4966,51,2234,2376,24
SK14,21791,6419,7240,83,4502,3532,15
SK15,12255,3652,3730,46,2689,2117,21
SK16,8040,2371,2251,11,2208,1186,13
SK17,13120,5525,3510,98,1618,2360,9
SK2,13098,4544,4641,192,1866,1845,10
SK22,155,59,38,1,18,38,1
SK23,84,14,37,5,18,10,0
SK3,12244,3125,4339,168,2306,2290,16
SK4,15226,5430,5425,143,1632,2591,5
SK5,13149,3214,3788,149,3605,2381,12
SK6,21561,9428,7104,237,2552,2227,13
SK7,17362,8345,6450,155,762,1645,5
SK8,23908,9986,9062,129,1946,2769,16
SK9,17274,6799,5620,129,1940,2785,1
SL0,4949,1549,1807,115,597,881,0
SL1,29511,6334,8322,308,4748,9766,33
SL2,18678,4362,5585,215,4183,4287,46
SL3,16793,4067,5547,191,3092,3882,14
SL4,18587,5911,5493,90,2592,4497,4
SL5,9117,3422,3144,30,863,1655,3
SL6,31916,10844,10796,291,3904,6065,16
SL7,8329,3404,2724,38,782,1376,5
SL8,2808,1161,912,7,244,484,0
SL9,8500,3561,3140,30,647,1121,1
SM1,19534,5155,6770,260,2335,4992,22
SM2,12086,3630,3617,65,1117,3651,6
SM3,7398,2880,3089,43,358,1027,1
SM4,14534,4074,4782,99,2611,2953,15
SM5,15366,4105,5948,149,2966,2178,20
SM6,14011,3767,4962,240,2470,2564,8
SM7,6588,2965,2469,44,450,660,0
SN1,15757,3240,4812,209,1478,6004,14
SN10,14592,5662,3994,243,2805,1884,4
SN11,11494,3983,3964,207,1674,1665,1
SN12,12188,4757,4031,71,1781,1543,5
SN13,8036,3036,2474,131,1216,1176,3
SN14,12046,4544,3971,94,1475,1951,11
SN15,13237,4885,4062,122,1586,2580,2
SN16,6121,2504,1842,61,665,1048,1
SN17,114,41,53,0,3,17,0
SN2,28757,8376,10050,272,5287,4720,52
SN25,8178,1045,4138,274,724,1994,3
SN3,22768,7875,7217,280,4638,2708,50
SN38,406,61,99,2,75,162,7
SN4,11697,4905,3736,119,1488,1444,5
SN5,14085,4569,5165,171,1870,2295,15
SN6,9178,3683,2651,143,1274,1420,7
SN7,5994,1963,1989,127,969,944,2
SN8,10351,4197,2663,108,1608,1771,4
SN9,3367,1415,831,18,529,571,3
SO1,50112,11035,12215,470,10900,15434,58
SO14,5353,556,748,85,859,3100,5
SO15,401,79,98,13,56,155,0
SO16,4824,1057,1208,83,960,1510,6
SO17,6270,1375,1105,30,827,2924,9
SO18,17287,5287,5463,209,2977,3332,19
SO19,24472,6167,7241,338,6317,4373,36
SO20,4039,1580,959,47,591,860,2
SO21,9797,3824,3117,118,1174,1562,2
SO22,12068,4159,3372,149,2110,2263,15
SO23,8811,2537,2023,94,2217,1927,13
SO24,4145,1878,1120,23,453,665,6
SO3,39313,15705,14037,458,4001,5090,22
SO30,1304,196,603,49,189,267,0
SO31,630,55,344,71,125,35,0
SO32,494,28,261,83,104,18,0
SO4,50251,22938,14264,308,5713,6989,39
SO40,268,65,138,12,29,24,0
SO41,395,127,79,1,67,121,0
SO45,79,48,9,2,3,17,0
SO5,46396,18305,15500,693,5736,6148,14
SO50,758,112,287,48,152,159,0
SO51,1213,340,500,65,134,174,0
SO53,1189,351,555,2,92,189,0
SP1,10594,3807,2726,133,1795,2118,15
SP10,17986,5589,5644,241,3591,2906,15
SP11,12673,3362,4545,490,2188,2082,6
SP2,13719,4481,3726,248,2659,2596,9
SP3,5534,2436,1336,43,733,977,9
SP4,14306,4016,4143,368,2220,3546,13
SP5,9107,4259,2695,66,717,1365,5
SP6,5756,2680,1641,17,522,893,3
SP7,6348,2686,1622,108,834,1097,1
SP8,6255,2749,1739,58,632,1077,0
SP9,3575,376,715,51,691,1741,1
SR1,4935,889,648,8,1834,1552,4
SR2,14453,4542,4003,27,2903,2970,8
SR3,16372,5275,4139,80,5186,1686,6
SR4,16522,4900,4416,72,4367,2763,4
SR5,15349,3652,3209,64,6183,2227,14
SR6,12523,5803,3831,67,1355,1465,2
SR7,13576,4546,3815,15,2991,2189,20
SR8,15676,4851,3880,38,3944,2934,29
SS0,20947,5518,6200,93,1651,7478,7
SS1,13463,4087,3121,109,1893,4247,6
SS11,8003,3443,2874,81,717,887,1
SS12,7776,2931,3080,85,482,1192,6
SS13,9960,2304,2651,288,3336,1350,31
SS14,11108,2242,3340,130,3659,1718,19
SS15,13938,3240,4315,176,4284,1900,23
SS16,12353,3165,3923,136,2824,2290,15
SS17,12982,5030,4896,57,1344,1650,5
SS2,15489,4258,4467,183,2707,3855,19
SS22,129,61,38,0,16,14,0
SS3,11508,3906,3671,99,1942,1889,1
SS4,9209,3467,3301,97,1147,1194,3
SS5,9174,4699,3330,37,358,750,0
SS6,13809,6077,5269,45,963,1455,0
SS7,20522,9508,7592,91,820,2497,14
SS8,16193,7115,5126,39,1220,2680,13
SS9,20534,8399,7187,55,1180,3707,6
ST1,15152,3956,3757,87,3117,4188,47
ST10,11554,5550,3574,40,948,1438,4
ST11,4465,2199,1452,18,320,475,1
ST12,2546,1083,812,1,337,312,1
ST13,12236,5410,3478,62,1349,1927,10
ST14,8911,3649,2850,108,1049,1251,4
ST15,10455,4195,3392,83,1174,1605,6
ST16,15954,4688,4776,141,2644,3698,7
ST17,16542,6429,5057,122,2755,2167,12
ST18,7148,3420,2374,65,547,741,1
ST19,7024,3088,1981,131,969,855,0
ST2,15948,5136,3646,48,5166,1897,55
ST20,3447,1608,1046,33,299,458,3
ST21,2328,1034,691,45,246,311,1
ST3,28791,10085,8267,115,6230,3993,101
ST4,24632,7669,6636,94,3604,6568,61
ST5,34902,12338,10039,255,6715,5522,33
ST6,28274,8250,7338,72,6558,5943,113
ST7,23958,10504,7747,161,2931,2603,12
ST8,8129,3667,2475,26,976,976,9
ST9,3990,2274,1332,11,97,274,2
SW10,8977,1871,1328,75,2339,3352,12
SW11,37193,6060,7703,772,8610,14011,37
SW12,15007,2754,4358,133,2291,5460,11
SW13,7386,2240,2111,19,1106,1899,11
SW14,6875,1976,2438,24,767,1669,1
SW15,26766,5596,6142,433,5459,9070,66
SW16,32009,6352,9273,395,5182,10765,42
SW17,25819,4696,6635,333,4219,9907,29
SW18,27090,4859,8565,776,3570,9304,16
SW19,31913,7712,8662,348,3971,11199,21
SW1A,884,218,91,3,86,486,0
SW1E,1310,249,157,6,126,772,0
SW1H,498,83,41,1,175,198,0
SW1P,6146,994,598,68,2395,2079,12
SW1V,10083,1423,1081,68,3887,3596,28
SW1W,3672,682,411,47,1075,1447,10
SW1X,2666,679,298,17,122,1549,1
SW1Y,164,11,5,1,41,106,0
SW2,23080,2540,5117,368,7635,7390,30
SW20,10512,3136,3522,60,841,2948,5
SW3,8896,2321,1056,30,1743,3733,13
SW4,17784,2089,3502,328,5491,6350,24
SW5,7854,1303,945,40,1544,4012,10
SW6,30034,5342,5811,425,7330,11084,42
SW7,5874,1512,696,26,419,3219,2
SW8,15185,1458,2140,265,5980,5310,32
SW9,17349,1326,2729,523,8047,4679,45
SY1,12905,3999,3461,119,2409,2908,9
SY10,9109,4553,2443,45,739,1321,8
SY11,10775,3926,2785,76,1951,2019,18
SY12,3703,1723,924,23,375,657,1
SY13,9292,4057,2493,63,1047,1627,5
SY14,2302,970,679,33,278,342,0
SY15,3458,1633,726,18,375,704,2
SY16,7184,2646,1509,16,1727,1273,13
SY17,1659,868,394,3,135,255,4
SY18,2025,913,397,3,289,418,5
SY19,422,264,82,1,37,38,0
SY2,8715,3424,2435,96,1506,1247,7
SY20,3077,1507,633,6,416,508,7
SY21,7582,3359,1697,32,1027,1454,13
SY22,2570,1160,648,5,288,465,4
SY23,11340,4669,2326,31,1194,3118,2
SY24,1982,982,484,5,188,323,0
SY25,1424,741,319,10,110,244,0
SY3,15793,6803,4609,121,1558,2695,7
SY4,10391,4456,2972,95,1098,1767,3
SY5,8774,3870,2416,85,1063,1334,6
SY6,3956,2281,685,42,343,605,0
SY7,4345,2235,716,26,510,857,1
SY8,8122,3958,1533,100,1073,1458,0
SY9,927,453,136,10,158,169,1
TA1,20230,7080,5020,158,3384,4567,21
TA10,4822,2350,1262,46,489,674,1
TA11,3945,1887,1055,61,487,455,0
TA12,2770,1246,813,12,330,368,1
TA13,2109,1059,443,26,285,295,1
TA14,1511,662,389,29,264,167,0
TA15,229,101,61,1,26,40,0
TA16,903,422,241,2,120,118,0
TA17,329,183,73,2,4,67,0
TA18,4318,1914,1112,41,566,684,1
TA19,5732,2665,1527,56,662,818,4
TA2,13043,3949,4248,194,2401,2220,31
TA20,9353,3944,2324,103,1529,1442,11
TA21,9522,3769,2705,113,1413,1504,18
TA22,1193,560,188,8,241,196,0
TA23,3329,1613,654,19,488,555,0
TA24,8002,3864,1318,41,1197,1579,3
TA3,5562,2716,1649,74,451,666,6
TA4,7738,3493,1971,38,980,1251,5
TA5,5338,2304,1634,47,509,844,0
TA6,22570,6541,6653,207,3968,5177,24
TA7,6266,3160,1936,40,451,676,3
TA8,7872,3890,2019,42,457,1459,5
TA9,5294,2044,1345,69,1045,778,13
TD12,665,252,80,1,40,291,1
TD15,7467,3078,1495,46,1515,1329,4
TF1,19771,5714,5928,163,3738,4203,25
TF10,9543,3848,2834,71,1086,1698,6
TF11,5299,1619,1783,94,879,920,4
TF12,2592,1038,654,21,430,446,3
TF13,1632,815,303,17,211,285,1
TF2,16016,5159,4733,91,2936,3087,10
TF3,11437,2697,3494,77,2205,2955,9
TF4,8128,1949,2901,134,1766,1365,13
TF5,2003,844,795,3,78,283,0
TF6,1519,703,433,12,166,204,1
TF7,8221,2245,1759,40,1774,2391,12
TF8,295,141,82,0,24,47,1
TF9,9611,4053,2736,61,1224,1535,2
TN1,7445,1561,2045,48,794,2996,1
TN10,7265,2908,2002,102,1625,627,1
TN11,7490,2986,2467,108,939,990,0
TN12,12295,4833,4176,209,1474,1602,1
TN13,10871,3773,3755,184,1048,2110,1
TN14,6495,2643,2220,111,726,792,3
TN15,9055,3938,3105,146,917,949,0
TN16,7624,3258,2852,65,612,832,5
TN17,5928,2385,1649,68,923,902,1
TN18,3165,1285,960,39,439,441,1
TN19,2417,1092,803,24,199,299,0
TN2,12038,4143,3706,189,2256,1736,8
TN20,1868,876,574,12,147,259,0
TN21,6969,3133,2318,75,432,1010,1
TN22,10846,4598,3682,112,957,1494,3
TN23,18121,4208,6530,363,2905,4078,37
TN24,14273,4398,4665,180,2282,2737,11
TN25,6869,2675,2473,189,594,930,8
TN26,5432,2585,1640,59,559,584,5
TN27,4757,1994,1424,95,683,559,2
TN28,3982,2070,1008,60,307,535,2
TN29,5314,2738,1317,20,516,711,12
TN3,6064,2582,2120,21,577,763,1
TN30,4412,2182,993,65,570,597,5
TN31,6577,3129,1439,67,947,992,3
TN32,1816,808,561,12,157,278,0
TN33,5184,2487,1396,22,565,713,1
TN34,15891,5487,3716,98,2118,4465,7
TN35,7101,3103,2012,22,772,1189,3
TN36,1084,601,210,5,135,133,0
TN37,9870,2625,2563,33,1199,3446,4
TN38,10529,3098,2724,66,1887,2753,1
TN39,13357,6605,2997,110,1345,2300,0
TN4,10725,3383,3626,145,1562,2005,4
TN40,7505,3507,1634,70,593,1699,2
TN5,3436,1497,1078,44,375,442,0
TN6,10131,4486,3413,122,846,1259,5
TN7,774,357,230,4,100,83,0
TN8,5159,1774,1678,210,864,629,4
TN9,6964,1882,2208,221,1019,1633,1
TQ1,17358,6025,3878,126,1149,6175,5
TQ10,1735,791,401,34,273,236,0
TQ11,2220,946,475,25,312,457,5
TQ12,26454,10415,8331,387,2658,4653,10
TQ13,9064,4235,2348,83,873,1518,7
TQ14,9011,4275,2186,84,701,1762,3
TQ2,14330,5017,3899,138,1666,3601,9
TQ3,14875,5762,4155,183,1427,3346,2
TQ4,8985,4249,2231,138,452,1915,0
TQ5,8833,4410,1934,61,590,1838,0
TQ6,3972,1886,750,29,644,662,1
TQ7,7936,3811,1722,69,1015,1315,4
TQ8,785,395,141,14,152,82,1
TQ9,7662,3345,1548,191,1168,1407,3
TR1,10770,3883,2603,133,1822,2306,23
TR10,6068,2224,1612,60,734,1433,5
TR11,12963,5390,2864,101,1700,2900,8
TR12,4240,2092,819,37,472,820,0
TR13,8869,3792,2404,95,967,1609,2
TR14,13389,5173,3355,222,1823,2806,10
TR15,10403,3568,2862,90,1665,2211,7
TR16,6594,2923,1838,76,714,1041,2
TR17,1158,515,175,15,212,240,1
TR18,10338,3876,1838,93,2118,2406,7
TR19,4301,2153,829,23,431,863,2
TR2,4339,1935,1016,84,473,828,3
TR20,3301,1709,807,29,230,525,1
TR21,743,272,83,5,154,228,1
TR22,72,19,7,4,5,37,0
TR24,73,4,4,1,4,60,0
TR25,54,25,3,4,2,20,0
TR26,5120,2311,1049,83,799,874,4
TR27,6006,2413,1445,156,998,993,1
TR3,5187,2631,1341,66,404,742,3
TR4,4488,1784,1395,65,384,857,3
TR5,1627,697,438,34,199,255,4
TR6,1653,693,418,47,177,316,2
TR7,10396,3461,2862,106,1137,2826,4
TR8,4089,1673,1232,133,338,711,2
TR9,3058,1158,827,55,371,646,1
TS1,8703,1304,1040,32,2201,4101,25
TS10,17128,5599,5250,143,3168,2954,14
TS11,5311,2617,1490,15,479,708,2
TS12,10233,3983,2784,23,1574,1866,3
TS13,4573,1777,978,33,922,861,2
TS14,8507,3706,2492,68,1036,1201,4
TS15,6744,2945,2221,58,546,972,2
TS16,4961,2138,1789,24,274,735,1
TS17,19491,5262,7700,86,2880,3542,21
TS18,11603,3301,3526,77,2260,2422,17
TS19,15014,4761,4219,52,3640,2328,14
TS2,435,101,50,1,220,63,0
TS20,9244,3318,2684,47,1506,1681,8
TS21,5333,2106,1847,19,670,687,4
TS22,4634,2200,1794,16,154,468,2
TS23,12184,3863,3858,33,2289,2125,16
TS24,11758,2566,2282,99,4278,2511,22
TS25,17453,6001,4583,64,4039,2729,37
TS26,9535,3406,3337,76,1051,1654,11
TS27,4699,1847,1363,10,688,788,3
TS28,2385,755,729,10,476,411,4
TS29,2598,869,694,2,610,419,4
TS3,13077,2555,2402,52,5254,2767,47
TS4,7749,1639,1945,39,2556,1553,17
TS5,15114,5956,5306,83,1021,2734,14
TS6,13193,4075,3335,58,3817,1895,13
TS7,10280,4787,3448,50,961,1029,5
TS8,8708,2396,2641,75,2697,889,10
TS9,5681,2819,1332,59,850,621,0
TW1,12930,3651,4301,126,848,4001,3
TW10,8746,2553,2241,55,1457,2433,7
TW11,10569,3345,3545,84,1075,2513,7
TW12,9663,3213,3194,101,1546,1597,12
TW13,14390,2885,4187,356,3685,3242,35
TW14,11601,2178,3118,364,3124,2756,61
TW15,12375,4345,4659,112,1210,2040,9
TW16,8869,2875,3107,156,1215,1506,10
TW17,5760,2483,1955,44,516,758,4
TW18,11507,3732,3895,87,1307,2479,7
TW19,6805,1728,2179,152,1408,1336,2
TW2,11899,4033,4482,62,1172,2145,5
TW20,8648,2340,2432,78,1416,2371,11
TW3,17340,3516,3398,385,2592,7402,47
TW4,9193,1895,1706,128,2332,3103,29
TW5,9583,2350,2407,111,1783,2896,36
TW6,596,89,99,3,112,292,1
TW7,15124,3304,4435,350,2978,4038,19
TW8,11223,1846,2449,413,3035,3449,31
TW9,8924,2485,2529,78,1085,2739,8
UB1,13754,3688,2778,212,2519,4514,43
UB10,15150,4820,5376,159,1561,3229,5
UB11,577,77,135,16,173,175,1
UB18,133,38,45,0,4,46,0
UB2,10839,2132,2225,342,2471,3626,43
UB3,17371,3084,4359,294,3619,5966,49
UB4,13547,3242,4098,200,2282,3708,17
UB5,17169,3179,4487,399,4616,4415,73
UB6,16908,4865,4589,200,1722,5503,29
UB7,12672,2212,3151,266,3203,3825,15
UB8,12988,3089,3429,190,2639,3618,23
UB9,5611,1868,1804,79,1128,731,1
W1,121,22,14,1,2,82,0
W10,15472,1460,1523,328,9025,3066,70
W11,14750,2553,1653,177,5814,4505,48
W12,21821,2901,3235,327,8364,6947,47
W13,15712,3939,3939,212,2348,5249,25
W14,16725,2674,2521,146,3984,7377,23
W1A,5496,902,502,24,836,3219,13
W1B,333,82,38,2,32,179,0
W1C,505,48,26,2,165,264,0
W1D,591,21,20,4,240,305,1
W1G,621,109,69,5,54,384,0
W1H,2512,506,289,8,245,1464,0
W1J,112,22,14,0,13,62,1
W1K,121,43,15,0,4,59,0
W1M,694,114,48,9,213,306,4
W1N,238,28,21,11,11,167,0
W1P,1509,185,108,12,442,761,1
W2,19582,3191,2143,149,4316,9720,63
W3,22843,3841,4454,854,4914,8736,44
W4,19819,5008,5196,149,2827,6604,35
W5,19053,4571,4464,268,2038,7689,23
W6,13615,2095,2274,153,3973,5096,24
W7,10391,2470,2825,208,2291,2567,30
W8,6323,1947,890,28,386,3068,4
W9,14459,1883,2218,117,4545,5664,32
WA1,11404,3768,3560,42,1420,2605,9
WA10,19477,6309,5534,122,3569,3927,16
WA11,17428,7336,5119,95,2942,1918,18
WA12,11434,2983,3947,152,2705,1640,7
WA13,5898,2511,2096,50,492,747,2
WA14,13809,4608,4963,93,1381,2760,4
WA15,15814,6579,6017,64,1448,1697,9
WA16,9256,3978,2814,39,1022,1400,3
WA2,18140,4922,4828,95,5456,2820,19
WA3,21239,7993,7084,172,3208,2756,26
WA4,21937,8542,7743,144,2183,3315,10
WA5,24585,8887,9544,278,2607,3262,7
WA6,8506,3974,2725,149,687,967,4
WA7,27236,7748,7442,276,7807,3942,21
WA8,27468,8776,8698,146,5828,3991,29
WA9,21541,5890,5949,152,5817,3706,27
WC1A,1201,147,89,28,457,475,5
WC1B,310,78,36,4,38,154,0
WC1E,232,53,29,5,38,105,2
WC1H,2725,414,233,16,1094,954,14
WC1N,2114,234,131,4,1065,666,14
WC1R,119,21,3,0,63,32,0
WC1V,116,8,6,0,86,14,2
WC1X,1445,163,142,8,742,387,3
WC2A,215,26,9,1,52,127,0
WC2B,827,107,44,1,418,254,3
WC2E,423,50,22,3,91,257,0
WC2H,415,49,28,0,204,134,0
WD1,31355,7715,9580,362,4947,8744,7
WD17,211,18,48,1,102,42,0
WD18,186,9,44,12,39,82,0
WD19,184,69,60,1,10,44,0
WD2,30511,8892,10625,284,5086,5606,18
WD23,116,51,32,0,15,18,0
WD24,127,6,77,1,4,39,0
WD25,409,81,200,19,69,40,0
WD3,16161,6195,5945,63,1721,2228,9
WD4,4464,1662,1616,40,547,597,2
WD5,4268,1541,1453,30,759,483,2
WD6,16180,3594,5142,280,4128,3022,14
WD7,4412,1625,1616,43,518,610,0
WF1,19465,5103,5354,148,4199,4645,16
WF10,22284,6203,7605,220,4876,3362,18
WF11,7833,2418,2209,43,2125,1032,6
WF12,15289,5388,4549,84,2898,2327,43
WF13,10584,2797,2829,22,2335,2539,62
WF14,8936,3667,2971,21,975,1284,18
WF15,7959,2469,2603,18,1568,1273,28
WF16,4045,1271,1354,14,603,782,21
WF17,15329,4952,4088,64,3129,3037,59
WF2,22258,7253,6397,236,5938,2411,23
WF3,13457,4912,5203,88,1468,1773,13
WF4,18148,7019,5888,125,2862,2245,9
WF5,9172,3258,2937,42,1636,1295,4
WF6,9491,2961,3082,45,2013,1385,5
WF7,10403,3390,3432,124,2066,1385,6
WF8,15563,5218,5011,173,3195,1960,6
WF9,16568,4948,4768,70,4065,2707,10
WN1,10955,3393,2860,35,2290,2338,39
WN2,22758,7803,7029,73,4278,3519,56
WN3,12606,4597,4592,36,1767,1597,17
WN4,11814,4993,3869,31,1354,1541,26
WN5,19419,6646,5816,52,4225,2615,65
WN6,17523,7293,6030,65,1828,2266,41
WN7,21821,6630,6347,111,4122,4563,48
WN8,19264,5689,5743,133,4652,2994,53
WR1,7129,1629,1404,68,1151,2875,2
WR10,9517,4409,2516,116,1385,1088,3
WR11,20310,7427,5935,287,3480,3173,8
WR12,2725,1437,548,43,323,373,1
WR13,5643,2835,1449,78,621,659,1
WR14,14539,6083,3283,255,2760,2151,7
WR15,3033,1403,674,24,427,505,0
WR2,13509,5304,4041,157,1853,2151,3
WR3,9975,3975,3492,71,967,1467,3
WR4,10746,2779,3117,125,2844,1866,15
WR5,13265,4730,4667,173,1566,2126,3
WR6,3542,1753,1020,37,312,420,0
WR7,2114,1038,707,21,155,193,0
WR8,3139,1472,771,17,464,413,2
WR9,13606,5002,4104,184,2779,1534,3
WS1,11466,2882,2378,51,2890,3243,22
WS10,19636,4907,4684,88,6619,3240,98
WS11,20802,6753,6508,209,4118,3152,62
WS12,14590,4789,5480,122,2056,2119,24
WS13,13682,4716,4130,218,2628,1988,2
WS14,6792,3161,2240,55,509,827,0
WS15,15987,6287,5189,98,1829,2567,17
WS2,15656,3664,3207,60,5344,3338,43
WS3,21693,6574,5393,61,6637,2995,33
WS4,7348,2575,2333,74,1394,963,9
WS5,7379,2812,2418,40,1167,933,9
WS6,6812,3007,2146,12,1018,628,1
WS7,12881,5604,4106,71,1584,1514,2
WS8,7115,2345,2161,76,1674,844,15
WS9,10332,4566,3218,34,1435,1070,9
WV1,9108,1683,1334,47,3155,2851,38
WV10,23829,6200,6125,110,7653,3666,75
WV11,14798,5274,4110,59,3388,1924,43
WV12,9968,3933,2892,55,1827,1249,12
WV13,8468,2352,2165,48,1918,1969,16
WV14,19682,5512,4868,51,6125,3033,93
WV15,4253,1847,1122,16,426,830,12
WV16,7299,3338,1830,46,874,1206,5
WV2,7420,1642,1651,25,2103,1976,23
WV3,12763,4569,3502,57,1801,2787,47
WV4,11846,4840,3631,28,1597,1713,37
WV5,5762,2566,1655,31,962,543,5
WV6,17972,6755,5073,116,2634,3347,47
WV7,2487,1205,556,9,310,403,4
WV8,6236,2358,1797,54,1455,557,15
WV9,2850,1231,848,50,364,354,3
YO1,19996,6536,4404,174,2644,6217,21
YO10,149,10,19,0,16,104,0
YO11,14486,4752,2914,108,2282,4428,2
YO12,17104,6884,4382,141,2265,3424,8
YO13,3883,2006,1033,63,214,567,0
YO14,5302,2784,946,71,579,919,3
YO15,8341,3686,1421,14,578,2635,7
YO16,10484,4483,2164,52,1772,1977,36
YO17,10946,4201,2804,102,1704,2132,3
YO18,5230,2697,1097,35,619,781,1
YO19,3085,1437,1110,10,189,336,3
YO2,29205,10794,9130,174,4368,4688,51
YO21,6984,3171,1379,71,918,1441,4
YO22,3321,1485,707,40,686,403,0
YO23,496,316,140,1,6,33,0
YO24,171,62,71,0,30,8,0
YO25,14652,6656,4194,69,1048,2675,10
YO26,2975,1187,1047,65,277,398,1
YO3,34430,13491,10049,306,4629,5930,25
YO30,1148,365,354,14,209,206,0
YO31,265,33,66,22,67,77,0
YO4,16900,7316,5519,107,1387,2559,12
YO42,371,79,170,14,83,25,0
YO43,319,87,165,6,20,41,0
YO5,2482,977,747,52,262,444,0
YO6,13218,6112,2954,109,1495,2547,1
YO61,131,71,37,0,1,22,0
YO7,8588,3295,2263,110,1157,1759,4
YO8,20308,7230,7242,258,2630,2925,23
