outcode,1 person,2 people,3 people,4 people,5 person plus
AL1,5076,5601,2826,2661,1088
AL10,3582,3649,2512,2230,1529
AL2,2721,3316,1805,1661,719
AL3,2974,3903,1993,2114,775
AL4,2639,3362,1785,2089,731
AL5,2818,3740,1992,2479,870
AL6,1395,2215,963,983,349
AL7,4725,4684,2721,2234,1001
AL8,1595,1733,842,871,277
AL9,1066,1426,704,653,276
B1,4069,2780,547,249,177
B10,1805,1305,1123,1233,3162
B11,3009,2442,2038,2099,4675
B12,2588,1518,932,839,1786
B13,5898,4176,2091,1772,1841
B14,5758,5323,2813,2309,1473
B15,3481,2614,1086,753,530
B16,4530,2794,1172,965,1208
B17,4055,3543,1707,1495,950
B18,2445,1691,1057,891,1171
B19,2583,1431,1075,1049,1999
B2,321,139,19,6,0
B20,3596,2390,1757,1861,2929
B21,2131,1739,1368,1526,1910
B22,66,37,18,8,6
B23,8017,5905,3398,2504,2186
B24,3791,3354,1882,1521,1236
B25,1658,1452,979,898,1267
B26,4359,4390,2528,1950,1501
B27,3663,2783,1797,1387,1370
B28,2631,2856,1613,1645,1751
B29,4987,4449,2645,2257,2608
B3,483,398,41,10,11
B30,4532,4224,1981,1549,744
B31,8029,7636,4219,3083,1749
B32,5229,4611,2686,1981,1314
B33,4064,3437,2168,1680,1922
B34,2642,2139,1327,1006,996
B35,1296,1022,657,457,293
B36,3857,4034,2354,1943,1868
B37,4838,4469,2753,1913,1049
B38,2483,2440,1234,948,614
B4,595,373,137,76,73
B42,3144,3195,1975,1624,1159
B43,3383,3911,2177,1796,1015
B44,4049,3824,2450,1751,1352
B45,3977,4559,2359,1800,874
B46,1733,2295,1014,810,294
B47,1223,1750,705,636,237
B48,633,891,322,345,118
B49,1713,2306,752,647,227
B5,1763,1074,466,366,351
B50,800,1210,547,417,138
B6,1550,833,710,703,1614
B60,3837,4775,2164,1855,623
B61,2897,3609,1740,1345,554
B62,3186,3964,1915,1571,726
B63,4991,5483,2423,1951,929
B64,2679,2564,1365,922,722
B65,3286,3294,1884,1351,869
B66,2929,2091,1549,1603,2209
B67,2519,2638,1593,1613,1385
B68,3619,3503,2098,1831,1329
B69,3273,3233,1993,1656,1172
B7,1087,576,453,377,619
B70,4000,3176,1990,1791,1955
B71,3670,3652,2071,1801,1316
B72,1725,1859,822,771,311
B73,2346,2934,1418,1263,505
B74,3656,4780,2048,2179,886
B75,2779,3699,1852,1846,726
B76,2453,2858,1254,1143,394
B77,5919,8578,4398,3324,1503
B78,2773,4045,1926,1374,564
B79,3113,3886,1747,1258,554
B8,2220,1967,1574,1774,4507
B80,1073,1332,601,458,194
B9,1271,1021,813,944,2190
B90,6008,6899,3434,3308,1300
B91,3801,4896,2222,2155,972
B92,4032,4511,2210,1943,961
B93,2186,2987,1216,1403,469
B94,658,1223,459,454,177
B95,1048,1211,407,334,115
B96,588,853,348,273,106
B97,4451,5338,2483,1912,860
B98,5059,6714,3462,2635,1383
BA1,7257,7693,2903,2528,973
BA10,669,809,325,242,115
BA11,4805,5997,2589,2082,864
BA12,4121,5396,1985,1386,595
BA13,2679,3554,1506,1178,525
BA14,6366,8028,3577,2979,1218
BA15,2075,2414,860,839,239
BA16,2050,2101,885,715,351
BA2,8230,10050,4430,4139,2019
BA20,2291,2417,886,702,264
BA21,4409,5254,2553,1981,855
BA22,2092,3351,1102,961,419
BA3,4053,5869,2624,2299,960
BA4,2185,2994,1240,1009,402
BA5,2958,3365,1097,945,399
BA6,1856,2285,874,549,233
BA7,650,676,240,157,71
BA8,626,974,322,263,118
BA9,982,1223,510,374,182
BB0,68,23,20,4,11
BB1,7160,7055,4119,3797,4644
BB10,5566,5488,2620,1948,1917
BB11,3805,3458,1855,1174,702
BB12,4692,5451,2398,1823,896
BB18,2462,2993,1255,901,415
BB2,7464,7207,3742,3149,2602
BB3,4932,4991,2259,1610,768
BB4,5791,6136,2864,2255,1115
BB5,8444,8239,4139,2801,2247
BB6,3296,3919,1672,1266,555
BB7,3474,4061,1713,1367,483
BB8,3714,3778,1604,1199,566
BB9,5096,4426,2294,1885,3065
BD1,2449,1100,550,405,627
BD10,4245,4592,2233,1649,853
BD11,1666,2178,895,819,280
BD12,2659,2878,1285,910,484
BD13,3914,4719,2219,1681,755
BD14,1105,1179,542,406,301
BD15,2057,2143,1057,868,870
BD16,4065,4423,1768,1403,565
BD17,3164,3247,1215,932,305
BD18,4071,3508,1644,1340,1048
BD19,3080,3474,1566,1223,448
BD2,3463,3211,1698,1486,1591
BD20,5181,6622,2469,2110,1088
BD21,3680,3040,1483,1166,1636
BD22,3385,4024,1670,1264,583
BD23,4677,5508,1779,1403,572
BD24,761,963,250,184,63
BD3,2218,1659,1344,1429,2996
BD4,4238,3582,2212,1620,1433
BD5,2765,1916,1369,1300,2371
BD6,3648,3860,2154,1652,1079
BD7,2574,1920,1420,1334,2476
BD8,2520,1643,1187,1226,2872
BD9,1662,1319,993,1066,2488
BH1,6250,4622,1874,1081,548
BH10,2949,3642,1649,1414,648
BH11,2373,3028,1456,1065,575
BH12,4789,5742,2701,2096,1023
BH13,1443,1806,377,296,105
BH14,3464,3820,1449,1268,445
BH15,5124,5455,2301,1764,794
BH16,1724,2550,1018,951,382
BH17,2556,3646,1711,1408,531
BH18,1154,1936,669,647,214
BH19,1814,2212,677,422,189
BH2,2445,1763,518,265,77
BH20,2520,3466,1253,1037,482
BH21,6205,9579,3692,3155,1236
BH22,3825,5522,1524,1154,495
BH23,7988,9589,3547,2884,1089
BH24,2894,4366,1454,1244,554
BH25,3843,5100,1478,1047,471
BH3,764,996,435,374,226
BH31,27,92,33,31,10
BH4,2043,1611,403,188,69
BH5,2310,1786,690,443,169
BH6,3639,3853,1511,1259,428
BH7,903,1229,640,569,240
BH8,3685,3831,2087,1591,780
BH9,2496,3202,1937,1925,1011
BL0,2512,3085,1382,1139,324
BL1,9470,8175,4512,3587,3192
BL11,67,23,9,2,5
BL2,6540,6863,3368,2454,1380
BL3,6984,6899,3953,3277,4192
BL4,4522,4064,2357,1822,1218
BL5,3519,4383,2128,1677,578
BL6,4084,4743,2159,1566,565
BL7,1735,2373,956,825,246
BL8,4148,5424,2502,2091,753
BL9,6911,6699,3365,2507,2042
BN1,13130,13052,5657,4445,1894
BN10,2675,3154,1379,1073,496
BN11,7841,5800,2172,1466,599
BN12,3083,4126,1477,1207,484
BN13,3646,4759,2201,1744,734
BN14,3591,4376,2145,1803,736
BN15,3871,4426,1873,1489,653
BN16,4441,5647,1849,1350,526
BN17,4377,4669,2199,1768,831
BN18,1829,2358,913,728,341
BN2,13724,13288,5889,4605,2461
BN20,4181,4463,1473,1215,515
BN21,5166,3711,1402,924,441
BN22,4175,4572,2251,1712,937
BN23,3947,4898,1920,1572,774
BN24,1046,1582,584,443,190
BN25,3845,4580,1432,1092,484
BN26,1948,2492,883,661,256
BN27,3892,5247,2087,1660,786
BN3,13675,12447,5252,4159,1493
BN4,7401,8773,4282,3739,1489
BN41,194,220,137,91,36
BN42,24,35,30,18,11
BN43,425,469,183,127,38
BN44,103,90,36,29,12
BN5,1011,1345,503,387,195
BN6,2082,2769,1164,1269,464
BN7,2877,3063,1392,1132,430
BN8,1748,2755,1023,959,394
BN9,1731,1934,952,726,371
BR1,7276,7886,4798,4091,2012
BR2,5595,6241,3761,3518,1228
BR3,6852,6802,3658,3174,1094
BR4,1554,2279,1248,1479,508
BR5,5619,6243,3996,3366,1634
BR6,4601,6063,3251,3238,1097
BR7,1976,2458,1342,1178,444
BR8,2661,3197,1755,1426,730
BS0,37,47,21,20,7
BS1,4441,3886,918,544,521
BS10,3965,4369,2472,2024,1181
BS11,2238,2420,1368,1051,631
BS12,8696,11514,5370,4948,1880
BS13,4107,4492,2494,1957,1140
BS14,3665,4656,2216,1910,839
BS15,9897,12805,5907,5118,1965
BS16,9568,11499,5823,5332,2623
BS17,5700,8734,3726,3343,1361
BS18,6122,8955,3643,3787,1331
BS19,4173,5992,2340,2313,812
BS2,2679,2691,1181,729,738
BS20,4282,5317,2175,2124,622
BS21,3444,3894,1430,1255,430
BS22,5225,6565,2784,2204,872
BS23,7259,5717,2096,1364,755
BS24,2497,4024,1879,1545,712
BS25,577,832,274,249,101
BS26,487,677,246,233,96
BS27,886,1118,445,386,151
BS28,310,598,190,184,81
BS3,5055,6516,2929,2380,874
BS31,227,259,118,100,27
BS32,174,270,175,158,50
BS34,513,766,499,390,172
BS35,48,127,87,75,20
BS36,23,40,21,23,4
BS37,228,212,150,107,49
BS39,95,124,83,47,20
BS4,5416,6482,3342,2894,1472
BS49,48,57,19,11,6
BS5,6943,6817,3470,2445,1732
BS6,4251,5228,1994,1996,1204
BS7,3688,4410,2439,2660,1354
BS8,3558,4104,1310,861,564
BS9,3161,4103,1713,1958,642
CA1,4530,3827,1788,1168,611
CA10,2121,3186,1046,834,376
CA11,3342,3949,1453,1107,504
CA12,1159,1396,410,322,134
CA13,2470,2965,1021,836,243
CA14,5835,5985,2450,1737,646
CA15,2409,2656,1110,829,326
CA16,877,1044,295,268,135
CA17,661,862,254,226,107
CA18,87,91,23,21,13
CA19,182,333,105,63,24
CA2,7224,6618,2770,1905,745
CA20,502,534,145,123,50
CA21,122,189,61,45,14
CA22,1378,1427,586,417,192
CA23,313,329,127,78,42
CA24,109,122,48,46,14
CA25,930,865,406,282,95
CA26,580,537,200,133,54
CA27,214,290,78,84,16
CA28,4313,4400,1827,1422,536
CA3,2128,2551,978,810,270
CA4,1449,2164,696,581,234
CA5,2617,3600,1194,987,465
CA6,1549,2074,709,512,282
CA7,1164,1370,500,415,173
CA8,902,942,299,221,121
CA9,337,375,121,76,48
CB1,9008,10279,4797,3975,2000
CB10,2213,2794,1190,1132,458
CB11,1753,2584,1154,1066,423
CB2,5159,6425,3062,2586,1155
CB23,3574,5111,2545,2713,1024
CB24,4126,5426,2452,2357,797
CB25,2296,3097,1345,1131,395
CB3,1797,1968,890,667,291
CB4,5811,5572,2742,2183,1400
CB5,1305,1398,673,529,319
CB6,4599,6481,2828,2520,1020
CB7,3538,4235,1774,1492,581
CB8,5422,5718,2143,1680,625
CB9,3633,4676,2331,1979,866
CF1,9067,6974,2934,2071,2043
CF10,815,793,150,69,45
CF11,1498,1330,460,223,121
CF14,9675,11060,5218,4793,1856
CF15,2137,2925,1389,1257,377
CF2,9934,9362,4633,4013,3119
CF23,1894,2125,1214,937,476
CF24,441,485,204,135,108
CF3,5401,5956,3272,2445,1381
CF31,6077,7287,3470,2522,1065
CF32,4146,5115,2412,1625,800
CF33,1995,2419,1193,889,432
CF34,2712,2987,1470,1007,472
CF35,1875,2969,1362,1115,445
CF36,2437,2719,1035,669,287
CF37,5529,5826,2956,2067,935
CF38,2397,3321,1693,1464,445
CF39,4099,4402,2259,1651,690
CF4,86,102,37,15,9
CF40,2580,2762,1490,947,453
CF41,1658,1591,855,518,259
CF42,2014,1895,884,663,291
CF43,1852,1665,797,589,289
CF44,5788,6447,3128,2095,927
CF45,2676,2775,1489,979,425
CF46,1905,2463,1124,821,301
CF47,3428,3256,1723,1216,562
CF48,3666,3846,2012,1333,535
CF5,8508,8939,4774,3514,1755
CF6,14581,15473,7085,5463,2304
CF61,238,251,98,58,22
CF62,464,713,368,305,114
CF63,78,196,131,124,45
CF64,115,152,53,67,22
CF7,3747,4906,2176,1912,629
CF72,225,381,276,289,68
CF8,9936,11518,5579,4000,1773
CF82,45,120,74,88,20
CF83,1641,1963,1051,846,339
CH1,6773,6265,2542,1839,912
CH2,4294,4872,2136,1686,630
CH25,142,57,9,8,1
CH26,34,61,25,15,7
CH27,86,84,46,28,22
CH28,118,95,31,38,12
CH29,98,58,23,10,5
CH3,4302,5705,2451,2289,729
CH30,57,52,33,29,9
CH31,80,55,13,21,8
CH32,71,46,35,13,11
CH33,69,55,18,11,2
CH34,102,100,87,66,34
CH4,4428,5548,2776,1930,654
CH41,5058,3253,1651,983,574
CH42,5600,4281,2372,1611,922
CH43,5619,4917,2345,1714,766
CH44,4971,3970,2226,1470,801
CH45,4824,4296,1874,1463,617
CH46,3520,3511,1727,1285,588
CH47,1442,1592,703,600,225
CH48,2197,2445,965,881,321
CH49,4385,4418,2215,1536,666
CH5,5221,6325,3161,2324,1011
CH6,2396,2785,1331,1064,429
CH60,1739,2396,883,761,248
CH61,2070,2548,1084,865,267
CH62,4256,4886,2212,1654,680
CH63,3389,4296,2007,1712,558
CH64,2534,3274,1125,887,361
CH65,4268,4302,2335,1601,727
CH66,4224,5297,2465,1859,599
CH7,6577,8654,3568,2758,1023
CH8,2526,2945,1334,987,480
CM0,2105,2937,1190,979,438
CM1,9111,10603,5088,4548,1917
CM11,2119,3158,1510,1586,597
CM12,2191,2749,1264,1338,399
CM13,3434,3953,1993,1769,635
CM14,3076,3078,1476,1271,491
CM15,2313,3245,1570,1555,608
CM16,2865,3627,1734,1597,633
CM17,2740,3506,2079,1695,717
CM18,3122,3226,1979,1640,870
CM19,2419,2791,1513,1326,720
CM2,7295,8487,3986,3739,1288
CM20,3331,3135,1894,1541,829
CM21,1395,1576,724,643,220
CM22,1804,2630,1424,1292,564
CM23,4397,5793,3063,2956,999
CM24,747,1049,551,507,185
CM3,5580,8726,3761,3466,1426
CM4,1145,1408,594,544,183
CM5,1067,1461,682,648,301
CM6,2755,3870,1901,1822,685
CM7,7304,9627,4762,3985,1723
CM8,4303,5304,2441,2106,924
CM9,4009,5461,2309,1951,763
CO1,4029,3492,1596,1044,520
CO10,6933,9238,3329,2596,1113
CO11,1833,2341,894,762,296
CO12,3455,3714,1460,1206,658
CO13,2148,2806,745,537,271
CO14,1248,1248,342,204,134
CO15,8562,7967,2671,1751,1135
CO16,3486,3974,1490,1146,679
CO2,4341,5303,2766,2254,1141
CO3,3691,4640,2216,2019,758
CO4,5762,6878,3608,3115,1392
CO5,3420,5000,1823,1596,633
CO6,3036,4469,1761,1709,608
CO7,4184,5807,2167,1839,774
CO8,173,244,81,81,33
CO9,3178,4224,1713,1470,680
CR0,20565,20319,12863,10010,6954
CR2,8070,10521,5870,5205,2544
CR3,7330,9368,5135,4716,1873
CR4,10291,10235,7689,6464,5757
CR5,100,158,118,121,52
CR6,22,54,14,16,8
CR7,354,320,209,180,170
CR8,139,154,86,69,25
CR9,26,33,23,29,26
CT1,4185,4149,2097,1545,944
CT10,3774,4636,1785,1365,652
CT11,5072,4447,2055,1429,684
CT12,2141,2780,1318,931,603
CT13,1398,1817,634,440,223
CT14,5453,6097,2349,1592,715
CT15,1558,2644,966,786,415
CT16,3525,3341,1545,1051,620
CT17,2308,2578,1299,981,500
CT18,1920,2824,1116,949,457
CT19,3784,4070,2106,1656,924
CT2,3359,4250,2163,1728,955
CT20,4454,3403,1232,888,409
CT21,2643,3071,933,712,315
CT3,1734,2841,1335,1097,537
CT4,1391,2226,920,773,368
CT5,4593,5838,2130,1685,699
CT6,5440,6214,2522,2066,1020
CT7,2131,2490,700,509,249
CT8,1441,1344,509,377,180
CT9,6275,6092,2862,2116,1244
CV1,5604,3515,1945,1435,1549
CV10,6963,8655,4434,3154,1598
CV11,4931,5969,2795,2255,1070
CV12,4313,5132,2500,1662,862
CV13,1197,2045,694,595,224
CV2,8450,8438,4960,3867,2601
CV21,5792,6096,3263,2533,1174
CV22,3838,5300,2503,2277,921
CV23,3161,5483,2292,1975,815
CV3,8149,8837,4865,4105,2331
CV31,4545,4809,2567,2039,1171
CV32,4663,5089,2084,1790,648
CV33,2336,3513,1513,1179,426
CV34,4763,5174,2511,2075,688
CV35,2920,4524,1826,1546,486
CV36,1691,2224,779,546,223
CV37,5940,7279,2850,2215,836
CV4,4170,4006,2190,1809,1068
CV5,6056,7090,3092,2643,1018
CV6,9326,9374,6111,5109,4180
CV7,2527,3310,1515,1336,574
CV8,3829,4769,1861,1760,500
CV9,2630,3221,1410,1119,507
CW1,6238,7096,3579,2399,1158
CW10,2150,2859,1290,934,374
CW11,3668,4755,1976,1476,470
CW12,4583,5841,2415,1802,676
CW2,5369,6645,3053,2294,1105
CW3,1421,2097,763,556,221
CW4,1098,1793,681,604,193
CW5,4401,5237,2010,1698,599
CW6,1423,2384,881,792,278
CW7,3958,5064,2655,1821,888
CW8,4990,6571,2841,2363,786
CW9,4258,5578,2488,1892,674
DA1,7133,7719,4933,4675,2278
DA10,1158,1358,933,723,385
DA11,4686,4771,2993,2634,1641
DA12,5090,5476,3226,2973,1881
DA13,1339,2336,964,950,361
DA14,3581,3407,1890,1479,689
DA15,2737,3642,2128,2120,858
DA16,3197,4214,2773,2833,1403
DA17,2328,2454,1608,1382,881
DA18,728,447,362,335,356
DA2,2337,2965,1683,1595,756
DA3,1825,2764,1102,1091,468
DA4,968,1215,561,496,212
DA5,1858,2670,1422,1496,562
DA6,1236,1358,848,719,299
DA7,3195,4253,2437,2278,995
DA8,3404,3449,2530,2112,1516
DA9,1725,1824,1052,835,347
DE1,5820,3524,1357,821,616
DE11,5935,7649,3466,2539,1081
DE12,2516,3824,1556,1157,500
DE13,5324,7654,3199,2622,1137
DE14,4037,3848,2078,1535,1417
DE15,3031,3593,1622,1193,623
DE2,13604,15467,7338,5731,3250
DE21,203,360,175,159,57
DE22,6367,7068,3335,2567,1097
DE23,5362,5567,3398,3142,3852
DE24,475,634,421,332,161
DE3,2106,3069,1209,1092,355
DE4,6559,8583,2749,2193,809
DE5,10803,13686,5230,4022,1444
DE55,4243,5234,2299,1605,598
DE56,695,857,395,432,137
DE6,5178,7418,2829,2281,846
DE65,503,634,432,378,155
DE7,15746,19533,8310,6217,2371
DE72,17,50,33,20,3
DE73,251,436,335,397,125
DE74,47,98,57,41,11
DE75,8,39,32,24,9
DH1,6786,7479,3073,2608,1375
DH2,5234,5568,2429,1628,533
DH3,3627,4445,1813,1277,437
DH4,4480,5747,2689,1858,598
DH5,2976,3275,1553,975,389
DH6,5387,5644,2614,1666,616
DH7,6700,6793,2967,1982,736
DH8,5955,6554,2950,2029,731
DH9,6108,6064,2672,1701,773
DH98,96,39,22,5,8
DL1,8622,8306,3669,2447,1208
DL10,3032,3984,1288,1045,374
DL11,528,861,226,187,55
DL12,2074,2455,758,551,209
DL13,2235,2628,960,579,246
DL14,6159,6471,2727,1815,768
DL15,3348,3560,1618,1023,460
DL16,3260,3550,1606,1069,339
DL17,3223,3117,1194,771,316
DL2,2131,3185,1265,1054,370
DL3,6327,6275,2553,1900,748
DL4,1791,1441,607,426,184
DL5,3943,4601,1956,1275,562
DL6,2729,3590,1230,926,365
DL7,1605,2337,862,679,219
DL8,2610,3582,1014,785,279
DL9,1014,1433,941,769,409
DN1,3028,1589,720,440,348
DN10,1868,2654,964,773,271
DN11,3886,5041,2191,1554,651
DN12,3463,3767,1792,1232,617
DN14,6091,8561,3592,2673,1125
DN15,4784,5612,2526,1965,1287
DN16,4493,4776,2371,1652,780
DN17,4457,5799,2474,1750,900
DN18,1880,2452,950,651,258
DN19,689,1118,405,302,138
DN2,3355,3483,1836,1425,749
DN20,2443,3543,1194,984,363
DN21,5560,6662,2604,1868,872
DN22,5247,6411,2416,1719,739
DN3,4022,5118,2131,1555,601
DN31,2804,2035,1006,551,312
DN32,4074,3684,1864,1245,758
DN33,2631,3295,1504,1134,565
DN34,2215,2568,1258,838,343
DN35,5329,5464,2265,1482,681
DN36,2406,3880,1334,1016,404
DN37,3423,4834,1759,1397,511
DN38,253,503,178,131,74
DN39,307,550,220,139,74
DN4,7118,7810,3649,2712,1345
DN40,1425,1726,749,580,286
DN41,11,36,38,20,8
DN5,5614,6650,3058,2168,816
DN6,3622,4476,2220,1463,728
DN7,2690,3382,1538,1148,515
DN8,2359,2790,1464,969,469
DN9,2048,3449,1401,1086,425
DT1,3722,3777,1375,1058,403
DT10,1658,2339,757,528,268
DT11,3531,5279,1774,1429,564
DT2,2965,4805,1469,1290,533
DT3,3607,4968,1641,1227,497
DT4,6073,5995,2289,1599,775
DT5,1732,2160,776,534,298
DT6,3686,4531,1232,900,377
DT7,906,1248,331,228,119
DT8,834,1230,320,262,106
DT9,3147,3793,1119,867,345
DY1,4919,4932,2854,2159,1407
DY10,5903,6549,2678,2048,907
DY11,4109,4938,2180,1703,747
DY12,2052,2867,810,618,256
DY13,3077,3758,1459,1024,435
DY14,958,1736,611,465,241
DY2,3728,3803,2266,1632,1415
DY3,4903,5639,2737,1960,776
DY4,5828,5431,3300,2607,1994
DY5,5700,6341,3131,2235,1223
DY6,3636,4954,2160,1696,574
DY7,967,1414,476,376,138
DY8,6792,7789,3312,2624,972
DY9,3438,3834,1835,1521,959
E1,12185,11161,4907,3823,4839
E10,4903,5321,3317,2738,2718
E11,6425,6675,3809,3082,2149
E12,2509,2458,2212,2420,3399
E13,4320,4072,3103,2890,3850
E14,14249,14053,6186,4242,4992
E15,6489,7191,3834,2748,2818
E16,6451,7360,4253,2777,2442
E17,10318,12402,7544,5790,4878
E18,2390,2533,1532,1349,578
E1W,169,121,29,34,59
E2,6364,6152,3033,1999,2190
E20,586,1225,631,297,251
E3,7517,7766,3885,2876,3115
E4,6835,7224,4603,4300,2608
E5,6596,5540,3371,2521,2625
E6,4507,4818,4032,4522,5999
E7,3075,3204,2477,2386,3610
E8,7309,7082,3310,1989,1338
E9,4752,4186,2601,1762,1307
EC1A,763,570,111,54,16
EC1M,655,569,116,54,40
EC1N,657,432,145,79,65
EC1R,1226,980,386,275,104
EC1V,3533,3073,1107,627,349
EC1Y,986,625,246,140,52
EC2A,315,306,50,16,5
EC2P,116,105,11,9,0
EC2Y,400,387,73,50,8
EC3N,75,72,8,1,1
EC4A,59,29,12,10,0
EC4Y,49,28,15,7,1
EN1,5267,5614,4009,3267,1987
EN10,1979,2585,1434,1310,577
EN11,2534,2890,1634,1525,619
EN2,3683,3746,2119,1848,769
EN3,4913,5200,4290,3532,3305
EN4,3281,3543,2338,2118,968
EN5,4625,4865,2864,2570,1155
EN6,3304,3959,2119,1930,788
EN7,2168,2713,1638,1610,718
EN8,4508,4463,2734,2213,1140
EN9,3001,3113,1701,1370,657
EX1,4711,4559,2125,1734,786
EX10,2955,3883,1047,723,372
EX11,1063,1619,612,577,277
EX12,1814,2170,564,382,158
EX13,2317,3283,1021,745,416
EX14,3033,4099,1311,1127,504
EX15,2763,3806,1580,1409,644
EX16,4488,6129,2064,1775,902
EX17,2676,3578,1273,1148,535
EX18,555,802,258,191,100
EX19,433,819,194,186,93
EX2,6179,7182,3053,2588,1109
EX20,2919,4103,1401,1141,604
EX21,464,884,249,207,110
EX22,1449,2170,719,580,353
EX23,2168,2818,944,768,361
EX3,766,801,201,167,46
EX31,3906,5556,1960,1640,730
EX32,3140,3518,1545,1221,572
EX33,1445,1821,685,645,227
EX34,2436,2453,898,680,357
EX35,258,328,67,57,15
EX36,1292,1710,568,442,250
EX37,297,483,170,139,53
EX38,1100,1588,541,435,225
EX39,5704,6803,2304,1666,810
EX4,6285,7079,3177,2509,1785
EX5,2384,3597,1470,1395,538
EX6,1921,2638,895,805,341
EX7,2237,2660,805,643,265
EX8,5373,6620,2241,1870,796
EX9,1079,1380,325,267,104
FY0,64,42,9,10,3
FY1,7561,4936,2300,1404,1142
FY2,4258,3995,1733,1020,493
FY3,4642,4759,2314,1546,664
FY4,7151,7278,3137,2090,847
FY5,7028,7853,2975,2010,723
FY6,4339,5535,1848,1279,468
FY7,3952,3956,1825,1211,609
FY8,8288,7895,2548,1835,674
GL1,6743,5468,2714,2029,1449
GL10,2051,2853,1160,1009,420
GL11,2483,3463,1319,1119,438
GL12,1481,2163,1000,910,342
GL13,703,934,387,308,129
GL14,2258,2776,1124,799,422
GL15,2780,4185,1515,1150,527
GL16,1885,2331,904,681,300
GL17,1469,2227,823,659,321
GL18,1222,1612,616,439,227
GL19,1036,1840,691,515,261
GL2,6060,8704,4143,3616,1428
GL20,3737,5031,1866,1639,571
GL3,4204,5568,2363,2026,779
GL4,5219,6823,3177,2598,1221
GL5,4810,5300,2107,1795,658
GL50,5830,4845,1509,1040,450
GL51,6925,7567,3354,2773,1185
GL52,6679,7787,3207,2886,982
GL53,2254,2687,1084,1205,353
GL54,3389,4700,1593,1344,491
GL55,830,1223,340,271,113
GL56,1439,1775,561,427,154
GL6,2814,3826,1361,1228,442
GL7,6132,8045,2994,2499,924
GL8,1332,1695,547,444,192
GL9,176,281,115,94,46
GU1,4734,5027,2432,2189,924
GU10,2844,4783,1988,2128,890
GU11,3182,3611,2020,1777,921
GU12,3338,4339,2233,1799,851
GU13,4044,5327,2472,2507,743
GU14,6033,7473,4049,3457,1789
GU15,4831,6758,3353,3238,1444
GU16,2151,2923,1527,1471,563
GU17,3209,5019,2423,2179,850
GU18,840,1189,504,437,138
GU19,769,896,423,384,131
GU2,2854,3672,2145,2102,953
GU20,455,695,325,279,85
GU21,5689,6742,3577,3513,1650
GU22,3790,4938,2449,2254,1158
GU23,801,1193,476,490,175
GU24,1335,2173,1144,1165,404
GU25,649,925,458,413,197
GU26,1121,1301,502,507,195
GU27,2051,2853,1235,1264,421
GU28,937,1238,418,346,138
GU29,1517,1794,565,488,174
GU3,944,1383,576,551,176
GU30,1151,1467,627,641,249
GU31,1798,2330,938,814,289
GU32,1470,1716,716,642,229
GU33,843,1329,524,497,188
GU34,3808,5588,2250,1890,759
GU35,2288,3472,1602,1280,541
GU4,1507,2002,897,859,302
GU47,15,29,11,19,7
GU5,1197,1691,738,711,299
GU51,403,656,452,545,142
GU52,83,134,120,146,69
GU6,1993,2531,927,842,320
GU7,2916,3580,1698,1532,452
GU8,1764,2382,1022,1060,418
GU9,3390,3905,1810,1846,683
HA0,3532,3984,3333,3159,4080
HA1,4772,4852,3318,2695,1901
HA2,4179,5099,4218,4179,3008
HA3,4987,6244,4945,4692,4597
HA4,5256,6507,4093,3697,1631
HA5,3981,5103,3148,3289,1474
HA6,2460,2799,1600,1425,673
HA7,3138,3823,2397,2391,1805
HA8,5257,6144,4518,4081,4129
HA9,4123,4601,3176,2845,3190
HD1,5865,3817,1852,1402,1778
HD2,3435,3452,1755,1497,1108
HD3,4751,4918,2174,1731,748
HD4,3810,3876,1663,1293,848
HD5,4357,4303,2026,1458,744
HD6,4382,4466,1809,1370,457
HD7,7053,9337,3791,3161,1028
HD8,3764,5444,2237,1919,623
HD9,40,52,14,16,4
HG1,6580,6410,2442,1624,543
HG2,4216,4803,2025,1932,635
HG3,3301,4908,1842,1637,602
HG4,3432,4363,1528,1287,487
HG5,2486,3373,1241,1120,340
HP1,3609,4079,2208,1868,648
HP10,2559,3423,1583,1555,619
HP11,2459,2378,1287,1061,728
HP12,2098,2041,1278,1101,1166
HP13,4520,4978,2830,2491,1676
HP14,1873,3120,1375,1248,518
HP15,1587,2349,1011,1145,396
HP16,1310,1975,832,845,319
HP17,3039,4332,1721,1564,562
HP18,1882,3229,1668,1655,688
HP19,3238,3509,1949,1555,1022
HP2,4963,5352,3072,2517,1283
HP20,2015,2013,1012,842,475
HP21,3974,4151,2295,1896,1096
HP22,2699,4216,2034,1850,669
HP23,2293,2843,1250,1220,466
HP3,3412,4446,2397,2075,917
HP4,2904,3484,1681,1652,478
HP5,3028,3513,1751,1673,808
HP6,1574,2235,1080,1301,394
HP7,1050,1329,640,727,186
HP8,599,980,428,518,170
HP9,1685,2206,1103,1248,456
HR1,5028,6007,2392,1974,791
HR2,4801,6107,2734,2114,1042
HR3,1235,1660,466,388,174
HR4,4146,4706,1921,1518,622
HR5,959,1198,367,277,141
HR6,2848,3449,1207,954,430
HR7,1227,1719,545,377,152
HR8,2127,2714,817,637,301
HR9,2861,3555,1254,911,387
HU1,2513,991,288,163,124
HU10,2693,3588,1364,1239,329
HU11,2075,3571,1071,772,349
HU12,3154,4493,1642,1251,478
HU13,2015,2503,1103,788,266
HU14,897,1509,617,575,182
HU15,2646,3942,1648,1424,419
HU16,2485,2949,1014,752,263
HU17,5973,7343,2569,2090,695
HU18,1171,1534,473,349,173
HU19,1014,1262,386,280,158
HU2,853,458,212,179,143
HU20,37,53,21,9,8
HU3,5145,3657,1913,1402,1011
HU4,3410,3593,1783,1176,541
HU5,7705,7424,3435,2160,1173
HU6,4190,4277,2196,1744,1282
HU7,5496,6640,3642,2804,1310
HU8,4765,5186,2457,1888,867
HU9,5852,5464,2802,1956,1057
HX1,4479,2997,1567,1397,1951
HX2,4932,5652,2540,1862,1013
HX3,6018,6341,2803,2073,824
HX4,1327,1743,774,589,211
HX5,1315,1344,567,433,212
HX6,2619,2827,1263,1000,386
HX7,2256,2156,782,570,221
IG1,4494,4388,4183,4230,5323
IG10,3789,4371,2553,2139,973
IG11,5343,4749,4053,3739,4298
IG2,2248,2369,2102,2252,2201
IG3,2040,1910,1824,1933,2649
IG4,529,643,508,618,779
IG5,1159,1303,1038,1198,1068
IG6,2795,2630,2059,2061,1536
IG7,1814,2363,1523,1359,934
IG8,3464,4004,2532,2437,1244
IG9,1456,1602,847,829,274
IP1,6210,6114,2931,2211,1251
IP10,1364,2040,736,610,243
IP11,4131,4376,1418,1058,484
IP12,3653,4601,1573,1311,504
IP13,2312,3610,1226,1030,469
IP14,5184,7539,2823,2445,992
IP15,631,608,128,95,50
IP16,1097,1220,388,296,136
IP17,1771,2405,660,507,258
IP18,796,880,201,131,54
IP19,1587,1881,546,414,204
IP2,4526,4496,2212,1687,939
IP20,1243,1632,540,443,163
IP21,1444,2460,696,593,268
IP22,2971,4144,1466,1045,466
IP23,736,1189,404,331,149
IP24,3345,4275,2235,1576,876
IP25,2521,3866,1361,978,494
IP26,1126,1779,676,526,283
IP27,2755,3064,1200,994,514
IP28,4236,4742,2027,1656,711
IP29,1007,1653,599,494,206
IP3,4573,5219,2535,1960,1110
IP30,1568,2726,909,755,323
IP31,2295,3407,1270,1045,446
IP32,2546,2670,1309,1031,399
IP33,4161,3849,1213,964,340
IP4,4942,5056,2306,2141,883
IP5,2044,2611,1162,1148,375
IP6,2157,3026,982,899,309
IP7,1786,2680,973,795,364
IP8,1209,1773,627,512,187
IP9,1311,2048,682,620,205
KT1,3563,3487,1933,1520,747
KT10,2007,2897,1588,1918,677
KT11,1747,2126,1134,1179,460
KT12,4954,5387,2963,2835,1014
KT13,2910,2861,1420,1547,433
KT14,1570,1776,959,900,312
KT15,3416,3994,2126,1931,773
KT16,2624,2883,1315,1079,489
KT17,2863,3887,2112,2151,772
KT18,2241,2644,1371,1339,502
KT19,3170,4325,2749,2727,1156
KT2,3328,3877,2396,2433,923
KT20,2171,2831,1292,1275,520
KT21,1441,1939,919,1027,384
KT22,2922,3494,1648,1432,525
KT23,1348,1618,666,642,229
KT24,686,1221,505,573,203
KT3,3474,4157,2971,2890,1481
KT4,2634,3485,2074,2020,866
KT5,2564,2653,1431,1464,654
KT6,3980,4427,2233,1897,660
KT7,837,1072,661,711,224
KT8,2363,2807,1394,1428,504
KT9,1811,2284,1568,1367,652
L1,3355,2306,454,174,150
L10,2120,2349,1313,941,385
L11,4005,3936,2843,1832,1027
L12,4036,4203,2351,1932,842
L13,5620,4277,2459,1576,864
L14,3827,3692,2297,1607,679
L15,4215,3682,2045,1614,1448
L16,1253,1907,1102,1018,370
L17,5161,3746,1390,997,473
L18,2880,3337,1747,1542,635
L19,3250,3140,1699,1244,578
L2,971,662,104,16,16
L20,6663,4857,2955,1838,1086
L21,3817,3221,1785,1185,609
L22,2506,2045,1063,756,362
L23,3823,4249,2061,1757,649
L24,2445,2361,1523,889,467
L25,5592,4869,2259,1708,728
L26,1752,1923,1149,854,382
L27,912,759,508,326,167
L28,1065,813,460,251,149
L3,3154,2414,640,338,186
L30,2979,2670,1642,1055,499
L31,3777,4687,2193,1899,682
L32,3007,2839,1811,1190,552
L33,2177,2228,1495,1002,529
L34,2530,2447,1221,860,339
L35,3901,4477,2401,1684,715
L36,5047,5151,3123,2071,948
L37,2864,3809,1463,1383,508
L38,248,451,151,114,32
L39,3538,4379,1826,1641,666
L4,7267,5354,3252,1971,1119
L40,2255,3312,1327,1145,439
L5,2514,1463,759,414,282
L6,3958,2606,1447,1059,705
L67,49,40,4,6,1
L68,60,75,42,46,13
L69,1359,641,248,153,131
L7,2652,1605,912,708,673
L70,24,11,13,2,4
L8,4858,3211,1544,1133,1010
L9,4083,3588,2075,1476,599
LA1,7467,7532,3614,2799,1486
LA10,520,723,199,154,71
LA11,1758,2429,606,471,145
LA12,3046,3718,1297,1016,317
LA13,2864,3424,1510,1176,483
LA14,6735,5442,2250,1549,652
LA15,1188,1209,477,366,146
LA16,417,553,206,163,64
LA17,170,235,59,59,37
LA18,1251,1397,492,391,167
LA19,116,123,47,36,19
LA2,2749,3956,1373,1103,467
LA20,135,222,72,48,29
LA21,209,270,81,54,23
LA22,777,878,271,165,81
LA23,1252,1423,470,380,127
LA3,3753,3866,1696,1261,618
LA4,4125,3957,1544,1104,543
LA5,2387,3232,997,819,292
LA6,1571,2163,648,580,205
LA7,623,890,267,222,90
LA8,1047,1626,485,446,169
LA9,4743,5241,1993,1600,512
LD1,2111,2328,680,531,307
LD2,863,1012,327,252,126
LD3,2764,3075,1184,910,390
LD4,121,148,42,25,20
LD5,134,173,35,27,15
LD6,441,464,162,110,67
LD7,717,872,268,195,110
LD8,528,686,197,130,69
LE1,3856,2384,889,627,627
LE10,6905,8920,3821,2868,1009
LE11,7351,8018,3864,3253,1975
LE12,8258,11472,4918,4048,1351
LE13,3744,4732,1919,1480,630
LE14,2083,3465,1175,986,403
LE15,4238,6047,2100,1761,659
LE16,4655,6518,2471,2195,808
LE17,2323,3791,1504,1362,584
LE18,4309,4989,2346,1933,910
LE19,2249,2826,1374,1183,417
LE2,13013,12890,7276,6588,5720
LE3,11848,12657,7450,6300,4245
LE4,9412,10080,6754,6388,5467
LE5,6231,6395,4978,5237,6442
LE55,59,83,44,30,9
LE6,10191,13874,5844,4723,1847
LE65,75,112,60,68,19
LE67,560,916,453,346,125
LE7,5192,7499,3365,2880,1100
LE8,4472,6207,2760,2463,885
LE9,6226,9108,3816,3111,1259
LL11,6134,7041,3363,2368,988
LL12,3203,4163,1862,1424,474
LL13,4148,4601,2274,1602,757
LL14,4523,5025,2480,1782,791
LL15,1669,1851,693,590,287
LL16,2126,2441,1031,781,386
LL17,812,960,399,299,119
LL18,6164,6203,2734,1908,1152
LL19,2918,3303,1258,869,457
LL20,1030,1231,458,346,118
LL21,851,1081,357,324,178
LL22,2893,3530,1225,817,399
LL23,604,534,226,170,120
LL24,320,392,128,117,79
LL25,65,83,28,24,7
LL26,592,661,295,227,96
LL27,81,110,41,33,15
LL28,2439,2606,858,589,301
LL29,2755,2630,1246,880,478
LL30,4071,3836,1323,927,391
LL31,1348,1460,705,443,192
LL32,868,1118,415,285,133
LL33,734,687,329,209,100
LL34,707,724,282,185,74
LL35,227,199,42,31,14
LL36,800,818,197,147,83
LL37,125,135,42,24,18
LL38,167,141,33,9,13
LL39,63,52,13,12,8
LL40,679,775,215,180,102
LL41,1104,892,356,275,175
LL42,423,351,123,82,60
LL43,87,102,28,11,9
LL44,123,167,40,21,17
LL45,185,177,29,44,15
LL46,387,376,86,55,38
LL48,464,466,162,123,79
LL49,652,590,212,175,92
LL51,144,187,80,61,46
LL52,478,484,147,112,80
LL53,2354,2390,932,749,445
LL54,1544,1792,759,614,352
LL55,3027,3017,1465,1116,532
LL56,377,366,147,105,54
LL57,3167,3045,1603,1246,711
LL58,632,761,221,150,76
LL59,905,833,329,276,115
LL60,403,513,235,168,76
LL61,775,890,388,263,108
LL62,350,444,161,138,76
LL63,243,279,104,69,36
LL64,103,100,28,32,14
LL65,3551,3682,1541,1200,664
LL66,272,361,111,95,44
LL67,164,188,58,37,16
LL68,727,891,336,212,95
LL69,56,38,33,11,7
LL70,49,74,18,8,4
LL71,224,321,148,90,51
LL72,98,121,43,16,12
LL73,53,93,25,28,13
LL74,449,513,127,77,32
LL75,210,228,92,58,32
LL76,45,67,23,26,11
LL77,879,831,412,349,166
LN1,4939,5472,1984,1592,775
LN10,974,1575,422,292,137
LN11,4323,5779,1937,1350,641
LN12,2279,3216,710,381,245
LN13,1052,1680,507,290,185
LN2,5688,6604,2816,2237,1099
LN3,2025,3170,1055,776,391
LN4,4782,7341,2683,2099,890
LN5,4445,5244,2278,1701,760
LN6,7369,10046,4297,3199,1349
LN7,906,1257,416,335,146
LN8,1263,1473,513,342,153
LN9,1410,1802,546,379,167
LS1,3128,2216,463,238,153
LS10,5315,5456,2843,2078,1150
LS11,6020,4398,2203,1759,1904
LS12,7222,6160,2993,2144,1155
LS13,5783,5844,2750,2010,887
LS14,5695,5499,2964,2161,1212
LS15,4539,5638,2419,1904,706
LS16,5691,6085,2574,2346,889
LS17,5505,6057,2849,2814,1311
LS18,2671,3279,1433,1376,439
LS19,2719,3202,1353,1178,353
LS2,1911,1151,394,199,190
LS20,1410,2056,910,868,248
LS21,2639,3047,1158,1019,343
LS22,2059,3054,1012,941,277
LS23,1178,1538,537,582,180
LS24,1613,2082,929,811,250
LS25,5113,7555,3103,2604,803
LS26,3904,5107,2245,1883,607
LS27,5653,6177,2598,1905,636
LS28,5267,5761,2615,2231,818
LS29,4428,5286,1986,1943,579
LS3,294,188,109,61,104
LS4,1468,1434,588,365,307
LS5,1013,1115,438,321,180
LS6,5625,4798,2411,2114,2330
LS7,4905,3824,1857,1381,1164
LS8,5613,4958,2829,2731,2671
LS9,6440,4977,2509,1768,1488
LU1,5913,4867,3075,2451,2567
LU2,6654,7645,4330,3780,2492
LU3,5397,5802,3679,3337,3946
LU4,4332,4028,2943,2626,3997
LU5,4650,5564,3203,2631,1354
LU6,3565,4852,2242,1893,820
LU7,6563,9280,4384,3925,1227
M1,3668,3298,500,135,76
M10,7232,5726,3496,2482,2066
M11,2997,2589,1674,1272,1206
M12,2444,1726,1216,1160,1667
M13,2203,1526,985,957,1549
M14,5185,4233,2672,2290,3290
M15,4457,4112,1244,615,491
M16,5106,3764,2017,1616,1881
M17,286,375,174,105,39
M18,3051,2429,1738,1356,1226
M19,4026,3833,2268,1850,2060
M2,103,71,11,2,0
M20,6992,7050,2896,2380,1475
M21,3961,3759,1850,1517,846
M22,5898,5467,3503,2504,1514
M23,4984,4222,2571,1799,946
M24,7328,7257,4033,2821,1525
M25,6993,7269,3657,2797,2065
M26,4950,4773,2585,1813,876
M27,5915,6398,3374,2393,1069
M28,7285,8254,4362,3344,1556
M29,6156,6981,3366,2489,985
M3,3967,4018,779,232,131
M30,9153,8176,4240,3029,1638
M31,6031,6891,3570,3012,1193
M32,3499,3421,1903,1494,992
M33,7571,7771,4282,4136,1509
M34,7151,7297,3565,2529,1103
M35,6034,6390,3416,2310,1073
M4,3355,4389,616,141,48
M40,111,107,96,81,69
M41,66,45,12,1,1
M43,64,114,45,39,10
M44,113,115,107,75,32
M46,139,172,98,94,30
M5,4220,4443,1781,924,560
M50,862,745,173,34,8
M6,4802,3985,2098,1380,856
M7,4091,2953,1656,1250,2205
M8,2770,1920,1407,1417,2616
M9,5386,4239,2675,2032,1707
ME1,4579,5091,2497,1991,948
ME10,5448,7006,3764,3250,1738
ME11,542,635,383,247,200
ME12,4593,5732,2644,2033,1359
ME13,3614,4766,1958,1624,725
ME14,4593,5587,2592,2367,940
ME15,5702,7122,3836,3355,1752
ME16,3732,4545,2415,2006,863
ME17,2416,4079,1596,1472,695
ME18,841,1259,488,453,191
ME19,2325,3485,1939,1912,711
ME2,4140,5410,3086,2652,1393
ME20,2162,3136,1466,1312,498
ME3,2724,4132,2087,1838,899
ME4,4217,3767,2299,1946,1275
ME5,5316,6868,3779,3344,1588
ME6,1307,1562,796,641,318
ME7,5537,5895,3637,2916,1761
ME8,5450,7143,3474,3107,1358
ME9,1736,3039,1446,1253,644
MK1,1344,1451,746,595,493
MK10,1831,2257,1851,1963,948
MK11,1506,1753,788,664,342
MK12,1948,2323,1193,940,683
MK13,1883,2200,1139,947,628
MK14,2104,2479,1341,1077,736
MK15,911,1117,479,343,158
MK16,2201,3202,1376,1280,435
MK17,2293,3492,1473,1349,485
MK18,3506,5227,2319,2054,792
MK19,1187,1918,893,798,283
MK2,1360,1641,906,737,737
MK3,2458,3504,1908,1444,783
MK4,2093,2644,1837,1905,714
MK40,6489,5277,2586,2011,1508
MK41,4858,5871,2973,2602,1191
MK42,5716,6495,3967,3327,2060
MK43,3723,5913,2929,2725,1092
MK44,1688,2995,1118,915,403
MK45,5047,7588,3448,3050,1041
MK46,1078,1436,587,527,169
MK5,1533,1727,1165,1066,449
MK6,2847,2713,1766,1448,1259
MK7,1548,1889,1154,886,311
MK8,1128,1389,927,867,344
MK9,877,678,235,117,58
N1,14851,14222,6272,3912,2253
N10,3414,3574,2027,1977,805
N11,3797,3882,2701,2165,1192
N12,3740,3810,2399,2037,1054
N13,3559,3936,2615,2279,1469
N14,2496,3006,2084,2021,1024
N15,6346,5483,3639,2564,2590
N16,7271,6819,3848,2882,2901
N17,7289,6648,4631,3519,3152
N18,2886,2791,2320,2001,1908
N19,6359,5776,2789,1916,1045
N1C,205,141,82,57,61
N2,2964,3071,1796,1636,845
N20,1742,2057,1201,1161,510
N21,2107,2312,1497,1434,722
N22,4990,4625,2852,2257,1507
N3,2949,3225,1885,1500,855
N4,7668,7933,3662,2508,1476
N5,3563,3636,1671,1038,588
N6,2943,2787,1199,830,363
N7,7495,6778,3301,1975,1326
N8,5301,5388,2531,1940,872
N9,4567,4012,3242,2784,2627
NE1,3230,2076,582,347,270
NE10,5914,5939,2735,1815,692
NE11,2414,2729,1185,815,330
NE12,5810,6436,2787,2006,639
NE13,2999,3540,1642,1380,448
NE15,5347,5568,2592,1842,805
NE16,3460,4149,1729,1286,347
NE17,901,853,330,203,87
NE18,109,151,67,56,27
NE19,515,886,250,168,75
NE2,3606,3330,1300,1016,1298
NE20,1206,1875,762,640,272
NE21,2693,3019,1282,941,300
NE22,3062,3472,1400,944,374
NE23,5830,6688,2864,2073,646
NE24,6261,6263,2860,1906,811
NE25,4614,5242,2242,1881,471
NE26,2453,2597,1099,1124,332
NE27,1900,2339,1280,914,318
NE28,7946,7310,3412,2231,831
NE29,6993,5676,2597,1661,717
NE3,7009,7540,3138,2700,1125
NE30,3400,3387,1187,1041,255
NE31,3691,3667,1931,1287,443
NE32,3676,3538,1736,1072,472
NE33,6654,4476,1736,1042,623
NE34,7411,7610,4029,2452,900
NE35,1006,1098,544,363,123
NE36,902,1082,489,385,108
NE37,3100,3416,1576,1096,410
NE38,3780,4916,2165,1584,570
NE39,1129,1366,573,378,161
NE4,4315,3114,2124,1796,2380
NE40,2085,2569,1086,732,210
NE41,248,317,119,105,30
NE42,1725,1949,854,656,212
NE43,556,853,272,246,92
NE44,181,314,78,77,38
NE45,578,603,162,139,36
NE46,2437,2759,910,734,224
NE47,938,1327,423,347,126
NE48,399,577,164,130,45
NE49,609,595,228,130,64
NE5,7069,6777,3478,2485,1144
NE6,8724,7275,3480,2136,1266
NE61,4943,6470,2286,1737,598
NE62,1283,1543,628,359,129
NE63,4644,4446,2003,1369,516
NE64,977,904,378,162,90
NE65,2851,4120,1219,817,327
NE66,2785,3269,1002,730,287
NE67,159,237,42,29,11
NE68,326,365,84,61,22
NE69,75,79,16,7,3
NE7,1610,2113,1111,803,321
NE70,282,441,113,79,35
NE71,533,585,141,101,33
NE8,5938,4395,1787,1037,917
NE9,5286,5153,2483,1844,647
NG1,3491,2337,575,361,430
NG10,6770,7806,3352,2478,876
NG11,5124,5921,2752,2149,1012
NG12,4564,6477,2491,2290,723
NG13,2612,3850,1428,1259,413
NG14,2357,3519,1331,1169,353
NG15,5641,7541,3362,2549,1021
NG16,8096,10691,4337,3147,1329
NG17,9692,11695,5472,3837,1831
NG18,6984,7620,3621,2636,1119
NG19,6273,8196,3643,2545,1074
NG2,7918,7457,3529,3284,1880
NG20,3434,4318,2032,1468,737
NG21,2885,3873,1762,1320,530
NG22,3610,5029,1957,1504,629
NG23,1950,3402,1138,867,354
NG24,6706,7511,3251,2328,1039
NG25,1128,1383,449,409,159
NG3,7997,7269,3485,2650,1539
NG31,6402,7733,3394,2592,1116
NG32,1339,2313,651,572,261
NG33,1118,1829,630,458,214
NG34,5509,7406,2827,2082,872
NG4,5632,6237,2911,2020,726
NG5,12282,12569,5993,4471,2374
NG6,5590,5420,2631,1766,1084
NG7,6007,4944,2627,2179,3509
NG8,6663,7204,4141,3595,2750
NG9,9571,11352,4705,3696,1437
NN1,5719,4698,2462,1746,1160
NN10,5079,6283,2946,2274,1018
NN11,4876,6812,2996,2339,1059
NN12,2771,4551,1815,1651,542
NN13,2374,3456,1597,1373,489
NN14,5310,8124,3254,2760,1189
NN15,4832,6280,3066,2655,1127
NN16,4028,3890,2123,1583,802
NN17,3641,4960,2607,1916,934
NN18,3408,4706,3018,2450,1376
NN2,5092,5828,2983,2284,1209
NN29,1471,2045,804,672,253
NN3,7764,9500,5266,4389,2797
NN4,4539,6571,3946,3710,1629
NN5,5372,5966,3070,2576,1502
NN6,3798,6014,2419,2127,783
NN7,3024,4681,1884,1595,569
NN8,6460,7273,3996,3136,1734
NN9,3292,4491,1854,1441,644
NP1,7596,8659,4183,3123,1311
NP10,747,1070,623,584,196
NP11,75,131,81,79,25
NP12,3810,4826,2428,1749,680
NP13,3018,3044,1444,889,368
NP15,1257,2077,653,500,233
NP16,2836,3772,1473,1227,430
NP18,2100,2864,1290,1018,422
NP19,6931,7284,3942,2775,1920
NP2,3922,3881,1945,1254,501
NP20,7641,7094,3617,2623,1644
NP23,4665,4865,2494,1491,652
NP25,2091,2474,911,737,324
NP26,2626,3809,1650,1324,484
NP3,49,67,26,17,4
NP4,6223,7352,3398,2431,1033
NP44,6234,7012,3562,2394,1086
NP7,3802,4421,1717,1230,500
NP8,592,870,272,206,97
NR1,7496,5388,1744,1084,494
NR10,2971,4505,1763,1408,543
NR11,2838,3991,1241,935,390
NR12,3187,4451,1257,877,411
NR13,3384,5512,1925,1687,588
NR14,3218,4917,1814,1586,523
NR15,1826,2898,1046,939,357
NR16,1286,2219,817,660,259
NR17,1959,2977,1149,939,381
NR18,2596,3293,1334,1232,423
NR19,2784,3613,1404,1101,499
NR2,5937,4585,1862,1306,490
NR20,2234,3719,1183,1023,486
NR21,2443,3132,1009,735,337
NR22,128,100,30,19,16
NR23,614,666,158,119,65
NR24,628,818,254,209,74
NR25,1523,1782,373,271,134
NR26,1338,1700,412,283,139
NR27,2233,2299,615,375,163
NR28,2516,2917,937,707,298
NR29,2647,4182,1323,961,459
NR3,6132,5141,2147,1494,744
NR30,5298,4807,2032,1261,884
NR31,7042,8212,3464,2411,1194
NR32,6091,6528,2565,1919,1003
NR33,6058,6692,2467,1910,897
NR34,3043,3878,1327,989,450
NR35,1461,1860,614,470,206
NR4,2856,3274,1465,1342,680
NR5,3681,4181,2147,1799,1160
NR6,3035,3938,1507,1260,423
NR7,4364,5276,2055,1674,596
NR8,2388,3384,1417,1287,446
NR9,1971,3141,1108,947,371
NW1,10722,8239,3935,2552,2058
NW10,12458,10097,6937,5319,4821
NW11,4498,3814,1958,1606,1823
NW2,8215,7141,4401,3219,3099
NW3,9156,7544,3381,2658,1374
NW4,3675,3519,2247,1692,1702
NW5,3582,2990,1591,1154,770
NW6,10523,9074,4196,3036,1855
NW7,2456,2770,1850,1710,1069
NW8,4940,3665,1835,1429,1180
NW9,6561,6815,4771,3834,3752
OL1,3630,2992,1952,1509,1675
OL10,4090,4045,2218,1500,752
OL11,5986,5897,3243,2581,2526
OL12,6072,5926,2990,2260,1967
OL13,2222,2353,1167,880,440
OL14,2541,2555,1064,724,368
OL15,2017,2503,1062,806,297
OL16,3477,3667,2110,1677,1677
OL2,5731,6193,2974,1982,852
OL3,2091,2527,1081,923,270
OL4,4549,5192,2630,2232,2318
OL5,1892,1831,837,666,227
OL6,4365,4038,2305,1570,1092
OL7,2348,1964,1052,740,619
OL8,3906,3764,2500,2013,3056
OL9,4110,3691,2158,1787,1981
OX1,2603,2916,1096,1059,437
OX10,3267,4431,1932,1828,725
OX11,4565,6651,3466,2859,1136
OX12,3625,4954,2058,1710,697
OX13,1575,2599,1195,1016,455
OX14,5213,6544,2951,2502,916
OX15,2356,3746,1504,1352,517
OX16,6414,7179,3734,2859,1470
OX17,1534,2621,1008,886,316
OX18,2761,4192,1979,1624,649
OX2,4803,5365,2398,2028,996
OX20,905,1120,462,400,136
OX25,1221,2130,1016,921,331
OX26,3614,5203,2832,2304,939
OX27,637,1025,467,392,186
OX28,3889,4600,2014,1617,680
OX29,2506,3997,1650,1437,536
OX3,4753,5530,2953,2630,1806
OX33,808,1174,461,420,165
OX39,761,1328,611,532,192
OX4,6421,6921,3873,3111,3083
OX44,782,1286,489,455,181
OX49,542,705,257,267,99
OX5,2692,3591,1603,1361,550
OX7,2832,3554,1430,1118,455
OX9,1688,2382,1083,953,362
PE1,6186,5704,3459,2707,3304
PE10,2946,4201,1765,1500,538
PE11,5506,7656,3434,2514,1178
PE12,5100,7697,2725,1965,1010
PE13,4889,6232,2755,1854,1058
PE14,2396,3891,1549,1163,636
PE15,3867,5290,2020,1564,735
PE16,1468,1810,732,598,264
PE17,7725,10765,4150,3444,1342
PE18,6569,8505,3667,3137,1309
PE19,5220,6471,2870,2369,871
PE2,6458,7350,3941,3073,1670
PE20,1823,2741,1037,781,448
PE21,5470,6641,3346,2618,1307
PE22,1700,2957,941,671,391
PE23,1094,1663,545,346,190
PE24,1627,2415,702,411,236
PE25,3741,4000,1417,953,455
PE27,18,40,22,15,9
PE28,180,304,191,167,83
PE29,138,177,143,93,39
PE3,3465,3880,2103,1806,1447
PE30,6452,7022,3456,2582,1236
PE31,3178,4301,1058,718,339
PE32,1800,2956,992,735,355
PE33,1529,2664,958,774,336
PE34,1323,2256,852,657,347
PE36,1113,1202,248,126,78
PE37,1656,2256,691,457,222
PE38,2219,2723,910,699,310
PE4,3928,4537,2193,1500,740
PE5,139,238,114,64,25
PE6,4178,6655,2612,2214,846
PE7,4880,6808,3457,2833,1218
PE8,1972,2854,1078,942,334
PE9,4437,5300,1975,1639,578
PL1,7100,4556,1706,1113,673
PL10,570,769,227,164,76
PL11,1504,1754,611,481,181
PL12,2845,4035,1472,1132,460
PL13,1616,2140,635,436,205
PL14,3339,4369,1519,1147,551
PL15,2740,3913,1376,1064,586
PL16,111,148,58,48,21
PL17,1299,1850,598,440,224
PL18,667,1002,335,234,115
PL19,2277,2879,930,744,275
PL2,4608,4946,2316,1686,810
PL20,1586,2409,737,575,291
PL21,2227,3494,1431,1230,455
PL22,587,778,243,196,98
PL23,523,658,194,126,66
PL24,1434,1901,717,533,258
PL25,4017,4864,1833,1502,701
PL26,3409,4796,1890,1447,714
PL27,1801,2100,772,667,305
PL28,565,717,266,198,88
PL29,257,284,84,75,38
PL3,3802,4657,2144,1651,691
PL30,1117,1899,599,464,262
PL31,2025,2233,1041,771,426
PL32,478,702,244,210,125
PL33,289,341,117,99,57
PL34,250,306,66,58,28
PL35,129,168,30,20,12
PL4,4854,3891,1690,1143,994
PL5,6042,6779,3360,2366,1165
PL6,4795,6825,2925,2185,843
PL7,3666,5304,2270,1855,690
PL8,643,979,302,269,113
PL9,3514,4984,1868,1619,583
PO1,5229,4194,2063,1434,949
PO10,2792,3515,1204,1048,391
PO11,2718,3469,1014,698,296
PO12,7141,7688,2989,2167,974
PO13,4387,5491,2451,1912,1046
PO14,4266,6275,2437,2005,736
PO15,2294,3682,1730,1457,489
PO16,3970,5399,2048,1789,546
PO17,997,1418,479,408,196
PO18,2081,2915,1022,853,387
PO19,5266,5192,1978,1568,690
PO2,5118,5625,3032,2413,1335
PO20,4519,6113,2071,1635,746
PO21,6603,7537,2746,2156,988
PO22,3760,5021,1867,1500,669
PO3,2122,2650,1485,1174,541
PO30,4501,5363,2085,1539,765
PO31,2217,2386,895,735,312
PO32,1329,1537,556,407,200
PO33,5472,5358,1980,1286,646
PO34,274,429,108,67,20
PO35,562,725,176,107,53
PO36,2737,3205,1034,692,386
PO37,1608,1610,479,342,162
PO38,2058,2267,645,425,242
PO39,562,736,139,102,56
PO4,5863,6036,2948,2180,1101
PO40,853,1007,257,152,83
PO41,313,378,74,45,27
PO5,4982,3649,1321,990,815
PO6,4385,5770,3102,2599,1296
PO7,5408,7055,3014,2420,1051
PO8,3693,5689,2342,2033,833
PO9,5953,7282,3432,2732,1497
PR0,82,48,16,13,21
PR1,10612,9407,4785,3632,2733
PR11,27,54,21,18,7
PR2,10557,10332,5324,4257,2292
PR25,4747,5777,2637,1943,757
PR26,1327,1950,833,669,290
PR3,4825,7059,2543,1959,902
PR4,6999,10437,4458,3354,1251
PR5,5443,6241,2877,1981,727
PR6,4799,5913,2630,2081,781
PR7,7773,9358,4324,3434,1277
PR8,8389,8820,3906,2741,1366
PR9,7172,6879,2678,1878,844
RG1,7035,6896,3381,2342,1801
RG10,2041,3011,1332,1394,472
RG11,7549,11138,5435,5439,1839
RG12,9508,11408,6200,5207,2216
RG13,5296,6279,2920,2386,969
RG14,3588,4279,1998,1694,653
RG15,1695,2991,1069,998,429
RG16,1750,2947,1244,1217,528
RG17,1077,1181,480,348,155
RG18,46,115,76,95,17
RG19,120,174,128,135,46
RG2,4135,5100,3231,2873,1790
RG21,4654,4611,2284,1613,856
RG22,4395,5891,3129,2652,1123
RG23,1250,2088,873,779,325
RG24,4193,5674,3009,2469,1071
RG25,1706,2531,1002,902,313
RG26,2469,3657,1614,1384,516
RG27,2220,3307,1501,1393,460
RG28,744,1085,446,449,158
RG3,8174,10161,5567,4755,2551
RG30,69,67,46,22,11
RG31,12,60,25,27,15
RG4,4172,5901,2946,2880,1022
RG40,186,253,201,161,60
RG41,41,88,100,82,40
RG42,474,613,286,239,67
RG5,2710,3657,2006,1925,786
RG6,2979,3987,2341,2533,1165
RG7,3178,4408,2089,1927,713
RG8,1514,2561,1017,979,349
RG9,2715,3272,1289,1211,459
RH1,6113,7064,3928,3461,1425
RH10,7777,10282,5647,4950,2415
RH11,5378,6330,3811,3455,2420
RH12,6625,8210,3715,3206,1062
RH13,4264,5969,2592,2416,900
RH14,1707,2493,1101,1008,399
RH15,3864,5101,2521,2177,744
RH16,5033,5937,2687,2628,889
RH17,1739,2549,1162,999,441
RH18,694,814,394,329,143
RH19,4058,5235,2239,2073,783
RH2,2647,3092,1599,1793,615
RH20,3022,4877,1537,1264,497
RH3,557,748,288,255,91
RH4,2540,2583,1144,1036,393
RH5,1567,2104,836,715,334
RH6,3640,4658,2585,2071,895
RH7,976,1300,593,549,228
RH8,1587,2092,1002,1059,387
RH9,511,582,322,302,117
RM1,3453,3653,2133,1747,1027
RM10,4065,3606,3089,2777,2467
RM11,3346,4457,2590,2314,1161
RM12,3504,4414,2506,2220,1108
RM13,3013,3440,2211,1936,1352
RM14,2473,3513,1861,1912,717
RM15,3156,3243,2280,2145,1205
RM16,5270,6283,4447,4110,2351
RM17,2858,3094,2098,1725,1025
RM18,1515,1780,1430,1199,976
RM19,72,63,57,47,13
RM2,1331,1703,871,772,314
RM3,5001,4876,3451,2813,1873
RM4,364,525,219,229,117
RM5,1823,2456,1513,1466,801
RM6,2865,2740,2257,2413,2171
RM7,2688,2852,2006,1631,1165
RM8,3604,3514,3024,3112,2734
RM9,2742,2970,2486,2341,1905
S1,3533,2452,678,504,458
S10,6109,6477,2673,2667,1495
S11,4224,5004,2295,2257,997
S12,5216,6171,2696,1923,745
S13,4484,4839,2234,1727,720
S14,1778,1233,748,452,329
S17,2147,2658,985,1066,300
S18,3357,4248,1649,1418,404
S19,3909,4947,2061,1505,508
S2,6033,5390,2816,1939,1229
S20,110,156,104,89,30
S21,2654,3191,1387,1048,400
S25,2675,3604,1608,1152,449
S26,2953,4131,1876,1493,550
S3,2917,1784,602,461,609
S30,10169,14160,5402,4415,1416
S35,326,260,131,118,58
S36,43,55,44,48,15
S4,1621,1110,624,558,1015
S40,7342,7032,2659,1971,686
S41,5497,5687,2297,1595,604
S42,4118,5360,1910,1429,527
S43,5662,6554,2779,1970,902
S44,2928,3451,1381,1014,426
S45,2039,2031,790,608,227
S5,7588,7228,4293,2998,2398
S6,8371,8640,3651,2675,1063
S60,5698,6659,3005,2385,1620
S61,5098,5312,2390,1636,771
S62,3136,3549,1687,1173,522
S63,5518,6440,3212,2310,1052
S64,4145,4600,2076,1310,539
S65,4434,4335,2160,1572,1198
S66,5566,6857,3148,2444,887
S7,1749,1725,933,776,673
S70,7283,6932,3252,2054,944
S71,6283,7639,3626,2413,1076
S72,3346,4098,1960,1378,685
S73,3694,4443,2169,1437,607
S74,2415,2765,1225,793,361
S75,5582,7361,3077,2208,713
S8,6517,6636,2811,2241,776
S80,4386,4785,2188,1421,627
S81,4393,6004,2635,2019,760
S9,2967,2767,1421,1189,1618
SA1,10432,7447,3296,2280,1423
SA10,4316,5040,2377,1819,631
SA11,5606,5439,2515,1687,700
SA12,4963,5068,2432,1676,742
SA13,2445,2517,1217,859,382
SA14,4750,6070,2817,2185,961
SA15,5245,5336,2474,1784,875
SA16,1219,1450,596,383,188
SA17,1191,1497,635,481,229
SA18,4145,4763,2113,1551,777
SA19,1480,1876,647,482,275
SA2,5003,5368,2236,1811,917
SA20,435,471,133,100,71
SA3,3810,4276,1426,1235,508
SA31,3166,3031,1212,931,493
SA32,571,954,344,285,139
SA33,1505,2258,777,598,346
SA34,706,979,369,295,152
SA35,190,233,93,60,42
SA37,328,475,153,115,71
SA38,681,884,285,234,115
SA39,430,579,212,150,76
SA4,5982,6799,3241,2651,990
SA40,493,578,187,173,109
SA41,244,275,108,77,58
SA42,474,492,136,100,53
SA43,1969,2084,629,491,262
SA44,1401,1933,589,442,234
SA45,212,218,71,50,15
SA46,539,582,198,120,59
SA47,33,18,19,3,6
SA48,1088,1322,471,367,222
SA5,5191,5038,2668,1870,970
SA6,4654,4867,2312,1629,680
SA61,2595,2414,1073,754,412
SA62,2802,3862,1404,1058,542
SA63,73,147,42,41,26
SA64,330,344,120,80,57
SA65,637,622,197,134,87
SA66,494,569,216,178,107
SA67,834,1024,368,269,145
SA68,670,890,302,259,94
SA69,599,742,208,147,60
SA7,1546,2068,1011,749,283
SA70,1267,1260,424,343,167
SA71,1801,1987,757,497,266
SA72,1576,1354,620,429,227
SA73,3134,3113,1332,946,458
SA8,1592,1902,934,651,269
SA9,2201,2187,971,711,296
SE1,14337,13239,5385,2872,2015
SE10,5922,7276,2903,1841,895
SE11,3757,3314,1524,950,613
SE12,3714,3855,2453,1890,989
SE13,6535,6804,3296,2219,1236
SE14,3873,4240,2118,1536,1188
SE15,8864,8426,4746,3469,2459
SE16,7618,7811,3665,2325,1458
SE17,4624,4266,2230,1571,1129
SE18,10705,9811,5827,4525,3774
SE19,4774,4656,2380,1581,728
SE2,2367,2283,1677,1443,1263
SE20,3850,3574,1829,1161,546
SE21,2046,2515,1403,1253,584
SE22,3539,4118,2126,1807,739
SE23,4476,5030,2718,2264,963
SE24,2608,2906,1557,1271,619
SE25,4680,4150,2492,1741,1045
SE26,3868,3793,2099,1474,816
SE27,2614,2545,1516,1110,605
SE28,2895,2483,1991,1676,1380
SE3,4642,4899,2311,1863,858
SE4,2892,3277,1883,1553,805
SE5,6301,6104,3250,2007,1638
SE6,6218,5656,3462,2750,2129
SE7,2136,2128,1417,1132,911
SE8,3709,3659,1802,1063,882
SE9,7059,7025,4437,3804,2290
SG1,6921,7126,4088,3244,1704
SG10,320,471,187,184,89
SG11,804,1236,570,555,227
SG12,3920,4415,1997,1757,660
SG13,2046,2426,1239,1179,360
SG14,2651,3053,1326,1220,395
SG15,777,955,442,358,148
SG16,796,1120,507,484,180
SG17,1434,2042,981,959,342
SG18,3349,4872,2229,1844,720
SG19,2709,3843,1688,1430,576
SG2,4433,5657,3183,2705,1249
SG3,802,995,424,340,121
SG4,3924,4566,1993,1886,668
SG5,3818,4615,2193,2092,727
SG6,4600,4812,2312,1921,853
SG7,1974,2116,990,854,307
SG8,4341,6223,2696,2465,860
SG9,1113,1849,828,805,338
SK1,3385,2565,1138,611,268
SK10,6515,7395,2956,2496,829
SK11,5282,5689,2233,1681,622
SK12,6649,8792,3375,2939,937
SK13,4728,5464,2434,1801,639
SK14,6878,7255,3614,2518,1580
SK15,3832,4135,2076,1563,641
SK16,2682,2622,1302,994,440
SK17,4359,4786,1871,1444,654
SK2,3930,4360,2326,1745,737
SK22,76,50,16,10,2
SK23,17,22,20,16,8
SK3,3891,4019,2116,1481,696
SK4,5028,4847,2308,2162,869
SK5,4640,4154,2184,1468,722
SK6,6664,7780,3414,2722,971
SK7,4617,6330,2857,2705,854
SK8,6730,7679,3937,3783,1776
SK9,5559,5935,2619,2293,888
SL0,1298,1484,870,847,448
SL1,7217,7364,5483,4941,4501
SL2,4201,4603,3355,3198,3269
SL3,3968,4044,3182,3293,2314
SL4,5717,6142,3015,2633,1065
SL5,2449,3075,1568,1506,513
SL6,8236,10692,5557,5119,2313
SL7,2297,2914,1280,1391,454
SL8,856,1005,437,405,110
SL9,2028,2809,1363,1541,770
SM1,5451,5754,3677,3254,1408
SM2,3840,3714,2057,1730,729
SM3,1666,2098,1368,1543,727
SM4,3281,4022,2877,2612,1750
SM5,3659,4523,2966,2862,1344
SM6,4155,4015,2503,2284,1089
SM7,1714,2262,1120,1093,395
SN1,5056,4632,2508,2098,1428
SN10,4446,5754,2099,1645,663
SN11,3061,4571,1799,1491,579
SN12,3404,4608,1912,1610,674
SN13,2317,2973,1267,1089,376
SN14,3010,4525,2039,1804,675
SN15,3766,5018,2086,1670,691
SN16,1666,2287,959,879,311
SN17,21,44,24,18,10
SN2,7999,9547,4949,4227,2000
SN25,1888,2338,1650,1670,633
SN3,6458,7971,3651,3096,1588
SN38,118,139,62,61,25
SN4,3177,4483,1894,1589,565
SN5,3871,4940,2453,2014,808
SN6,2530,3573,1355,1219,472
SN7,1671,2239,966,791,329
SN8,3047,4021,1477,1306,535
SN9,1019,1374,446,375,144
SO1,16805,16537,7542,5851,3413
SO14,1816,1376,753,603,844
SO15,157,156,46,27,14
SO16,1264,1488,823,694,551
SO17,2208,1816,810,733,709
SO18,5450,5889,2677,2231,1060
SO19,7702,8150,3987,3107,1474
SO20,991,1741,587,496,226
SO21,2295,3748,1563,1562,629
SO22,3074,4229,1928,1969,888
SO23,3335,2967,1170,967,376
SO24,1201,1616,590,528,186
SO3,10502,14913,6209,5715,1926
SO30,262,397,260,293,79
SO31,103,235,134,131,26
SO32,60,146,118,127,46
SO4,14549,20131,7320,5849,2446
SO40,50,82,51,58,26
SO41,179,144,31,27,12
SO45,34,35,4,4,0
SO5,12513,17327,7454,6659,2422
SO50,177,252,139,137,58
SO51,318,477,209,176,45
SO53,181,387,267,293,63
SP1,3616,3708,1528,1266,466
SP10,5230,6364,2974,2378,1048
SP11,2997,4745,2245,1882,812
SP2,4381,4899,2088,1625,728
SP3,1596,2378,752,567,247
SP4,3246,5022,2673,2348,1018
SP5,2200,3895,1361,1150,510
SP6,1580,2453,752,714,261
SP7,1987,2474,842,737,333
SP8,1940,2526,830,711,259
SP9,594,1029,819,745,385
SR1,2419,1386,576,337,222
SR2,4993,4710,2371,1604,793
SR3,5305,5751,2787,1892,663
SR4,5473,5416,2952,1805,889
SR5,5272,5026,2734,1629,647
SR6,4176,4633,1928,1390,399
SR7,4502,4751,2280,1450,583
SR8,5436,5493,2523,1623,630
SS0,7502,6329,3257,2537,1322
SS1,4789,4377,2029,1458,813
SS11,2099,2971,1291,1174,469
SS12,2102,2629,1307,1269,467
SS13,3145,3102,1682,1265,759
SS14,3152,3215,2053,1677,999
SS15,4024,4253,2547,2035,1111
SS16,3416,3964,2177,1820,952
SS17,3132,4425,2372,2098,953
SS2,5078,4909,2571,1948,951
SS22,39,52,12,19,7
SS3,3311,3895,1964,1594,747
SS4,2682,3193,1498,1262,561
SS5,2339,3444,1490,1380,526
SS6,3490,4959,2302,2304,744
SS7,5326,7534,3447,3031,1192
SS8,4743,5772,2506,2055,1129
SS9,6313,7182,3187,2851,1011
ST1,5432,4697,2281,1462,1289
ST10,3210,4653,1773,1361,531
ST11,1179,1849,662,541,231
ST12,710,1062,346,330,100
ST13,4085,4494,1737,1378,574
ST14,2478,3330,1440,1180,476
ST15,3016,4113,1577,1273,458
ST16,5392,5523,2578,1753,697
ST17,4903,6176,2595,2082,773
ST18,1740,3168,1081,870,311
ST19,1911,2793,1075,908,316
ST2,5025,5478,2565,1805,1064
ST20,889,1486,533,394,138
ST21,671,1015,315,249,68
ST3,8688,10133,4631,3317,2052
ST4,8337,8485,3803,2616,1427
ST5,11289,12206,5547,4073,1824
ST6,9399,9178,4398,3081,2204
ST7,6919,9446,3754,2791,1076
ST8,2464,3071,1300,919,377
ST9,1016,1681,611,510,174
SW10,3921,2681,1127,739,531
SW11,11766,13125,5974,4157,2191
SW12,4111,5408,2634,2029,833
SW13,2184,2321,1311,1103,474
SW14,1862,2034,1236,1276,466
SW15,8297,8698,4429,3395,1950
SW16,8987,9652,5759,4478,3165
SW17,7542,8455,4489,3490,1845
SW18,7543,9674,4520,3759,1567
SW19,8869,10883,5474,4631,2038
SW1A,451,299,77,38,24
SW1E,609,429,149,86,42
SW1H,249,141,53,33,24
SW1P,2732,1951,767,427,261
SW1V,4560,3069,1145,749,567
SW1W,1859,1040,406,211,153
SW1X,1077,926,297,194,177
SW1Y,87,60,10,2,6
SW2,7182,7903,3835,2622,1542
SW20,2681,3338,1935,1808,741
SW3,4210,2455,1025,661,543
SW4,5549,6412,2900,1894,1005
SW5,3907,2320,814,526,297
SW6,10095,9903,4780,3389,1877
SW7,2658,1818,635,489,256
SW8,5201,5167,2449,1387,977
SW9,5699,5730,2879,1697,1349
SY1,4259,4541,1942,1400,789
SY10,2375,3785,1356,1148,478
SY11,3499,3872,1636,1160,593
SY12,1107,1502,505,406,194
SY13,2551,3847,1325,1089,518
SY14,603,886,381,296,125
SY15,1004,1418,489,359,193
SY16,2421,2541,1048,732,427
SY17,494,691,206,168,97
SY18,800,714,224,175,106
SY19,131,187,42,39,24
SY2,2914,3191,1242,983,395
SY20,1051,1161,420,304,144
SY21,2369,2830,1086,862,418
SY22,772,985,355,289,159
SY23,3716,4157,1578,1211,686
SY24,647,753,270,212,111
SY25,473,544,190,151,70
SY3,5072,5844,2262,1982,639
SY4,2745,4187,1541,1347,574
SY5,2255,3598,1339,1044,519
SY6,1228,1782,460,319,175
SY7,1236,1921,506,459,225
SY8,2722,3258,969,762,389
SY9,330,362,129,73,33
TA1,7263,6965,2818,2257,923
TA10,1362,2051,684,494,235
TA11,1125,1619,552,450,197
TA12,848,1133,390,277,115
TA13,616,930,271,205,83
TA14,440,624,225,150,74
TA15,82,90,25,19,12
TA16,281,370,112,100,37
TA17,87,170,39,23,16
TA18,1371,1753,551,444,186
TA19,1753,2397,719,595,272
TA2,3890,4667,2092,1679,706
TA20,2840,3665,1332,1036,503
TA21,2873,3682,1437,1014,514
TA22,406,522,131,102,35
TA23,1100,1403,393,285,145
TA24,2862,3313,924,568,339
TA3,1469,2327,748,691,320
TA4,2128,3225,1110,876,402
TA5,1427,2222,746,622,316
TA6,6769,7744,3762,2867,1420
TA7,1519,2780,893,699,343
TA8,2634,3200,1000,715,325
TA9,1525,2053,808,580,329
TD12,230,310,73,37,16
TD15,2607,2927,984,640,304
TF1,5838,6771,3323,2327,1543
TF10,2611,3673,1444,1283,541
TF11,1412,2048,894,689,240
TF12,774,1009,372,307,139
TF13,472,676,254,157,69
TF2,4301,5758,2851,2099,1030
TF3,2939,3808,2089,1575,1034
TF4,2237,2857,1463,1057,520
TF5,437,759,354,305,144
TF6,373,681,230,162,78
TF7,2405,2825,1359,974,639
TF8,106,126,36,18,7
TF9,2583,3873,1405,1208,538
TN1,2870,2342,1090,879,252
TN10,1985,2480,1212,1075,525
TN11,1755,2668,1233,1290,539
TN12,2949,4614,2177,1802,784
TN13,2894,3406,1837,1997,739
TN14,1633,2280,1108,1106,392
TN15,2268,3302,1421,1439,621
TN16,1818,2808,1273,1189,514
TN17,1596,2237,896,814,390
TN18,889,1189,490,423,169
TN19,568,1002,380,327,142
TN2,3541,4033,1947,1782,716
TN20,504,757,271,222,105
TN21,2030,2697,1010,873,356
TN22,2900,4188,1676,1477,614
TN23,4527,5570,3410,3000,1611
TN24,3736,4783,2576,2081,1100
TN25,1675,2646,1081,1021,420
TN26,1379,2200,820,686,361
TN27,1257,1903,709,624,269
TN28,1092,1726,566,361,231
TN29,1604,2257,669,490,289
TN3,1420,2246,972,1021,421
TN30,1384,1870,523,411,215
TN31,2059,2770,840,614,295
TN32,487,676,289,252,110
TN33,1360,2082,738,675,340
TN34,5875,5331,2257,1577,880
TN35,1913,2769,1121,866,428
TN36,403,420,132,78,47
TN37,3749,3035,1438,1120,559
TN38,3676,3455,1556,1147,694
TN39,4581,5378,1657,1133,620
TN4,3127,3468,1799,1722,609
TN40,3109,2673,863,571,286
TN5,972,1350,466,446,199
TN6,2654,3977,1544,1375,574
TN7,188,303,124,105,47
TN8,1398,1854,915,724,278
TN9,2250,2265,1174,986,301
TQ1,7064,5939,2108,1441,836
TQ10,491,692,269,183,114
TQ11,698,829,329,254,117
TQ12,7669,10248,4030,3187,1354
TQ13,2892,3590,1209,970,377
TQ14,3122,3616,1060,864,363
TQ2,4443,5068,2197,1706,926
TQ3,4772,5353,2184,1668,905
TQ4,3002,3491,1163,904,424
TQ5,2924,3709,1046,789,353
TQ6,1369,1693,441,308,146
TQ7,2446,3287,1006,814,379
TQ8,301,321,69,69,24
TQ9,2583,2851,1039,812,352
TR1,3573,3837,1655,1219,509
TR10,1684,2287,927,794,384
TR11,3962,4765,1918,1599,724
TR12,1185,1802,544,436,259
TR13,2540,3455,1289,1061,525
TR14,4065,4954,2087,1504,775
TR15,3430,3596,1605,1198,546
TR16,1870,2533,1041,770,371
TR17,445,408,144,106,43
TR18,4241,3579,1270,882,371
TR19,1474,1698,556,392,175
TR2,1283,1742,586,514,223
TR20,932,1361,460,367,170
TR21,248,311,76,71,33
TR22,22,32,5,9,6
TR24,25,31,9,9,0
TR25,12,28,2,7,7
TR26,1725,2063,650,455,224
TR27,1783,2205,973,711,322
TR3,1483,2138,727,595,258
TR4,1187,1678,704,602,309
TR5,511,582,217,228,92
TR6,512,630,239,203,64
TR7,3506,3641,1582,1192,467
TR8,1035,1584,674,561,256
TR9,802,1123,538,403,200
TS1,3591,2103,1139,888,994
TS10,5913,5665,2757,1937,855
TS11,1782,2064,780,504,184
TS12,3390,3840,1499,1064,435
TS13,1593,1676,611,399,292
TS14,2662,3389,1243,911,319
TS15,1969,2721,981,792,277
TS16,1402,1843,774,678,278
TS17,5512,6169,3612,2864,1351
TS18,4062,3549,1740,1362,922
TS19,4698,5155,2544,1772,870
TS2,149,125,72,47,37
TS20,3336,3256,1369,872,421
TS21,1568,1999,882,650,234
TS22,1148,1912,743,601,230
TS23,3887,4248,2005,1392,669
TS24,4462,3681,1868,1070,661
TS25,5668,6127,2863,1957,840
TS26,2911,3221,1637,1224,550
TS27,1620,1719,758,441,169
TS28,753,866,394,267,102
TS29,871,918,427,247,138
TS3,4510,3749,2392,1459,956
TS4,2574,2224,1380,948,632
TS5,4428,5036,2509,1909,1239
TS6,4446,4367,2276,1397,721
TS7,3014,3932,1538,1314,495
TS8,3037,2966,1352,921,442
TS9,1877,2319,771,543,170
TW1,3919,4134,2091,2112,687
TW10,2795,2623,1426,1349,553
TW11,3309,3369,1767,1643,491
TW12,2817,3066,1693,1540,540
TW13,3436,3642,2851,2537,1888
TW14,2885,2733,2167,2033,1753
TW15,3391,3795,2251,2017,915
TW16,2259,2830,1691,1487,599
TW17,1744,1998,909,806,297
TW18,3315,3892,2024,1685,609
TW19,1843,1944,1207,1085,720
TW2,2936,3537,2276,2277,882
TW20,2441,2671,1485,1331,754
TW3,3805,3955,3514,3241,2827
TW4,1793,2024,1774,1698,1878
TW5,1790,1904,1829,1928,2109
TW6,140,142,123,98,96
TW7,3854,4252,2937,2523,1553
TW8,3778,3580,1868,1269,760
TW9,2854,3051,1460,1130,426
UB1,2663,2673,2274,2573,3616
UB10,3488,4353,2803,2776,1728
UB11,119,125,110,127,88
UB18,15,23,18,37,39
UB2,2015,2144,1827,2163,2670
UB3,3660,3810,3275,3203,3405
UB4,2681,3027,2598,2704,2557
UB5,3928,4198,3357,3103,2590
UB6,3996,4082,3259,2922,2656
UB7,3023,3373,2554,2098,1633
UB8,3930,3622,2306,1763,1365
UB9,1771,1764,965,746,365
W1,54,54,8,1,1
W10,5668,4212,2338,1565,1703
W11,6522,4114,1797,1237,1069
W12,7626,6575,3454,2348,1793
W13,4666,4875,2866,2275,1028
W14,6620,5452,2326,1422,898
W1A,2850,1697,529,282,160
W1B,186,99,35,10,6
W1C,283,117,44,33,27
W1D,311,158,54,30,36
W1G,291,218,56,40,14
W1H,1150,838,273,155,104
W1J,63,32,10,6,1
W1K,53,29,18,3,19
W1M,348,234,51,36,21
W1N,164,58,9,2,3
W1P,778,449,160,68,60
W2,8614,5873,2400,1462,1202
W3,7421,6640,3719,2998,2083
W4,6642,6497,3105,2547,1025
W5,5866,6110,3300,2594,1200
W6,5133,4253,2035,1465,734
W7,2612,2838,2070,1861,1020
W8,2336,1998,871,663,467
W9,5530,4427,2162,1338,1013
WA1,3725,3988,1921,1330,466
WA10,6961,6377,3243,2084,785
WA11,5199,6471,3013,1964,800
WA12,3594,3955,1928,1426,538
WA13,1676,2057,910,936,310
WA14,4053,4581,2261,2109,828
WA15,4021,4951,2672,2973,1221
WA16,2694,3515,1343,1253,473
WA2,6016,5939,3041,2075,1070
WA3,6445,7745,3404,2571,1030
WA4,6641,7871,3616,2830,985
WA5,6521,8652,4487,3588,1388
WA6,2529,3350,1289,1030,315
WA7,8785,9319,4610,3130,1427
WA8,8657,9078,4695,3507,1539
WA9,6636,7275,3882,2574,1198
WC1A,549,399,128,63,51
WC1B,142,110,35,16,5
WC1E,109,91,16,11,3
WC1H,1362,748,272,165,176
WC1N,980,615,250,133,140
WC1R,64,41,7,5,2
WC1V,63,22,16,9,8
WC1X,543,450,215,128,111
WC2A,126,64,21,6,0
WC2B,541,197,55,29,9
WC2E,237,135,31,7,14
WC2H,207,131,43,18,13
WD1,9032,8967,5668,4923,2784
WD17,94,48,23,33,14
WD18,43,62,37,34,10
WD19,53,57,37,22,16
WD2,8085,9029,5558,5188,2623
WD23,36,61,11,5,2
WD24,43,38,16,22,6
WD25,54,114,97,102,42
WD3,4173,5143,2779,3013,1076
WD4,1277,1453,803,692,269
WD5,1331,1326,660,681,267
WD6,4455,4545,2973,2809,1430
WD7,1010,1490,783,812,322
WF1,6627,6380,2898,2126,1415
WF10,6531,7997,3883,2761,1087
WF11,2642,2763,1211,810,402
WF12,4186,4720,2365,2059,1941
WF13,3082,2471,1462,1454,2138
WF14,2766,3299,1354,1108,403
WF15,2501,2675,1320,986,486
WF16,1249,1165,564,512,550
WF17,4479,4448,2334,1992,2087
WF2,6566,7882,3717,2739,1365
WF3,3684,4890,2372,1873,623
WF4,5192,6940,3031,2206,764
WF5,2896,3354,1385,1164,383
WF6,2829,3420,1634,1228,380
WF7,2997,3885,1756,1268,496
WF8,4539,5737,2657,1895,714
WF9,4979,5828,2837,2005,934
WN1,4005,3572,1703,1164,501
WN2,6842,7930,3877,2832,1258
WN3,3365,4363,2348,1842,684
WN4,3357,4406,1964,1472,624
WN5,5892,6672,3419,2420,1010
WN6,5004,6494,2930,2322,750
WN7,7386,7254,3616,2435,1093
WN8,5920,6299,3365,2478,1182
WR1,3462,2377,740,376,186
WR10,2712,3980,1344,1077,381
WR11,5717,7843,3271,2483,1001
WR12,912,1233,295,195,88
WR13,1453,2497,814,645,227
WR14,5122,5406,1992,1418,582
WR15,888,1251,434,320,149
WR2,3688,5053,2206,1856,739
WR3,2748,3758,1633,1337,500
WR4,2985,3575,1935,1548,720
WR5,3518,4754,2297,1845,816
WR6,827,1523,548,470,177
WR7,449,918,363,308,81
WR8,978,1343,400,294,120
WR9,3993,5072,2133,1715,694
WS1,3591,2760,1677,1410,2019
WS10,5463,5610,3409,2891,2260
WS11,6210,7492,3563,2429,1119
WS12,3944,5393,2624,1889,717
WS13,4317,4962,2082,1678,645
WS14,1760,2720,1034,981,287
WS15,4451,6122,2666,1915,850
WS2,4405,4286,2644,2093,2178
WS3,6292,6878,3689,3008,1841
WS4,2177,2478,1232,940,521
WS5,1786,2184,1218,1198,984
WS6,1771,2682,1166,868,329
WS7,3514,4950,2177,1618,604
WS8,2078,2422,1202,888,523
WS9,3098,3745,1560,1409,515
WV1,3509,2283,1336,1049,935
WV10,6774,7041,4282,3453,2272
WV11,4540,4747,2583,1952,1003
WV12,2739,3433,1763,1350,670
WV13,2466,2499,1520,1200,775
WV14,5707,5991,3480,2718,1794
WV15,1248,1778,602,439,180
WV16,2226,2896,1034,796,357
WV2,2019,1941,1266,1204,989
WV3,4307,3759,1956,1673,1051
WV4,3276,3636,1960,1835,1130
WV5,1706,2110,940,736,288
WV6,5514,5887,2857,2313,1422
WV7,755,965,365,285,112
WV8,1863,2207,979,816,373
WV9,927,1049,444,312,116
YO1,6682,7200,2701,2245,1182
YO10,62,62,18,7,1
YO11,6030,5022,1787,1051,565
YO12,5789,6275,2505,1695,830
YO13,1003,1747,490,468,187
YO14,1778,2318,626,368,193
YO15,3232,3269,891,574,391
YO16,3717,4162,1260,909,448
YO17,3294,4239,1618,1262,541
YO18,1732,2235,616,469,180
YO19,678,1254,492,516,148
YO2,9017,10952,4367,3643,1232
YO21,2412,2789,889,623,278
YO22,1058,1363,460,301,133
YO23,114,233,60,68,18
YO24,21,53,32,40,19
YO25,4293,6192,1984,1585,582
YO26,636,1254,474,461,160
YO3,10433,12933,5225,4211,1598
YO30,269,471,205,150,47
YO31,66,99,47,37,16
YO4,4617,7058,2430,2092,704
YO42,72,158,75,49,17
YO43,51,104,81,61,23
YO5,674,1058,351,310,82
YO6,3939,5656,1723,1349,536
YO61,31,62,21,12,5
YO7,2506,3406,1269,1024,365
YO8,5581,7990,3277,2528,946
