outcode,Total households,One Person household,Single family Household,Other household type
AL1,17213,5074,11228,911
AL10,13527,3586,7765,2176
AL2,10251,2722,6941,588
AL3,11786,2968,8362,456
AL4,10605,2637,7524,444
AL5,11920,2827,8712,381
AL6,5886,1389,4192,305
AL7,15354,4719,9845,790
AL8,5344,1600,3537,207
AL9,4142,1067,2810,265
B1,7781,4058,2937,786
B10,8639,1810,5290,1539
B11,14260,3011,8800,2449
B12,7653,2590,3906,1157
B13,15764,5876,8494,1394
B14,17658,5737,10774,1147
B15,8487,3487,4111,889
B16,10682,4535,4754,1393
B17,11791,4068,6442,1281
B18,7268,2454,3927,887
B19,8138,2595,4464,1079
B2,482,321,126,35
B20,12489,3583,6913,1993
B21,8666,2116,5131,1419
B22,127,62,63,2
B23,21996,8026,12086,1884
B24,11762,3795,6964,1003
B25,6227,1654,3892,681
B26,14721,4354,9363,1004
B27,11006,3663,6409,934
B28,10475,2624,6824,1027
B29,16983,4977,8601,3405
B3,948,485,350,113
B30,13015,4518,7778,719
B31,24682,8025,15321,1336
B32,15839,5228,9689,922
B33,13294,4073,8119,1102
B34,8126,2636,4874,616
B35,3732,1300,2204,228
B36,14041,3858,9099,1084
B37,15038,4844,9441,753
B38,7692,2476,4756,460
B4,1245,597,497,151
B42,11117,3151,7042,924
B43,12295,3388,8128,779
B44,13438,4060,8399,979
B45,13550,3982,8923,645
B46,6162,1736,4155,271
B47,4533,1223,3135,175
B48,2322,630,1601,91
B49,5641,1711,3686,244
B5,4026,1756,1861,409
B50,3133,807,2197,129
B6,5445,1548,2974,923
B60,13193,3835,8901,457
B61,10145,2892,6801,452
B62,11385,3182,7660,543
B63,15812,4999,10169,644
B64,8232,2672,5125,435
B65,10698,3293,6779,626
B66,10368,2943,5885,1540
B67,9712,2512,6168,1032
B68,12381,3615,7852,914
B69,11345,3262,7231,852
B7,3105,1082,1733,290
B70,12871,3992,7393,1486
B71,12502,3659,7892,951
B72,5474,1715,3490,269
B73,8461,2346,5726,389
B74,13515,3653,9220,642
B75,10893,2765,7620,508
B76,8128,2454,5356,318
B77,23709,5911,16641,1157
B78,10662,2770,7390,502
B79,10556,3114,6919,523
B8,12023,2231,7635,2157
B80,3636,1070,2391,175
B9,6223,1270,4040,913
B90,20983,6018,14005,960
B91,14024,3798,9570,656
B92,13703,4032,8931,740
B93,8305,2193,5887,225
B94,2962,659,2160,143
B95,3120,1051,1953,116
B96,2172,585,1489,98
B97,15006,4436,9856,714
B98,19264,5049,12982,1233
BA1,21380,7266,12202,1912
BA10,2158,664,1405,89
BA11,16357,4803,10771,783
BA12,13528,4124,8797,607
BA13,9459,2689,6337,433
BA14,22169,6373,14572,1224
BA15,6436,2082,4143,211
BA16,6085,2042,3746,297
BA2,28860,8198,17286,3376
BA20,6570,2289,3942,339
BA21,15119,4412,9895,812
BA22,7919,2089,5469,361
BA3,15816,4047,11059,710
BA4,7824,2191,5236,397
BA5,8762,2962,5424,376
BA6,5775,1855,3572,348
BA7,1795,650,1097,48
BA8,2295,626,1582,87
BA9,3274,980,2152,142
BB0,129,68,54,7
BB1,26770,7168,17352,2250
BB10,17574,5551,10768,1255
BB11,10994,3797,6564,633
BB12,15246,4702,9853,691
BB18,8016,2465,5215,336
BB2,24176,7454,15182,1540
BB3,14544,4927,8982,635
BB4,18186,5780,11608,798
BB5,25870,8415,16094,1361
BB6,10739,3301,7060,378
BB7,11042,3470,7190,382
BB8,10892,3703,6733,456
BB9,16755,5111,9980,1664
BD1,5125,2441,2229,455
BD10,13536,4231,8714,591
BD11,5848,1668,3986,194
BD12,8193,2656,5166,371
BD13,13266,3900,8834,532
BD14,3547,1099,2240,208
BD15,6964,2043,4460,461
BD16,12223,4066,7711,446
BD17,8839,3150,5380,309
BD18,11599,4067,6808,724
BD19,9795,3082,6388,325
BD2,11472,3467,7117,888
BD20,17484,5181,11627,676
BD21,10986,3668,6424,894
BD22,10910,3383,7128,399
BD23,13968,4693,8806,469
BD24,2232,768,1398,66
BD3,9637,2224,5995,1418
BD4,13111,4259,8021,831
BD5,9681,2769,5859,1053
BD6,12377,3635,8091,651
BD7,9723,2581,5876,1266
BD8,9417,2516,5506,1395
BD9,7514,1668,4674,1172
BH1,14356,6251,6602,1503
BH10,10276,2965,6467,844
BH11,8488,2363,5523,602
BH12,16339,4787,10200,1352
BH13,4040,1450,2414,176
BH14,10445,3454,6432,559
BH15,15433,5113,9259,1061
BH16,6628,1726,4533,369
BH17,9827,2549,6769,509
BH18,4608,1150,3213,245
BH19,5327,1813,3264,250
BH2,5090,2450,2208,432
BH20,8756,2509,5809,438
BH21,23925,6195,16614,1116
BH22,12522,3828,8101,593
BH23,25068,8014,15933,1121
BH24,10537,2882,7084,571
BH25,11908,3828,7547,533
BH3,2793,767,1617,409
BH31,200,29,169,2
BH4,4310,2045,1991,274
BH5,5391,2304,2653,434
BH6,10681,3625,6399,657
BH7,3575,903,2374,298
BH8,11949,3683,7088,1178
BH9,10583,2515,6405,1663
BL0,8444,2514,5634,296
BL1,28869,9461,17531,1877
BL11,106,68,35,3
BL2,20596,6547,13142,907
BL3,25307,6966,16244,2097
BL4,14004,4521,8621,862
BL5,12283,3503,8290,490
BL6,13114,4084,8535,495
BL7,6122,1733,4211,178
BL8,14916,4144,10232,540
BL9,21543,6914,13252,1377
BN1,38136,13139,20627,4370
BN10,8784,2674,5531,579
BN11,17875,7844,9044,987
BN12,10390,3095,6737,558
BN13,13092,3646,8722,724
BN14,12645,3587,8306,752
BN15,12271,3858,7681,732
BN16,13826,4438,8780,608
BN17,13850,4390,8631,829
BN18,6173,1824,4007,342
BN2,39911,13724,20550,5637
BN20,11832,4176,7085,571
BN21,11659,5171,5667,821
BN22,13636,4174,8556,906
BN23,13064,3935,8434,695
BN24,3826,1045,2591,190
BN25,11399,3847,6996,556
BN26,6229,1952,4008,269
BN27,13684,3895,9096,693
BN3,37010,13686,20146,3178
BN4,25725,7381,16754,1590
BN41,685,196,440,49
BN42,119,24,85,10
BN43,1251,430,761,60
BN44,272,105,160,7
BN5,3425,1010,2251,164
BN6,7751,2085,5357,309
BN7,8867,2868,5502,497
BN8,6886,1750,4831,305
BN9,5716,1739,3627,350
BR1,26027,7255,16729,2043
BR2,20355,5599,13571,1185
BR3,21602,6851,13499,1252
BR4,7067,1561,5116,390
BR5,20901,5632,13977,1292
BR6,18288,4596,12702,990
BR7,7406,1980,5053,373
BR8,9766,2644,6571,551
BS0,130,37,90,3
BS1,10320,4444,4129,1747
BS10,14026,3968,8711,1347
BS11,7702,2250,4807,645
BS12,32346,8696,21439,2211
BS13,14186,4117,9028,1041
BS14,13313,3670,8808,835
BS15,35706,9902,23715,2089
BS16,34821,9567,22255,2999
BS17,22860,5709,16035,1116
BS18,23831,6129,16550,1152
BS19,15634,4181,10780,673
BS2,8033,2685,3670,1678
BS20,14539,4267,9711,561
BS21,10478,3446,6646,386
BS22,17670,5254,11632,784
BS23,17202,7256,8874,1072
BS24,10666,2506,7539,621
BS25,2031,583,1354,94
BS26,1746,490,1171,85
BS27,2985,882,1973,130
BS28,1372,310,981,81
BS3,17773,5063,10309,2401
BS31,727,231,482,14
BS32,831,175,599,57
BS34,2344,515,1591,238
BS35,358,48,294,16
BS36,111,23,87,1
BS37,747,228,496,23
BS39,368,94,258,16
BS4,19592,5409,12464,1719
BS49,138,48,88,2
BS5,21368,6943,11648,2777
BS6,14694,4254,7666,2774
BS7,14550,3678,8330,2542
BS8,10393,3564,4905,1924
BS9,11645,3174,7885,586
CA1,11881,4516,6774,591
CA10,7562,2132,5154,276
CA11,10392,3358,6583,451
CA12,3432,1161,2114,157
CA13,7529,2467,4841,221
CA14,16682,5839,10428,415
CA15,7323,2422,4668,233
CA16,2610,874,1667,69
CA17,2100,661,1363,76
CA18,239,90,141,8
CA19,706,186,476,44
CA2,19309,7222,11512,575
CA20,1371,507,828,36
CA21,428,120,294,14
CA22,3998,1371,2488,139
CA23,896,314,564,18
CA24,344,110,218,16
CA25,2577,929,1555,93
CA26,1519,581,882,56
CA27,685,213,459,13
CA28,12486,4316,7799,371
CA3,6747,2137,4409,201
CA4,5143,1457,3501,185
CA5,8860,2613,5962,285
CA6,5148,1563,3379,206
CA7,3626,1167,2350,109
CA8,2488,904,1523,61
CA9,963,342,578,43
CB1,30121,9013,17571,3537
CB10,7776,2208,5223,345
CB11,6962,1746,4961,255
CB2,18366,5146,11950,1270
CB23,15017,3594,10715,708
CB24,15136,4125,10352,659
CB25,8268,2307,5617,344
CB3,5614,1794,3356,464
CB4,17650,5815,9564,2271
CB5,4222,1302,2355,565
CB6,17456,4609,12064,783
CB7,11602,3531,7542,529
CB8,15566,5416,9309,841
CB9,13511,3627,9135,749
CF1,23125,9068,11568,2489
CF10,1861,807,807,247
CF11,3641,1499,1869,273
CF14,32584,9671,20886,2027
CF15,8096,2130,5684,282
CF2,31059,9940,15904,5215
CF23,6632,1892,4418,322
CF24,1370,440,708,222
CF3,18420,5390,11987,1043
CF31,20420,6086,13545,789
CF32,14109,4154,9309,646
CF33,6955,1991,4652,312
CF34,8654,2708,5592,354
CF35,7781,1870,5592,319
CF36,7148,2443,4405,300
CF37,17286,5517,10633,1136
CF38,9315,2391,6598,326
CF39,13140,4107,8484,549
CF4,252,85,155,12
CF40,8232,2582,5277,373
CF41,4867,1658,3047,162
CF42,5771,2019,3531,221
CF43,5192,1857,3114,221
CF44,18394,5798,11908,688
CF45,8329,2666,5348,315
CF46,6620,1908,4434,278
CF47,10198,3440,6322,436
CF48,11378,3664,7262,452
CF5,27439,8513,17480,1446
CF6,44861,14563,28282,2016
CF61,680,238,425,17
CF62,1974,468,1426,80
CF63,577,77,475,25
CF64,404,117,276,11
CF7,13367,3739,9116,512
CF72,1242,225,987,30
CF8,32835,9945,21565,1325
CF82,343,45,285,13
CF83,5857,1650,3991,216
CH1,18314,6770,10041,1503
CH2,13608,4298,8686,624
CH25,218,142,71,5
CH26,140,34,105,1
CH27,267,87,167,13
CH28,293,117,164,12
CH29,192,98,91,3
CH3,15469,4309,10597,563
CH30,181,57,118,6
CH31,177,80,94,3
CH32,177,72,91,14
CH33,157,69,83,5
CH34,388,103,267,18
CH4,15348,4429,10340,579
CH41,11473,5053,5918,502
CH42,14794,5603,8485,706
CH43,15347,5610,9099,638
CH44,13431,4976,7798,657
CH45,13045,4816,7585,644
CH46,10634,3517,6639,478
CH47,4570,1442,2974,154
CH48,6831,2206,4400,225
CH49,13236,4399,8383,454
CH5,18051,5230,11912,909
CH6,8037,2383,5254,400
CH60,6012,1734,4118,160
CH61,6805,2067,4522,216
CH62,13700,4244,8920,536
CH63,11976,3385,8214,377
CH64,8192,2536,5323,333
CH65,13213,4270,8337,606
CH66,14433,4229,9707,497
CH7,22569,6587,15203,779
CH8,8308,2532,5450,326
CM0,7615,2104,5111,400
CM1,31262,9111,20450,1701
CM11,8961,2121,6408,432
CM12,7939,2190,5466,283
CM13,11779,3440,7829,510
CM14,9353,3066,5836,451
CM15,9248,2311,6515,422
CM16,10430,2856,7041,533
CM17,10723,2736,7388,599
CM18,10826,3107,6975,744
CM19,8786,2429,5730,627
CM2,24818,7295,16352,1171
CM20,10726,3325,6563,838
CM21,4571,1389,3018,164
CM22,7690,1802,5443,445
CM23,17224,4401,11750,1073
CM24,3026,746,2117,163
CM3,22938,5570,16310,1058
CM4,3863,1135,2572,156
CM5,4188,1077,2908,203
CM6,11004,2745,7776,483
CM7,27383,7295,18670,1418
CM8,15091,4297,10102,692
CM9,14497,4014,9858,625
CO1,10675,4042,5810,823
CO10,23214,6928,15329,957
CO11,6134,1832,4058,244
CO12,10476,3461,6531,484
CO13,6511,2151,4103,257
CO14,3170,1243,1793,134
CO15,22099,8548,12389,1162
CO16,10800,3488,6695,617
CO2,15801,4334,10276,1191
CO3,13312,3686,8966,660
CO4,20717,5745,13456,1516
CO5,12482,3407,8553,522
CO6,11580,3040,8071,469
CO7,14784,4193,9903,688
CO8,615,173,424,18
CO9,11265,3167,7631,467
CR0,70697,20541,43160,6996
CR2,32199,8062,21570,2567
CR3,28491,7342,19571,1578
CR4,40414,10287,23784,6343
CR5,553,101,411,41
CR6,112,22,79,11
CR7,1224,359,704,161
CR8,476,142,298,36
CR9,139,26,98,15
CT1,12944,4176,6815,1953
CT10,12207,3764,7813,630
CT11,13659,5066,7732,861
CT12,7765,2141,5124,500
CT13,4512,1397,2896,219
CT14,16206,5435,10020,751
CT15,6370,1568,4409,393
CT16,10086,3535,5963,588
CT17,7669,2307,4899,463
CT18,7281,1928,4943,410
CT19,12542,3790,7892,860
CT2,12449,3367,7215,1867
CT20,10360,4461,5370,529
CT21,7692,2656,4755,281
CT3,7538,1723,5341,474
CT4,5684,1399,3936,349
CT5,14974,4595,9616,763
CT6,17255,5435,10879,941
CT7,6086,2131,3664,291
CT8,3851,1440,2209,202
CT9,18581,6291,10995,1295
CV1,14028,5610,5978,2440
CV10,24811,6959,16593,1259
CV11,17085,4931,11140,1014
CV12,14471,4320,9472,679
CV13,4751,1189,3369,193
CV2,28266,8425,17363,2478
CV21,18836,5783,11605,1448
CV22,14838,3849,10280,709
CV23,13713,3165,9934,614
CV3,28277,8156,18012,2109
CV31,15115,4549,8739,1827
CV32,14351,4697,8665,989
CV33,8981,2343,6314,324
CV34,15205,4758,9685,762
CV35,11311,2917,7962,432
CV36,5452,1694,3541,217
CV37,19090,5942,12226,922
CV4,13284,4164,7656,1464
CV5,19904,6055,12490,1359
CV6,34102,9329,21707,3066
CV7,9262,2518,6250,494
CV8,12782,3840,8476,466
CV9,8910,2639,5865,406
CW1,20446,6210,13196,1040
CW10,7591,2154,5174,263
CW11,12312,3669,8303,340
CW12,15313,4583,10182,548
CW2,18451,5369,11990,1092
CW3,5064,1423,3476,165
CW4,4370,1101,3153,116
CW5,13947,4395,9040,512
CW6,5764,1430,4148,186
CW7,14419,3953,9733,733
CW8,17549,4996,11931,622
CW9,14947,4275,10101,571
DA1,26749,7143,17682,1924
DA10,4550,1151,3094,305
DA11,16703,4678,10523,1502
DA12,18622,5089,12096,1437
DA13,5937,1337,4257,343
DA14,11038,3591,6679,768
DA15,11460,2732,7989,739
DA16,14429,3195,9867,1367
DA17,8679,2339,5464,876
DA18,2223,723,1252,248
DA2,9374,2326,6503,545
DA3,7250,1827,5074,349
DA4,3439,968,2320,151
DA5,8025,1855,5702,468
DA6,4449,1242,2891,316
DA7,13169,3173,9080,916
DA8,12980,3400,8446,1134
DA9,5798,1735,3743,320
DE1,12136,5832,5204,1100
DE11,20683,5925,13991,767
DE12,9549,2516,6670,363
DE13,19927,5340,13814,773
DE14,12935,4029,7706,1200
DE15,10080,3043,6569,468
DE2,45434,13576,29400,2458
DE21,957,201,705,51
DE22,20433,6354,12605,1474
DE23,21368,5371,13532,2465
DE24,2019,477,1436,106
DE3,7817,2102,5423,292
DE4,20858,6561,13643,654
DE5,35139,10812,23194,1133
DE55,13983,4242,9234,507
DE56,2503,687,1745,71
DE6,18568,5181,12772,615
DE65,2081,507,1515,59
DE7,52252,15759,34349,2144
DE72,121,15,106,0
DE73,1539,250,1214,75
DE74,249,47,199,3
DE75,112,8,100,4
DH1,21317,6799,12278,2240
DH2,15385,5234,9760,391
DH3,11623,3631,7652,340
DH4,15349,4472,10419,458
DH5,9147,2967,5920,260
DH6,15898,5362,10060,476
DH7,19206,6713,11877,616
DH8,18175,5926,11682,567
DH9,17261,6101,10633,527
DH98,169,96,70,3
DL1,24260,8629,14668,963
DL10,9725,3019,6392,314
DL11,1863,532,1275,56
DL12,6041,2075,3803,163
DL13,6659,2237,4195,227
DL14,17891,6176,11172,543
DL15,9982,3344,6307,331
DL16,9831,3261,6324,246
DL17,8658,3227,5180,251
DL2,8012,2139,5617,256
DL3,17813,6331,10875,607
DL4,4458,1791,2532,135
DL5,12314,3930,7988,396
DL6,8838,2723,5817,298
DL7,5701,1607,3882,212
DL8,8269,2618,5393,258
DL9,4554,1009,3345,200
DN1,6093,3018,2588,487
DN10,6506,1867,4411,228
DN11,13291,3879,8876,536
DN12,10872,3472,6957,443
DN14,22005,6079,14845,1081
DN15,16177,4773,10200,1204
DN16,14073,4491,8932,650
DN17,15367,4476,10209,682
DN18,6174,1876,4071,227
DN19,2649,687,1858,104
DN2,10846,3358,6825,663
DN20,8527,2454,5782,291
DN21,17562,5541,11321,700
DN22,16541,5235,10748,558
DN3,13396,4018,8880,498
DN31,6710,2805,3529,376
DN32,11631,4065,6894,672
DN33,9146,2634,6145,367
DN34,7211,2205,4702,304
DN35,15207,5320,9299,588
DN36,9025,2402,6338,285
DN37,11900,3419,8065,416
DN38,1139,257,832,50
DN39,1270,302,904,64
DN4,22670,7119,14246,1305
DN40,4777,1431,3111,235
DN41,116,11,102,3
DN5,18285,5610,11979,696
DN6,12539,3639,8313,587
DN7,9285,2699,6192,394
DN8,8045,2357,5287,401
DN9,8419,2057,6044,318
DT1,10379,3737,6242,400
DT10,5543,1649,3618,276
DT11,12536,3526,8488,522
DT2,11084,2944,7625,515
DT3,11936,3609,7756,571
DT4,16761,6082,9739,940
DT5,5476,1726,3488,262
DT6,10737,3687,6660,390
DT7,2830,906,1837,87
DT8,2752,835,1806,111
DT9,9281,3153,5829,299
DY1,16285,4928,10430,927
DY10,18144,5915,11388,841
DY11,13659,4109,8958,592
DY12,6595,2055,4306,234
DY13,9760,3083,6309,368
DY14,4009,965,2822,222
DY2,12856,3746,8266,844
DY3,16005,4904,10495,606
DY4,19103,5821,11951,1331
DY5,18638,5693,12222,723
DY6,13003,3637,8941,425
DY7,3355,964,2278,113
DY8,21436,6766,13953,717
DY9,11571,3430,7507,634
E1,36880,12186,17800,6894
E10,19014,4884,10902,3228
E11,22148,6428,12829,2891
E12,12934,2486,7868,2580
E13,18286,4340,10223,3723
E14,43734,14248,22825,6661
E15,23095,6504,12001,4590
E16,23306,6454,13324,3528
E17,40941,10326,24890,5725
E18,8398,2394,5203,801
E1W,415,168,216,31
E2,19702,6363,9598,3741
E20,2991,585,1555,851
E3,25195,7515,13339,4341
E4,25581,6829,16340,2412
E5,20666,6620,10942,3104
E6,23919,4526,14452,4941
E7,14796,3082,8392,3322
E8,21032,7312,10195,3525
E9,14614,4740,7827,2047
EC1A,1509,762,583,164
EC1M,1442,655,596,191
EC1N,1384,657,562,165
EC1R,2963,1220,1443,300
EC1V,8707,3530,4062,1115
EC1Y,2045,982,931,132
EC2A,695,317,259,119
EC2P,242,115,93,34
EC2Y,923,402,473,48
EC3N,158,76,71,11
EC4A,113,62,39,12
EC4Y,99,48,41,10
EN1,20183,5297,13191,1695
EN10,7869,1985,5455,429
EN11,9186,2536,6111,539
EN2,12159,3678,7696,785
EN3,21240,4924,13968,2348
EN4,12278,3298,8034,946
EN5,16050,4622,10211,1217
EN6,12075,3299,7952,824
EN7,8832,2168,6140,524
EN8,15069,4499,9463,1107
EN9,9819,3019,6204,596
EX1,13933,4711,7888,1334
EX10,8960,2949,5626,385
EX11,4154,1068,2886,200
EX12,5099,1821,3089,189
EX13,7804,2325,5104,375
EX14,10064,3032,6534,498
EX15,10194,2758,6914,522
EX16,15313,4481,10053,779
EX17,9211,2674,6062,475
EX18,1912,553,1254,105
EX19,1725,435,1189,101
EX2,20063,6165,12434,1464
EX20,10184,2906,6715,563
EX21,1903,462,1337,104
EX22,5282,1456,3500,326
EX23,7065,2165,4547,353
EX3,1992,771,1145,76
EX31,13809,3905,9187,717
EX32,10012,3140,6383,489
EX33,4828,1450,3158,220
EX34,6808,2422,4023,363
EX35,728,259,443,26
EX36,4238,1289,2742,207
EX37,1145,297,768,80
EX38,3900,1101,2589,210
EX39,17294,5695,10794,805
EX4,20829,6294,11695,2840
EX5,9380,2386,6583,411
EX6,6584,1919,4356,309
EX7,6629,2239,4059,331
EX8,16867,5364,10640,863
EX9,3160,1077,1984,99
FY0,128,64,62,2
FY1,17396,7573,8377,1446
FY2,11492,4258,6702,532
FY3,13949,4625,8538,786
FY4,20520,7150,12283,1087
FY5,20578,7026,12726,826
FY6,13483,4344,8647,492
FY7,11562,3943,7070,549
FY8,21271,8309,12237,725
GL1,18452,6738,10072,1642
GL10,7504,2043,5075,386
GL11,8853,2480,6017,356
GL12,5891,1469,4202,220
GL13,2461,713,1653,95
GL14,7368,2256,4715,397
GL15,10192,2783,6990,419
GL16,6112,1889,3962,261
GL17,5523,1470,3775,278
GL18,4129,1221,2675,233
GL19,4354,1031,3053,270
GL2,23940,6061,16719,1160
GL20,12829,3746,8626,457
GL3,14959,4203,10110,646
GL4,18996,5204,12863,929
GL5,14659,4807,9203,649
GL50,13648,5803,6661,1184
GL51,21783,6936,13733,1114
GL52,21515,6668,13920,927
GL53,7546,2248,5070,228
GL54,11543,3394,7728,421
GL55,2790,830,1873,87
GL56,4353,1432,2751,170
GL6,9670,2818,6463,389
GL7,20558,6125,13622,811
GL8,4210,1325,2750,135
GL9,702,177,495,30
GU1,15272,4717,9097,1458
GU10,12670,2855,9210,605
GU11,11552,3185,7381,986
GU12,12520,3328,8342,850
GU13,15083,4057,10421,605
GU14,22795,6044,14950,1801
GU15,19657,4837,13351,1469
GU16,8612,2154,5934,524
GU17,13677,3207,9709,761
GU18,3106,843,2117,146
GU19,2598,770,1691,137
GU2,11723,2847,7100,1776
GU20,1836,455,1314,67
GU21,21150,5674,14060,1416
GU22,14598,3795,9657,1146
GU23,3125,805,2153,167
GU24,6220,1333,4579,308
GU25,2628,647,1786,195
GU26,3625,1118,2351,156
GU27,7844,2051,5512,281
GU28,3076,937,2008,131
GU29,4530,1522,2846,162
GU3,3637,945,2460,232
GU30,4153,1154,2805,194
GU31,6167,1802,4158,207
GU32,4764,1460,3096,208
GU33,3368,847,2367,154
GU34,14267,3792,9838,637
GU35,9194,2285,6397,512
GU4,5567,1501,3811,255
GU47,83,15,62,6
GU5,4641,1194,3219,228
GU51,2193,403,1689,101
GU52,552,85,437,30
GU6,6593,1981,4359,253
GU7,10209,2929,6809,471
GU8,6629,1760,4600,269
GU9,11623,3409,7493,721
HA0,18036,3522,10236,4278
HA1,17560,4771,10465,2324
HA2,20709,4188,13740,2781
HA3,25454,5000,15737,4717
HA4,21154,5231,14339,1584
HA5,17007,3990,11584,1433
HA6,8968,2463,5745,760
HA7,13563,3147,8696,1720
HA8,24143,5238,15118,3787
HA9,17941,4126,10348,3467
HD1,14701,5868,7421,1412
HD2,11258,3442,7103,713
HD3,14311,4738,9065,508
HD4,11494,3801,7068,625
HD5,12922,4372,7897,653
HD6,12536,4376,7784,376
HD7,24379,7054,16593,732
HD8,13985,3751,9822,412
HD9,125,40,83,2
HG1,17574,6586,10232,756
HG2,13620,4231,8921,468
HG3,12290,3287,8592,411
HG4,11112,3430,7317,365
HG5,8569,2486,5795,288
HP1,12417,3605,8238,574
HP10,9725,2560,6682,483
HP11,7903,2460,4682,761
HP12,7700,2097,4645,958
HP13,16472,4515,10570,1387
HP14,8111,1867,5834,410
HP15,6464,1581,4645,238
HP16,5278,1309,3757,212
HP17,11255,3039,7736,480
HP18,9132,1870,6775,487
HP19,11257,3232,7231,794
HP2,17168,4947,11038,1183
HP20,6367,2025,3941,401
HP21,13371,3976,8570,825
HP22,11435,2695,8251,489
HP23,8080,2300,5474,306
HP3,13271,3421,9018,832
HP4,10202,2906,6978,318
HP5,10752,3016,7088,648
HP6,6586,1579,4757,250
HP7,3932,1051,2734,147
HP8,2707,601,1979,127
HP9,6708,1689,4693,326
HR1,16186,5026,10306,854
HR2,16794,4792,11079,923
HR3,3928,1238,2512,178
HR4,12935,4158,8131,646
HR5,2930,953,1874,103
HR6,8888,2841,5674,373
HR7,4030,1225,2633,172
HR8,6593,2120,4206,267
HR9,8953,2849,5714,390
HU1,4066,2510,1369,187
HU10,9182,2687,6294,201
HU11,7841,2080,5468,293
HU12,10968,3138,7441,389
HU13,6685,2028,4415,242
HU14,3761,892,2742,127
HU15,10095,2655,7131,309
HU16,7447,2486,4773,188
HU17,18696,5971,12220,505
HU18,3713,1166,2384,163
HU19,3094,1015,1936,143
HU2,1832,851,876,105
HU20,127,37,87,3
HU3,13135,5153,6978,1004
HU4,10509,3408,6683,418
HU5,21880,7697,12339,1844
HU6,13659,4175,8450,1034
HU7,19914,5516,13539,859
HU8,15153,4765,9803,585
HU9,17095,5846,10495,754
HX1,12379,4472,6803,1104
HX2,16000,4916,10416,668
HX3,18050,6031,11394,625
HX4,4664,1335,3170,159
HX5,3875,1315,2408,152
HX6,8067,2622,5124,321
HX7,5946,2251,3470,225
IG1,22617,4489,14020,4108
IG10,13827,3785,9200,842
IG11,22191,5328,13652,3211
IG2,11158,2235,7120,1803
IG3,10349,2031,6172,2146
IG4,3074,531,1964,579
IG5,5769,1164,3775,830
IG6,11108,2805,6870,1433
IG7,8002,1813,5342,847
IG8,13647,3458,8939,1250
IG9,5019,1460,3277,282
IP1,18739,6199,11345,1195
IP10,4971,1364,3423,184
IP11,11463,4120,6866,477
IP12,11632,3647,7645,340
IP13,8654,2318,6027,309
IP14,18933,5167,13035,731
IP15,1514,635,829,50
IP16,3141,1105,1908,128
IP17,5602,1769,3617,216
IP18,2055,799,1206,50
IP19,4616,1582,2858,176
IP2,13803,4516,8549,738
IP20,3991,1241,2592,158
IP21,5477,1447,3798,232
IP22,10138,2980,6674,484
IP23,2795,741,1919,135
IP24,12290,3329,7982,979
IP25,9208,2523,6161,524
IP26,4390,1123,3023,244
IP27,8546,2763,5443,340
IP28,13387,4248,8574,565
IP29,3946,1009,2770,167
IP3,15419,4575,9846,998
IP30,6286,1575,4466,245
IP31,8480,2301,5860,319
IP32,7951,2542,5052,357
IP33,10525,4154,5934,437
IP4,15310,4944,9568,798
IP5,7314,2038,4985,291
IP6,7375,2159,4957,259
IP7,6610,1786,4580,244
IP8,4322,1211,2927,184
IP9,4875,1310,3409,156
KT1,11226,3568,6440,1218
KT10,9086,2022,6627,437
KT11,6643,1744,4527,372
KT12,17117,4948,11313,856
KT13,9134,2903,5861,370
KT14,5498,1571,3619,308
KT15,12223,3424,8047,752
KT16,8393,2624,5274,495
KT17,11756,2869,8098,789
KT18,8091,2239,5420,432
KT19,14124,3179,9851,1094
KT2,12946,3325,8589,1032
KT20,8083,2170,5467,446
KT21,5718,1441,4010,267
KT22,10022,2917,6625,480
KT23,4504,1348,2998,158
KT24,3194,684,2374,136
KT3,14968,3460,9954,1554
KT4,11059,2638,7641,780
KT5,8793,2553,5457,783
KT6,13210,3983,8282,945
KT7,3499,837,2516,146
KT8,8493,2366,5650,477
KT9,7677,1813,5209,655
L1,6463,3368,2140,955
L10,7083,2108,4634,341
L11,13685,4020,8815,850
L12,13398,4047,8658,693
L13,14824,5623,8195,1006
L14,12068,3806,7711,551
L15,12961,4224,6528,2209
L16,5657,1250,4164,243
L17,11757,5150,5768,839
L18,10115,2867,6670,578
L19,9881,3248,6142,491
L2,1769,968,586,215
L20,17387,6665,9669,1053
L21,10610,3818,6318,474
L22,6741,2521,3841,379
L23,12526,3817,8172,537
L24,7679,2442,4844,393
L25,15148,5575,9005,568
L26,6056,1743,4043,270
L27,2665,910,1619,136
L28,2754,1069,1541,144
L3,6708,3145,2884,679
L30,8878,2988,5477,413
L31,13229,3776,8922,531
L32,9412,3015,5822,575
L33,7413,2175,4796,442
L34,7390,2515,4592,283
L35,13171,3895,8721,555
L36,16362,5060,10527,775
L37,10028,2865,6831,332
L38,996,251,711,34
L39,12026,3543,7633,850
L4,18940,7239,10457,1244
L40,8504,2261,5882,361
L5,5409,2506,2552,351
L6,9807,3963,4718,1126
L67,100,49,51,0
L68,234,60,168,6
L69,2535,1364,900,271
L7,6554,2661,2673,1220
L70,54,24,26,4
L8,11719,4857,5863,999
L9,11796,4079,7141,576
LA1,22860,7480,13014,2366
LA10,1665,522,1085,58
LA11,5382,1756,3437,189
LA12,9422,3047,6046,329
LA13,9477,2862,6317,298
LA14,16621,6740,9362,519
LA15,3357,1186,2081,90
LA16,1406,421,963,22
LA17,556,169,366,21
LA18,3720,1246,2378,96
LA19,329,115,208,6
LA2,9654,2751,6509,394
LA20,505,135,345,25
LA21,633,210,390,33
LA22,2159,762,1249,148
LA23,3660,1255,2218,187
LA3,11199,3751,6841,607
LA4,11264,4133,6631,500
LA5,7727,2383,5087,257
LA6,5175,1563,3448,164
LA7,2095,621,1402,72
LA8,3770,1049,2553,168
LA9,14052,4730,8754,568
LD1,5959,2112,3619,228
LD2,2602,869,1629,104
LD3,8344,2772,5205,367
LD4,354,116,220,18
LD5,384,134,236,14
LD6,1252,447,761,44
LD7,2169,718,1358,93
LD8,1614,525,1027,62
LE1,8382,3853,3491,1038
LE10,23528,6893,15664,971
LE11,24487,7339,14225,2923
LE12,30063,8269,20681,1113
LE13,12505,3755,8255,495
LE14,8090,2075,5696,319
LE15,14785,4238,10015,532
LE16,16661,4650,11391,620
LE17,9580,2325,6783,472
LE18,14522,4321,9482,719
LE19,8028,2248,5453,327
LE2,45544,13035,27233,5276
LE3,42500,11853,26438,4209
LE4,38062,9457,24137,4468
LE5,29314,6220,18940,4154
LE55,225,61,156,8
LE6,36435,10203,24896,1336
LE65,330,77,244,9
LE67,2415,558,1774,83
LE7,20083,5191,14002,890
LE8,16803,4476,11745,582
LE9,23576,6256,16423,897
LL11,19868,6139,12925,804
LL12,11132,3209,7551,372
LL13,13410,4133,8498,779
LL14,14640,4534,9570,536
LL15,5105,1675,3258,172
LL16,6765,2126,4372,267
LL17,2605,814,1662,129
LL18,18103,6169,11000,934
LL19,8819,2921,5519,379
LL20,3178,1028,2038,112
LL21,2795,849,1850,96
LL22,8861,2890,5627,344
LL23,1646,603,980,63
LL24,1026,321,660,45
LL25,206,64,134,8
LL26,1869,593,1203,73
LL27,282,80,178,24
LL28,6801,2436,4100,265
LL29,7979,2757,4849,373
LL30,10539,4078,6002,459
LL31,4149,1357,2640,152
LL32,2818,871,1829,118
LL33,2074,739,1211,124
LL34,1970,709,1175,86
LL35,516,228,279,9
LL36,2050,796,1180,74
LL37,341,125,197,19
LL38,366,168,191,7
LL39,148,63,80,5
LL40,1955,676,1203,76
LL41,2813,1098,1639,76
LL42,1045,426,562,57
LL43,236,87,135,14
LL44,366,122,231,13
LL45,450,185,245,20
LL46,943,386,530,27
LL48,1298,467,783,48
LL49,1722,649,993,80
LL51,522,141,355,26
LL52,1309,482,773,54
LL53,6871,2360,4228,283
LL54,5041,1552,3291,198
LL55,9169,3021,5723,425
LL56,1056,378,616,62
LL57,9729,3166,5539,1024
LL58,1848,632,1157,59
LL59,2443,898,1458,87
LL60,1409,409,938,62
LL61,2417,771,1567,79
LL62,1172,348,769,55
LL63,727,243,450,34
LL64,286,104,169,13
LL65,10667,3554,6674,439
LL66,881,273,565,43
LL67,464,164,285,15
LL68,2266,727,1456,83
LL69,145,56,88,1
LL70,156,48,101,7
LL71,837,227,566,44
LL72,293,100,189,4
LL73,213,52,149,12
LL74,1201,446,718,37
LL75,619,208,383,28
LL76,170,45,119,6
LL77,2633,888,1659,86
LN1,14712,4944,8237,1531
LN10,3400,976,2299,125
LN11,14049,4321,9154,574
LN12,6845,2281,4230,334
LN13,3704,1050,2487,167
LN2,18449,5690,11607,1152
LN3,7395,2037,5072,286
LN4,17838,4788,12393,657
LN5,14398,4428,8633,1337
LN6,26275,7365,17798,1112
LN7,3058,912,2010,136
LN8,3740,1259,2359,122
LN9,4298,1418,2746,134
LS1,6216,3136,2257,823
LS10,16822,5302,10366,1154
LS11,16291,6039,8789,1463
LS12,19689,7229,11242,1218
LS13,17231,5774,10574,883
LS14,17534,5693,10950,891
LS15,15218,4554,10026,638
LS16,17596,5673,11084,839
LS17,18508,5501,12041,966
LS18,9215,2666,6194,355
LS19,8825,2722,5772,331
LS2,3847,1909,1166,772
LS20,5466,1407,3878,181
LS21,8185,2630,5321,234
LS22,7335,2051,5046,238
LS23,4019,1178,2728,113
LS24,5702,1621,3910,171
LS25,19157,5091,13360,706
LS26,13720,3905,9340,475
LS27,16955,5659,10643,653
LS28,16655,5264,10740,651
LS29,14209,4413,9381,415
LS3,750,294,264,192
LS4,4153,1473,1663,1017
LS5,3069,1011,1731,327
LS6,17264,5607,6193,5464
LS7,13141,4909,7019,1213
LS8,18773,5614,11453,1706
LS9,17116,6442,9388,1286
LU1,18851,5900,10701,2250
LU2,24874,6663,15761,2450
LU3,22179,5387,14355,2437
LU4,17948,4331,11120,2497
LU5,17401,4645,11515,1241
LU6,13359,3569,9047,743
LU7,25450,6573,17865,1012
M1,7682,3662,2633,1387
M10,20975,7226,12140,1609
M11,9762,3006,5819,937
M12,8224,2437,4816,971
M13,7229,2207,3492,1530
M14,17637,5187,7686,4764
M15,10941,4469,4555,1917
M16,14419,5134,7509,1776
M17,977,287,605,85
M18,9801,3037,5955,809
M19,14038,4020,8440,1578
M2,187,103,63,21
M20,20824,6989,11235,2600
M21,11952,3968,6787,1197
M22,18877,5882,11486,1509
M23,14493,4973,8642,878
M24,22963,7311,14455,1197
M25,22796,7002,14541,1253
M26,14977,4948,9355,674
M27,19163,5913,12285,965
M28,24780,7294,16384,1102
M29,19989,6159,13062,768
M3,9142,3975,3417,1750
M30,26239,9128,15397,1714
M31,20701,6040,13823,838
M32,11320,3512,7078,730
M33,25254,7557,16675,1022
M34,21667,7166,13539,962
M35,19233,6036,12251,946
M4,8546,3358,3320,1868
M40,458,109,290,59
M41,125,66,57,2
M43,277,64,202,11
M44,441,110,304,27
M46,532,139,379,14
M5,11927,4204,5780,1943
M50,1809,860,721,228
M6,13116,4804,6910,1402
M7,12178,4111,6932,1135
M8,10154,2768,6063,1323
M9,16077,5384,9485,1208
ME1,15098,4580,9600,918
ME10,21200,5449,14298,1453
ME11,2019,551,1310,158
ME12,16351,4575,10629,1147
ME13,12680,3615,8396,669
ME14,16031,4586,10374,1071
ME15,21785,5705,14590,1490
ME16,13565,3737,8959,869
ME17,10252,2414,7227,611
ME18,3237,842,2249,146
ME19,10371,2337,7574,460
ME2,16692,4131,11411,1150
ME20,8572,2163,5982,427
ME3,11683,2722,8229,732
ME4,13483,4215,8148,1120
ME5,20908,5305,14382,1221
ME6,4625,1309,3109,207
ME7,19742,5546,12425,1771
ME8,20516,5459,13975,1082
ME9,8104,1728,5840,536
MK1,4615,1343,2768,504
MK10,8827,1827,6223,777
MK11,5075,1508,3298,269
MK12,7097,1938,4542,617
MK13,6808,1879,4324,605
MK14,7745,2111,4816,818
MK15,3011,913,1883,215
MK16,8486,2199,5887,400
MK17,9087,2292,6355,440
MK18,13896,3508,9812,576
MK19,5100,1193,3696,211
MK2,5376,1353,3496,527
MK3,10126,2462,6957,707
MK4,9178,2079,6495,604
MK40,17866,6479,9958,1429
MK41,17516,4865,11708,943
MK42,21573,5719,13997,1857
MK43,16393,3728,11853,812
MK44,7112,1681,5109,322
MK45,20211,5058,14357,796
MK46,3799,1076,2600,123
MK5,5950,1529,4030,391
MK6,10037,2847,5944,1246
MK7,5813,1551,3923,339
MK8,4667,1130,3233,304
MK9,1960,876,871,213
N1,41549,14826,21074,5649
N10,11797,3425,7343,1029
N11,13756,3796,8342,1618
N12,13018,3727,7988,1303
N13,13841,3545,8376,1920
N14,10645,2507,6989,1149
N15,20622,6338,10930,3354
N16,23706,7279,13125,3302
N17,25295,7303,14334,3658
N18,11921,2881,7444,1596
N19,17878,6359,9107,2412
N1C,550,206,276,68
N2,10313,2968,6298,1047
N20,6686,1739,4367,580
N21,8085,2105,5276,704
N22,16225,4999,8744,2482
N3,10414,2952,6295,1167
N4,23227,7667,11890,3670
N5,10503,3568,5635,1300
N6,8134,2946,4488,700
N7,20922,7498,10324,3100
N8,16029,5287,8913,1829
N9,17204,4566,10623,2015
NE1,6501,3226,2213,1062
NE10,17056,5907,10525,624
NE11,7467,2407,4802,258
NE12,17696,5815,11353,528
NE13,9974,2996,6660,318
NE15,16172,5338,10175,659
NE16,10956,3456,7235,265
NE17,2376,903,1395,78
NE18,405,107,285,13
NE19,1899,513,1311,75
NE2,10553,3621,3786,3146
NE20,4747,1201,3369,177
NE21,8236,2691,5285,260
NE22,9276,3066,5941,269
NE23,18056,5822,11778,456
NE24,18143,6271,11325,547
NE25,14479,4621,9519,339
NE26,7589,2451,4887,251
NE27,6752,1895,4663,194
NE28,21751,7949,13077,725
NE29,17605,7003,9995,607
NE3,21459,6992,13523,944
NE30,9242,3403,5628,211
NE31,11004,3685,6979,340
NE32,10514,3677,6504,333
NE33,14528,6672,7364,492
NE34,22354,7422,14288,644
NE35,3144,1007,2061,76
NE36,2959,901,1992,66
NE37,9616,3102,6179,335
NE38,13040,3766,8878,396
NE39,3631,1137,2373,121
NE4,13749,4324,7815,1610
NE40,6695,2082,4436,177
NE41,822,249,556,17
NE42,5395,1717,3533,145
NE43,2029,554,1430,45
NE44,687,178,490,19
NE45,1513,582,901,30
NE46,7103,2454,4447,202
NE47,3174,935,2149,90
NE48,1321,400,880,41
NE49,1628,620,974,34
NE5,20989,7057,13095,837
NE6,22832,8716,11803,2313
NE61,16024,4942,10672,410
NE62,3943,1276,2561,106
NE63,12966,4662,7936,368
NE64,2518,982,1437,99
NE65,9323,2856,6238,229
NE66,8084,2783,5129,172
NE67,484,159,312,13
NE68,862,325,508,29
NE69,177,75,100,2
NE7,5967,1605,4051,311
NE70,949,283,628,38
NE71,1393,535,817,41
NE8,14008,5912,7104,992
NE9,15414,5284,9624,506
NG1,7216,3499,2098,1619
NG10,21271,6778,13719,774
NG11,16903,5117,10837,949
NG12,16548,4558,11385,605
NG13,9584,2617,6708,259
NG14,8735,2363,6090,282
NG15,20121,5646,13602,873
NG16,27593,8088,18470,1035
NG17,32546,9702,21402,1442
NG18,21944,6983,13704,1257
NG19,21741,6263,14480,998
NG2,24071,7920,13976,2175
NG20,11975,3420,7890,665
NG21,10406,2891,7068,447
NG22,12756,3628,8633,495
NG23,7712,1949,5477,286
NG24,20871,6715,13123,1033
NG25,3538,1121,2300,117
NG3,22988,8001,13390,1597
NG31,21268,6405,13903,960
NG32,5132,1329,3630,173
NG33,4255,1118,2956,181
NG34,18705,5520,12507,678
NG4,17504,5628,11123,753
NG5,37725,12283,23157,2285
NG6,16450,5576,9945,929
NG7,19248,6004,7956,5288
NG8,24328,6664,15780,1884
NG9,30863,9577,19323,1963
NN1,15805,5732,7951,2122
NN10,17592,5062,11622,908
NN11,18063,4874,12112,1077
NN12,11355,2772,8136,447
NN13,9302,2380,6536,386
NN14,20653,5338,14406,909
NN15,17934,4823,12222,889
NN16,12447,4024,7469,954
NN17,14064,3624,9344,1096
NN18,14986,3414,10096,1476
NN2,17422,5094,10892,1436
NN29,5260,1476,3578,206
NN3,29686,7782,19476,2428
NN4,20455,4536,14273,1646
NN5,18513,5395,11690,1428
NN6,15140,3788,10762,590
NN7,11738,3020,8254,464
NN8,22546,6437,14280,1829
NN9,11701,3295,7880,526
NP1,24874,7585,16342,947
NP10,3233,749,2355,129
NP11,385,71,303,11
NP12,13533,3816,9178,539
NP13,8774,3009,5480,285
NP15,4719,1248,3243,228
NP16,9763,2840,6509,414
NP18,7667,2106,5227,334
NP19,22867,6930,14411,1526
NP2,11513,3914,7191,408
NP20,22618,7657,13602,1359
NP23,14174,4672,8991,511
NP25,6537,2093,4211,233
NP26,9852,2618,6838,396
NP3,161,49,107,5
NP4,20439,6234,13445,760
NP44,20283,6217,13200,866
NP7,11673,3803,7405,465
NP8,2030,593,1363,74
NR1,16248,7504,7747,997
NR10,11201,2976,7781,444
NR11,9370,2825,6168,377
NR12,10169,3182,6576,411
NR13,13110,3389,9218,503
NR14,12037,3207,8412,418
NR15,7056,1821,4941,294
NR16,5221,1274,3721,226
NR17,7379,1954,5054,371
NR18,8874,2584,5998,292
NR19,9396,2780,6197,419
NR2,14191,5947,6659,1585
NR20,8645,2248,5958,439
NR21,7642,2441,4932,269
NR22,296,128,153,15
NR23,1643,622,978,43
NR24,1978,625,1275,78
NR25,4081,1525,2428,128
NR26,3859,1334,2398,127
NR27,5687,2238,3225,224
NR28,7404,2517,4606,281
NR29,9563,2652,6487,424
NR3,15670,6122,8282,1266
NR30,14267,5301,8078,888
NR31,22296,7027,14232,1037
NR32,18109,6100,11219,790
NR33,18000,6070,11163,767
NR34,9698,3053,6308,337
NR35,4628,1469,2982,177
NR4,9596,2856,5768,972
NR5,12971,3690,7859,1422
NR6,10166,3052,6681,433
NR7,13998,4367,9115,516
NR8,8922,2389,6167,366
NR9,7556,1975,5277,304
NW1,27482,10709,12732,4041
NW10,39655,12463,21791,5401
NW11,13698,4499,7735,1464
NW2,26053,8213,14041,3799
NW3,24154,9159,12861,2134
NW4,12848,3687,7099,2062
NW5,10070,3583,5242,1245
NW6,28660,10526,14596,3538
NW7,9849,2468,6448,933
NW8,13087,4937,6583,1567
NW9,25712,6551,15248,3913
OL1,11755,3617,7192,946
OL10,12594,4082,7951,561
OL11,20209,5971,12785,1453
OL12,19182,6057,12041,1084
OL13,7042,2219,4483,340
OL14,7230,2535,4354,341
OL15,6669,2016,4400,253
OL16,12640,3476,8255,909
OL2,17774,5746,11358,670
OL3,6872,2088,4565,219
OL4,16937,4558,11033,1346
OL5,5444,1879,3381,184
OL6,13358,4368,8183,807
OL7,6732,2341,3980,411
OL8,15254,3908,9806,1540
OL9,13715,4114,8651,950
OX1,8115,2607,4487,1021
OX10,12151,3267,8316,568
OX11,18675,4560,12973,1142
OX12,12995,3597,8862,536
OX13,6849,1573,4916,360
OX14,18152,5220,11925,1007
OX15,9486,2357,6748,381
OX16,21648,6410,13536,1702
OX17,6360,1540,4585,235
OX18,11225,2769,7985,471
OX2,15597,4809,9308,1480
OX20,3022,907,1955,160
OX25,5624,1224,4058,342
OX26,14862,3597,10230,1035
OX27,2703,638,1929,136
OX28,12788,3887,8180,721
OX29,10090,2484,7149,457
OX3,17695,4762,10389,2544
OX33,3021,804,2039,178
OX39,3421,760,2497,164
OX4,23430,6421,12727,4282
OX44,3199,778,2267,154
OX49,1875,548,1244,83
OX5,9821,2684,6458,679
OX7,9396,2826,6188,382
OX9,6453,1691,4511,251
PE1,21383,6188,12242,2953
PE10,10925,2930,7518,477
PE11,20366,5526,13204,1636
PE12,18515,5104,12384,1027
PE13,16782,4892,10545,1345
PE14,9616,2394,6592,630
PE15,13466,3889,8879,698
PE16,4878,1474,3163,241
PE17,27415,7728,18555,1132
PE18,23190,6558,15349,1283
PE19,17836,5226,11860,750
PE2,22513,6475,14337,1701
PE20,6833,1824,4623,386
PE21,19401,5469,12150,1782
PE22,6660,1699,4576,385
PE23,3838,1108,2549,181
PE24,5374,1620,3483,271
PE25,10560,3740,6264,556
PE27,96,19,74,3
PE28,924,177,699,48
PE29,594,138,418,38
PE3,12710,3479,7904,1327
PE30,20747,6456,12965,1326
PE31,9588,3180,6098,310
PE32,6820,1799,4725,296
PE33,6267,1534,4449,284
PE34,5428,1320,3781,327
PE36,2777,1118,1576,83
PE37,5273,1659,3423,191
PE38,6872,2218,4375,279
PE4,12920,3939,8238,743
PE5,573,135,417,21
PE6,16504,4179,11647,678
PE7,19230,4878,13218,1134
PE8,7162,1968,4939,255
PE9,13920,4445,9005,470
PL1,15165,7087,6910,1168
PL10,1808,571,1149,88
PL11,4535,1513,2856,166
PL12,9915,2839,6656,420
PL13,5039,1609,3167,263
PL14,10936,3338,7074,524
PL15,9622,2729,6381,512
PL16,384,111,256,17
PL17,4419,1302,2883,234
PL18,2345,670,1553,122
PL19,7108,2274,4551,283
PL2,14374,4614,8925,835
PL20,5610,1583,3769,258
PL21,8840,2226,6216,398
PL22,1913,590,1223,100
PL23,1560,517,966,77
PL24,4843,1432,3144,267
PL25,12922,4018,8253,651
PL26,12282,3407,8158,717
PL27,5664,1808,3578,278
PL28,1844,571,1162,111
PL29,735,257,447,31
PL3,12937,3809,8366,762
PL30,4347,1113,2935,299
PL31,6530,2033,4071,426
PL32,1762,477,1183,102
PL33,897,291,556,50
PL34,711,252,410,49
PL35,367,133,213,21
PL4,12581,4860,5568,2153
PL5,19710,6047,12714,949
PL6,17569,4798,12074,697
PL7,13795,3671,9617,507
PL8,2327,643,1590,94
PL9,12588,3523,8596,469
PO1,13857,5208,7221,1428
PO10,8947,2787,5818,342
PO11,8182,2718,5075,389
PO12,20951,7111,12844,996
PO13,15278,4378,10039,861
PO14,15734,4263,10825,646
PO15,9638,2293,6860,485
PO16,13743,3969,9136,638
PO17,3508,999,2352,157
PO18,7277,2084,4812,381
PO19,14705,5264,8363,1078
PO2,17514,5107,10911,1496
PO20,15096,4534,9734,828
PO21,20033,6597,12027,1409
PO22,12806,3747,8336,723
PO3,7970,2122,5322,526
PO30,14258,4503,9000,755
PO31,6544,2221,3969,354
PO32,4012,1326,2511,175
PO33,14753,5470,8602,681
PO34,897,271,591,35
PO35,1630,560,1004,66
PO36,8050,2751,4850,449
PO37,4188,1612,2346,230
PO38,5628,2046,3321,261
PO39,1601,565,961,75
PO4,18123,5865,10066,2192
PO40,2351,854,1411,86
PO41,832,314,490,28
PO5,11781,4977,5210,1594
PO6,17147,4378,11536,1233
PO7,18973,5428,12552,993
PO8,14587,3693,10201,693
PO9,20933,5947,13781,1205
PR0,182,82,87,13
PR1,31232,10601,18115,2516
PR11,121,27,90,4
PR2,32778,10526,20485,1767
PR25,15843,4742,10518,583
PR26,5057,1319,3524,214
PR3,17280,4825,11846,609
PR4,26532,7001,18485,1046
PR5,17262,5435,11173,654
PR6,16203,4800,10803,600
PR7,26195,7770,17513,912
PR8,25212,8378,15487,1347
PR9,19449,7171,11436,842
RG1,21471,7045,11068,3358
RG10,8233,2032,5846,355
RG11,31329,7546,22279,1504
RG12,34547,9481,22836,2230
RG13,17829,5306,11504,1019
RG14,12214,3597,7993,624
RG15,7170,1692,5115,363
RG16,7668,1744,5498,426
RG17,3242,1079,2034,129
RG18,353,47,298,8
RG19,596,118,444,34
RG2,17148,4119,11095,1934
RG21,14047,4656,8300,1091
RG22,17166,4374,11786,1006
RG23,5321,1243,3791,287
RG24,16422,4190,11300,932
RG25,6479,1706,4540,233
RG26,9627,2467,6723,437
RG27,8889,2231,6323,335
RG28,2879,743,2029,107
RG3,31191,8163,20517,2511
RG30,211,68,121,22
RG31,143,12,120,11
RG4,16914,4165,11699,1050
RG40,863,185,644,34
RG41,351,41,293,17
RG42,1659,472,1125,62
RG5,11072,2701,7706,665
RG6,13032,2981,8930,1121
RG7,12335,3180,8619,536
RG8,6409,1517,4629,263
RG9,8952,2714,5791,447
RH1,21988,6132,14475,1381
RH10,31070,7764,20627,2679
RH11,21450,5377,13835,2238
RH12,22839,6631,15169,1039
RH13,16150,4268,11160,722
RH14,6702,1701,4725,276
RH15,14425,3872,9858,695
RH16,17198,5053,11382,763
RH17,6883,1742,4808,333
RH18,2364,685,1504,175
RH19,14395,4076,9626,693
RH2,9748,2651,6673,424
RH20,11186,3022,7694,470
RH3,1940,556,1300,84
RH4,7672,2534,4785,353
RH5,5545,1568,3706,271
RH6,13859,3636,9320,903
RH7,3632,975,2460,197
RH8,6135,1590,4268,277
RH9,1832,509,1219,104
RM1,12012,3451,7543,1018
RM10,16022,4065,9944,2013
RM11,13905,3358,9511,1036
RM12,13720,3483,9293,944
RM13,11965,3008,7853,1104
RM14,10505,2472,7504,529
RM15,12040,3146,7850,1044
RM16,22442,5260,15267,1915
RM17,10786,2857,6852,1077
RM18,6907,1515,4711,681
RM19,252,72,161,19
RM2,4966,1334,3328,304
RM3,17996,4999,11447,1550
RM4,1446,362,973,111
RM5,8064,1814,5582,668
RM6,12442,2865,7913,1664
RM7,10334,2709,6559,1066
RM8,16030,3605,10355,2070
RM9,12463,2745,8047,1671
S1,7616,3533,3025,1058
S10,19463,6127,10573,2763
S11,14745,4236,8860,1649
S12,16692,5196,10964,532
S13,14004,4487,9028,489
S14,4529,1771,2564,194
S17,7168,2149,4842,177
S18,11076,3369,7411,296
S19,12950,3908,8627,415
S2,17435,6030,9915,1490
S20,489,110,368,11
S21,8672,2647,5727,298
S25,9443,2656,6463,324
S26,11028,2952,7747,329
S3,6380,2920,2802,658
S30,35538,10152,24303,1083
S35,884,324,504,56
S36,206,43,157,6
S4,4909,1612,2788,509
S40,19653,7334,11713,606
S41,15737,5494,9733,510
S42,13332,4102,8819,411
S43,17830,5652,11588,590
S44,9209,2937,5967,305
S45,5691,2035,3474,182
S5,24544,7601,15589,1354
S6,24424,8364,14890,1170
S60,19387,5684,12647,1056
S61,15176,5087,9506,583
S62,10076,3153,6558,365
S63,18549,5496,12314,739
S64,12672,4136,8073,463
S65,13723,4443,8514,766
S66,18913,5562,12712,639
S7,5833,1754,3394,685
S70,20488,7271,12189,1028
S71,21010,6287,13869,854
S72,11476,3346,7646,484
S73,12404,3703,8155,546
S74,7514,2407,4844,263
S75,18945,5577,12804,564
S8,19027,6533,11740,754
S80,13418,4382,8407,629
S81,15830,4394,10893,543
S9,9985,2974,6125,886
SA1,24880,10437,12258,2185
SA10,14160,4303,9347,510
SA11,15947,5606,9774,567
SA12,14863,4943,9263,657
SA13,7426,2451,4632,343
SA14,16807,4751,11309,747
SA15,15740,5258,9743,739
SA16,3846,1221,2454,171
SA17,4024,1187,2626,211
SA18,13351,4146,8595,610
SA19,4772,1480,3033,259
SA2,15341,5009,9188,1144
SA20,1207,432,711,64
SA3,11284,3815,7075,394
SA31,8834,3165,5312,357
SA32,2292,571,1584,137
SA33,5482,1505,3672,305
SA34,2496,700,1627,169
SA35,614,194,380,40
SA37,1133,325,744,64
SA38,2204,678,1400,126
SA39,1438,432,924,82
SA4,19659,5981,12917,761
SA40,1542,491,956,95
SA41,764,243,481,40
SA42,1253,471,713,69
SA43,5462,1981,3245,236
SA44,4609,1409,2964,236
SA45,560,212,322,26
SA46,1497,537,888,72
SA47,81,33,47,1
SA48,3451,1087,2159,205
SA5,15743,5185,9898,660
SA6,14153,4655,8905,593
SA61,7225,2592,4329,304
SA62,9675,2806,6410,459
SA63,326,73,230,23
SA64,932,331,564,37
SA65,1685,639,983,63
SA66,1552,492,969,91
SA67,2635,837,1665,133
SA68,2216,668,1447,101
SA69,1758,602,1079,77
SA7,5649,1539,3893,217
SA70,3464,1270,2030,164
SA71,5307,1799,3331,177
SA72,4222,1578,2473,171
SA73,8963,3119,5542,302
SA8,5353,1601,3549,203
SA9,6389,2212,3976,201
SE1,37840,14326,17374,6140
SE10,18817,5908,10862,2047
SE11,10192,3750,4810,1632
SE12,12935,3714,7972,1249
SE13,20110,6536,11175,2399
SE14,12973,3859,6841,2273
SE15,27909,8866,14873,4170
SE16,22908,7633,11736,3539
SE17,13808,4629,6747,2432
SE18,34655,10696,19543,4416
SE19,14093,4784,8165,1144
SE2,9039,2363,5493,1183
SE20,10954,3856,6300,798
SE21,7791,2045,5008,738
SE22,12346,3542,7409,1395
SE23,15499,4477,9367,1655
SE24,8933,2591,5013,1329
SE25,14153,4665,8161,1327
SE26,12053,3852,7107,1094
SE27,8402,2613,4859,930
SE28,10411,2891,6260,1260
SE3,14635,4657,8764,1214
SE4,10390,2898,6053,1439
SE5,19343,6312,9781,3250
SE6,20228,6228,11622,2378
SE7,7714,2138,4546,1030
SE8,11151,3715,5828,1608
SE9,24657,7060,15449,2148
SG1,23057,6916,14602,1539
SG10,1248,315,872,61
SG11,3396,803,2465,128
SG12,12731,3908,8345,478
SG13,7252,2054,4885,313
SG14,8642,2658,5667,317
SG15,2688,781,1805,102
SG16,3073,793,2167,113
SG17,5759,1435,4078,246
SG18,12962,3333,9049,580
SG19,10226,2699,7107,420
SG2,17199,4421,11729,1049
SG3,2683,803,1794,86
SG4,13046,3932,8584,530
SG5,13406,3800,9093,513
SG6,14516,4619,9217,680
SG7,6216,1958,4019,239
SG8,16584,4341,11599,644
SG9,4947,1116,3635,196
SK1,7962,3380,4223,359
SK10,20148,6495,13038,615
SK11,15511,5276,9686,549
SK12,22697,6642,15368,687
SK13,15084,4731,9819,534
SK14,21865,6875,13939,1051
SK15,12302,3839,7951,512
SK16,8009,2673,4992,344
SK17,13127,4348,8236,543
SK2,13101,3938,8553,610
SK22,153,76,74,3
SK23,80,16,61,3
SK3,12220,3879,7743,598
SK4,15229,5036,9476,717
SK5,13190,4643,7921,626
SK6,21552,6667,14140,745
SK7,17327,4594,12113,620
SK8,23888,6734,15886,1268
SK9,17255,5561,11094,600
SL0,4963,1301,3195,467
SL1,29517,7216,18575,3726
SL2,18620,4182,12098,2340
SL3,16830,3961,10859,2010
SL4,18596,5713,11698,1185
SL5,9116,2451,6192,473
SL6,31945,8230,21460,2255
SL7,8325,2294,5709,322
SL8,2821,853,1853,115
SL9,8484,2021,5919,544
SM1,19525,5463,12561,1501
SM2,12085,3837,7461,787
SM3,7404,1674,5146,584
SM4,14591,3298,9496,1797
SM5,15369,3667,10623,1079
SM6,14013,4153,8892,968
SM7,6590,1724,4555,311
SN1,15746,5060,8801,1885
SN10,14575,4442,9580,553
SN11,11478,3050,7997,431
SN12,12193,3407,8255,531
SN13,8033,2314,5422,297
SN14,12061,3008,8526,527
SN15,13222,3758,8880,584
SN16,6079,1661,4142,276
SN17,119,20,91,8
SN2,28741,8021,18896,1824
SN25,8179,1892,5822,465
SN3,22748,6446,14937,1365
SN38,413,119,258,36
SN4,11682,3176,8030,476
SN5,14086,3870,9553,663
SN6,9167,2523,6282,362
SN7,5994,1679,4090,225
SN8,10325,3038,6883,404
SN9,3371,1014,2224,133
SO1,50140,16800,28646,4694
SO14,5370,1809,2381,1180
SO15,399,158,206,35
SO16,4821,1270,2825,726
SO17,6275,2201,2804,1270
SO18,17289,5473,10840,976
SO19,24420,7706,15287,1427
SO20,4031,982,2839,210
SO21,9786,2288,7055,443
SO22,12053,3077,7898,1078
SO23,8832,3339,4962,531
SO24,4118,1203,2740,175
SO3,39280,10506,27068,1706
SO30,1291,263,961,67
SO31,627,105,495,27
SO32,495,60,415,20
SO4,50223,14522,33338,2363
SO40,274,50,200,24
SO41,392,178,205,9
SO45,77,34,42,1
SO5,46348,12497,31597,2254
SO50,763,176,542,45
SO51,1230,320,879,31
SO53,1192,181,965,46
SP1,10579,3617,6337,625
SP10,17995,5235,11669,1091
SP11,12691,2984,9008,699
SP2,13725,4385,8551,789
SP3,5514,1593,3677,244
SP4,14283,3246,10323,714
SP5,9101,2209,6481,411
SP6,5762,1578,3932,252
SP7,6366,1984,4119,263
SP8,6245,1936,4066,243
SP9,3580,593,2766,221
SR1,4955,2428,2215,312
SR2,14445,4987,8762,696
SR3,16380,5316,10524,540
SR4,16522,5466,10306,750
SR5,15308,5274,9546,488
SR6,12541,4188,8026,327
SR7,13567,4492,8635,440
SR8,15674,5421,9758,495
SS0,20975,7502,12138,1335
SS1,13468,4774,7917,777
SS11,8028,2105,5524,399
SS12,7786,2092,5323,371
SS13,9963,3140,6180,643
SS14,11131,3162,7115,854
SS15,13952,4032,9079,841
SS16,12342,3426,8081,835
SS17,13030,3130,9096,804
SS2,15517,5085,9538,894
SS22,128,38,85,5
SS3,11539,3312,7670,557
SS4,9214,2697,6075,442
SS5,9185,2325,6474,386
SS6,13800,3498,9733,569
SS7,20571,5337,14261,973
SS8,16208,4761,10546,901
SS9,20560,6316,13396,848
ST1,15156,5423,8764,969
ST10,11566,3220,7892,454
ST11,4456,1183,3105,168
ST12,2552,705,1758,89
ST13,12267,4062,7796,409
ST14,8883,2464,6060,359
ST15,10467,3032,7077,358
ST16,15965,5407,9877,681
ST17,16545,4910,11018,617
ST18,7159,1741,5178,240
ST19,7014,1907,4885,222
ST2,15933,5029,10280,624
ST20,3444,889,2423,132
ST21,2319,673,1579,67
ST3,28864,8686,18906,1272
ST4,24648,8342,14606,1700
ST5,34904,11279,21793,1832
ST6,28311,9406,17627,1278
ST7,23987,6929,16229,829
ST8,8098,2460,5384,254
ST9,4004,1019,2869,116
SW10,8987,3917,4110,960
SW11,37175,11767,19284,6124
SW12,15025,4115,7867,3043
SW13,7375,2181,4688,506
SW14,6866,1859,4567,440
SW15,26763,8291,14825,3647
SW16,32079,8995,18066,5018
SW17,25840,7541,13515,4784
SW18,27095,7553,15890,3652
SW19,31921,8900,19547,3474
SW1A,895,456,350,89
SW1E,1311,609,553,149
SW1H,500,249,206,45
SW1P,6124,2733,2769,622
SW1V,10108,4554,4422,1132
SW1W,3655,1860,1554,241
SW1X,2676,1076,1273,327
SW1Y,165,87,52,26
SW2,23077,7164,11204,4709
SW20,10502,2685,6825,992
SW3,8880,4210,3793,877
SW4,17747,5537,8170,4040
SW5,7867,3893,3176,798
SW6,30086,10103,15497,4486
SW7,5873,2650,2653,570
SW8,15165,5197,7245,2723
SW9,17376,5710,8238,3428
SY1,12909,4256,7790,863
SY10,9134,2376,6311,447
SY11,10756,3507,6689,560
SY12,3691,1106,2435,150
SY13,9311,2556,6303,452
SY14,2297,599,1608,90
SY15,3460,1001,2297,162
SY16,7178,2418,4469,291
SY17,1654,496,1078,80
SY18,2021,802,1150,69
SY19,425,132,271,22
SY2,8725,2907,5455,363
SY20,3082,1050,1905,127
SY21,7551,2366,4807,378
SY22,2555,770,1685,100
SY23,11322,3712,6548,1062
SY24,1987,644,1252,91
SY25,1428,471,897,60
SY3,15788,5083,10078,627
SY4,10388,2753,7185,450
SY5,8758,2254,6008,496
SY6,3967,1224,2587,156
SY7,4358,1242,2924,192
SY8,8119,2725,5089,305
SY9,922,332,567,23
TA1,20206,7247,11960,999
TA10,4842,1365,3241,236
TA11,3933,1126,2654,153
TA12,2754,850,1779,125
TA13,2113,620,1412,81
TA14,1516,443,1034,39
TA15,224,81,134,9
TA16,900,283,590,27
TA17,326,85,222,19
TA18,4331,1373,2770,188
TA19,5763,1760,3793,210
TA2,13021,3887,8513,621
TA20,9358,2844,6030,484
TA21,9506,2880,6200,426
TA22,1180,405,729,46
TA23,3325,1110,2068,147
TA24,8015,2863,4805,347
TA3,5576,1467,3853,256
TA4,7721,2132,5260,329
TA5,5329,1417,3608,304
TA6,22585,6781,14391,1413
TA7,6235,1518,4404,313
TA8,7866,2630,4889,347
TA9,5316,1521,3485,310
TD12,661,228,416,17
TD15,7468,2602,4641,225
TF1,19732,5843,12611,1278
TF10,9558,2614,6358,586
TF11,5284,1408,3666,210
TF12,2611,777,1705,129
TF13,1621,474,1085,62
TF2,16038,4318,10838,882
TF3,11445,2941,7700,804
TF4,8132,2237,5534,361
TF5,2002,437,1473,92
TF6,1522,372,1074,76
TF7,8194,2401,5293,500
TF8,301,108,179,14
TF9,9611,2587,6499,525
TN1,7456,2864,4204,388
TN10,7278,1977,4989,312
TN11,7473,1753,5373,347
TN12,12341,2953,8772,616
TN13,10882,2890,7552,440
TN14,6477,1624,4533,320
TN15,9104,2273,6337,494
TN16,7592,1818,5335,439
TN17,5913,1600,4045,268
TN18,3150,883,2126,141
TN19,2413,573,1706,134
TN2,12042,3545,7969,528
TN20,1871,503,1270,98
TN21,6989,2044,4656,289
TN22,10867,2896,7442,529
TN23,18131,4536,12176,1419
TN24,14311,3744,9624,943
TN25,6849,1677,4846,326
TN26,5428,1372,3745,311
TN27,4773,1261,3306,206
TN28,3986,1096,2655,235
TN29,5302,1606,3382,314
TN3,6049,1417,4353,279
TN30,4414,1384,2845,185
TN31,6586,2050,4194,342
TN32,1821,484,1209,128
TN33,5183,1355,3541,287
TN34,15916,5883,8927,1106
TN35,7111,1918,4725,468
TN36,1079,404,605,70
TN37,9888,3738,5460,690
TN38,10537,3670,6177,690
TN39,13357,4570,8092,695
TN4,10708,3127,7152,429
TN40,7502,3101,4045,356
TN5,3431,976,2342,113
TN6,10127,2639,7012,476
TN7,769,185,538,46
TN8,5172,1398,3534,240
TN9,6952,2235,4396,321
TQ1,17358,7070,9245,1043
TQ10,1746,487,1153,106
TQ11,2225,700,1399,126
TQ12,26456,7644,17467,1345
TQ13,9030,2900,5732,398
TQ14,9005,3130,5477,398
TQ2,14365,4443,9016,906
TQ3,14889,4771,9170,948
TQ4,8980,3010,5445,525
TQ5,8809,2917,5480,412
TQ6,3959,1370,2436,153
TQ7,7926,2449,5106,371
TQ8,783,300,452,31
TQ9,7668,2580,4640,448
TR1,10780,3571,6560,649
TR10,6067,1681,3731,655
TR11,12979,3974,7551,1454
TR12,4244,1185,2821,238
TR13,8861,2535,5893,433
TR14,13417,4066,8514,837
TR15,10389,3434,6341,614
TR16,6604,1859,4342,403
TR17,1152,447,662,43
TR18,10356,4242,5656,458
TR19,4317,1482,2643,192
TR2,4351,1284,2854,213
TR20,3305,929,2153,223
TR21,736,247,434,55
TR22,76,22,44,10
TR24,74,25,47,2
TR25,56,12,38,6
TR26,5122,1726,3147,249
TR27,6012,1794,3891,327
TR3,5203,1481,3469,253
TR4,4497,1188,3021,288
TR5,1633,515,1041,77
TR6,1661,512,1044,105
TR7,10385,3510,6144,731
TR8,4089,1034,2786,269
TR9,3046,809,2078,159
TS1,8719,3588,3926,1205
TS10,17160,5927,10615,618
TS11,5307,1784,3399,124
TS12,10250,3395,6539,316
TS13,4569,1591,2835,143
TS14,8517,2660,5661,196
TS15,6723,1964,4586,173
TS16,4979,1408,3433,138
TS17,19540,5513,13216,811
TS18,11662,4067,6944,651
TS19,15029,4709,9702,618
TS2,427,148,251,28
TS20,9226,3314,5579,333
TS21,5317,1573,3592,152
TS22,4617,1150,3320,147
TS23,12210,3883,7871,456
TS24,11735,4466,6846,423
TS25,17462,5653,11210,599
TS26,9528,2904,6237,387
TS27,4712,1618,2967,127
TS28,2392,753,1567,72
TS29,2602,868,1654,80
TS3,13066,4503,7931,632
TS4,7771,2578,4762,431
TS5,15141,4431,9934,776
TS6,13182,4436,8260,486
TS7,10252,3010,6893,349
TS8,8724,3035,5408,281
TS9,5660,1877,3630,153
TW1,12992,3925,8244,823
TW10,8763,2808,5410,545
TW11,10587,3314,6741,532
TW12,9646,2821,6269,556
TW13,14333,3424,9154,1755
TW14,11601,2886,6969,1746
TW15,12389,3390,8049,950
TW16,8864,2263,6026,575
TW17,5751,1742,3731,278
TW18,11477,3313,7357,807
TW19,6801,1846,4161,794
TW2,11912,2943,8035,934
TW20,8669,2448,4943,1278
TW3,17362,3816,10266,3280
TW4,9190,1795,5452,1943
TW5,9563,1790,5789,1984
TW6,600,141,340,119
TW7,15151,3847,9593,1711
TW8,11243,3768,6467,1008
TW9,8932,2853,5532,547
UB1,13767,2649,7973,3145
UB10,15143,3491,10139,1513
UB11,570,119,381,70
UB18,135,15,84,36
UB2,10852,2008,6427,2417
UB3,17364,3677,10699,2988
UB4,13516,2663,8738,2115
UB5,17229,3919,10961,2349
UB6,16915,3980,10005,2930
UB7,12699,3022,8129,1548
UB8,13021,3938,7545,1538
UB9,5614,1772,3463,379
W1,120,54,57,9
W10,15515,5665,8023,1827
W11,14718,6509,6806,1403
W12,21825,7643,11201,2981
W13,15742,4673,9443,1626
W14,16749,6631,7875,2243
W1A,5492,2844,2105,543
W1B,331,186,120,25
W1C,504,285,170,49
W1D,593,309,184,100
W1G,619,288,274,57
W1H,2516,1151,1092,273
W1J,112,63,37,12
W1K,124,52,49,23
W1M,691,351,279,61
W1N,241,166,57,18
W1P,1515,776,519,220
W2,19534,8602,8597,2335
W3,22867,7432,12450,2985
W4,19806,6634,11459,1713
W5,19078,5855,10999,2224
W6,13608,5130,6585,1893
W7,10395,2616,6662,1117
W8,6333,2330,3457,546
W9,14467,5530,7170,1767
WA1,11393,3715,7133,545
WA10,19469,6959,11770,740
WA11,17454,5194,11639,621
WA12,11425,3588,7454,383
WA13,5887,1670,4032,185
WA14,13824,4043,9238,543
WA15,15815,4005,11122,688
WA16,9254,2691,6215,348
WA2,18124,6034,11209,881
WA3,21237,6445,14036,756
WA4,21916,6650,14507,759
WA5,24617,6530,17060,1027
WA6,8504,2515,5777,212
WA7,27301,8777,17407,1117
WA8,27457,8667,17704,1086
WA9,21566,6633,13961,972
WC1A,1193,548,473,172
WC1B,311,142,118,51
WC1E,228,110,84,34
WC1H,2721,1364,970,387
WC1N,2110,974,879,257
WC1R,116,63,40,13
WC1V,117,64,43,10
WC1X,1440,543,657,240
WC2A,218,126,73,19
WC2B,819,540,232,47
WC2E,417,233,137,47
WC2H,415,211,162,42
WD1,31372,9045,19508,2819
WD17,216,94,108,14
WD18,187,43,123,21
WD19,183,53,117,13
WD2,30506,8086,20154,2266
WD23,121,38,79,4
WD24,128,42,77,9
WD25,411,56,323,32
WD3,16174,4157,11169,848
WD4,4483,1272,2973,238
WD5,4273,1344,2743,186
WD6,16266,4463,10481,1322
WD7,4409,1005,3177,227
WF1,19481,6634,11597,1250
WF10,22278,6534,14821,923
WF11,7847,2647,4859,341
WF12,15279,4194,10061,1024
WF13,10589,3087,6536,966
WF14,8934,2770,5893,271
WF15,7970,2510,5138,322
WF16,4047,1243,2493,311
WF17,15353,4472,9867,1014
WF2,22225,6539,14673,1013
WF3,13432,3698,9233,501
WF4,18142,5192,12355,595
WF5,9141,2886,5983,272
WF6,9529,2827,6283,419
WF7,10423,3005,6987,431
WF8,15510,4540,10430,540
WF9,16571,4981,10855,735
WN1,10941,3989,6495,457
WN2,22759,6838,14902,1019
WN3,12610,3366,8735,509
WN4,11830,3360,8049,421
WN5,19435,5888,12782,765
WN6,17539,5026,11941,572
WN7,21836,7397,13538,901
WN8,19258,5915,12233,1110
WR1,7156,3451,3231,474
WR10,9482,2708,6419,355
WR11,20317,5719,13514,1084
WR12,2727,913,1746,68
WR13,5672,1452,3946,274
WR14,14532,5126,8869,537
WR15,3030,885,2027,118
WR2,13534,3682,8836,1016
WR3,9970,2747,6773,450
WR4,10757,2989,7189,579
WR5,13250,3519,8966,765
WR6,3555,821,2555,179
WR7,2130,453,1591,86
WR8,3137,978,2032,127
WR9,13617,4001,9066,550
WS1,11444,3596,6658,1190
WS10,19623,5480,12863,1280
WS11,20817,6188,13821,808
WS12,14601,3949,10069,583
WS13,13699,4324,8855,520
WS14,6763,1745,4790,228
WS15,16002,4455,10860,687
WS2,15640,4408,9978,1254
WS3,21669,6300,14306,1063
WS4,7374,2175,4781,418
WS5,7372,1792,4865,715
WS6,6820,1771,4773,276
WS7,12810,3515,8867,428
WS8,7116,2085,4707,324
WS9,10373,3098,6895,380
WV1,9082,3505,4790,787
WV10,23805,6781,15413,1611
WV11,14814,4547,9477,790
WV12,9974,2746,6775,453
WV13,8467,2464,5365,638
WV14,19678,5705,12695,1278
WV15,4244,1246,2840,158
WV16,7323,2222,4810,291
WV2,7429,2022,4614,793
WV3,12733,4288,7516,929
WV4,11878,3289,7725,864
WV5,5755,1700,3882,173
WV6,18007,5511,11370,1126
WV7,2474,756,1568,150
WV8,6237,1856,4141,240
WV9,2853,935,1824,94
YO1,20034,6692,10793,2549
YO10,147,61,54,32
YO11,14487,6036,7820,631
YO12,17097,5798,10558,741
YO13,3907,1008,2754,145
YO14,5307,1790,3328,189
YO15,8350,3238,4717,395
YO16,10540,3731,6461,348
YO17,10963,3298,7237,428
YO18,5232,1739,3333,160
YO19,3090,677,2296,117
YO2,29218,9011,18735,1472
YO21,6980,2402,4309,269
YO22,3320,1060,2155,105
YO23,494,117,364,13
YO24,169,23,138,8
YO25,14659,4306,9832,521
YO26,2965,629,2221,115
YO3,34426,10451,21605,2370
YO30,1139,267,822,50
YO31,265,68,183,14
YO4,16889,4617,11690,582
YO42,374,73,290,11
YO43,318,52,257,9
YO5,2477,675,1721,81
YO6,13226,3935,8868,423
YO61,132,31,98,3
YO7,8555,2504,5746,305
YO8,20307,5586,13963,758
