outcode,Average Income,Median Income,Per Capita Income
AL1,70813.28,72900.0,29359.65
AL10,47429.29,47200.0,15863.39
AL2,58673.48,56600.0,23446.46
AL3,64281.55,57700.0,25492.64
AL4,62052.55,59700.0,24200.38
AL5,69773.16,72500.0,26818.71
AL6,60792.09,59900.0,24454.02
AL7,49282.14,50600.0,20598.72
AL8,56363.17,56800.0,23918.31
AL9,52714.91,53500.0,20711.58
B1,44641.76,46300.0,24314.98
B10,33326.26,32800.0,8751.24
B11,34785.94,35800.0,9666.07
B12,34286.09,32000.0,11190.68
B13,45428.47,45400.0,18346.18
B14,43052.27,41700.0,17786.26
B15,43199.18,42700.0,14622.91
B16,40739.88,39300.0,17367.85
B17,52157.89,56100.0,21643.54
B18,35744.01,36600.0,12852.02
B19,32535.09,31000.0,9904.42
B2,39417.79,46600.0,27776.86
B20,37748.34,32700.0,11838.15
B21,33876.63,33200.0,10744.75
B22,39200.0,39200.0,20133.85
B23,37664.49,37200.0,15542.36
B24,38922.12,38700.0,15396.92
B25,37551.2,37700.0,12607.47
B26,39794.91,40200.0,15783.53
B27,38210.29,39900.0,14697.6
B28,44064.49,46900.0,15338.73
B29,40664.93,42300.0,14459.7
B3,45410.73,46600.0,28385.45
B30,43937.92,44300.0,19321.55
B31,39562.76,39900.0,16694.69
B32,40314.49,42300.0,16766.66
B33,34019.06,34000.0,12603.52
B34,33773.18,32900.0,13107.29
B35,32613.53,32600.0,13753.31
B36,37787.48,35000.0,14102.75
B37,35287.93,32200.0,14850.58
B38,40246.54,39200.0,16735.82
B4,34769.58,29500.0,5390.6
B42,39400.9,40000.0,15255.69
B43,42902.09,43200.0,17205.91
B44,36196.61,36600.0,14421.06
B45,44645.65,41900.0,18750.7
B46,47388.02,47900.0,20274.75
B47,47968.47,50100.0,20348.23
B48,48975.0,49600.0,20530.15
B49,45518.15,42700.0,20617.86
B5,41226.84,43000.0,17748.06
B50,49028.63,49300.0,20835.16
B6,30049.83,29500.0,8757.21
B60,49313.83,52000.0,20574.39
B61,44168.02,42100.0,18812.51
B62,42732.66,39000.0,17749.87
B63,40259.82,37400.0,17411.89
B64,36420.22,35300.0,15088.17
B65,37102.64,36800.0,15383.95
B66,36180.97,35000.0,11791.07
B67,37298.71,35900.0,13474.8
B68,39285.96,38700.0,15215.01
B69,37173.38,38400.0,14249.12
B7,30040.82,30100.0,10615.49
B70,34470.97,33200.0,12608.56
B71,38530.44,37800.0,15063.37
B72,56810.67,59500.0,23925.33
B73,55796.77,59500.0,23140.18
B74,53916.44,52900.0,22153.5
B75,53498.33,54300.0,21508.95
B76,51453.95,54200.0,22258.89
B77,43814.05,44500.0,17977.27
B78,43574.73,45200.0,18434.66
B79,43035.84,43800.0,18655.69
B8,32298.97,30300.0,8437.86
B80,45029.69,40700.0,19352.78
B9,35237.55,34900.0,9516.4
B90,51302.1,49700.0,21202.84
B91,59214.49,62900.0,24153.96
B92,48806.84,48200.0,20228.5
B93,58749.42,58800.0,24199.87
B94,57124.29,56600.0,23347.27
B95,49460.19,47700.0,23010.77
B96,50482.7,49300.0,21686.72
B97,46327.61,49200.0,19833.93
B98,43823.47,45100.0,17929.01
BA1,53330.91,54000.0,23632.83
BA10,48678.11,48800.0,20272.38
BA11,46794.24,49700.0,20230.44
BA12,47047.76,47600.0,20968.56
BA13,46445.97,45500.0,19796.95
BA14,48155.18,50400.0,20567.94
BA15,51878.53,50200.0,23504.49
BA16,42110.73,39700.0,17613.36
BA2,50334.3,50400.0,19320.16
BA20,46261.23,45200.0,21223.69
BA21,44815.22,45200.0,19058.58
BA22,48367.59,47700.0,19927.9
BA3,47076.29,45600.0,19279.65
BA4,47029.38,45900.0,20253.72
BA5,45370.66,41400.0,20657.1
BA6,42469.86,38800.0,19281.51
BA7,47828.28,47700.0,22271.09
BA8,44646.15,44400.0,19643.29
BA9,46290.74,45400.0,20187.5
BB0,30400.0,30400.0,8393.04
BB1,34304.0,32200.0,12075.97
BB10,35643.61,35500.0,14217.74
BB11,33486.44,31400.0,14607.97
BB12,37987.44,33800.0,16491.35
BB18,38937.91,39300.0,17187.82
BB2,35487.1,32700.0,14001.73
BB3,37632.53,35600.0,16754.46
BB4,40209.85,38400.0,17159.56
BB5,35707.35,37300.0,14825.08
BB6,42971.61,47200.0,18517.95
BB7,46168.95,47200.0,20384.35
BB8,37996.98,37900.0,17027.46
BB9,35911.33,34300.0,12771.15
BD1,26389.66,26300.0,10359.35
BD10,39978.24,40200.0,17196.49
BD11,41990.81,41800.0,18000.9
BD12,35108.08,34000.0,15501.7
BD13,38387.26,38800.0,16496.39
BD14,35271.48,35300.0,13741.68
BD15,37400.17,34000.0,14553.96
BD16,44025.81,45400.0,19832.56
BD17,42933.17,39900.0,20211.89
BD18,37453.38,37600.0,15667.82
BD19,36390.73,33200.0,16109.78
BD2,32997.82,34500.0,12406.3
BD20,42009.38,44000.0,17871.47
BD21,30929.51,30500.0,11798.48
BD22,38557.07,41200.0,17022.99
BD23,43070.38,41900.0,20025.94
BD24,39902.49,39800.0,19090.91
BD3,28054.11,27300.0,7999.11
BD4,31262.52,29800.0,12443.67
BD5,28386.52,27300.0,9170.29
BD6,33437.46,33300.0,13505.94
BD7,30099.45,29400.0,9337.13
BD8,29989.7,29400.0,8733.39
BD9,33890.3,35900.0,9360.78
BH1,41753.08,40500.0,17843.09
BH10,42425.21,42200.0,17899.25
BH11,40804.72,39800.0,16692.03
BH12,44907.34,43500.0,18887.21
BH13,52284.34,53200.0,25720.52
BH14,52181.79,52900.0,23528.95
BH15,44838.54,43200.0,19850.88
BH16,45590.37,44900.0,19049.29
BH17,47090.85,47100.0,19649.39
BH18,54319.08,57400.0,22990.13
BH19,42186.38,40800.0,19984.41
BH2,45409.23,43600.0,24327.75
BH20,46926.71,48700.0,20158.15
BH21,50133.55,50400.0,21346.54
BH22,46273.2,45800.0,21444.8
BH23,46363.25,46800.0,20931.44
BH24,49638.31,51800.0,21438.02
BH25,42002.3,39600.0,19422.64
BH3,46877.55,48700.0,18714.68
BH31,52064.25,53300.0,20804.58
BH4,47514.12,46800.0,26083.81
BH5,43281.97,41400.0,21269.12
BH6,47697.75,48800.0,21607.84
BH7,50238.69,49700.0,20171.04
BH8,44788.45,43600.0,18431.53
BH9,46547.63,48300.0,17558.21
BL0,45369.72,43700.0,19729.12
BL1,33357.68,32500.0,13222.68
BL11,26400.0,26400.0,7230.15
BL2,37400.89,34200.0,15967.05
BL3,34151.52,33800.0,11999.05
BL4,34695.39,34200.0,14179.64
BL5,42526.02,45600.0,18304.44
BL6,43153.21,44500.0,19154.74
BL7,48968.29,50000.0,21564.63
BL8,43904.39,44000.0,18520.73
BL9,38282.72,36000.0,15620.05
BN1,52195.94,49200.0,22247.96
BN10,43705.87,43100.0,19019.51
BN11,41964.3,40500.0,20592.96
BN12,48640.31,48800.0,21610.04
BN13,45777.79,45500.0,19367.64
BN14,49712.4,51100.0,20952.67
BN15,40296.56,38300.0,17595.14
BN16,44430.12,45000.0,20578.38
BN17,44123.51,45000.0,18840.28
BN18,47325.07,47900.0,19796.48
BN2,46459.44,47300.0,20180.85
BN20,45591.49,44600.0,20817.41
BN21,42039.37,40100.0,20488.36
BN22,43869.0,44200.0,18630.52
BN23,43278.27,45500.0,18853.93
BN24,45494.03,45500.0,19979.44
BN25,42301.81,44700.0,19604.54
BN26,41134.92,38500.0,18596.06
BN27,42188.58,41100.0,17922.94
BN3,54030.51,51200.0,25034.93
BN4,47008.37,45800.0,19719.82
BN41,50673.99,51300.0,21200.66
BN42,45903.4,47000.0,15925.67
BN43,46056.96,45700.0,21734.55
BN44,46553.63,45800.0,22008.66
BN5,46782.02,46200.0,20368.61
BN6,55154.18,54600.0,22396.8
BN7,47375.91,42500.0,20554.38
BN8,49852.41,51700.0,20794.28
BN9,43151.66,42700.0,18381.67
BR1,59806.56,60000.0,23783.69
BR2,63759.12,66100.0,25920.37
BR3,63721.56,66700.0,27375.88
BR4,65409.27,65200.0,24967.28
BR5,54966.01,52000.0,21809.24
BR6,60697.76,60600.0,24362.45
BR7,63674.73,60500.0,25521.06
BR8,49054.77,44100.0,19899.36
BS0,48900.0,48900.0,21190.0
BS1,49809.14,51200.0,19355.54
BS10,48319.16,46300.0,19351.7
BS11,43544.64,45200.0,17667.56
BS12,53483.66,54400.0,22206.43
BS13,38937.12,39200.0,15936.78
BS14,44046.54,42800.0,18258.81
BS15,47426.3,46400.0,19949.31
BS16,49724.7,44900.0,19243.09
BS17,51130.94,51700.0,21076.57
BS18,52736.61,53500.0,21889.72
BS19,53937.21,51900.0,22796.31
BS2,46839.19,46600.0,19071.19
BS20,54969.45,53500.0,23967.76
BS21,49491.76,47000.0,22281.21
BS22,43774.71,45200.0,19161.06
BS23,39710.01,38300.0,18971.95
BS24,45421.79,45600.0,18403.58
BS25,52203.26,53500.0,22598.09
BS26,50436.68,49900.0,21454.32
BS27,49774.51,49900.0,21458.5
BS28,53064.32,53100.0,22156.06
BS3,50140.79,49700.0,21548.05
BS31,50499.17,49300.0,21485.21
BS32,56392.55,56600.0,21791.03
BS34,49914.36,48900.0,19224.44
BS35,54032.43,55600.0,19883.49
BS36,52083.39,51700.0,21281.39
BS37,51292.08,52400.0,21178.48
BS39,50241.72,51900.0,20895.99
BS4,47009.13,47400.0,19033.66
BS49,50830.17,51900.0,25505.53
BS5,42613.47,43400.0,17787.29
BS6,63670.58,67500.0,25856.55
BS7,55798.06,57800.0,21090.67
BS8,60803.42,62200.0,26354.32
BS9,62027.66,60600.0,23344.78
CA1,36754.47,35500.0,17006.29
CA10,40998.31,39700.0,18087.56
CA11,41394.71,42800.0,18679.38
CA12,43268.52,43100.0,19970.53
CA13,45256.97,44900.0,20980.02
CA14,34569.06,35100.0,16020.07
CA15,34506.95,36800.0,15584.67
CA16,39304.0,39700.0,18191.54
CA17,37900.0,37900.0,17279.51
CA18,35400.0,35400.0,16749.9
CA19,45798.59,46100.0,20384.01
CA2,36018.67,34400.0,16935.38
CA20,46100.0,46100.0,22206.61
CA21,46100.0,46100.0,21621.69
CA22,38657.99,36600.0,17770.31
CA23,37574.68,37600.0,17557.16
CA24,36833.33,36600.0,16370.37
CA25,37572.33,37600.0,17480.86
CA26,37509.52,37600.0,18264.56
CA27,45953.85,46100.0,21341.28
CA28,36590.14,34200.0,16691.01
CA3,40497.98,41400.0,18302.73
CA4,46380.15,47300.0,20592.83
CA5,39363.56,36800.0,17480.67
CA6,40215.49,38600.0,17953.97
CA7,37277.46,36800.0,16864.39
CA8,39917.7,38200.0,18923.66
CA9,40204.41,40300.0,19109.99
CB1,58630.8,57300.0,22248.76
CB10,55553.73,55200.0,23574.93
CB11,55971.23,58300.0,22988.36
CB2,60547.64,63900.0,21556.82
CB23,57817.78,55500.0,22931.91
CB24,58202.62,58400.0,24399.87
CB25,54475.0,55600.0,23086.37
CB3,57862.15,57100.0,19034.54
CB4,55884.38,55600.0,22683.96
CB5,53375.35,52200.0,21795.24
CB6,50294.58,50000.0,20920.35
CB7,51597.68,49600.0,22448.49
CB8,47988.93,46900.0,21473.27
CB9,46615.91,44400.0,19152.11
CH1,39420.98,37300.0,12216.88
CH2,45458.07,45600.0,179721.63
CH25,27700.0,27700.0,825.94
CH26,42700.0,42700.0,74.53
CH27,34945.76,35400.0,479.65
CH28,35800.0,35800.0,130.58
CH29,45800.0,45800.0,548.77
CH3,48828.47,47800.0,226720.33
CH30,41200.0,41200.0,165.55
CH31,44400.0,44400.0,163.46
CH32,33500.0,33500.0,180.93
CH33,41900.0,41900.0,400.1
CH34,35072.41,35300.0,691.79
CH4,46792.51,47800.0,35232.47
CH41,29672.14,27700.0,21998.11
CH42,33364.36,30400.0,12255.84
CH43,38371.94,38100.0,26315.66
CH44,32403.62,31000.0,14409.11
CH45,38919.29,36500.0,994038.19
CH46,37423.52,35800.0,20989.78
CH47,46536.11,45800.0,19490.03
CH48,49344.39,45800.0,26346.59
CH49,39457.85,41200.0,45680.77
CH6,,,
CH60,53250.52,59900.0,16865.51
CH61,44940.65,44400.0,20200.97
CH62,39364.23,39500.0,23315.36
CH63,44805.06,44000.0,20819.43
CH64,46367.06,44300.0,5844.29
CH65,37267.65,35300.0,4820.25
CH66,44352.42,47100.0,461060.37
CM0,43644.1,43500.0,68899.39
CM1,52247.7,51600.0,1013767.64
CM11,54092.64,55500.0,512450.57
CM12,55909.95,55500.0,14253.24
CM13,58224.41,57200.0,205987.2
CM14,57550.14,58900.0,7139.16
CM15,58717.89,56700.0,567973.26
CM16,56426.79,55900.0,42001.2
CM17,51013.41,53200.0,13085.12
CM18,42698.37,42500.0,14613.3
CM19,45398.63,45400.0,1191917.92
CM2,52433.72,51600.0,4082269.18
CM20,41912.0,40700.0,719880.51
CM21,53352.22,53600.0,361936.37
CM22,55381.84,54200.0,1081137.64
CM23,57963.12,59900.0,27433.89
CM24,57371.43,58800.0,410530.47
CM3,51331.05,51600.0,3310420.16
CM4,53676.92,56300.0,535803.29
CM5,49340.52,47200.0,711254.69
CM6,53237.47,54400.0,573186.63
CM7,46355.56,44300.0,36043.35
CM8,46578.03,46800.0,29517.23
CM9,45306.08,45900.0,19882.45
CO1,45172.42,46400.0,14253.82
CO10,43315.53,43900.0,33343.94
CO11,46417.9,45800.0,9930.83
CO12,37529.43,35400.0,16349.95
CO13,36771.45,38200.0,22512.29
CO14,35262.41,34400.0,7315.7
CO15,33303.22,33800.0,24710.72
CO16,36038.7,36000.0,9217.73
CO2,46998.88,45400.0,39737.95
CO3,49853.71,48900.0,48586.83
CO4,48576.92,49200.0,65850.48
CO5,46165.44,42800.0,18513.91
CO6,50333.75,50300.0,20787.37
CO7,45865.7,46300.0,37524.63
CO8,48242.25,50600.0,976.45
CO9,44579.19,47300.0,15299.84
CR0,52926.38,51300.0,72947.44
CR2,60620.81,62000.0,101370.43
CR3,61176.69,63200.0,97066.88
CR4,51876.24,50700.0,27782.58
CR5,63774.55,66900.0,1553.48
CR6,58401.41,63200.0,353.07
CR7,51446.93,51500.0,2264.98
CR8,62506.81,62000.0,1376.14
CR9,52377.53,53000.0,323.28
CT1,46837.39,52200.0,23847.04
CT10,40713.56,42100.0,18693.36
CT11,37181.65,40100.0,18900.23
CT12,38117.71,40100.0,13532.43
CT13,42914.02,42400.0,3307.65
CT14,40662.48,39100.0,25206.73
CT15,47527.06,48000.0,28845.2
CT16,41528.54,39000.0,21276.03
CT17,40620.38,39100.0,7298.66
CT18,49205.46,52700.0,47081.3
CT19,42422.74,40000.0,9456.24
CT2,48819.1,46200.0,67837.33
CT20,39826.1,39050.0,40315.43
CT21,42104.13,35300.0,11761.51
CT3,49871.04,49000.0,5641.24
CT4,52202.6,51000.0,8295.23
CT5,44010.91,42800.0,19259.45
CT6,38051.26,36500.0,27954.01
CT7,38219.25,37400.0,4443.93
CT8,35535.98,34700.0,9777.11
CT9,39569.13,41700.0,30985.97
CV1,33504.62,33600.0,34114.46
CV10,41532.13,42500.0,159050.49
CV11,41869.64,36000.0,15263.44
CV12,38772.77,40100.0,22932.3
CV13,45523.61,45700.0,5379.88
CV2,39174.35,39000.0,34576.69
CV21,47555.77,47700.0,17129.04
CV22,48587.25,49700.0,25018.3
CV23,52734.87,52200.0,26265.86
CV3,42104.39,44700.0,34913.73
CV31,47695.39,47700.0,507421.3
CV32,52385.0,54900.0,28287.46
CV33,52015.34,52000.0,2600.74
CV34,50708.18,50100.0,9315.02
CV35,52803.0,51400.0,8334.33
CV36,46779.92,45400.0,2258.16
CV37,49547.04,48900.0,616223.15
CV4,40532.54,40700.0,1920663.36
CV5,46511.16,47300.0,280817.84
CV6,38630.39,37800.0,1138644.94
CV7,46665.84,46700.0,1009639.44
CV8,54693.67,56300.0,20966.13
CV9,41083.74,39200.0,13157.39
CW1,40280.59,38300.0,27668.09
CW10,44777.56,46200.0,18107.45
CW11,44539.94,45000.0,55148.73
CW12,44217.61,47200.0,19068.14
CW2,43806.59,42200.0,50762.9
CW3,44498.31,44600.0,9821.12
CW4,48537.55,49000.0,11619.6
CW5,45256.25,41600.0,36286.8
CW6,48029.79,48000.0,9225.93
CW7,38992.01,39500.0,15926.77
CW8,45761.49,42300.0,36876.15
CW9,45350.52,42300.0,41060.05
DA1,57796.95,60400.0,81415.3
DA10,62972.94,71500.0,20676.4
DA11,50609.07,50300.0,25395.56
DA12,51827.86,54600.0,24231.7
DA13,56831.0,56100.0,26558.29
DA14,51257.92,52200.0,67575.6
DA15,56728.15,55100.0,15139.62
DA16,56585.52,56600.0,19871.04
DA17,49375.83,48900.0,7203.53
DA18,45008.91,44700.0,2459.66
DA2,54392.26,52200.0,15185.65
DA3,50821.35,49200.0,33436.07
DA4,52047.06,51600.0,2557.32
DA5,60660.12,61900.0,10850.69
DA6,58041.29,57100.0,6953.81
DA7,56586.35,57100.0,21378.44
DA8,46401.55,44900.0,8307.88
DA9,62462.11,71500.0,9723.03
DE1,32617.4,31900.0,12239.34
DE11,39038.37,38600.0,38406.65
DE12,42665.33,43100.0,11663.04
DE13,47243.21,48400.0,35594.52
DE14,41878.24,41100.0,45304.39
DE15,43518.93,43400.0,10281.49
DE2,37998.96,35700.0,47921.73
DE21,38985.64,36600.0,813.74
DE22,42725.82,44500.0,9609.18
DE23,41081.38,39200.0,38989.55
DE24,37796.2,35700.0,2649.06
DE3,42409.74,46000.0,16117.67
DE4,41957.34,41200.0,18313.88
DE5,38660.76,38500.0,77235.92
DE55,36678.48,37300.0,18597.15
DE56,42222.94,41600.0,3058.04
DE6,45867.26,46000.0,19724.12
DE65,49321.2,52200.0,9033.33
DE7,39556.63,39100.0,201367.64
DE72,44131.52,42400.0,169.7
DE73,45787.58,46400.0,5238.01
DE74,44065.49,46800.0,321.26
DE75,37181.02,37600.0,102.97
DH1,44012.97,45400.0,27309.78
DH2,37165.75,34500.0,8333.85
DH3,37578.93,37900.0,37370.0
DH4,38122.04,38100.0,13622.8
DH5,34766.37,34700.0,6616.59
DH6,37176.1,38000.0,39935.28
DH7,39574.79,37100.0,29107.73
DH8,39356.72,37900.0,24146.07
DH9,34227.22,32700.0,15151.26
DH98,38200.0,34600.0,281.51
DL1,35028.07,33000.0,140360.83
DL10,43090.72,39500.0,17237.71
DL11,45742.77,42900.0,4818.97
DL12,40236.3,40600.0,29456.89
DL13,37405.81,38300.0,12143.75
DL14,35073.1,36700.0,56463.06
DL15,34217.72,35600.0,10168.88
DL16,36383.64,37000.0,10296.15
DL17,33852.72,33100.0,21281.03
DL2,45902.9,48600.0,13696.25
DL3,40339.74,36100.0,14977.95
DL4,30632.6,30200.0,6121.3
DL5,37654.95,35600.0,9850.22
DL6,43153.82,44600.0,11701.34
DL7,44297.96,49400.0,10647.65
DL8,44140.78,42900.0,3362.07
DL9,44984.57,45300.0,84469.17
DN1,30374.3,29200.0,3920.03
DN10,43094.72,44300.0,4418.13
DN11,37985.73,36300.0,96864.34
DN12,31325.57,31000.0,18586.15
DN14,41410.37,40100.0,20076.73
DN15,34760.49,34900.0,7181.82
DN16,33949.09,33900.0,15143.07
DN17,37436.7,38600.0,95069.76
DN18,36671.33,36500.0,5204.72
DN19,41561.9,42200.0,20633.24
DN2,33732.08,33700.0,3098.04
DN20,39579.57,37700.0,1082138.53
DN21,36061.89,40500.0,142469.23
DN22,39505.06,38200.0,1048310.84
DN3,38729.65,39800.0,1609978.36
DN31,26026.11,26200.0,3004.31
DN32,28664.41,27000.0,10024.69
DN33,36068.93,40300.0,12819.95
DN34,31632.26,32600.0,6518.58
DN35,31833.03,30000.0,23918.36
DN36,40232.55,39700.0,10490.36
DN37,39860.51,43400.0,11509.69
DN38,39291.8,39000.0,1108.57
DN39,38717.86,39000.0,1320.27
DN4,37606.05,34200.0,2858185.99
DN40,34486.66,33200.0,3092.82
DN41,42350.18,44700.0,228.02
DN5,37102.81,35800.0,171146.54
DN6,33675.92,33200.0,32255.49
DN7,34494.51,31100.0,22496.1
DN8,33395.8,34000.0,6890.8
DN9,43062.82,43500.0,16351.45
DT1,46588.4,45900.0,22650.41
DT10,45679.23,45200.0,14020.81
DT11,48356.12,48300.0,32403.61
DT2,48924.01,50400.0,14091.14
DT3,43990.85,43700.0,56504.27
DT4,39756.55,37100.0,24232.25
DT5,38877.91,39100.0,11067.76
DT6,41894.43,40300.0,34038.63
DT7,42304.73,40300.0,6776.68
DT8,43285.71,43500.0,8442.7
DT9,44763.6,44400.0,31753.68
DY1,36647.19,34700.0,40423.79
DY10,40710.49,39000.0,24255.56
DY11,39707.42,39000.0,21830.13
DY12,40250.07,40500.0,5189.12
DY13,39872.29,38400.0,9916.93
DY14,40541.13,40600.0,5009.95
DY2,35165.61,34700.0,12756.11
DY3,38751.98,37400.0,45222.4
DY4,36671.59,36400.0,114098.65
DY5,35244.64,33200.0,25422.52
DY6,43669.61,43200.0,29587.11
DY7,45957.88,47200.0,3906.36
DY8,41358.69,40400.0,23594.59
DY9,43567.93,43300.0,16643.36
E1,59511.9,56200.0,157580.5
E10,52738.32,50500.0,37830.64
E11,59961.03,57700.0,61620.58
E12,46995.3,43000.0,36957.25
E13,48041.88,49100.0,26696.92
E14,58192.67,52900.0,123333.42
E15,60345.37,68800.0,51569.61
E16,54548.45,59600.0,471970.6
E17,54976.01,56000.0,754341.75
E18,67183.05,69100.0,10751.09
E1W,67770.51,68700.0,2529.02
E2,54484.37,56200.0,3257339.81
E20,67008.37,68800.0,4858.8
E3,55865.22,53000.0,48067.45
E4,56192.92,54600.0,60659.23
E5,50609.25,50500.0,55360.83
E6,48352.37,47100.0,58255.31
E7,49752.22,50900.0,33112.0
E8,58796.34,56500.0,100851.26
E9,53799.43,51700.0,26168.3
EC1A,88013.27,101800.0,5260.19
EC1M,63938.14,64100.0,3485.91
EC1N,61843.66,54100.0,2354.87
EC1R,62058.97,64100.0,14055.65
EC1V,62013.59,64100.0,24166.92
EC1Y,62627.42,56700.0,21214.18
EC2A,61989.84,59600.0,7300.98
EC2P,65922.37,64100.0,778.04
EC2Y,92655.93,101800.0,2108.68
EC3N,97162.76,101800.0,380.67
EC4A,97505.66,101800.0,336.64
EC4Y,97681.51,101800.0,672.81
EN1,54622.96,53900.0,51101.51
EN10,53181.91,48900.0,44217.15
EN11,49216.11,47400.0,13718.97
EN2,57973.8,58600.0,19197.26
EN3,46785.83,47900.0,20345.88
EN4,59851.67,58100.0,16839.99
EN5,60837.95,61100.0,32499.2
EN6,56639.37,57300.0,91394.32
EN7,52177.44,53500.0,9515.09
EN8,48025.07,48100.0,25521.06
EN9,48076.06,46000.0,4819.59
EX1,43072.89,38400.0,11233.21
EX10,47730.96,49400.0,7521.26
EX11,49425.13,49200.0,4634.86
EX12,42159.06,39300.0,3748.96
EX13,44037.69,46400.0,3159.54
EX14,44672.49,45300.0,7397.06
EX15,47362.8,46200.0,8034.45
EX16,43504.51,46000.0,6031.55
EX17,44902.65,43900.0,19881.42
EX18,42347.75,42300.0,80333.68
EX19,42523.44,42300.0,1474.76
EX2,48818.09,47800.0,122230.86
EX20,43368.07,43400.0,6818.65
EX21,42279.62,41800.0,1198.32
EX22,39499.71,38700.0,3856.86
EX23,38234.13,36500.0,3318.93
EX3,52038.58,48500.0,2081.12
EX31,41977.34,43500.0,12245.94
EX32,39823.39,41000.0,10958.82
EX33,45179.62,45000.0,70576.71
EX34,38751.06,37100.0,98364.74
EX35,39497.39,39500.0,10582.26
EX36,40963.9,41000.0,28034.88
EX37,41388.64,41000.0,2538.29
EX38,40315.38,39300.0,39554.52
EX39,39455.72,38400.0,582512.36
EX4,43546.85,42100.0,2290278.4
EX5,52259.92,54100.0,299855.67
EX6,48335.7,48700.0,1235183.22
EX7,41238.57,39400.0,1417068.37
EX8,44684.4,42300.0,3308605.44
EX9,48920.55,48500.0,2911.36
FY0,43700.0,43700.0,285.27
FY1,27355.75,25600.0,20505.89
FY2,34957.43,35500.0,13740.78
FY3,35438.89,38500.0,7964.99
FY4,34087.65,35900.0,22143.96
FY5,36650.57,36100.0,18933.45
FY6,40777.5,41800.0,18482.67
FY7,32700.23,33800.0,16553.79
FY8,41217.1,39100.0,23883.93
GL1,42946.72,40600.0,33484.38
GL10,49307.42,52400.0,10931.31
GL11,48314.68,48000.0,22428.55
GL12,52932.92,50800.0,31205.69
GL13,50770.71,50800.0,11968.11
GL14,41872.6,39800.0,17744.95
GL15,43169.42,41000.0,19327.75
GL16,40672.02,38900.0,10205.14
GL17,43231.94,41500.0,6745.8
GL18,46800.53,45300.0,9096.13
GL19,51045.58,50500.0,52173.26
GL2,50631.07,51900.0,308205.37
GL20,48013.38,50500.0,13299.07
GL3,50919.4,50200.0,32261.33
GL4,47627.01,50700.0,200554.77
GL5,46766.08,45400.0,55209.75
GL50,48222.31,51700.0,41608.04
GL51,47411.98,49400.0,223389.09
GL52,52134.55,51800.0,34988.86
GL53,57588.44,61400.0,18838.71
GL54,51539.2,51800.0,53517.9
GL55,48019.46,48000.0,8952.4
GL56,48035.65,48100.0,137006.85
GL6,49704.53,48800.0,49931.51
GL7,50134.04,51200.0,390173.62
GL8,50526.53,50500.0,23643.32
GL9,51336.51,51400.0,972.29
GU1,66077.84,69300.0,17730.35
GU10,64043.94,63300.0,35902.26
GU11,60602.7,62900.0,46358.61
GU12,58395.62,61700.0,51780.99
GU13,69168.98,70200.0,27762.46
GU14,59814.48,59100.0,205472.06
GU15,63170.01,58700.0,5255958.97
GU16,65386.97,64700.0,14814.56
GU17,60779.55,61900.0,33503.78
GU18,65833.19,65000.0,6561.76
GU19,60589.31,60200.0,3508.01
GU2,61379.8,56200.0,16308.01
GU20,64719.7,63600.0,4101.28
GU21,68830.64,72600.0,56510.49
GU22,73931.2,75100.0,24741.12
GU23,66432.39,64900.0,4819.69
GU24,69158.83,68000.0,23961.81
GU25,85595.08,86000.0,11070.35
GU26,58072.9,58000.0,13913.06
GU27,59681.28,58500.0,82404.98
GU28,47878.34,46700.0,8713.87
GU29,47211.59,45000.0,9183.07
GU3,62924.82,61800.0,16673.61
GU30,57492.24,57500.0,18329.12
GU31,54176.68,57400.0,35593.56
GU32,53127.53,46700.0,22182.42
GU33,54460.31,54700.0,3134.01
GU34,55255.48,55800.0,27100.96
GU35,56835.29,57100.0,14907.22
GU4,66713.91,64900.0,8132.99
GU47,64726.49,64900.0,160.45
GU5,62400.0,63400.0,10225.86
GU51,69601.88,70200.0,3039.23
GU52,70357.09,71200.0,778.54
GU6,55820.99,55200.0,20193.96
GU7,63961.45,64400.0,25287.95
GU8,60621.67,56800.0,66137.28
GU9,56201.45,49900.0,69730.43
HA0,53405.67,51900.0,43703.47
HA1,60730.82,59400.0,22810.72
HA2,59175.45,58000.0,131779.03
HA3,57355.49,58000.0,847875.35
HA4,62634.47,62900.0,34725.95
HA5,66474.14,70400.0,35043.89
HA6,63549.55,57400.0,18964.42
HA7,58765.54,57300.0,26030.53
HA8,55223.52,53500.0,36062.42
HA9,53013.7,51900.0,16668.11
HD1,30033.39,28100.0,8782.97
HD2,35165.62,32600.0,18361.23
HD3,39633.79,38200.0,16784.02
HD4,34220.9,31900.0,53919.01
HD5,35457.62,35200.0,74109.47
HD6,37776.86,36400.0,13975.52
HD7,43550.16,45500.0,241700.91
HD8,46344.1,48600.0,12114.05
HD9,46201.22,47200.0,159.25
HG1,42203.18,42000.0,96835.57
HG2,49120.23,54500.0,36352.77
HG3,49114.16,52700.0,90258.1
HG4,44643.04,46800.0,55923.46
HG5,45528.23,46100.0,20280.67
HP1,51288.62,49600.0,89364.68
HP10,60624.59,58400.0,60756.0
HP11,61497.5,64300.0,54477.68
HP12,58994.81,60200.0,45851.1
HP13,59066.75,58800.0,69198.59
HP14,61409.77,64300.0,44294.95
HP15,60827.19,60300.0,47368.68
HP16,60491.97,59900.0,9427.25
HP17,57855.46,59100.0,29258.59
HP18,61494.68,62000.0,42263.99
HP19,58283.11,54100.0,2952485.83
HP2,48616.82,48100.0,73201.99
HP20,50606.33,48100.0,53595.56
HP21,54883.32,59300.0,443794.46
HP22,61076.87,61400.0,44235.0
HP23,57607.62,56800.0,18722.19
HP3,54906.03,54200.0,44915.42
HP4,66167.18,68600.0,24064.44
HP5,55862.49,55000.0,9962.32
HP6,67165.4,66800.0,9188.44
HP7,69204.1,72200.0,4448.84
HP8,68458.81,67800.0,2333.18
HP9,68766.78,69900.0,8440.89
HR1,45334.83,47600.0,16107.04
HR2,43146.67,43000.0,31821.97
HR3,42594.72,42900.0,4344.1
HR4,43809.0,44200.0,7821.37
HR5,42850.81,42900.0,2205.26
HR6,41091.7,38700.0,9739.26
HR7,41902.06,41900.0,5950.87
HR8,45342.63,42800.0,9216.08
HR9,44796.68,41900.0,15063.42
HU1,29974.84,29500.0,4148.51
HU10,48532.9,44200.0,16582.91
HU11,41922.92,41700.0,5925.82
HU12,38132.51,39800.0,12617.16
HU13,43703.66,41400.0,1074045.67
HU14,54801.79,59000.0,5602.01
HU15,51663.71,55700.0,16627.21
HU16,45463.31,47000.0,11350.21
HU17,46164.1,41300.0,34073.46
HU18,33840.19,33500.0,6490.91
HU19,31420.34,29500.0,3270.46
HU2,29685.19,29500.0,2298.48
HU20,53856.1,56000.0,336.39
HU3,30374.05,28700.0,18551.77
HU4,35110.96,33500.0,8527.15
HU5,36681.34,37000.0,39326.08
HU6,34788.93,37100.0,29725.68
HU7,37006.46,37100.0,57503.06
HU8,35696.31,34800.0,20560.3
HU9,31800.13,33700.0,21984.16
HX1,30119.53,29500.0,13099.46
HX2,34572.18,36800.0,13034.96
HX3,37503.91,35700.0,43648.06
HX4,41987.74,42100.0,5908.35
HX5,34250.13,34200.0,4577.94
HX6,40110.08,36800.0,16776.97
HX7,43169.71,45200.0,7590.29
IG1,49826.4,49100.0,46630.79
IG10,57800.09,61800.0,30040.86
IG11,47537.47,47800.0,63347.15
IG2,55542.31,55100.0,64890.38
IG3,51435.15,51800.0,77317.29
IG4,58356.39,60800.0,10521.99
IG5,55684.34,55400.0,8716.83
IG6,53753.36,54700.0,15076.88
IG7,58238.33,55900.0,54941.04
IG8,61552.48,66000.0,28885.17
IG9,63949.4,63900.0,49685.59
IP1,42509.83,42700.0,40380.24
IP10,48867.06,45200.0,27788.79
IP11,42145.0,40300.0,33584.57
IP12,46217.79,45200.0,27427.39
IP13,46960.05,46900.0,58433.75
IP14,46426.91,46600.0,42100.48
IP15,38500.0,38500.0,3335.3
IP16,38866.37,38500.0,4889.26
IP17,42957.52,40500.0,15890.07
IP18,41611.42,41100.0,9448.78
IP19,40687.58,38450.0,7715.78
IP2,39575.17,38500.0,34133.18
IP20,40339.16,38900.0,3899.62
IP21,43382.94,44200.0,28990.9
IP22,43602.15,42300.0,64956.73
IP23,45476.02,45100.0,32744.6
IP24,45217.3,46700.0,1791099.42
IP25,42918.29,42300.0,13241.77
IP26,41369.5,41200.0,7696.73
IP27,42606.71,42100.0,7521.12
IP28,46386.63,45200.0,17648.32
IP29,47161.86,49000.0,3845.9
IP3,43722.48,42700.0,19149.28
IP30,47083.41,46100.0,7465.57
IP31,47684.46,48900.0,12342.26
IP32,46887.16,46800.0,10126.89
IP33,47312.28,46800.0,12371.83
IP4,46554.04,45000.0,66559.09
IP5,48433.18,46500.0,40817.48
IP6,47653.57,47600.0,19426.09
IP7,45659.41,44800.0,24339.88
IP8,47488.97,49100.0,2722.94
IP9,47288.89,47000.0,6723.76
KT1,58891.27,57600.0,9839.39
KT10,79675.79,79200.0,20352.67
KT11,71685.68,65500.0,13380.6
KT12,70593.66,72900.0,116138.83
KT13,75488.1,72100.0,38647.88
KT14,71328.23,75600.0,12548.57
KT15,61386.86,61700.0,33879.24
KT16,60160.74,59300.0,14080.92
KT17,67056.1,65800.0,65268.38
KT18,66151.26,62100.0,12386.29
KT19,70314.72,69800.0,85767.3
KT2,65443.6,66900.0,34808.02
KT20,64332.92,67200.0,19498.7
KT21,68397.85,67400.0,19367.59
KT22,62045.55,56400.0,14121.85
KT23,57032.37,56400.0,87151.68
KT24,73151.91,73200.0,34838.41
KT3,64202.29,64900.0,79051.48
KT4,64611.49,65900.0,176855.8
KT5,63342.75,66900.0,56394.82
KT6,63219.35,63900.0,25741.04
KT7,81517.91,84800.0,32592.28
KT8,64809.88,58100.0,44362.82
KT9,60937.21,61000.0,20648.46
L1,40492.8,40300.0,39747.95
L10,38285.96,37500.0,8943.01
L11,35479.94,35000.0,21888.84
L12,41100.13,43400.0,52694.39
L13,34283.84,33900.0,25288.69
L14,37269.82,33200.0,14469.35
L15,36582.1,31700.0,51417.06
L16,48060.12,49700.0,7324.49
L17,42243.09,40200.0,34149.67
L18,51889.55,52700.0,26867.17
L19,44510.36,42100.0,24272.59
L2,44055.15,45600.0,3653.75
L20,30803.45,29900.0,15061.31
L21,32551.1,31700.0,19883.6
L22,39777.78,41700.0,16109.13
L23,45107.59,44100.0,35537.34
L24,34896.15,35100.0,27496.43
L25,39922.04,39300.0,52976.44
L26,39760.45,39300.0,8630.93
L27,31618.58,31600.0,3508.19
L28,33950.32,33300.0,5399.58
L3,39761.37,40300.0,6458.29
L30,34886.48,33900.0,14405.58
L31,43223.34,42900.0,42847.32
L32,33849.17,32700.0,10703.27
L33,35448.41,35400.0,13456.24
L34,35658.7,33900.0,8687.9
L35,40953.08,38100.0,27080.35
L36,37580.08,34200.0,16411.95
L37,48773.28,45600.0,14651.43
L38,44135.82,44100.0,2221.98
L39,42747.34,45200.0,35819.68
L4,31211.96,31000.0,24911.7
L40,43539.61,42800.0,35298.56
L5,30346.76,30700.0,20315.82
L6,30200.6,29800.0,7220.01
L67,36100.0,39300.0,126.08
L68,36480.0,33900.0,394.31
L69,39441.34,40300.0,3190.41
L7,30665.2,30400.0,22094.95
L70,40163.01,40300.0,106.51
L8,32898.13,30500.0,19202.03
L9,34493.04,34600.0,23728.81
LA1,39193.87,36000.0,54146.81
LA10,44182.49,44200.0,2190.83
LA11,45210.45,44500.0,7646.69
LA12,43431.97,45800.0,12384.08
LA13,38451.07,42300.0,12856.39
LA14,32307.75,28800.0,16394.86
LA15,39054.45,38600.0,8888.82
LA16,39746.77,40300.0,2315.28
LA17,45711.29,45800.0,985.42
LA18,35400.0,35400.0,5755.64
LA19,35400.0,35400.0,2541.5
LA2,43152.61,43500.0,10728.41
LA20,44825.0,45800.0,956.61
LA21,45757.14,45800.0,1961.94
LA22,44943.94,44200.0,3345.79
LA23,44393.93,44300.0,9050.51
LA3,35488.43,39000.0,12050.04
LA4,33788.34,31400.0,26371.22
LA5,42895.56,42400.0,53281.09
LA6,44118.16,44200.0,38554.92
LA7,45658.5,44700.0,6017.43
LA8,45511.3,44900.0,8479.35
LA9,41368.27,41400.0,18661.18
LD7,42400.0,42400.0,4194.13
LD8,44455.56,45000.0,3986.13
LE1,39176.76,39700.0,19848.01
LE10,42568.67,39700.0,32402.52
LE11,39107.7,35900.0,24837.92
LE12,46119.34,45200.0,59100.6
LE13,41617.01,39100.0,234812.09
LE14,45205.06,46700.0,11519.29
LE15,46819.93,47000.0,16503.28
LE16,43891.13,46800.0,36650.0
LE17,47204.87,47700.0,40380.68
LE18,38611.18,36600.0,24680.12
LE19,45413.46,45300.0,2148323.8
LE2,41321.19,39700.0,3250386.18
LE3,40381.92,39700.0,268558.7
LE4,36662.37,37400.0,80765.98
LE5,37939.8,39400.0,9663761.93
LE55,45442.86,46400.0,382.56
LE6,42967.34,42300.0,56088.35
LE65,46437.23,46400.0,264.55
LE67,41535.87,40100.0,24580.58
LE7,45029.18,45400.0,79600.61
LE8,43814.52,44900.0,36162.76
LE9,43461.82,43600.0,46756.88
LL14,41500.0,41500.0,17744.43
LN1,38938.33,41700.0,78821.3
LN10,39512.3,40000.0,42464.51
LN11,35558.22,34200.0,406831.28
LN12,26674.95,25900.0,21767.83
LN13,32846.91,32200.0,165662.68
LN2,39889.29,39900.0,30881.33
LN3,39045.05,39800.0,253006.45
LN4,41486.86,41200.0,509511.4
LN5,37038.25,33100.0,108351.71
LN6,40561.44,42400.0,134632.41
LN7,39989.22,40100.0,4825.71
LN8,37947.22,36400.0,5758.0
LN9,36302.22,34800.0,9207.8
LS1,43509.95,49600.0,23376.01
LS10,36712.75,39800.0,131232.7
LS11,33362.31,32500.0,63800.37
LS12,34221.0,34800.0,21900.01
LS13,35756.66,35400.0,48607.77
LS14,37770.33,38200.0,118789.08
LS15,46030.31,43400.0,37369.51
LS16,49900.77,47300.0,1154546.24
LS17,53739.08,54300.0,1253438.69
LS18,54309.06,60200.0,185572.73
LS19,45327.12,42400.0,85858.8
LS2,40195.71,49600.0,45245.13
LS20,52741.14,49700.0,12538.92
LS21,48195.47,44800.0,7392.13
LS22,52594.58,55500.0,5803.74
LS23,50120.07,53800.0,2839.53
LS24,50188.11,44700.0,10015.42
LS25,46576.84,46200.0,47531.79
LS26,42877.28,42200.0,16075.46
LS27,41708.67,41900.0,17966.57
LS28,43371.61,41700.0,31289.53
LS29,58286.29,56900.0,24244.75
LS3,31049.78,30200.0,1225.0
LS4,36153.4,35100.0,1185.69
LS5,36550.55,35400.0,1010.08
LS6,39874.91,42100.0,6362.74
LS7,38402.78,33800.0,5341.38
LS8,39767.13,32100.0,1425859.91
LS9,33172.88,32200.0,6715.84
LU1,40219.53,36700.0,901452.46
LU2,46853.99,48800.0,200244.07
LU3,44759.66,44700.0,20600.33
LU4,43180.91,42400.0,19312.61
LU5,49666.08,49100.0,15557.95
LU6,49923.75,48600.0,14549.77
LU7,55176.1,54300.0,54983.28
M1,49181.86,50800.0,11577.26
M10,35107.97,34300.0,21827.22
M11,32986.14,33400.0,27856.68
M12,33735.39,33000.0,17732.54
M13,32473.32,33400.0,39878.94
M14,34088.4,33900.0,14551.51
M15,38823.35,35700.0,21916.73
M16,37468.5,35700.0,76878.7
M17,43980.22,44500.0,6715.11
M18,33333.73,33200.0,16963.11
M19,38117.52,37100.0,145370.98
M2,47777.33,46000.0,3735.1
M20,51726.37,52200.0,2373716.28
M21,54498.78,55600.0,152270.76
M22,36478.87,35900.0,1072807.83
M23,37971.96,38400.0,37500.52
M24,37840.05,36300.0,47669.95
M25,44667.96,45700.0,45988.61
M26,36908.06,37100.0,59956.13
M27,40924.51,39600.0,125590.49
M28,44307.32,44700.0,241213.6
M29,39945.69,38400.0,191873.58
M3,44878.23,42100.0,425410.17
M30,38856.94,37900.0,244240.96
M31,42223.71,43300.0,1222479.75
M32,41255.28,41300.0,684740.72
M33,52109.62,53500.0,4446394.16
M34,37581.65,36500.0,192167.8
M35,36751.28,36200.0,116297.3
M4,45281.49,46000.0,174782.87
M40,34789.78,34300.0,34196.35
M41,45066.84,44500.0,7365.01
M43,37892.8,38100.0,11326.2
M44,38956.06,40100.0,9387.77
M46,37173.51,35500.0,6948.69
M5,41961.61,42100.0,132094.4
M50,43620.98,45000.0,61524.61
M6,36327.58,35800.0,161877.77
M7,36341.53,36600.0,28573.52
M8,37968.02,38100.0,32163.87
M9,34115.06,33800.0,25975.25
ME1,48023.91,46800.0,317968.84
ME10,46512.94,47100.0,38849.35
ME11,37719.73,37700.0,19423.14
ME12,37709.85,38100.0,116448.3
ME13,46498.14,46000.0,181722.47
ME14,55195.76,54900.0,162355.32
ME15,51393.04,53000.0,407178.06
ME16,55476.9,56300.0,472600.38
ME17,53141.9,51900.0,911765.71
ME18,56218.11,47800.0,7505.34
ME19,56172.21,50800.0,296979.78
ME2,49827.7,47900.0,879166.88
ME20,50552.01,51100.0,87792.78
ME3,47678.02,49600.0,1767416.63
ME4,45576.77,41900.0,2007165.2
ME5,47408.82,46300.0,505573.08
ME6,47533.77,46100.0,360522.96
ME7,47523.29,48500.0,1854159.67
ME8,48927.93,48500.0,423388.59
ME9,50724.09,51700.0,291393.71
MK1,46599.78,44700.0,514944.33
MK10,70902.47,72000.0,103203.0
MK11,59545.77,63600.0,8025.22
MK12,53234.38,53900.0,50585.12
MK13,57074.9,55400.0,12563.51
MK14,56443.07,59100.0,30978.08
MK15,62247.3,59100.0,22786.35
MK16,56215.89,55000.0,10926.08
MK17,60817.64,60600.0,32628.94
MK18,55584.69,56100.0,18501.19
MK19,57335.77,60900.0,8677.31
MK2,49476.44,48900.0,4286.96
MK3,52868.22,52600.0,78122.06
MK4,64571.13,71000.0,73831.14
MK40,47916.18,47300.0,93796.72
MK41,48901.54,49900.0,51446.57
MK42,47103.1,47300.0,25350.0
MK43,53730.54,53200.0,22248.06
MK44,52935.58,54600.0,8514.95
MK45,54524.52,56500.0,28173.4
MK46,54430.52,54100.0,5043.29
MK5,63599.18,63600.0,10942.19
MK6,55268.18,56800.0,13645.74
MK7,66265.08,61900.0,8568.71
MK8,65142.53,63600.0,13809.94
MK9,53991.37,51200.0,5384.67
N1,68052.1,62100.0,252031.54
N10,73991.76,77300.0,66954.92
N11,57892.6,58000.0,43892.62
N12,61011.96,61700.0,47595.62
N13,61843.48,59400.0,86502.19
N14,59537.6,54600.0,48191.93
N15,52379.43,48700.0,24230.22
N16,53551.43,45600.0,39914.13
N17,45706.51,46400.0,31166.22
N18,44095.94,42500.0,13675.4
N19,57240.64,58600.0,31981.42
N1C,47232.58,46600.0,12892.39
N2,67926.17,66300.0,73302.95
N20,61327.83,62500.0,58936.14
N21,66724.89,69500.0,11301.42
N22,56865.89,57700.0,30010.96
N3,62225.19,60800.0,12688.82
N4,61720.27,59100.0,35961.14
N5,75625.37,80100.0,15548.8
N6,67732.05,74500.0,8541.04
N7,61668.69,63200.0,19655.64
N8,65095.52,60100.0,18560.63
N9,43699.07,42300.0,17239.51
NE1,31489.04,31100.0,6380.85
NE10,33140.68,32100.0,9299.93
NE11,36609.69,37100.0,14885.39
NE12,39452.0,38500.0,13628.96
NE13,44253.54,47900.0,17504.45
NE15,35975.41,34800.0,24099.93
NE16,41445.71,39900.0,16738.1
NE17,37626.37,34300.0,1595.23
NE18,59306.33,60100.0,1057.12
NE19,42436.25,40800.0,2175.54
NE2,39077.07,40900.0,188324.31
NE20,52796.51,50200.0,9749.05
NE21,36118.72,36800.0,7835.32
NE22,37198.21,34100.0,1205950.36
NE23,38584.56,37800.0,14404.17
NE24,34293.23,34600.0,22098.83
NE25,42471.99,42000.0,13341.96
NE26,46815.65,46800.0,10516.29
NE27,40486.54,41300.0,5070.86
NE28,34038.77,32600.0,13104.22
NE29,34132.72,32400.0,17490.23
NE3,50372.31,56100.0,23942.68
NE30,43172.74,45000.0,6792.78
NE31,35712.68,34800.0,8589.6
NE32,31727.77,30500.0,19710.47
NE33,31342.29,28900.0,7613.42
NE34,32704.89,30600.0,14799.87
NE35,35875.16,34700.0,4098.83
NE36,43494.47,42800.0,2126.88
NE37,34202.28,35000.0,6732.42
NE38,38985.01,38900.0,11476.11
NE39,38070.08,40500.0,9220.76
NE4,32115.43,31100.0,336966.86
NE40,40908.13,40700.0,1363807.86
NE41,47526.32,49100.0,58797.67
NE42,41692.55,40400.0,196942.44
NE43,48735.58,50100.0,75308.43
NE44,50022.45,50100.0,1268.53
NE45,49982.76,50100.0,25114.65
NE46,44096.22,42800.0,10021.42
NE47,41669.02,42500.0,3736.69
NE48,40954.86,40800.0,1646.93
NE49,36900.0,36900.0,1510.75
NE5,35888.32,35100.0,20456.69
NE6,32320.75,31000.0,13809.96
NE61,44392.76,43800.0,139566.17
NE62,34214.0,34100.0,3183.75
NE63,33920.33,33700.0,14902.82
NE64,29775.46,29500.0,1909.54
NE65,40958.85,38800.0,6979.69
NE66,41612.68,42900.0,10136.57
NE67,37848.85,36500.0,712.87
NE68,36478.81,36500.0,4088.51
NE69,36500.0,36500.0,248.14
NE7,49832.35,47700.0,6947.2
NE70,36616.79,36500.0,1666.16
NE71,36495.26,36500.0,1727.21
NE8,36554.32,38500.0,15070.21
NE9,38611.64,37900.0,11344.28
NG1,34992.3,30300.0,22551.01
NG10,38383.31,38500.0,16110.69
NG11,39031.12,33900.0,13216.16
NG12,48097.22,46600.0,38017.45
NG13,47504.74,46700.0,38640.26
NG14,46826.24,48200.0,16437.02
NG15,40145.17,39700.0,67717.01
NG16,37644.59,37500.0,57999.04
NG17,35403.72,36600.0,67692.15
NG18,39502.15,36200.0,44484.35
NG19,37359.67,37100.0,119093.88
NG2,45966.48,43600.0,54098.46
NG20,35303.41,34600.0,19370.36
NG21,38838.71,37100.0,11750.54
NG22,40884.77,41300.0,41890.08
NG23,45171.45,45100.0,24068.34
NG24,39707.72,37500.0,32539.38
NG25,45345.29,45600.0,6434.5
NG3,36692.78,36700.0,19446.83
NG31,41108.0,44300.0,20491.78
NG32,44321.2,45100.0,4096.96
NG33,44143.77,44300.0,4463.76
NG34,40897.62,41200.0,45050.87
NG4,39833.0,40800.0,14380.86
NG5,39857.03,40100.0,169996.55
NG6,33622.55,33800.0,36391.34
NG7,33906.77,32200.0,24467.79
NG8,37975.43,35100.0,65065.62
NG9,43801.41,42400.0,110645.23
NN1,40199.27,42000.0,168459.17
NN10,41317.83,41600.0,7923.93
NN11,44035.17,46600.0,27253.12
NN12,49842.3,51500.0,15920.32
NN13,50065.21,49700.0,14030.94
NN14,44550.67,45800.0,24681.41
NN15,43035.23,42300.0,26705.28
NN16,41408.31,40900.0,9299.21
NN17,43519.25,44800.0,9737.08
NN18,42600.13,44500.0,9339.02
NN2,40761.42,40200.0,20346.83
NN29,42766.97,42200.0,5575.67
NN3,43709.71,43100.0,850019.24
NN4,46771.14,46500.0,37021.56
NN5,42954.93,42100.0,46609.86
NN6,48003.84,50900.0,34277.79
NN7,46675.3,46600.0,13420.47
NN8,41372.28,40900.0,36149.87
NN9,42462.39,42200.0,9222.73
NP16,51937.5,52000.0,21351.16
NP25,48859.46,48400.0,18277.15
NP7,43000.0,43000.0,10407.9
NR1,40653.07,42100.0,18149.37
NR10,43961.1,43700.0,10086.77
NR11,40518.93,40900.0,16808.64
NR12,40229.64,40200.0,11035.68
NR13,45396.62,45200.0,35929.27
NR14,47995.63,50000.0,14933.79
NR15,47023.83,46000.0,14431.32
NR16,46135.19,46000.0,6571.52
NR17,45753.6,44900.0,14028.77
NR18,45362.19,47300.0,81498.17
NR19,40364.23,38900.0,388402.74
NR2,41888.18,38100.0,143660.04
NR20,44085.82,45500.0,12826.42
NR21,39546.54,39400.0,26674.01
NR22,39441.89,39400.0,648.74
NR23,40969.23,41100.0,3298.63
NR24,41297.45,41500.0,2057.77
NR25,40219.45,39700.0,4124.4
NR26,40079.3,40000.0,4839.25
NR27,37004.51,35600.0,12074.98
NR28,38734.5,37700.0,18142.69
NR29,39161.39,40200.0,8067.55
NR3,39529.97,41100.0,16818.76
NR30,32987.61,32600.0,9587.36
NR31,36702.67,38100.0,42574.56
NR32,34691.98,34200.0,25605.18
NR33,35465.23,36000.0,27664.11
NR34,39889.25,41100.0,13431.98
NR35,41326.28,41800.0,3866.23
NR4,48488.2,52600.0,66494.94
NR5,41416.6,38500.0,80733.4
NR6,42333.97,42300.0,20112.3
NR7,43746.08,42100.0,20523.05
NR8,48317.76,48800.0,53906.35
NR9,48469.27,47300.0,9268.51
NW1,57490.53,51300.0,107165.9
NW10,47431.59,45200.0,1027865.88
NW11,60070.2,60100.0,68293.53
NW2,52965.18,52000.0,295605.11
NW3,82110.6,88400.0,1217124.36
NW4,53040.41,51700.0,223753.37
NW5,56964.37,52200.0,38211.0
NW6,58244.69,57400.0,237730.04
NW7,61768.51,60800.0,214883.9
NW8,63343.38,67100.0,245954.59
NW9,53698.8,51600.0,29121.46
OL1,31977.02,32600.0,7538.6
OL10,35936.47,36000.0,12450.03
OL11,37507.17,37400.0,89969.14
OL12,37375.94,38400.0,25719.98
OL13,37381.64,37600.0,51266.04
OL14,35447.07,34300.0,12972.55
OL15,41251.68,38400.0,16062.92
OL16,34203.63,32700.0,455891.72
OL2,38533.62,37400.0,407014.23
OL3,48444.34,48000.0,1029741.26
OL4,37755.97,35200.0,45206.3
OL5,41428.67,41800.0,112461.02
OL6,34281.17,35200.0,166094.51
OL7,32282.14,29900.0,6992.17
OL8,34697.75,33400.0,15464.31
OL9,36511.56,35200.0,23453.39
OX1,54864.71,50300.0,9404.82
OX10,60987.85,56700.0,18214.53
OX11,64358.92,64800.0,31493.18
OX12,56640.83,55500.0,32392.85
OX13,65223.38,66300.0,21291.58
OX14,59912.99,56400.0,23101.91
OX15,55687.61,51700.0,8425.88
OX16,52423.89,51600.0,15044.44
OX17,53481.47,51400.0,6777.57
OX18,57344.22,53800.0,12886.32
OX2,67406.83,69600.0,18243.73
OX20,61457.46,61400.0,6567.77
OX25,64254.03,62200.0,14777.53
OX26,64512.89,62200.0,32827.7
OX27,64258.45,67400.0,9868.78
OX28,52502.51,50200.0,14325.89
OX29,56431.15,55600.0,68739.32
OX3,65881.12,73900.0,21607.85
OX33,60304.53,58100.0,3723.87
OX39,59808.7,59900.0,17677.42
OX4,57733.73,56600.0,140053.21
OX44,58928.83,58100.0,4428.11
OX49,55117.05,53900.0,2655.43
OX5,60544.31,60800.0,6751.25
OX7,54621.49,54700.0,13563.38
OX9,58656.75,58100.0,5944.76
PE1,40749.56,41500.0,13655.73
PE10,44336.07,45600.0,6838.65
PE11,41709.2,41800.0,22285.06
PE12,37501.53,38200.0,16715.32
PE13,40484.01,40700.0,15913.17
PE14,40147.15,39600.0,14368.3
PE15,41605.63,41700.0,24814.48
PE16,44053.87,44000.0,4367.62
PE17,50779.66,49700.0,31845.46
PE18,53108.9,54400.0,42047.5
PE19,50704.13,52600.0,26260.84
PE2,45232.3,42900.0,25905.76
PE20,38299.57,38100.0,6157.4
PE21,41075.96,40500.0,65697.12
PE22,36419.71,36400.0,3189.14
PE23,35773.73,32800.0,2583.81
PE24,30532.13,32400.0,3624.43
PE25,29527.78,29600.0,8657.66
PE27,50692.14,48300.0,185.95
PE28,53849.78,54900.0,901.86
PE29,52551.3,54400.0,1128.56
PE3,45222.05,41800.0,9996.44
PE30,40523.18,37200.0,101542.87
PE31,39225.13,39000.0,369738.15
PE32,42632.68,42000.0,9175.6
PE33,45936.55,43000.0,15070.52
PE34,40242.07,40000.0,19575.86
PE36,37108.5,36800.0,4561.74
PE37,38685.63,37600.0,11233.78
PE38,41082.07,40800.0,5057.05
PE4,42254.82,41800.0,21528.49
PE5,51527.27,52500.0,552.87
PE6,45172.64,44700.0,23585.37
PE7,46384.01,45600.0,60422.52
PE8,49611.68,49200.0,15338.72
PE9,45643.03,45100.0,1781612.39
PL1,37074.05,37000.0,11995.29
PL10,43300.0,43300.0,1680.62
PL11,43292.84,43300.0,7619.35
PL12,46611.33,45100.0,102369.62
PL13,38864.12,38700.0,5989.9
PL14,39330.99,40600.0,16182.05
PL15,41789.59,41600.0,19740.49
PL16,45881.89,47000.0,801.6
PL17,41896.78,41100.0,6090.42
PL18,42208.56,42200.0,3553.59
PL19,45068.79,44300.0,19253.79
PL2,41056.18,40900.0,47922.79
PL20,45774.0,45100.0,14829.54
PL21,47886.48,48500.0,20105.5
PL22,39791.98,40100.0,3535.83
PL23,40354.55,40900.0,2174.45
PL24,39240.41,37900.0,9301.69
PL25,40612.45,41200.0,31584.2
PL26,40200.1,40100.0,822927.59
PL27,40772.0,40600.0,69219.29
PL28,41983.15,42000.0,17941.18
PL29,40647.76,40600.0,3597.32
PL3,47389.64,47900.0,76383.72
PL30,42879.74,44900.0,16407.74
PL31,40672.08,42200.0,16604.49
PL32,39464.4,39500.0,3224.99
PL33,38449.44,38400.0,1044.09
PL34,38400.0,38400.0,872.73
PL35,38400.0,38400.0,271.92
PL4,37372.59,36300.0,11630.93
PL5,37926.65,37200.0,18854.26
PL6,43577.6,42600.0,35951.67
PL7,47762.3,46100.0,64100.44
PL8,49253.72,50600.0,4304.77
PL9,48557.51,47900.0,18915.74
PO1,35717.74,32800.0,21641.67
PO10,48921.49,48000.0,14020.27
PO11,42083.53,39400.0,16239.01
PO12,41049.02,40500.0,48912.45
PO13,43942.52,44000.0,10659.0
PO14,47408.64,48700.0,7140.02
PO15,51758.46,53400.0,13863.98
PO16,47964.27,48700.0,9788.39
PO17,55238.58,56000.0,3659.68
PO18,50108.51,50200.0,10591.01
PO19,46037.96,44000.0,28288.71
PO2,42820.57,44100.0,11705.8
PO20,45922.19,43900.0,26008.19
PO21,46717.41,44500.0,30808.6
PO22,46939.37,48200.0,8231.27
PO3,44450.51,44800.0,11058.9
PO30,37293.82,36800.0,18230.2
PO31,40694.97,38700.0,5007.01
PO32,35349.3,34600.0,2975.54
PO33,36430.84,35500.0,32849.41
PO34,40522.14,40600.0,2282.83
PO35,40393.94,40600.0,4285.25
PO36,34772.14,34200.0,8265.04
PO37,32864.13,30900.0,3468.8
PO38,35356.16,33300.0,12834.44
PO39,34800.0,34800.0,1187.32
PO4,46432.6,46200.0,69722.04
PO40,34800.0,34800.0,2554.71
PO41,36997.65,34800.0,1906.32
PO5,41688.74,45000.0,10626.22
PO6,47005.9,47800.0,21699.51
PO7,47075.53,44600.0,27668.82
PO8,49203.78,51300.0,24145.01
PO9,42659.12,46900.0,19380.48
PR0,34700.0,34700.0,205.08
PR1,35219.27,32500.0,62724.21
PR11,43391.43,51600.0,127.71
PR2,41316.51,38700.0,59323.71
PR25,41622.34,40800.0,12641.66
PR26,44649.74,45900.0,14885.21
PR3,45439.67,42300.0,27455.59
PR4,45989.71,45200.0,31381.46
PR5,42787.24,42300.0,107391.61
PR6,42738.94,40400.0,48621.66
PR7,42854.52,40400.0,30461.62
PR8,41156.38,40700.0,154112.05
PR9,38915.26,38600.0,25647.97
RG1,61655.21,64800.0,54612.91
RG10,68691.76,66700.0,11652.25
RG11,72263.75,72200.0,316993.89
RG12,61548.67,57300.0,252718.91
RG13,54660.12,53800.0,14907.38
RG14,55200.59,53800.0,87700.6
RG15,59970.75,58000.0,98482.32
RG16,60343.1,62600.0,19869.51
RG17,50461.03,50700.0,7552.29
RG18,62328.93,64000.0,1400.65
RG19,56181.25,57800.0,575.91
RG2,58937.35,52100.0,39242.77
RG21,53809.33,52100.0,15725.02
RG22,56450.29,56500.0,22860.32
RG23,60554.21,60900.0,8205.63
RG24,60839.41,59100.0,43030.0
RG25,61108.86,60200.0,12532.51
RG26,57496.92,58800.0,49629.3
RG27,63813.14,68000.0,8965.67
RG28,56841.58,56100.0,2940.19
RG3,57932.81,59100.0,43892.97
RG30,58285.97,59100.0,230.86
RG31,60123.91,59600.0,519.44
RG4,67962.31,65400.0,24658.27
RG40,65775.25,53800.0,3627.45
RG41,69767.07,72200.0,2825.78
RG42,63216.76,57300.0,9083.12
RG5,63263.7,64800.0,30850.1
RG6,71125.42,72900.0,3489976.74
RG7,60647.78,58800.0,304199.61
RG8,67595.35,67000.0,290062.78
RG9,64014.0,60900.0,16746.56
RH1,65645.21,63300.0,29889.67
RH10,60871.53,60000.0,94955.8
RH11,56085.95,56400.0,77174.93
RH12,55828.76,53600.0,84075.96
RH13,57882.79,56900.0,72005.55
RH14,53620.16,52300.0,66813.13
RH15,58397.68,57800.0,73797.24
RH16,61465.31,60900.0,70038.25
RH17,60194.8,60000.0,13903.67
RH18,57399.14,58500.0,101403.72
RH19,56983.75,53700.0,21067.37
RH2,68427.88,71000.0,14113.16
RH20,49086.65,46700.0,31282.51
RH3,52871.2,51200.0,3281.38
RH4,60602.17,62200.0,14650.82
RH5,57732.23,59100.0,82610.9
RH6,59879.49,55700.0,83839.74
RH7,56018.01,56200.0,9070.34
RH8,65019.4,66900.0,36593.53
RH9,56174.87,52800.0,4198.47
RM1,52216.36,52900.0,27903.73
RM10,42335.02,41200.0,769182.19
RM11,55862.09,57100.0,77435.64
RM12,53508.44,54200.0,141521.17
RM13,47750.05,46700.0,36208.08
RM14,63187.6,67700.0,20110.46
RM15,46724.49,47900.0,42458.88
RM16,50053.02,49800.0,53531.3
RM17,49082.81,49400.0,124385.41
RM18,42691.65,40000.0,90121.0
RM19,49784.36,49800.0,1141.03
RM2,57679.71,57100.0,9810.38
RM3,46691.15,45700.0,29443.48
RM4,52593.24,52900.0,5976.69
RM5,51024.18,50400.0,101008.84
RM6,50701.97,51800.0,395456.32
RM7,52092.86,52900.0,17675.46
RM8,45476.52,45400.0,72134.55
RM9,42976.34,42100.0,35212.25
S1,40252.31,39200.0,74007.93
S10,55012.81,58400.0,530844.98
S11,61928.39,69400.0,616279.29
S12,36551.96,36100.0,865753.36
S13,34707.51,35900.0,15766.33
S14,30329.33,27500.0,3012.55
S17,56025.27,53400.0,9761.66
S18,43291.54,39900.0,14753.21
S19,41909.35,42700.0,103557.22
S2,32581.47,32800.0,19653.83
S20,43467.45,47900.0,587.25
S21,39093.92,38500.0,16110.32
S25,39365.86,41300.0,21397.59
S26,40324.12,42600.0,9534.52
S3,37642.69,35000.0,6621.67
S30,44183.4,44700.0,42243.68
S35,44059.64,43100.0,1684.36
S36,43867.43,44700.0,288.27
S4,30962.11,28700.0,18454.29
S40,37882.14,34500.0,44640.24
S41,35646.43,34500.0,16902.28
S42,39903.39,37600.0,12524.2
S43,35666.61,34100.0,18625.82
S44,35541.39,35900.0,7191.74
S45,36670.38,34500.0,7184.21
S5,30751.64,30700.0,38665.47
S6,38704.66,37400.0,28648.94
S60,35834.45,36000.0,48256.99
S61,32736.6,28500.0,55987.8
S62,32858.4,32500.0,10558.75
S63,33159.38,34600.0,337374.88
S64,31491.89,32500.0,119169.46
S65,30947.17,29400.0,24504.9
S66,38033.39,37500.0,81174.46
S7,53512.89,53900.0,26818.25
S70,33462.62,34800.0,205487.21
S71,34184.66,36100.0,17186.69
S72,33036.85,33100.0,79519.82
S73,33796.36,32800.0,255777.47
S74,34187.67,35100.0,10108.58
S75,41201.61,38800.0,18163.73
S8,43398.4,46000.0,18578.37
S80,38139.78,40800.0,14683.22
S81,39889.83,39500.0,12517.08
S9,30610.61,29300.0,750940.09
SE1,61226.28,54800.0,29367.18
SE10,54177.18,52600.0,3347261.57
SE11,55897.85,53800.0,7319.45
SE12,56827.9,57200.0,20265.91
SE13,57199.32,53100.0,83208.05
SE14,51509.73,52000.0,16653.35
SE15,50286.47,48300.0,22564.92
SE16,64290.13,60400.0,37877.82
SE17,51567.07,53700.0,19119.94
SE18,50282.71,48100.0,28783.39
SE19,58140.55,58000.0,14304.42
SE2,48001.23,45600.0,10299.57
SE20,56828.05,60700.0,11204.95
SE21,69371.79,66600.0,26579.26
SE22,72820.86,77800.0,11252.66
SE23,60731.37,62700.0,11121.75
SE24,67288.87,64500.0,14397.23
SE25,51741.47,55400.0,25366.6
SE26,55633.46,55700.0,38265.71
SE27,61057.02,64600.0,25914.49
SE28,50408.84,53200.0,73504.66
SE3,63309.19,67200.0,948014.54
SE4,60277.86,61700.0,381722.98
SE5,51863.66,48800.0,21226.14
SE6,54364.19,58700.0,33986.24
SE7,54292.78,53200.0,9922.77
SE8,48919.6,44900.0,41902.03
SE9,55250.11,57200.0,33628.54
SG1,46963.79,46100.0,68800.27
SG10,57268.38,57200.0,3053.92
SG11,57241.53,56550.0,9102.35
SG12,55023.24,57200.0,100364.79
SG13,58993.33,59300.0,5426.16
SG14,57730.44,59300.0,1033530.26
SG15,51304.19,51400.0,350405.01
SG16,52986.67,53700.0,3884.42
SG17,54201.08,54500.0,137396.76
SG18,50921.06,50000.0,626021.01
SG19,48733.58,49300.0,129652.1
SG2,48975.84,46800.0,30124.19
SG3,57835.09,55300.0,4487.31
SG4,55276.46,55300.0,23368.15
SG5,52993.08,52300.0,45903.42
SG6,47720.36,48200.0,32866.63
SG7,52509.74,50300.0,5972.22
SG8,55512.71,56000.0,11655.91
SG9,54454.64,52600.0,4721.81
SK1,33590.75,30600.0,5028.04
SK10,47062.14,46000.0,23949.44
SK11,44418.89,42600.0,42589.05
SK12,46980.69,45500.0,30655.22
SK13,42747.5,40200.0,15786.4
SK14,37665.45,35400.0,48448.61
SK15,38851.91,41500.0,84962.55
SK16,36861.78,36700.0,8678.19
SK17,40228.17,36800.0,21679.75
SK2,40914.75,41600.0,21086.86
SK22,42686.63,45500.0,1470.97
SK23,43649.58,44200.0,207.9
SK3,38284.95,35800.0,35658.07
SK4,47585.62,49600.0,21083.01
SK5,36692.74,35900.0,53799.38
SK6,44469.07,43400.0,62466.46
SK7,52285.64,55300.0,202856.6
SK8,50079.6,49100.0,40016.81
SK9,55204.05,54900.0,20769.6
SL0,62023.05,62200.0,8568.1
SL1,62619.11,63400.0,52983.33
SL2,60613.42,62600.0,35505.78
SL3,63217.64,63100.0,39650.92
SL4,66275.56,63800.0,38623.69
SL5,73331.02,75200.0,11032.87
SL6,66749.54,64600.0,75787.2
SL7,63962.82,62800.0,27176.78
SL8,59804.35,58400.0,266980.31
SL9,75064.22,81900.0,52367.52
SM1,55824.95,53000.0,23253.25
SM2,57877.94,58200.0,189981.74
SM3,60067.3,60600.0,20397.41
SM4,54663.67,50200.0,21233.74
SM5,58212.96,59800.0,32052.9
SM6,56796.31,59800.0,16517.01
SM7,62669.21,58800.0,11333.72
SN1,49523.57,50500.0,31484.48
SN10,48387.85,48700.0,13893.38
SN11,49282.06,47900.0,15596.89
SN12,47631.18,45300.0,15469.63
SN13,51906.0,49500.0,13051.62
SN14,53721.31,56100.0,63593.45
SN15,51104.74,50400.0,41148.02
SN16,54444.1,52300.0,13493.64
SN17,43700.0,43700.0,172.97
SN2,45767.72,46300.0,31833.17
SN25,53066.56,56800.0,346075.22
SN3,47643.98,48700.0,55223.65
SN38,50593.84,54600.0,941.39
SN4,53392.67,55600.0,24291.48
SN5,53701.1,54900.0,48969.31
SN6,51885.6,50800.0,5934.25
SN7,53922.92,51200.0,158593.71
SN8,51519.32,49800.0,952279.43
SN9,49886.96,49000.0,11670.21
SO1,50144.02,47500.0,61042.56
SO14,46040.1,45600.0,7294.52
SO15,50053.15,47500.0,685.0
SO16,50507.43,47800.0,6058.78
SO17,47790.4,47000.0,14629.0
SO18,48874.06,50700.0,68829.81
SO19,44418.5,43300.0,17844.11
SO20,56458.39,54900.0,4284.53
SO21,60112.88,62300.0,12439.82
SO22,58113.21,60200.0,20688.84
SO23,49760.95,43300.0,19088.5
SO24,54492.03,51900.0,5214.22
SO3,53046.94,53600.0,74752.11
SO30,48800.54,48700.0,1940.3
SO31,58350.64,56200.0,841.96
SO32,52497.77,47100.0,1699.8
SO4,46810.11,47000.0,52670.28
SO40,48055.86,50800.0,267.55
SO41,47718.19,47000.0,700.36
SO45,43711.49,43600.0,121.99
SO5,52777.52,52100.0,146136.66
SO50,50291.53,49600.0,896.14
SO51,47614.16,51200.0,1386.96
SO53,60656.3,55200.0,2402.01
SP1,51617.76,51300.0,14893.74
SP10,53285.72,55100.0,35288.37
SP11,58489.96,59200.0,13120.05
SP2,50242.02,50400.0,21127.71
SP3,51037.41,49000.0,8128.03
SP4,56766.53,54600.0,24386.71
SP5,53552.73,54700.0,29127.13
SP6,48435.34,48200.0,7011.39
SP7,45655.02,43600.0,8149.66
SP8,46543.17,41900.0,34189.96
SP9,59320.59,59200.0,22659.59
SR1,30571.49,31000.0,4926.54
SR2,36156.09,36700.0,48345.26
SR3,35990.27,33900.0,16082.12
SR4,32691.14,31900.0,193592.48
SR5,29758.53,29000.0,18567.63
SR6,40247.59,35700.0,25749.49
SR7,34422.82,33900.0,85984.21
SR8,33235.43,33600.0,40547.79
SS0,42881.64,43700.0,153624.37
SS1,41242.93,37700.0,402066.3
SS11,49216.48,47300.0,151667.11
SS12,48315.52,48800.0,75442.06
SS13,40482.7,40100.0,124832.1
SS14,40111.88,39300.0,9795.17
SS15,44026.72,44600.0,173003.78
SS16,47975.46,49400.0,339817.01
SS17,46927.35,49200.0,235489.31
SS2,40600.1,41400.0,54602.32
SS22,41732.04,42200.0,526.45
SS3,42857.55,43400.0,428129.07
SS4,43125.34,44300.0,126882.19
SS5,48031.66,50300.0,2448013.6
SS6,49544.26,51100.0,85253.17
SS7,48435.52,47700.0,27452.32
SS8,38926.55,37800.0,19832.54
SS9,48223.3,44200.0,62156.63
ST1,31520.08,30500.0,21209.35
ST10,41749.03,40900.0,601456.72
ST11,42765.7,42000.0,94669.73
ST12,44611.72,47400.0,32003.79
ST13,39393.7,36800.0,132350.72
ST14,44444.56,43900.0,67897.39
ST15,47506.15,47400.0,99494.55
ST16,46611.02,49900.0,194515.36
ST17,47305.13,52400.0,58580.74
ST18,50371.41,49000.0,48413.99
ST19,45788.59,44400.0,27838.57
ST2,34528.72,32800.0,59809.28
ST20,49606.59,49000.0,8680.78
ST21,49882.87,49700.0,9360.58
ST3,35987.4,34100.0,73618.96
ST4,36238.47,35700.0,10559.0
ST5,39852.38,36950.0,32888.67
ST6,34362.71,34300.0,42913.93
ST7,41263.04,41700.0,30744.21
ST8,41277.48,40700.0,7222.38
ST9,43984.06,45100.0,5334.72
SW10,73499.05,84400.0,9653.83
SW11,76453.1,81200.0,54617.96
SW12,84807.75,87000.0,38673.61
SW13,73772.33,75300.0,6124.89
SW14,76228.1,75300.0,16468.74
SW15,71754.44,76200.0,76663.71
SW16,61805.24,62600.0,81466.15
SW17,69873.17,65300.0,91767.4
SW18,80509.59,79200.0,73565.78
SW19,79240.75,85500.0,67933.11
SW1A,68060.45,68500.0,2781.06
SW1E,67837.27,68800.0,2653.93
SW1H,68433.52,68800.0,1199.28
SW1P,64155.14,62100.0,19422.56
SW1V,67107.24,68800.0,22722.89
SW1W,67478.37,68800.0,7306.58
SW1X,82600.86,85700.0,8481.51
SW1Y,68322.43,68500.0,239.43
SW2,63674.04,64100.0,28361.84
SW20,78244.6,80900.0,39684.8
SW3,72844.19,73900.0,24410.36
SW4,72572.05,73100.0,20430.6
SW5,72696.63,73800.0,10135.61
SW6,68673.78,65700.0,645555.03
SW7,85444.37,90300.0,58860.12
SW8,58641.28,62100.0,30103.71
SW9,54465.44,57300.0,54765.33
SY1,42595.06,44400.0,27927.11
SY10,43682.19,43100.0,62800.04
SY11,42476.39,43100.0,60580.16
SY12,43944.73,43600.0,11131.98
SY13,42214.27,39100.0,12596.5
SY14,44086.89,44200.0,4160.88
SY15,41226.67,41200.0,3312.0
SY2,43210.61,45200.0,61063.8
SY21,42329.41,41200.0,10505.11
SY22,44975.0,45500.0,3619.86
SY3,46648.96,45700.0,21888.62
SY4,45600.81,45700.0,33077.7
SY5,44919.67,44400.0,9931.09
SY6,44832.71,44500.0,14315.78
SY7,43089.92,43300.0,11742.71
SY8,39821.96,37600.0,7187.1
SY9,41516.33,41200.0,1136.07
TA1,46952.03,46300.0,18424.17
TA10,46225.33,46200.0,6596.97
TA11,44030.27,41900.0,3380.62
TA12,44919.72,44700.0,4403.43
TA13,46498.87,46500.0,5320.43
TA14,46400.0,46400.0,2401.7
TA15,46334.38,46400.0,343.84
TA16,46050.79,46400.0,151214.05
TA17,46444.44,46400.0,67018.51
TA18,42487.71,40900.0,6481.84
TA19,44116.82,43200.0,7180.35
TA2,47592.89,50600.0,20953.02
TA20,43645.64,44000.0,8325.71
TA21,44869.64,46000.0,10298.87
TA22,40092.72,39800.0,809.69
TA23,38031.46,35900.0,3191.26
TA24,38805.95,39300.0,24034.46
TA3,50762.91,49700.0,3292.4
TA4,45993.81,45800.0,6363.88
TA5,46484.82,46600.0,5128.9
TA6,42525.61,39900.0,20919.4
TA7,46629.77,47700.0,12651.32
TA8,40416.69,38600.0,3950.14
TA9,42475.99,43000.0,11217.03
TD12,37748.98,36500.0,3903.45
TD15,35754.26,33100.0,11904.27
TF1,43751.15,43200.0,17716.78
TF10,45609.23,46600.0,14434.68
TF11,45745.01,46300.0,12037.08
TF12,42638.55,42800.0,2738.2
TF13,42932.74,42800.0,1730.12
TF2,42316.74,39000.0,19502.33
TF3,42621.57,40600.0,29586.24
TF4,42171.96,38100.0,8759.87
TF5,48136.23,51100.0,2900.02
TF6,49146.48,51100.0,2756.06
TF7,37193.6,38100.0,10648.76
TF8,48867.44,51100.0,768.36
TF9,44257.57,44900.0,14478.35
TN1,56755.79,54900.0,12935.77
TN10,49481.65,50700.0,24865.75
TN11,55974.31,58100.0,1392849.11
TN12,53236.25,54800.0,9317.95
TN13,71998.36,70700.0,36309.81
TN14,61969.18,60000.0,7362.04
TN15,59044.31,60100.0,555765.31
TN16,55842.36,55900.0,15505.21
TN17,49240.93,47800.0,8676.15
TN18,47162.35,47300.0,6965.74
TN19,47689.01,48700.0,8153.96
TN2,55286.69,52800.0,26806.07
TN20,54014.41,55400.0,13442.44
TN21,47411.22,46500.0,2751.76
TN22,50133.59,49200.0,35324.43
TN23,46633.33,45000.0,1045844.77
TN24,49802.89,50100.0,47326.01
TN25,52292.9,50900.0,22943.28
TN26,46593.06,46000.0,6236.29
TN27,47415.27,46000.0,3964.68
TN28,38861.5,39200.0,16232.72
TN29,36494.81,35400.0,7805.1
TN3,60164.25,60200.0,11017.91
TN30,43248.71,42800.0,9726.44
TN31,39261.79,40100.0,27331.16
TN32,47683.54,48700.0,931.23
TN33,44938.9,44300.0,67584.35
TN34,38239.0,36300.0,357234.54
TN35,41140.66,38800.0,198869.86
TN36,37324.37,37100.0,353.12
TN37,39985.51,39600.0,530452.94
TN38,38806.77,39600.0,553653.77
TN39,38970.33,37800.0,3943384.07
TN4,57446.34,57200.0,5605.3
TN40,33575.15,32100.0,128169.63
TN5,52670.07,55400.0,63189.37
TN6,54301.69,55300.0,167314.61
TN7,58442.75,58500.0,1900.54
TN8,53120.1,50500.0,6480.94
TN9,55677.14,54500.0,11991.58
TQ1,39604.79,39600.0,22066.51
TQ10,45979.23,46300.0,6514.29
TQ11,42680.54,41400.0,2516.69
TQ12,42857.84,43200.0,52557.08
TQ13,45267.88,46300.0,31292.56
TQ14,42551.07,47700.0,25935.31
TQ2,41031.06,45300.0,42551.39
TQ3,39258.24,40200.0,51843.6
TQ4,37799.35,40200.0,32653.32
TQ5,38903.53,38100.0,10475.08
TQ6,42604.23,41400.0,4658.35
TQ7,43551.7,42300.0,9003.97
TQ8,45165.42,45800.0,1042.42
TQ9,43868.69,42300.0,12431.0
TR1,45244.34,44900.0,16160.84
TR10,41011.89,38900.0,7285.77
TR11,41698.79,43500.0,11184.39
TR12,43231.98,43200.0,6017.25
TR13,42923.75,42900.0,19635.38
TR14,37771.09,36900.0,26667.22
TR15,39482.67,40200.0,17245.59
TR16,40480.0,40200.0,9490.67
TR17,41628.97,41900.0,1397.33
TR18,35659.88,35900.0,12077.84
TR19,39891.41,40200.0,5242.55
TR2,45366.72,45800.0,5490.22
TR20,40723.75,40200.0,452623.23
TR21,47737.25,50200.0,1285.57
TR22,50200.0,50200.0,166.0
TR24,50200.0,50200.0,166.45
TR25,50200.0,50200.0,80.58
TR26,38853.36,37300.0,4013.1
TR27,40678.87,39200.0,6375.21
TR3,46407.47,46500.0,5090.42
TR4,45844.88,45700.0,5770.79
TR5,45432.43,45500.0,2790.22
TR6,43342.72,43300.0,6888.33
TR7,40794.37,40300.0,72322.35
TR8,43284.48,44100.0,6523.54
TR9,41153.94,41200.0,5673.21
TS1,26607.79,24900.0,9623.39
TS10,33120.17,31000.0,15688.55
TS11,39122.14,39500.0,5517.05
TS12,36281.68,36800.0,22322.66
TS13,33865.62,32000.0,9589.91
TS14,40956.13,46100.0,9418.63
TS15,48462.67,49400.0,41714.39
TS16,45155.94,45900.0,44625.22
TS17,39727.41,34200.0,11404.1
TS18,34973.34,33400.0,7166.88
TS19,34773.25,32800.0,6407.45
TS2,26214.58,24900.0,172.13
TS20,36161.09,36400.0,6164.44
TS21,45371.02,48000.0,13202.58
TS22,43617.53,44300.0,21708.05
TS23,35240.04,33800.0,22928.8
TS24,30474.6,29800.0,4212.76
TS25,33129.8,31200.0,16165.24
TS26,35305.8,30900.0,18862.6
TS27,36371.06,37600.0,9926.68
TS28,37785.86,37600.0,1383.73
TS29,33683.73,33900.0,1058.93
TS3,28520.28,28700.0,5924.04
TS4,31988.14,29600.0,3816.53
TS5,38749.84,40200.0,7592.33
TS6,33571.64,34500.0,209810.82
TS7,42439.86,48000.0,174652.43
TS8,37788.25,36700.0,339587.29
TS9,45426.54,41300.0,20827.07
TW1,77689.81,80200.0,48455.42
TW10,78423.19,77000.0,96536.13
TW11,70456.06,68600.0,127464.93
TW12,64265.68,66900.0,2209961.8
TW13,50337.33,51800.0,13246.67
TW14,50045.94,50800.0,21790.38
TW15,63945.99,61800.0,42976.79
TW16,64475.2,61700.0,14104.65
TW17,58051.44,57800.0,22098.76
TW18,65126.76,64100.0,11000.24
TW19,61821.42,64100.0,33042.32
TW2,69503.15,66300.0,23936.15
TW20,59521.75,60400.0,12583.58
TW3,57156.12,58100.0,33039.54
TW4,53814.52,53700.0,22861.22
TW5,53389.06,54100.0,21091.08
TW6,57273.28,57500.0,4022.02
TW7,60133.48,61600.0,42163.13
TW8,58272.37,58800.0,119844.38
TW9,85010.88,84900.0,96518.71
UB1,47309.77,45900.0,40358.41
UB10,60419.01,64600.0,249822.05
UB11,50524.29,50500.0,6975.95
UB18,45800.0,45800.0,6642.75
UB2,46298.18,45900.0,26180.4
UB3,51397.61,50500.0,133817.13
UB4,51924.67,53400.0,40811.3
UB5,53023.63,54200.0,153751.51
UB6,56426.89,57100.0,33272.86
UB7,54033.23,53900.0,155403.79
UB8,52395.9,49200.0,219380.38
UB9,55685.44,54300.0,8715.51
W1,88500.0,88500.0,431.32
W10,50861.73,52500.0,37293.62
W11,60210.81,53800.0,104668.17
W12,54836.66,53800.0,122928.99
W13,64259.47,61200.0,57431.44
W14,62462.19,62200.0,530025.43
W1A,65781.78,64300.0,8107.29
W1B,67185.87,64300.0,2058.03
W1C,75073.08,68500.0,4208.23
W1D,65122.22,64300.0,6394.29
W1G,83935.27,88500.0,11358.42
W1H,73806.27,68500.0,54771.45
W1J,67898.3,68500.0,15876.01
W1K,78966.32,88500.0,4713.83
W1M,84323.92,88500.0,82773.41
W1N,72591.08,64300.0,1846.79
W1P,62052.26,60000.0,7378.79
W2,65588.82,66500.0,41648.62
W3,56175.6,54400.0,60695.26
W4,62920.85,55700.0,57001.8
W5,68133.09,65800.0,536421.39
W6,63679.38,66000.0,122664.79
W7,61473.67,61700.0,37699.06
W8,84026.74,80000.0,41008.11
W9,64227.99,54200.0,52541.58
WA1,40358.35,38400.0,36391.76
WA10,36608.69,37300.0,13384.91
WA11,38502.63,36300.0,46169.25
WA12,39410.42,39200.0,26556.97
WA13,54257.14,54300.0,26050.85
WA14,53828.55,55100.0,564402.77
WA15,55329.71,55200.0,54895.79
WA16,49697.49,50600.0,9657.17
WA2,37941.03,36200.0,29595.8
WA3,43998.12,42900.0,67276.89
WA4,48021.89,49200.0,176133.79
WA5,46469.07,44300.0,314635.66
WA6,48321.5,49800.0,10657.92
WA7,39583.82,37000.0,37342.14
WA8,38374.42,34400.0,53996.65
WA9,35053.7,35900.0,151048.56
WC1A,58985.6,55000.0,20000.48
WC1B,56390.29,55000.0,883.01
WC1E,59371.92,60000.0,23748.77
WC1H,52915.62,48100.0,6081.1
WC1N,53961.86,54100.0,7200.82
WC1R,57346.06,55000.0,375.37
WC1V,61576.06,55000.0,371.98
WC1X,53982.99,55000.0,2568.84
WC2A,67590.14,55000.0,523.16
WC2B,61290.61,55000.0,3165.39
WC2E,67155.73,68500.0,1269.13
WC2H,61533.04,64100.0,1355.21
WD1,54526.21,53300.0,114712.11
WD17,56135.19,50200.0,1599.75
WD18,53933.82,48100.0,1712.48
WD19,52467.7,53300.0,335.77
WD2,55728.08,55300.0,384600.64
WD23,55195.92,56800.0,398.11
WD24,55776.28,55300.0,274.56
WD25,52903.2,51100.0,459.74
WD3,64426.63,66000.0,29214.33
WD4,56855.19,58400.0,15215.92
WD5,55540.0,55900.0,17944.34
WD6,54256.38,53200.0,78346.12
WD7,62100.27,63800.0,29836.26
WF1,39107.5,38000.0,64467.1
WF10,37664.52,35600.0,54943.45
WF11,35844.43,33000.0,29443.1
WF12,33908.09,34200.0,36169.73
WF13,31893.76,32000.0,72360.89
WF14,40417.57,41500.0,29058.77
WF15,35923.91,36800.0,8212.98
WF16,33735.31,32400.0,8116.3
WF17,33624.01,35300.0,231234.84
WF2,44690.57,39800.0,45686.07
WF3,45946.91,46600.0,25434.29
WF4,42546.61,42500.0,26970.41
WF5,39788.98,39200.0,14177.01
WF6,41413.91,44500.0,25445.68
WF7,41448.18,40500.0,53777.18
WF8,40001.45,35800.0,25415.09
WF9,35526.4,33400.0,316793.0
WN1,38470.99,38300.0,34375.99
WN2,37534.22,37200.0,53730.27
WN3,38862.58,36550.0,13375.79
WN4,39355.41,39800.0,114349.44
WN5,37438.64,35100.0,144336.1
WN6,43391.61,43500.0,12355.6
WN7,36634.84,36300.0,40398.67
WN8,38857.87,35100.0,38987.4
WR1,43753.9,41900.0,9330.31
WR10,43912.82,40400.0,12257.11
WR11,45391.37,46000.0,46939.85
WR12,45900.78,46000.0,6686.96
WR13,48704.73,49500.0,32974.3
WR14,44430.19,45300.0,36988.69
WR15,42750.76,43300.0,82746.05
WR2,44592.13,44700.0,35897.45
WR3,48783.6,47900.0,19936.76
WR4,45620.07,42500.0,30805.16
WR5,48986.45,50800.0,21307.19
WR6,47398.89,48800.0,17099.91
WR7,51593.68,51800.0,5308.53
WR8,48087.5,46700.0,4886.11
WR9,44461.79,42200.0,25870.13
WS1,35525.77,34100.0,26597.35
WS10,35921.95,35000.0,293656.71
WS11,38968.85,39900.0,38786.13
WS12,42078.01,41600.0,67175.64
WS13,47709.24,50500.0,66088.67
WS14,50249.71,50500.0,45037.74
WS15,42540.21,44400.0,426924.25
WS2,33967.55,34100.0,3056298.64
WS3,35854.06,35500.0,5116987.66
WS4,39154.78,40000.0,2115509.73
WS5,44064.53,40600.0,29492.26
WS6,39346.59,38300.0,19297.93
WS7,41386.71,40300.0,45654.04
WS8,37439.9,38400.0,24606.03
WS9,41952.4,38400.0,115341.19
WV1,33747.66,32300.0,82649.55
WV10,37775.32,37700.0,38682.77
WV11,36562.43,35000.0,54541.42
WV12,37118.53,36500.0,50019.94
WV13,37189.62,37200.0,14474.5
WV14,35399.49,35400.0,18193.36
WV15,43050.68,45400.0,16266.39
WV16,40848.92,41700.0,13290.37
WV2,37999.59,39300.0,28088.96
WV3,39303.59,37700.0,26757.97
WV4,41490.64,38600.0,32329.02
WV5,42186.82,38600.0,20834.87
WV6,42072.84,43700.0,15722.64
WV7,48430.5,48900.0,4169.58
WV8,42995.62,37600.0,7730.83
WV9,39141.2,40800.0,109151.1
YO1,41045.6,38900.0,41158.81
YO10,42105.74,44000.0,515.81
YO11,32213.83,32300.0,42811.88
YO12,34378.42,32400.0,21120.99
YO13,41836.05,41700.0,6353.62
YO14,33612.62,33500.0,4543.84
YO15,28938.99,26500.0,10788.42
YO16,29773.63,32600.0,30804.97
YO17,40814.65,39400.0,83787.91
YO18,38916.36,38700.0,35176.73
YO19,48755.11,50300.0,4930.97
YO2,46855.5,42800.0,71813.95
YO21,36731.05,34400.0,6926.12
YO22,38984.5,41700.0,4381.3
YO23,51839.83,54900.0,1093.73
YO24,43191.75,42800.0,380.5
YO25,40877.05,38700.0,50309.16
YO26,47703.35,46100.0,4505.6
YO3,46145.42,47000.0,76472.22
YO30,47175.69,49500.0,2193.24
YO31,41790.29,42700.0,476.34
YO4,48529.85,49600.0,20314.93
YO42,46312.5,45400.0,506.33
YO43,47559.71,45900.0,486.89
YO5,52031.45,55500.0,5784.9
YO6,46436.2,45000.0,45788.41
YO61,47255.78,45000.0,227.89
YO7,44288.68,43200.0,21241.55
YO8,43328.6,45600.0,28519.66
