outcode,total_applications,successful_applications,success_rate
A4,1,0,0.0
AB10,469,347,73.99
AB11,378,275,72.75
AB12,260,198,76.15
AB13,72,50,69.44
AB14,41,25,60.98
AB15,699,566,80.97
AB16,49,36,73.47
AB21,275,215,78.18
AB22,60,44,73.33
AB23,145,110,75.86
AB24,276,217,78.62
AB25,178,139,78.09
AB30,151,105,69.54
AB31,230,179,77.83
AB32,123,100,81.3
AB33,98,76,77.55
AB34,206,157,76.21
AB35,334,159,47.6
AB36,23,14,60.87
AB37,82,36,43.9
AB38,108,74,68.52
AB39,331,273,82.48
AB41,231,185,80.09
AB42,329,259,78.72
AB43,190,144,75.79
AB44,26,24,92.31
AB45,268,219,81.72
AB51,415,311,74.94
AB52,64,51,79.69
AB53,153,113,73.86
AB54,242,194,80.17
AB55,123,87,70.73
AB56,208,151,72.6
AL1,2491,453,18.19
AL10,1067,692,64.85
AL2,1114,182,16.34
AL3,2203,492,22.33
AL4,1678,215,12.81
AL5,2691,484,17.99
AL6,1590,927,58.3
AL7,1635,1226,74.98
AL8,2984,2384,79.89
AL9,927,623,67.21
B1,337,163,48.37
B10,303,125,41.25
B11,498,188,37.75
B12,385,175,45.45
B13,599,170,28.38
B14,460,131,28.48
B15,457,133,29.1
B16,267,66,24.72
B17,542,130,23.99
B18,268,86,32.09
B19,211,53,25.12
B2,110,21,19.09
B20,423,106,25.06
B21,251,68,27.09
B23,352,88,25.0
B24,369,119,32.25
B25,216,69,31.94
B26,377,116,30.77
B27,275,80,29.09
B28,512,141,27.54
B29,918,350,38.13
B3,225,92,40.89
B30,432,140,32.41
B31,516,164,31.78
B32,307,85,27.69
B33,370,112,30.27
B34,167,64,38.32
B35,50,26,52.0
B36,363,202,55.65
B37,194,154,79.38
B38,192,83,43.23
B3O,1,1,100.0
B4,172,74,43.02
B40,18,18,100.0
B42,285,131,45.96
B43,363,191,52.62
B44,300,101,33.67
B45,626,465,74.28
B46,612,446,72.88
B47,298,248,83.22
B48,404,294,72.77
B49,878,205,23.35
B5,325,126,38.77
B50,269,75,27.88
B6,218,72,33.03
B60,861,613,71.2
B61,721,543,75.31
B62,444,155,34.91
B63,333,60,18.02
B64,143,71,49.65
B65,158,88,55.7
B66,271,122,45.02
B67,236,151,63.98
B68,334,206,61.68
B69,293,164,55.97
B7,117,49,41.88
B70,399,227,56.89
B71,300,186,62.0
B72,211,47,22.27
B73,423,59,13.95
B74,951,319,33.54
B75,555,138,24.86
B76,463,199,42.98
B77,817,175,21.42
B78,681,479,70.34
B79,804,307,38.18
B8,410,136,33.17
B80,341,93,27.27
B9,306,120,39.22
B90,908,683,75.22
B91,1074,840,78.21
B92,784,571,72.83
B93,771,609,78.99
B94,851,378,44.42
B95,816,208,25.49
B96,464,282,60.78
B97,622,515,82.8
B98,579,421,72.71
BA1,2898,2015,69.53
BA10,419,85,20.29
BA11,1985,1548,77.98
BA12,1144,396,34.62
BA13,499,174,34.87
BA14,1003,267,26.62
BA15,585,181,30.94
BA16,434,348,80.18
BA2,3464,2333,67.35
BA20,434,76,17.51
BA21,481,89,18.5
BA22,1351,431,31.9
BA3,1167,850,72.84
BA4,1325,970,73.21
BA5,1239,931,75.14
BA6,785,557,70.96
BA7,294,74,25.17
BA8,351,80,22.79
BA9,582,121,20.79
BB1,1322,580,43.87
BB10,742,84,11.32
BB11,736,107,14.54
BB12,910,137,15.05
BB18,436,79,18.12
BB2,991,515,51.97
BB3,418,287,68.66
BB4,1316,299,22.72
BB5,1353,44,3.25
BB6,545,34,6.24
BB7,2640,241,9.13
BB8,720,116,16.11
BB9,1196,147,12.29
BD1,230,158,68.7
BD10,330,210,63.64
BD11,232,100,43.1
BD12,192,106,55.21
BD13,456,271,59.43
BD14,115,57,49.57
BD15,207,129,62.32
BD16,498,303,60.84
BD17,347,211,60.81
BD18,396,300,75.76
BD19,458,121,26.42
BD2,490,333,67.96
BD20,1310,512,39.08
BD21,317,229,72.24
BD22,700,308,44.0
BD23,2236,570,25.49
BD24,412,96,23.3
BD3,362,253,69.89
BD4,337,193,57.27
BD5,365,259,70.96
BD6,306,188,61.44
BD7,508,353,69.49
BD8,410,287,70.0
BD9,547,359,65.63
BD97,2,2,100.0
BD98,2,0,0.0
BE16,7,7,100.0
BH1,625,448,71.68
BH10,377,283,75.07
BH11,302,151,50.0
BH12,572,47,8.22
BH13,978,79,8.08
BH14,1354,88,6.5
BH15,821,84,10.23
BH16,415,281,67.71
BH17,310,18,5.81
BH18,590,76,12.88
BH19,495,360,72.73
BH2,384,278,72.4
BH20,850,631,74.24
BH21,1813,1119,61.72
BH22,955,720,75.39
BH23,2089,1294,61.94
BH24,1720,727,42.27
BH25,911,107,11.75
BH3,280,215,76.79
BH31,331,233,70.39
BH4,420,318,75.71
BH5,279,211,75.63
BH6,586,459,78.33
BH7,211,162,76.78
BH8,593,430,72.51
BH9,522,412,78.93
BL0,339,70,20.65
BL1,1290,201,15.58
BL2,565,86,15.22
BL3,790,127,16.08
BL4,355,82,23.1
BL5,377,58,15.38
BL6,730,160,21.92
BL7,451,171,37.92
BL8,433,57,13.16
BL9,629,76,12.08
BN1,2616,1952,74.62
BN10,478,353,73.85
BN11,1530,1180,77.12
BN12,1081,817,75.58
BN13,880,677,76.93
BN14,1216,922,75.82
BN15,879,693,78.84
BN16,1740,1223,70.29
BN17,968,615,63.53
BN18,1339,899,67.14
BN2,1917,1412,73.66
BN20,1012,911,90.02
BN21,987,940,95.24
BN22,654,614,93.88
BN23,470,463,98.51
BN24,482,369,76.56
BN25,822,625,76.03
BN26,821,635,77.34
BN27,2041,1465,71.78
BN3,2237,1711,76.49
BN41,299,238,79.6
BN42,385,330,85.71
BN43,1066,907,85.08
BN44,764,584,76.44
BN45,49,29,59.18
BN5,788,527,66.88
BN6,1805,1281,70.97
BN7,1224,810,66.18
BN8,1869,1357,72.61
BN88,3,3,100.0
BN9,339,238,70.21
BR1,1667,1014,60.83
BR11,2,0,0.0
BR2,1473,992,67.35
BR3,1587,1073,67.61
BR4,536,360,67.16
BR5,1131,718,63.48
BR6,1736,1086,62.56
BR7,1177,820,69.67
BR8,1112,511,45.95
BS1,908,118,13.0
BS10,628,182,28.98
BS11,371,84,22.64
BS13,297,53,17.85
BS14,298,75,25.17
BS15,585,98,16.75
BS16,1519,346,22.78
BS2,578,114,19.72
BS20,670,491,73.28
BS21,549,402,73.22
BS22,340,241,70.88
BS23,734,544,74.11
BS24,378,302,79.89
BS25,249,194,77.91
BS26,397,351,88.41
BS27,375,336,89.6
BS28,375,347,92.53
BS29,84,66,78.57
BS3,747,219,29.32
BS30,592,99,16.72
BS31,461,294,63.77
BS32,405,67,16.54
BS34,657,128,19.48
BS35,750,113,15.07
BS36,450,55,12.22
BS37,760,111,14.61
BS39,421,240,57.01
BS4,676,179,26.48
BS40,726,483,66.53
BS41,252,191,75.79
BS48,622,434,69.77
BS49,234,172,73.5
BS5,616,157,25.49
BS6,1159,585,50.47
BS7,931,228,24.49
BS8,1504,697,46.34
BS9,1353,610,45.08
BS99,1,0,0.0
BT1,351,223,63.53
BT10,82,61,74.39
BT11,177,122,68.93
BT12,207,132,63.77
BT13,106,56,52.83
BT14,165,93,56.36
BT15,197,96,48.73
BT16,87,48,55.17
BT17,199,136,68.34
BT18,316,227,71.84
BT19,318,228,71.7
BT2,119,57,47.9
BT20,252,192,76.19
BT21,120,90,75.0
BT22,325,238,73.23
BT23,555,390,70.27
BT24,222,109,49.1
BT25,191,113,59.16
BT26,177,122,68.93
BT27,249,156,62.65
BT28,362,219,60.5
BT29,206,111,53.88
BT3,61,32,52.46
BT30,450,216,48.0
BT31,115,53,46.09
BT32,304,203,66.78
BT33,134,61,45.52
BT34,903,366,40.53
BT35,669,337,50.37
BT36,326,207,63.5
BT37,157,101,64.33
BT38,213,155,72.77
BT39,316,193,61.08
BT4,284,180,63.38
BT40,156,116,74.36
BT41,541,354,65.43
BT42,335,258,77.01
BT43,154,118,76.62
BT44,210,153,72.86
BT45,256,190,74.22
BT46,70,52,74.29
BT47,637,411,64.52
BT48,587,392,66.78
BT49,138,94,68.12
BT5,334,204,61.08
BT51,190,145,76.32
BT52,86,56,65.12
BT53,124,84,67.74
BT54,79,50,63.29
BT55,73,59,80.82
BT56,68,50,73.53
BT57,49,34,69.39
BT6,222,152,68.47
BT60,363,227,62.53
BT61,226,155,68.58
BT62,292,204,69.86
BT63,256,171,66.8
BT64,20,15,75.0
BT65,25,17,68.0
BT66,256,194,75.78
BT67,289,215,74.39
BT68,10,6,60.0
BT69,15,9,60.0
BT7,232,120,51.72
BT70,154,99,64.29
BT71,292,197,67.47
BT73,1,1,100.0
BT74,208,142,68.27
BT75,42,28,66.67
BT76,14,10,71.43
BT77,10,8,80.0
BT78,384,267,69.53
BT79,340,220,64.71
BT8,293,175,59.73
BT80,172,126,73.26
BT81,130,88,67.69
BT82,309,232,75.08
BT9,543,352,64.83
BT92,280,173,61.79
BT93,188,114,60.64
BT94,256,174,67.97
C01,4,0,0.0
C03,2,0,0.0
C05,3,2,66.67
C06,1,0,0.0
C07,9,1,11.11
CA1,466,390,83.69
CA10,1057,238,22.52
CA11,1442,436,30.24
CA12,452,78,17.26
CA13,990,416,42.02
CA14,773,242,31.31
CA15,636,345,54.25
CA16,542,163,30.07
CA17,366,77,21.04
CA18,10,1,10.0
CA19,57,8,14.04
CA2,418,348,83.25
CA20,39,3,7.69
CA23,17,2,11.76
CA26,5,2,40.0
CA28,4,1,25.0
CA3,698,570,81.66
CA4,803,516,64.26
CA5,735,540,73.47
CA6,958,793,82.78
CA7,1950,916,46.97
CA8,714,541,75.77
CA9,213,52,24.41
CB1,3232,1865,57.7
CB10,2031,550,27.08
CB11,2045,470,22.98
CB2,2412,1433,59.41
CB21,1975,1195,60.51
CB22,2829,1709,60.41
CB23,2587,1773,68.53
CB24,2522,1487,58.96
CB25,1611,1039,64.49
CB3,2055,1283,62.43
CB4,2490,1382,55.5
CB5,1033,553,53.53
CB6,2067,1233,59.65
CB7,1925,1280,66.49
CB8,2442,1724,70.6
CB9,849,629,74.09
CF1,1,1,100.0
CF10,545,316,57.98
CF11,456,306,67.11
CF14,1211,901,74.4
CF15,312,214,68.59
CF23,665,502,75.49
CF24,600,411,68.5
CF3,383,202,52.74
CF31,521,135,25.91
CF32,307,68,22.15
CF33,116,30,25.86
CF34,165,34,20.61
CF35,236,71,30.08
CF36,316,71,22.47
CF37,461,309,67.03
CF38,239,185,77.41
CF39,281,189,67.26
CF40,202,137,67.82
CF41,107,71,66.36
CF42,118,73,61.86
CF43,89,65,73.03
CF44,470,313,66.6
CF45,138,94,68.12
CF46,164,91,55.49
CF47,197,116,58.88
CF48,297,190,63.97
CF5,589,394,66.89
CF61,7,4,57.14
CF62,15,12,80.0
CF63,2,2,100.0
CF64,22,16,72.73
CF71,16,7,43.75
CF72,476,365,76.68
CF81,92,56,60.87
CF82,153,88,57.52
CF83,530,301,56.79
CF99,1,1,100.0
CH1,698,360,51.58
CH2,560,365,65.18
CH3,972,568,58.44
CH4,641,402,62.71
CH41,225,55,24.44
CH42,175,28,16.0
CH43,259,41,15.83
CH44,127,34,26.77
CH45,199,27,13.57
CH46,151,23,15.23
CH47,145,26,17.93
CH48,338,55,16.27
CH49,183,35,19.13
CH5,492,331,67.28
CH52,1,1,100.0
CH6,144,97,67.36
CH60,358,45,12.57
CH61,208,39,18.75
CH62,228,38,16.67
CH63,315,52,16.51
CH64,457,267,58.42
CH65,242,137,56.61
CH66,285,169,59.3
CH7,849,578,68.08
CH8,410,260,63.41
CM0,770,484,62.86
CM1,3145,2075,65.98
CM11,1207,744,61.64
CM12,1388,943,67.94
CM13,2062,1530,74.2
CM14,1276,870,68.18
CM15,1795,1353,75.38
CM16,2103,535,25.44
CM17,999,559,55.96
CM18,395,278,70.38
CM19,656,278,42.38
CM2,2819,1974,70.02
CM20,707,454,64.21
CM21,723,137,18.95
CM22,1811,294,16.23
CM23,2248,493,21.93
CM24,584,186,31.85
CM25,2,2,100.0
CM3,3440,2150,62.5
CM4,1537,957,62.26
CM5,1301,349,26.83
CM6,2842,507,17.84
CM7,1518,852,56.13
CM77,484,253,52.27
CM8,1076,621,57.71
CM9,1999,1168,58.43
CO1,885,51,5.76
CO10,3633,2810,77.35
CO11,1231,756,61.41
CO12,846,469,55.44
CO13,999,712,71.27
CO14,230,148,64.35
CO15,1168,773,66.18
CO16,1482,918,61.94
CO2,974,110,11.29
CO3,1526,148,9.7
CO4,1320,138,10.45
CO5,1644,358,21.78
CO6,2512,958,38.14
CO7,2912,1575,54.09
CO8,272,188,69.12
CO9,1238,839,67.77
CR0,3154,1923,60.97
CR2,1500,993,66.2
CR3,1748,1114,63.73
CR4,1235,319,25.83
CR5,1478,744,50.34
CR6,830,517,62.29
CR7,913,529,57.94
CR8,1647,1041,63.21
CR9,64,36,56.25
CT1,1820,1368,75.16
CT10,1436,987,68.73
CT11,1048,709,67.65
CT12,648,447,68.98
CT13,893,544,60.92
CT14,2285,1488,65.12
CT15,1244,701,56.35
CT16,817,532,65.12
CT17,586,424,72.35
CT18,669,138,20.63
CT19,638,137,21.47
CT2,1536,1195,77.8
CT20,1223,217,17.74
CT21,1424,280,19.66
CT3,1638,1106,67.52
CT4,2069,1216,58.77
CT5,2273,1771,77.91
CT6,1380,996,72.17
CT7,571,422,73.91
CT8,247,167,67.61
CT9,1359,965,71.01
CV1,808,88,10.89
CV10,261,184,70.5
CV11,45,28,62.22
CV12,23,19,82.61
CV13,1211,921,76.05
CV2,724,50,6.91
CV21,1051,786,74.79
CV22,1017,857,84.27
CV23,1467,1114,75.94
CV3,1005,217,21.59
CV31,910,609,66.92
CV32,1879,1240,65.99
CV33,573,240,41.88
CV34,1206,838,69.49
CV35,2504,874,34.9
CV36,1093,237,21.68
CV37,3933,960,24.41
CV4,662,59,8.91
CV47,1275,292,22.9
CV5,923,114,12.35
CV6,948,64,6.75
CV7,1086,744,68.51
CV8,1642,1187,72.29
CV9,885,645,72.88
CW1,420,69,16.43
CW10,187,46,24.6
CW11,439,44,10.02
CW12,624,114,18.27
CW2,453,92,20.31
CW3,616,444,72.08
CW4,245,43,17.55
CW5,676,93,13.76
CW6,633,281,44.39
CW7,255,150,58.82
CW8,681,404,59.32
CW9,589,334,56.71
D13,2,0,0.0
D3,1,1,100.0
DA1,1883,1038,55.12
DA10,175,96,54.86
DA11,1441,764,53.02
DA12,1791,1060,59.18
DA13,1351,784,58.03
DA14,615,123,20.0
DA15,792,145,18.31
DA16,681,126,18.5
DA17,322,71,22.05
DA18,28,2,7.14
DA2,1189,739,62.15
DA3,1105,615,55.66
DA4,825,451,54.67
DA5,791,247,31.23
DA6,324,80,24.69
DA7,768,139,18.1
DA8,508,139,27.36
DA9,331,210,63.44
DD1,362,142,39.23
DD10,290,108,37.24
DD11,220,23,10.45
DD2,414,158,38.16
DD3,189,47,24.87
DD4,226,61,26.99
DD5,548,170,31.02
DD6,152,5,3.29
DD7,102,10,9.8
DD8,303,24,7.92
DD9,133,18,13.53
DE1,698,217,31.09
DE11,973,50,5.14
DE12,969,435,44.89
DE13,2450,755,30.82
DE14,880,170,19.32
DE15,566,36,6.36
DE21,834,425,50.96
DE22,875,450,51.43
DE23,753,318,42.23
DE24,556,203,36.51
DE3,336,114,33.93
DE4,2528,822,32.52
DE45,150,146,97.33
DE5,527,411,77.99
DE55,1356,972,71.68
DE56,1612,1235,76.61
DE6,2308,478,20.71
DE65,1187,8,0.67
DE7,1306,997,76.34
DE72,1035,534,51.59
DE73,1199,130,10.84
DE74,857,657,76.66
DE75,229,195,85.15
DE9,1,1,100.0
DG1,390,296,75.9
DG10,113,98,86.73
DG11,302,251,83.11
DG12,141,99,70.21
DG13,72,55,76.39
DG14,43,38,88.37
DG16,72,57,79.17
DG2,310,203,65.48
DG3,154,127,82.47
DG4,48,41,85.42
DG5,95,76,80.0
DG6,137,98,71.53
DG7,421,322,76.48
DG8,380,317,83.42
DG9,307,249,81.11
DH1,1390,1085,78.06
DH2,191,149,78.01
DH3,268,203,75.75
DH4,214,156,72.9
DH5,167,109,65.27
DH6,377,261,69.23
DH7,508,398,78.35
DH8,501,372,74.25
DH9,234,169,72.22
DL1,494,118,23.89
DL10,1219,808,66.28
DL11,597,323,54.1
DL12,598,477,79.77
DL13,463,336,72.57
DL14,525,406,77.33
DL15,197,150,76.14
DL16,212,160,75.47
DL17,124,97,78.23
DL2,590,271,45.93
DL3,711,165,23.21
DL4,76,57,75.0
DL5,211,138,65.4
DL6,729,588,80.66
DL7,930,762,81.94
DL8,1432,878,61.31
DL9,153,104,67.97
DN1,278,206,74.1
DN10,596,460,77.18
DN11,487,386,79.26
DN12,232,171,73.71
DN14,1073,696,64.86
DN15,484,95,19.63
DN16,237,39,16.46
DN17,424,60,14.15
DN18,176,53,30.11
DN19,103,18,17.48
DN2,295,224,75.93
DN20,405,65,16.05
DN21,1328,253,19.05
DN22,1464,1070,73.09
DN3,415,324,78.07
DN31,181,20,11.05
DN32,228,60,26.32
DN33,177,27,15.25
DN34,127,31,24.41
DN35,243,16,6.58
DN36,468,210,44.87
DN37,384,61,15.89
DN38,97,16,16.49
DN39,59,8,13.56
DN4,769,627,81.53
DN40,128,16,12.5
DN41,174,24,13.79
DN5,621,496,79.87
DN6,439,309,70.39
DN7,330,241,73.03
DN8,201,124,61.69
DN9,539,195,36.18
DT1,479,373,77.87
DT10,465,364,78.28
DT11,1151,930,80.8
DT15,1,1,100.0
DT2,1524,1190,78.08
DT3,716,558,77.93
DT4,681,521,76.51
DT5,215,142,66.05
DT6,1154,833,72.18
DT7,587,246,41.91
DT8,340,245,72.06
DT9,995,679,68.24
DY0,2,2,100.0
DY1,292,62,21.23
DY10,1149,833,72.5
DY11,880,636,72.27
DY12,669,526,78.62
DY13,722,511,70.78
DY14,470,321,68.3
DY2,299,68,22.74
DY3,504,106,21.03
DY4,319,163,51.1
DY5,370,86,23.24
DY6,369,54,14.63
DY7,594,215,36.2
DY8,689,135,19.59
DY9,892,507,56.84
E1,1502,1079,71.84
E10,865,205,23.7
E11,1460,424,29.04
E12,687,411,59.83
E13,614,388,63.19
E14,1020,732,71.76
E15,1074,677,63.04
E16,818,553,67.6
E17,2431,669,27.52
E18,503,147,29.22
E1W,185,150,81.08
E2,631,378,59.9
E20,177,99,55.93
E21,1,1,100.0
E3,1047,796,76.03
E4,1539,421,27.36
E5,843,380,45.08
E6,1149,820,71.37
E7,1106,701,63.38
E8,1089,516,47.38
E9,664,367,55.27
E98,41,35,85.37
EC1A,356,253,71.07
EC1E,1,1,100.0
EC1M,158,25,15.82
EC1N,125,85,68.0
EC1P,1,0,0.0
EC1R,213,33,15.49
EC1V,321,38,11.84
EC1Y,164,53,32.32
EC2,1,0,0.0
EC2A,360,135,37.5
EC2M,371,265,71.43
EC2N,72,43,59.72
EC2P,5,4,80.0
EC2R,134,96,71.64
EC2V,127,95,74.8
EC2Y,145,101,69.66
EC3A,158,86,54.43
EC3M,141,125,88.65
EC3N,142,97,68.31
EC3R,36,25,69.44
EC3V,130,99,76.15
EC4A,161,116,72.05
EC4M,84,55,65.48
EC4N,83,59,71.08
EC4R,70,48,68.57
EC4V,93,67,72.04
EC4Y,111,82,73.87
EH1,998,512,51.3
EH10,1028,588,57.2
EH11,384,217,56.51
EH12,827,588,71.1
EH13,282,180,63.83
EH14,469,344,73.35
EH15,509,320,62.87
EH16,354,234,66.1
EH17,131,97,74.05
EH18,109,38,34.86
EH19,95,14,14.74
EH2,681,444,65.2
EH20,86,9,10.47
EH21,292,229,78.42
EH22,391,112,28.64
EH23,94,16,17.02
EH24,24,0,0.0
EH25,48,12,25.0
EH26,175,35,20.0
EH27,49,39,79.59
EH28,102,68,66.67
EH29,41,36,87.8
EH3,1617,843,52.13
EH30,181,130,71.82
EH31,112,91,81.25
EH32,226,177,78.32
EH33,94,78,82.98
EH34,107,79,73.83
EH35,19,16,84.21
EH36,9,9,100.0
EH37,54,13,24.07
EH38,12,4,33.33
EH39,449,340,75.72
EH4,1061,702,66.16
EH40,57,50,87.72
EH41,271,231,85.24
EH42,300,254,84.67
EH43,8,1,12.5
EH44,84,11,13.1
EH45,256,29,11.33
EH46,73,12,16.44
EH47,177,127,71.75
EH48,305,214,70.16
EH49,386,295,76.42
EH5,313,200,63.9
EH51,98,74,75.51
EH52,198,159,80.3
EH53,134,104,77.61
EH54,328,251,76.52
EH55,96,73,76.04
EH6,726,386,53.17
EH7,623,311,49.92
EH8,573,315,54.97
EH9,961,485,50.47
EN1,1021,408,39.96
EN10,1082,297,27.45
EN11,952,257,27.0
EN2,925,285,30.81
EN3,1057,382,36.14
EN4,1043,262,25.12
EN5,1359,394,28.99
EN6,2263,1497,66.15
EN7,1195,212,17.74
EN8,1441,292,20.26
EN9,1535,431,28.08
EX1,860,570,66.28
EX10,1211,349,28.82
EX11,562,96,17.08
EX12,517,116,22.44
EX13,884,192,21.72
EX14,1510,375,24.83
EX15,991,562,56.71
EX16,1453,936,64.42
EX17,964,585,60.68
EX18,294,212,72.11
EX19,379,182,48.02
EX2,1808,1277,70.63
EX20,1594,590,37.01
EX21,428,225,52.57
EX22,809,464,57.35
EX23,757,124,16.38
EX24,307,72,23.45
EX3,651,368,56.53
EX31,1577,1098,69.63
EX32,758,531,70.05
EX33,760,540,71.05
EX34,1007,701,69.61
EX35,110,25,22.73
EX36,644,458,71.12
EX37,479,335,69.94
EX38,276,194,70.29
EX39,1648,1155,70.08
EX4,1972,1278,64.81
EX5,1681,560,33.31
EX6,1032,575,55.72
EX7,729,372,51.03
EX8,1582,341,21.55
EX9,557,173,31.06
FK1,299,207,69.23
FK10,242,168,69.42
FK11,16,13,81.25
FK12,19,17,89.47
FK13,48,39,81.25
FK14,186,146,78.49
FK15,214,42,19.63
FK16,56,16,28.57
FK17,100,73,73.0
FK18,8,6,75.0
FK19,25,18,72.0
FK2,316,217,68.67
FK20,15,14,93.33
FK21,65,31,47.69
FK3,78,59,75.64
FK4,74,51,68.92
FK5,133,110,82.71
FK6,71,52,73.24
FK7,198,31,15.66
FK8,467,108,23.13
FK9,323,50,15.48
FY1,422,248,58.77
FY2,181,129,71.27
FY3,313,207,66.13
FY4,502,301,59.96
FY5,816,563,69.0
FY6,1238,799,64.54
FY7,349,242,69.34
FY8,1840,1389,75.49
G1,310,31,10.0
G11,142,8,5.63
G12,641,42,6.55
G13,152,7,4.61
G14,101,8,7.92
G15,33,6,18.18
G2,288,21,7.29
G20,112,10,8.93
G21,51,7,13.73
G22,27,0,0.0
G23,20,1,5.0
G3,311,12,3.86
G31,72,12,16.67
G32,120,9,7.5
G33,136,49,36.03
G34,27,3,11.11
G4,97,7,7.22
G40,53,2,3.77
G41,322,9,2.8
G42,98,9,9.18
G43,108,4,3.7
G44,186,11,5.91
G45,8,1,12.5
G46,338,58,17.16
G5,46,5,10.87
G51,117,22,18.8
G52,118,13,11.02
G53,82,7,8.54
G60,59,28,47.46
G61,518,38,7.34
G62,211,18,8.53
G63,217,61,28.11
G64,256,26,10.16
G65,82,47,57.32
G66,325,47,14.46
G67,116,90,77.59
G68,130,97,74.62
G69,187,89,47.59
G71,341,240,70.38
G72,348,288,82.76
G73,202,161,79.7
G74,260,209,80.38
G75,215,172,80.0
G76,347,59,17.0
G77,388,80,20.62
G78,132,15,11.36
G81,242,135,55.79
G82,270,169,62.59
G83,350,214,61.14
G84,420,329,78.33
GL1,896,513,57.25
GL10,932,614,65.88
GL11,987,702,71.12
GL12,956,461,48.22
GL13,357,227,63.59
GL14,645,495,76.74
GL15,990,692,69.9
GL16,515,400,77.67
GL17,565,398,70.44
GL18,566,423,74.73
GL19,880,614,69.77
GL2,1862,1248,67.02
GL20,1354,1015,74.96
GL3,803,573,71.36
GL30,1,1,100.0
GL4,1017,686,67.45
GL5,1934,1438,74.35
GL50,2068,1466,70.89
GL51,1762,1284,72.87
GL52,2651,1982,74.76
GL53,2015,1627,80.74
GL54,3663,2856,77.97
GL55,789,628,79.59
GL56,1373,1025,74.65
GL6,2951,2255,76.41
GL7,4696,3649,77.7
GL8,1182,915,77.41
GL9,182,79,43.41
GU1,2799,1803,64.42
GU10,2925,1931,66.02
GU11,531,407,76.65
GU12,1035,687,66.38
GU14,1694,1310,77.33
GU15,2141,1358,63.43
GU16,1612,1005,62.34
GU17,877,700,79.82
GU18,398,265,66.58
GU19,299,199,66.56
GU2,1827,1203,65.85
GU20,508,344,67.72
GU21,2684,1889,70.38
GU22,2581,1783,69.08
GU23,1020,624,61.18
GU24,1660,1028,61.93
GU25,869,301,34.64
GU26,554,409,73.83
GU27,1395,978,70.11
GU28,486,326,67.08
GU29,517,350,67.7
GU3,1581,970,61.35
GU30,518,364,70.27
GU31,523,372,71.13
GU32,528,386,73.11
GU33,284,197,69.37
GU34,1962,1378,70.23
GU35,996,628,63.05
GU4,1467,1040,70.89
GU46,1148,969,84.41
GU47,334,234,70.06
GU5,1435,976,68.01
GU51,2155,1619,75.13
GU52,1152,863,74.91
GU6,1197,784,65.5
GU7,1450,1090,75.17
GU76,2,0,0.0
GU8,1709,1167,68.29
GU9,1653,1230,74.41
GY1,748,592,79.14
GY2,362,289,79.83
GY21,1,0,0.0
GY3,285,220,77.19
GY4,319,255,79.94
GY5,316,265,83.86
GY6,194,160,82.47
GY7,326,265,81.29
GY8,167,130,77.84
GY9,138,0,0.0
H16,2,0,0.0
H23,2,0,0.0
HA0,1187,674,56.78
HA1,1146,850,74.17
HA2,1348,999,74.11
HA3,1900,1303,68.58
HA4,464,321,69.18
HA5,1500,1125,75.0
HA6,1117,781,69.92
HA7,1030,756,73.4
HA8,1643,720,43.82
HA9,1252,743,59.35
HB4,2,0,0.0
HD1,546,145,26.56
HD2,506,143,28.26
HD3,584,212,36.3
HD4,475,137,28.84
HD5,348,90,25.86
HD6,312,222,71.15
HD7,529,154,29.11
HD8,850,242,28.47
HD9,1034,359,34.72
HG1,2279,1661,72.88
HG2,2039,1480,72.58
HG3,2809,1784,63.51
HG4,1869,1249,66.83
HG5,1365,909,66.59
HP1,1232,885,71.83
HP10,1438,870,60.5
HP11,907,584,64.39
HP12,811,485,59.8
HP13,1681,1102,65.56
HP14,1217,740,60.81
HP15,867,424,48.9
HP16,1106,166,15.01
HP17,1315,939,71.41
HP18,1862,1344,72.18
HP19,612,424,69.28
HP2,1044,698,66.86
HP20,580,422,72.76
HP21,936,698,74.57
HP22,2267,1589,70.09
HP23,1650,1139,69.03
HP27,1247,794,63.67
HP3,1544,992,64.25
HP4,2826,2150,76.08
HP5,1540,186,12.08
HP6,1286,146,11.35
HP7,1212,90,7.43
HP8,788,57,7.23
HP9,2417,151,6.25
HR1,967,317,32.78
HR2,804,206,25.62
HR3,361,135,37.4
HR4,723,206,28.49
HR5,148,55,37.16
HR6,701,235,33.52
HR7,220,71,32.27
HR8,522,177,33.91
HR9,704,187,26.56
HS1,26,3,11.54
HS2,84,5,5.95
HS3,21,3,14.29
HS4,1,0,0.0
HS5,4,1,25.0
HS6,31,6,19.35
HS7,3,1,33.33
HS8,22,5,22.73
HS9,13,0,0.0
HU1,301,174,57.81
HU10,360,250,69.44
HU11,288,174,60.42
HU12,495,322,65.05
HU13,271,200,73.8
HU14,342,241,70.47
HU15,607,419,69.03
HU16,356,262,73.6
HU17,1089,708,65.01
HU18,170,110,64.71
HU19,81,52,64.2
HU2,72,32,44.44
HU20,11,8,72.73
HU3,256,149,58.2
HU4,137,98,71.53
HU5,642,433,67.45
HU6,241,186,77.18
HU7,277,194,70.04
HU8,248,167,67.34
HU9,209,121,57.89
HX1,378,231,61.11
HX2,375,243,64.8
HX3,611,414,67.76
HX4,220,114,51.82
HX5,106,71,66.98
HX6,323,181,56.04
HX7,321,194,60.44
IG1,1117,459,41.09
IG10,2157,621,28.79
IG11,1088,572,52.57
IG2,658,299,45.44
IG3,853,368,43.14
IG4,316,108,34.18
IG5,504,189,37.5
IG6,630,262,41.59
IG7,1635,423,25.87
IG8,1190,382,32.1
IG9,908,262,28.85
IM1,289,213,73.7
IM2,428,342,79.91
IM3,148,123,83.11
IM4,467,345,73.88
IM5,232,190,81.9
IM6,86,69,80.23
IM7,262,189,72.14
IM8,154,119,77.27
IM9,501,390,77.84
IM99,2,2,100.0
IP1,1183,187,15.81
IP10,280,121,43.21
IP11,1002,432,43.11
IP12,2244,1015,45.23
IP13,2149,1042,48.49
IP14,2353,1712,72.76
IP15,402,200,49.75
IP16,428,215,50.23
IP17,1077,520,48.28
IP18,775,401,51.74
IP19,916,440,48.03
IP2,456,100,21.93
IP20,447,144,32.21
IP21,1141,634,55.57
IP22,1756,866,49.32
IP23,883,612,69.31
IP24,1162,434,37.35
IP25,922,225,24.4
IP26,480,286,59.58
IP27,445,292,65.62
IP28,1315,990,75.29
IP29,846,660,78.01
IP3,609,150,24.63
IP30,1331,1067,80.17
IP31,1375,1068,77.67
IP32,356,286,80.34
IP33,1491,1167,78.27
IP4,1103,208,18.86
IP5,451,208,46.12
IP6,1279,853,66.69
IP7,1666,1169,70.17
IP8,683,482,70.57
IP9,713,533,74.75
IV1,146,98,67.12
IV10,58,42,72.41
IV11,25,15,60.0
IV12,142,107,75.35
IV13,22,18,81.82
IV14,26,18,69.23
IV15,57,41,71.93
IV16,12,12,100.0
IV17,43,34,79.07
IV18,33,24,72.73
IV19,56,41,73.21
IV2,431,323,74.94
IV20,47,41,87.23
IV21,26,20,76.92
IV22,33,27,81.82
IV23,23,19,82.61
IV24,33,24,72.73
IV25,83,60,72.29
IV26,65,53,81.54
IV27,122,94,77.05
IV28,10,7,70.0
IV3,120,81,67.5
IV30,352,248,70.45
IV31,86,56,65.12
IV32,74,50,67.57
IV36,212,151,71.23
IV4,79,67,84.81
IV40,47,40,85.11
IV41,10,9,90.0
IV42,13,10,76.92
IV43,16,12,75.0
IV44,13,12,92.31
IV45,14,10,71.43
IV46,2,2,100.0
IV47,19,14,73.68
IV48,3,3,100.0
IV49,30,24,80.0
IV5,19,11,57.89
IV51,158,121,76.58
IV52,14,11,78.57
IV53,1,1,100.0
IV54,44,35,79.55
IV55,45,37,82.22
IV56,20,12,60.0
IV6,74,51,68.92
IV63,61,51,83.61
IV7,47,40,85.11
IV8,11,7,63.64
IV9,25,20,80.0
JE1,22,18,81.82
JE2,992,672,67.74
JE3,1550,1033,66.65
JE4,11,11,100.0
KA1,304,95,31.25
KA10,261,207,79.31
KA11,92,18,19.57
KA12,101,5,4.95
KA13,53,4,7.55
KA14,3,1,33.33
KA15,77,7,9.09
KA16,35,13,37.14
KA17,42,8,19.05
KA18,218,72,33.03
KA19,91,73,80.22
KA2,67,31,46.27
KA20,31,3,9.68
KA21,57,7,12.28
KA22,35,3,8.57
KA23,93,12,12.9
KA24,58,6,10.34
KA25,36,3,8.33
KA26,195,163,83.59
KA27,180,5,2.78
KA28,41,1,2.44
KA29,21,2,9.52
KA3,378,134,35.45
KA30,85,6,7.06
KA4,96,35,36.46
KA5,171,70,40.94
KA6,196,110,56.12
KA7,524,420,80.15
KA8,117,100,85.47
KA9,204,158,77.45
KT1,1001,662,66.13
KT10,2280,1453,63.73
KT11,2057,1101,53.52
KT12,2461,1423,57.82
KT13,2398,1355,56.51
KT14,973,721,74.1
KT15,1443,516,35.76
KT16,1933,925,47.85
KT17,2202,1563,70.98
KT18,1824,1081,59.27
KT19,1946,1445,74.25
KT2,1491,1007,67.54
KT20,2363,538,22.77
KT21,885,124,14.01
KT22,2110,501,23.74
KT23,882,141,15.99
KT24,1465,868,59.25
KT3,1467,811,55.28
KT4,1076,732,68.03
KT5,639,412,64.48
KT6,1493,995,66.64
KT7,984,565,57.42
KT8,1744,1096,62.84
KT9,528,319,60.42
KW1,119,96,80.67
KW10,31,26,83.87
KW11,6,3,50.0
KW12,19,13,68.42
KW13,5,4,80.0
KW14,104,75,72.12
KW15,258,45,17.44
KW16,168,28,16.67
KW17,327,56,17.13
KW2,1,1,100.0
KW3,21,18,85.71
KW5,13,13,100.0
KW6,5,2,40.0
KW7,5,4,80.0
KW8,11,9,81.82
KW9,28,23,82.14
KY1,338,1,0.3
KY10,503,3,0.6
KY11,484,7,1.45
KY12,600,8,1.33
KY13,256,166,64.84
KY14,153,2,1.31
KY15,500,6,1.2
KY16,865,6,0.69
KY2,186,3,1.61
KY3,221,2,0.9
KY4,169,21,12.43
KY5,136,0,0.0
KY6,157,5,3.18
KY7,233,2,0.86
KY8,292,3,1.03
KY9,190,0,0.0
L1,428,22,5.14
L10,93,18,19.35
L11,129,27,20.93
L12,318,29,9.12
L13,211,30,14.22
L14,123,52,42.28
L15,547,205,37.48
L16,206,48,23.3
L17,481,98,20.37
L18,437,72,16.48
L19,333,49,14.71
L2,166,8,4.82
L20,215,49,22.79
L21,155,34,21.94
L22,174,43,24.71
L23,532,117,21.99
L24,194,59,30.41
L25,505,70,13.86
L26,107,84,78.5
L27,34,7,20.59
L28,8,5,62.5
L29,30,6,20.0
L3,367,47,12.81
L30,77,19,24.68
L31,443,72,16.25
L32,93,60,64.52
L33,131,95,72.52
L34,210,156,74.29
L35,326,241,73.93
L36,280,219,78.21
L37,504,67,13.29
L38,87,14,16.09
L39,1818,1003,55.17
L4,392,25,6.38
L40,1525,810,53.11
L5,128,22,17.19
L6,181,40,22.1
L69,23,4,17.39
L7,412,112,27.18
L75,1,1,100.0
L8,354,49,13.84
L9,189,29,15.34
LA1,1682,1214,72.18
LA10,239,59,24.69
LA11,939,310,33.01
LA12,1197,311,25.98
LA13,419,330,78.76
LA14,916,691,75.44
LA15,242,210,86.78
LA16,120,105,87.5
LA17,113,33,29.2
LA18,32,7,21.88
LA19,54,6,11.11
LA2,1950,1180,60.51
LA20,101,17,16.83
LA21,74,7,9.46
LA22,523,162,30.98
LA23,600,113,18.83
LA3,625,400,64.0
LA4,622,442,71.06
LA5,1129,737,65.28
LA6,1651,793,48.03
LA7,436,144,33.03
LA8,842,216,25.65
LA9,1443,407,28.21
LD1,243,163,67.08
LD2,110,67,60.91
LD3,668,405,60.63
LD4,28,20,71.43
LD5,27,23,85.19
LD6,63,42,66.67
LD7,99,68,68.69
LD8,133,58,43.61
LE1,118,18,15.25
LE10,1674,1234,73.72
LE11,1912,1071,56.01
LE12,3644,1564,42.92
LE13,545,440,80.73
LE14,1781,1260,70.75
LE15,1863,1469,78.85
LE16,2783,2133,76.64
LE17,1632,1313,80.45
LE18,956,659,68.93
LE19,781,598,76.57
LE2,1824,989,54.22
LE3,1167,733,62.81
LE4,1544,729,47.22
LE5,970,226,23.3
LE6,584,353,60.45
LE65,966,680,70.39
LE67,2638,1969,74.64
LE7,3248,1906,58.68
LE8,1591,1264,79.45
LE9,2091,1528,73.08
LI9,1,0,0.0
LL11,484,360,74.38
LL12,430,318,73.95
LL13,619,413,66.72
LL14,366,246,67.21
LL15,247,128,51.82
LL16,271,143,52.77
LL17,115,80,69.57
LL18,330,190,57.58
LL19,153,111,72.55
LL20,165,93,56.36
LL21,156,71,45.51
LL22,352,49,13.92
LL23,111,17,15.32
LL24,79,13,16.46
LL25,14,5,35.71
LL26,115,15,13.04
LL27,21,2,9.52
LL28,236,33,13.98
LL29,263,48,18.25
LL30,435,60,13.79
LL31,164,26,15.85
LL32,187,23,12.3
LL33,63,11,17.46
LL34,99,13,13.13
LL35,39,9,23.08
LL36,74,9,12.16
LL37,20,4,20.0
LL38,17,1,5.88
LL39,9,1,11.11
LL40,117,22,18.8
LL41,132,17,12.88
LL42,56,1,1.79
LL43,9,1,11.11
LL44,49,13,26.53
LL45,19,3,15.79
LL46,53,3,5.66
LL47,14,4,28.57
LL48,67,7,10.45
LL49,87,8,9.2
LL51,29,6,20.69
LL52,94,5,5.32
LL53,625,25,4.0
LL54,248,14,5.65
LL55,421,33,7.84
LL56,37,0,0.0
LL57,368,45,12.23
LL65,5,1,20.0
LL68,3,3,100.0
LL77,2,2,100.0
LN1,1592,847,53.2
LN10,360,293,81.39
LN11,1432,1169,81.63
LN12,253,199,78.66
LN13,421,331,78.62
LN2,1461,767,52.5
LN3,488,112,22.95
LN4,1670,1391,83.29
LN5,1828,1492,81.62
LN6,2145,1673,78.0
LN7,490,73,14.9
LN8,1196,378,31.61
LN9,542,441,81.37
LR7,2,0,0.0
LS1,734,534,72.75
LS10,409,265,64.79
LS11,458,304,66.38
LS12,547,368,67.28
LS13,277,203,73.29
LS14,460,324,70.43
LS15,715,455,63.64
LS16,1019,720,70.66
LS17,1384,956,69.08
LS18,600,451,75.17
LS19,479,352,73.49
LS2,381,261,68.5
LS20,488,360,73.77
LS21,769,522,67.88
LS22,726,511,70.39
LS23,526,370,70.34
LS24,647,338,52.24
LS25,1049,687,65.49
LS26,495,330,66.67
LS27,487,357,73.31
LS28,840,642,76.43
LS29,1589,935,58.84
LS3,104,71,68.27
LS4,135,101,74.81
LS5,99,68,68.69
LS6,1079,730,67.66
LS7,471,332,70.49
LS8,1104,746,67.57
LS9,442,261,59.05
LS98,1,0,0.0
LU1,731,428,58.55
LU2,960,597,62.19
LU3,768,501,65.23
LU4,728,472,64.84
LU5,657,390,59.36
LU6,713,417,58.49
LU7,1810,1132,62.54
M1,637,411,64.52
M11,208,150,72.12
M12,245,152,62.04
M13,310,220,70.97
M14,594,384,64.65
M15,304,209,68.75
M16,588,260,44.22
M17,134,30,22.39
M18,184,131,71.2
M19,360,249,69.17
M2,322,236,73.29
M20,971,734,75.59
M21,579,419,72.37
M22,258,192,74.42
M23,294,214,72.79
M24,500,127,25.4
M25,475,66,13.89
M26,270,43,15.93
M27,457,206,45.08
M28,642,263,40.97
M29,218,44,20.18
M3,603,356,59.04
M30,502,195,38.84
M31,108,13,12.04
M32,382,61,15.97
M33,1086,190,17.5
M34,474,338,71.31
M35,198,137,69.19
M38,108,46,42.59
M4,421,345,81.95
M40,390,264,67.69
M41,594,64,10.77
M43,195,144,73.85
M44,150,64,42.67
M45,214,28,13.08
M46,167,35,20.96
M5,261,79,30.27
M50,135,46,34.07
M6,472,173,36.65
M60,37,22,59.46
M7,431,178,41.3
M8,460,304,66.09
M9,333,239,71.77
M90,32,23,71.88
MA6,1,1,100.0
ME1,747,185,24.77
ME10,1244,856,68.81
ME11,75,46,61.33
ME12,1242,823,66.26
ME13,2137,1507,70.52
ME14,2050,1444,70.44
ME15,2217,1491,67.25
ME16,1169,817,69.89
ME17,2612,1638,62.71
ME18,756,490,64.81
ME19,1499,991,66.11
ME2,655,86,13.13
ME20,931,640,68.74
ME3,701,179,25.53
ME4,592,65,10.98
ME5,914,365,39.93
ME6,211,142,67.3
ME7,795,150,18.87
ME8,873,119,13.63
ME9,1819,1150,63.22
MH17,2,0,0.0
MH46,1,0,0.0
MK1,48,34,70.83
MK10,237,143,60.34
MK11,196,122,62.24
MK12,205,114,55.61
MK13,166,97,58.43
MK14,200,102,51.0
MK15,140,76,54.29
MK16,415,255,61.45
MK17,1686,1069,63.4
MK18,2599,1748,67.26
MK19,481,337,70.06
MK2,157,79,50.32
MK3,234,152,64.96
MK4,197,136,69.04
MK40,967,604,62.46
MK41,679,380,55.96
MK42,722,396,54.85
MK43,1197,711,59.4
MK44,956,551,57.64
MK45,1215,726,59.75
MK46,360,204,56.67
MK5,213,130,61.03
MK6,234,122,52.14
MK7,156,88,56.41
MK8,112,68,60.71
MK9,167,85,50.9
ML1,313,226,72.2
ML10,220,166,75.45
ML11,386,294,76.17
ML12,193,128,66.32
ML2,159,97,61.01
ML3,366,275,75.14
ML4,89,74,83.15
ML5,226,177,78.32
ML6,309,212,68.61
ML7,82,58,70.73
ML8,130,99,76.15
ML9,153,110,71.9
MR12,1,0,0.0
N1,2950,602,20.41
N10,1080,449,41.57
N11,704,281,39.91
N12,869,243,27.96
N13,784,294,37.5
N14,1069,379,35.45
N15,917,333,36.31
N16,1570,664,42.29
N17,1016,440,43.31
N18,461,188,40.78
N19,733,123,16.78
N1C,67,56,83.58
N2,925,268,28.97
N20,958,201,20.98
N21,792,258,32.58
N22,985,387,39.29
N3,752,197,26.2
N34,1,0,0.0
N4,1134,331,29.19
N5,644,84,13.04
N6,1683,956,56.8
N7,932,130,13.95
N8,1162,382,32.87
N9,724,249,34.39
NC22,1,0,0.0
ND0,1,1,100.0
NE1,608,340,55.92
NE10,177,116,65.54
NE11,170,103,60.59
NE12,331,255,77.04
NE13,270,165,61.11
NE15,283,154,54.42
NE16,325,245,75.38
NE17,43,28,65.12
NE18,65,20,30.77
NE19,150,68,45.33
NE2,599,401,66.94
NE20,468,202,43.16
NE21,160,104,65.0
NE22,154,62,40.26
NE23,262,126,48.09
NE24,283,120,42.4
NE25,348,265,76.15
NE26,387,291,75.19
NE27,120,80,66.67
NE28,275,194,70.55
NE29,230,150,65.22
NE3,956,667,69.77
NE30,433,317,73.21
NE31,141,13,9.22
NE32,136,11,8.09
NE33,262,14,5.34
NE34,326,34,10.43
NE35,45,2,4.44
NE36,142,17,11.97
NE37,107,82,76.64
NE38,234,180,76.92
NE39,180,130,72.22
NE4,401,254,63.34
NE40,137,94,68.61
NE41,81,29,35.8
NE42,131,62,47.33
NE43,168,64,38.1
NE44,56,20,35.71
NE45,208,77,37.02
NE46,550,250,45.45
NE47,296,129,43.58
NE48,167,86,51.5
NE49,85,35,41.18
NE5,244,152,62.3
NE6,289,189,65.4
NE61,757,307,40.55
NE62,55,18,32.73
NE63,174,83,47.7
NE64,59,23,38.98
NE65,759,341,44.93
NE66,695,297,42.73
NE67,106,56,52.83
NE68,65,36,55.38
NE69,59,26,44.07
NE7,196,142,72.45
NE70,91,32,35.16
NE71,97,50,51.55
NE8,208,116,55.77
NE9,322,244,75.78
NE99,1,0,0.0
NG1,552,190,34.42
NG10,968,740,76.45
NG11,822,127,15.45
NG12,1898,207,10.91
NG13,1305,337,25.82
NG14,1428,644,45.1
NG15,1283,322,25.1
NG16,1436,293,20.4
NG17,1495,387,25.89
NG18,1207,98,8.12
NG19,902,175,19.4
NG2,1726,256,14.83
NG20,468,261,55.77
NG21,519,285,54.91
NG22,1493,955,63.97
NG23,2291,1463,63.86
NG24,1734,1191,68.69
NG25,1023,720,70.38
NG3,861,160,18.58
NG31,2274,1696,74.58
NG32,2316,1684,72.71
NG33,1490,1041,69.87
NG34,1865,1506,80.75
NG4,749,114,15.22
NG44,6,2,33.33
NG5,1083,195,18.01
NG6,297,60,20.2
NG7,857,298,34.77
NG77,2,0,0.0
NG8,785,145,18.47
NG9,2151,398,18.5
NG90,5,0,0.0
NN1,586,408,69.62
NN10,947,664,70.12
NN11,839,650,77.47
NN12,1258,943,74.96
NN13,822,612,74.45
NN14,2448,1696,69.28
NN15,924,662,71.65
NN16,685,472,68.91
NN17,1046,628,60.04
NN18,362,246,67.96
NN2,429,309,72.03
NN29,439,302,68.79
NN3,775,592,76.39
NN4,506,385,76.09
NN5,436,337,77.29
NN6,1503,1127,74.98
NN7,1267,934,73.72
NN8,1161,772,66.49
NN9,836,540,64.59
NP10,323,69,21.36
NP11,359,165,45.96
NP12,344,188,54.65
NP13,115,5,4.35
NP15,409,282,68.95
NP16,757,533,70.41
NP18,469,117,24.95
NP19,422,84,19.91
NP20,563,106,18.83
NP22,159,25,15.72
NP23,260,0,0.0
NP24,14,5,35.71
NP25,566,403,71.2
NP26,371,226,60.92
NP4,519,146,28.13
NP44,522,107,20.5
NP7,824,571,69.3
NP8,240,144,60.0
NR1,1128,786,69.68
NR10,1283,258,20.11
NR11,2035,1219,59.9
NR12,1990,991,49.8
NR13,1673,232,13.87
NR14,1324,225,16.99
NR15,1187,348,29.32
NR16,1402,357,25.46
NR17,1185,275,23.21
NR18,856,122,14.25
NR19,758,199,26.25
NR2,1447,1071,74.02
NR20,1260,351,27.86
NR21,1367,955,69.86
NR22,182,126,69.23
NR23,589,425,72.16
NR24,481,337,70.06
NR25,1933,1442,74.6
NR26,516,375,72.67
NR27,1202,876,72.88
NR28,975,720,73.85
NR29,1148,283,24.65
NR3,664,451,67.92
NR30,707,92,13.01
NR31,1431,306,21.38
NR32,1156,547,47.32
NR33,933,456,48.87
NR34,1326,584,44.04
NR35,590,188,31.86
NR39,2,2,100.0
NR4,973,555,57.04
NR5,364,128,35.16
NR6,741,161,21.73
NR7,1211,260,21.47
NR8,709,81,11.42
NR9,1065,217,20.38
NW1,2179,1465,67.23
NW10,2612,1616,61.87
NW11,1677,356,21.23
NW2,1938,990,51.08
NW3,3257,2442,74.98
NW4,1113,309,27.76
NW5,763,581,76.15
NW6,1977,1368,69.2
NW7,1061,274,25.82
NW8,1477,799,54.1
NW9,1603,838,52.28
OL1,420,286,68.1
OL10,295,91,30.85
OL11,590,134,22.71
OL12,532,121,22.74
OL13,397,67,16.88
OL14,217,132,60.83
OL15,197,50,25.38
OL16,529,115,21.74
OL2,392,270,68.88
OL3,442,280,63.35
OL4,513,340,66.28
OL5,108,82,75.93
OL6,359,244,67.97
OL7,119,79,66.39
OL8,394,259,65.74
OL9,508,346,68.11
OX1,2421,1853,76.54
OX10,2028,1748,86.19
OX11,1894,1691,89.28
OX12,1411,1196,84.76
OX13,1081,952,88.07
OX14,2102,1844,87.73
OX15,2858,2014,70.47
OX16,1656,1151,69.5
OX17,1883,1290,68.51
OX18,1392,931,66.88
OX2,3574,2899,81.11
OX20,553,407,73.6
OX25,1506,1094,72.64
OX26,1246,884,70.95
OX27,868,586,67.51
OX28,781,573,73.37
OX29,1797,1316,73.23
OX3,2933,2044,69.69
OX33,736,599,81.39
OX39,389,331,85.09
OX4,3070,2109,68.7
OX44,804,676,84.08
OX49,548,483,88.14
OX5,2009,1451,72.22
OX6,2,0,0.0
OX7,2613,1914,73.25
OX9,1024,922,90.04
P08,4,4,100.0
P09,2,2,100.0
P1,1,1,100.0
PA1,166,94,56.63
PA10,53,37,69.81
PA11,119,81,68.07
PA12,57,25,43.86
PA13,99,8,8.08
PA14,55,17,30.91
PA15,85,12,14.12
PA16,266,66,24.81
PA17,38,0,0.0
PA18,21,4,19.05
PA19,155,28,18.06
PA2,160,105,65.62
PA20,106,82,77.36
PA21,30,20,66.67
PA22,9,8,88.89
PA23,119,95,79.83
PA24,16,14,87.5
PA25,4,3,75.0
PA26,7,2,28.57
PA27,20,12,60.0
PA28,152,108,71.05
PA29,62,44,70.97
PA3,100,60,60.0
PA30,12,9,75.0
PA31,129,82,63.57
PA32,32,23,71.88
PA33,24,22,91.67
PA34,205,154,75.12
PA35,39,29,74.36
PA36,11,9,81.82
PA37,79,68,86.08
PA38,32,29,90.62
PA4,163,105,64.42
PA41,11,7,63.64
PA42,46,24,52.17
PA43,14,7,50.0
PA44,13,8,61.54
PA45,1,0,0.0
PA46,5,3,60.0
PA47,6,4,66.67
PA48,14,12,85.71
PA49,9,4,44.44
PA5,105,58,55.24
PA6,87,51,58.62
PA60,11,3,27.27
PA61,6,6,100.0
PA64,5,5,100.0
PA65,3,3,100.0
PA66,4,3,75.0
PA67,16,12,75.0
PA68,1,1,100.0
PA69,1,1,100.0
PA7,90,55,61.11
PA70,6,3,50.0
PA71,3,2,66.67
PA72,19,17,89.47
PA73,5,5,100.0
PA74,2,2,100.0
PA75,54,38,70.37
PA76,8,4,50.0
PA77,32,25,78.12
PA78,4,3,75.0
PA8,39,21,53.85
PA80,14,10,71.43
PA9,12,9,75.0
PE1,779,514,65.98
PE10,1649,1166,70.71
PE11,1673,1323,79.08
PE12,2094,1615,77.13
PE13,964,729,75.62
PE14,1134,773,68.17
PE15,669,508,75.93
PE16,272,210,77.21
PE19,2034,1336,65.68
PE2,503,338,67.2
PE20,859,191,22.24
PE21,1093,190,17.38
PE22,805,426,52.92
PE23,586,477,81.4
PE24,513,399,77.78
PE25,440,349,79.32
PE26,448,301,67.19
PE27,815,525,64.42
PE28,3499,2078,59.39
PE29,874,599,68.54
PE3,304,226,74.34
PE30,1258,872,69.32
PE31,2125,1515,71.29
PE32,1190,679,57.06
PE33,805,591,73.42
PE34,593,414,69.81
PE36,794,561,70.65
PE37,584,174,29.79
PE38,629,486,77.27
PE4,180,121,67.22
PE5,118,92,77.97
PE6,2012,1442,71.67
PE7,954,644,67.51
PE8,1498,1004,67.02
PE9,3794,2791,73.56
PH1,428,326,76.17
PH10,184,139,75.54
PH11,49,31,63.27
PH12,41,19,46.34
PH13,58,34,58.62
PH14,46,28,60.87
PH15,256,172,67.19
PH16,152,108,71.05
PH17,20,11,55.0
PH18,61,30,49.18
PH19,5,2,40.0
PH2,607,416,68.53
PH20,101,49,48.51
PH21,160,63,39.38
PH22,403,161,39.95
PH23,73,18,24.66
PH24,88,33,37.5
PH25,97,43,44.33
PH26,254,103,40.55
PH3,141,109,77.3
PH30,4,4,100.0
PH31,11,5,45.45
PH32,18,15,83.33
PH33,163,109,66.87
PH34,31,23,74.19
PH35,12,7,58.33
PH36,41,34,82.93
PH37,3,2,66.67
PH38,7,6,85.71
PH39,21,14,66.67
PH4,10,7,70.0
PH40,6,6,100.0
PH41,15,11,73.33
PH42,3,3,100.0
PH44,1,1,100.0
PH49,41,27,65.85
PH5,22,17,77.27
PH50,16,11,68.75
PH6,96,68,70.83
PH7,206,161,78.16
PH8,120,71,59.17
PH9,38,25,65.79
PL0,1,1,100.0
PL1,642,375,58.41
PL10,127,19,14.96
PL11,217,34,15.67
PL12,514,95,18.48
PL13,380,59,15.53
PL14,713,120,16.83
PL15,845,184,21.78
PL16,187,56,29.95
PL17,242,63,26.03
PL18,143,18,12.59
PL19,1148,353,30.75
PL2,204,123,60.29
PL20,583,176,30.19
PL21,1051,251,23.88
PL22,153,25,16.34
PL23,249,21,8.43
PL24,199,23,11.56
PL25,419,41,9.79
PL26,726,90,12.4
PL27,669,81,12.11
PL28,364,37,10.16
PL29,110,19,17.27
PL3,406,284,69.95
PL30,522,87,16.67
PL31,234,37,15.81
PL32,137,23,16.79
PL33,49,5,10.2
PL34,109,8,7.34
PL35,101,21,20.79
PL4,441,284,64.4
PL5,321,207,64.49
PL6,651,392,60.22
PL7,529,285,53.88
PL8,580,61,10.52
PL9,634,269,42.43
PO1,357,62,17.37
PO10,1172,814,69.45
PO11,786,520,66.16
PO12,1098,934,85.06
PO13,514,420,81.71
PO14,1278,1095,85.68
PO15,776,660,85.05
PO16,1454,1225,84.25
PO17,451,332,73.61
PO18,1457,1025,70.35
PO19,2136,1438,67.32
PO2,436,80,18.35
PO20,3551,2353,66.26
PO21,1981,1384,69.86
PO22,1402,999,71.26
PO3,211,49,23.22
PO30,720,469,65.14
PO31,405,291,71.85
PO32,88,68,77.27
PO33,770,520,67.53
PO34,209,136,65.07
PO35,191,136,71.2
PO36,329,205,62.31
PO37,221,158,71.49
PO38,535,342,63.93
PO39,75,48,64.0
PO4,519,120,23.12
PO40,173,111,64.16
PO41,154,94,61.04
PO5,491,54,11.0
PO6,545,104,19.08
PO7,1391,993,71.39
PO8,985,692,70.25
PO9,1195,799,66.86
PR1,1122,250,22.28
PR2,590,98,16.61
PR23,2,0,0.0
PR25,638,285,44.67
PR26,726,342,47.11
PR3,2577,1012,39.27
PR4,3089,1437,46.52
PR5,1042,365,35.03
PR6,1400,957,68.36
PR7,1705,1270,74.49
PR8,850,212,24.94
PR9,571,171,29.95
RG1,936,669,71.47
RG10,1006,733,72.86
RG11,1,1,100.0
RG12,571,405,70.93
RG14,961,651,67.74
RG17,682,421,61.73
RG18,389,261,67.1
RG19,345,249,72.17
RG2,710,541,76.2
RG20,1453,1025,70.54
RG21,872,626,71.79
RG22,815,520,63.8
RG23,418,302,72.25
RG24,1133,835,73.7
RG25,1141,898,78.7
RG26,1219,854,70.06
RG27,2533,1668,65.85
RG28,459,349,76.03
RG29,1218,708,58.13
RG30,499,380,76.15
RG31,504,359,71.23
RG4,1558,1265,81.19
RG40,1393,1001,71.86
RG41,789,617,78.2
RG42,731,511,69.9
RG45,500,365,73.0
RG5,568,460,80.99
RG6,775,598,77.16
RG7,1473,1008,68.43
RG8,1406,1165,82.86
RG9,2901,2356,81.21
RH1,3201,1247,38.96
RH10,1113,784,70.44
RH11,285,178,62.46
RH12,2915,2114,72.52
RH13,2747,2006,73.03
RH14,1407,927,65.88
RH15,1383,1039,75.13
RH16,1999,1569,78.49
RH17,2220,1656,74.59
RH18,349,259,74.21
RH19,2015,1500,74.44
RH2,2786,717,25.74
RH20,2155,1521,70.58
RH3,511,137,26.81
RH4,1680,360,21.43
RH5,1849,407,22.01
RH6,2291,678,29.59
RH7,686,427,62.24
RH8,1299,912,70.21
RH9,473,312,65.96
RM1,693,179,25.83
RM10,681,409,60.06
RM11,1047,241,23.02
RM12,697,199,28.55
RM13,875,264,30.17
RM14,986,240,24.34
RM15,380,266,70.0
RM16,663,507,76.47
RM17,441,305,69.16
RM18,234,155,66.24
RM19,65,46,70.77
RM2,506,121,23.91
RM20,149,112,75.17
RM3,741,220,29.69
RM4,719,202,28.09
RM5,432,132,30.56
RM6,821,452,55.05
RM7,649,221,34.05
RM8,704,414,58.81
RM9,746,371,49.73
S1,514,243,47.28
S10,1235,941,76.19
S11,758,575,75.86
S12,309,222,71.84
S13,160,117,73.12
S14,12,7,58.33
S17,494,346,70.04
S18,1037,675,65.09
S2,336,201,59.82
S20,241,164,68.05
S21,541,351,64.88
S25,3,2,66.67
S26,5,4,80.0
S3,264,93,35.23
S30,9,3,33.33
S32,114,111,97.37
S33,72,63,87.5
S35,560,323,57.68
S36,473,140,29.6
S37,1,1,100.0
S38,1,0,0.0
S4,145,85,58.62
S40,1010,110,10.89
S41,958,106,11.06
S42,1015,622,61.28
S43,878,264,30.07
S44,722,455,63.02
S45,614,352,57.33
S49,2,0,0.0
S5,269,165,61.34
S6,623,401,64.37
S60,6,4,66.67
S61,2,1,50.0
S62,3,2,66.67
S63,113,15,13.27
S64,114,73,64.04
S65,3,3,100.0
S66,82,62,75.61
S7,439,355,80.87
S70,334,33,9.88
S71,305,43,14.1
S72,182,23,12.64
S73,143,12,8.39
S74,123,11,8.94
S75,436,43,9.86
S8,582,390,67.01
S80,727,543,74.69
S81,707,540,76.38
S9,451,244,54.1
SA1,821,587,71.5
SA10,307,226,73.62
SA11,355,270,76.06
SA12,275,226,82.18
SA13,230,178,77.39
SA14,536,292,54.48
SA15,380,249,65.53
SA16,131,86,65.65
SA17,212,105,49.53
SA18,427,245,57.38
SA19,352,226,64.2
SA2,706,528,74.79
SA20,95,72,75.79
SA3,1313,956,72.81
SA31,269,176,65.43
SA32,303,198,65.35
SA33,428,264,61.68
SA34,145,90,62.07
SA35,18,12,66.67
SA36,6,6,100.0
SA37,44,25,56.82
SA38,109,48,44.04
SA39,57,37,64.91
SA4,785,559,71.21
SA40,45,23,51.11
SA41,92,40,43.48
SA42,182,84,46.15
SA43,430,111,25.81
SA44,290,74,25.52
SA45,95,8,8.42
SA46,79,11,13.92
SA47,53,5,9.43
SA48,150,27,18.0
SA5,358,257,71.79
SA6,407,284,69.78
SA60,3,3,100.0
SA61,210,130,61.9
SA62,847,388,45.81
SA63,21,11,52.38
SA64,60,28,46.67
SA65,125,73,58.4
SA66,123,57,46.34
SA67,273,146,53.48
SA68,106,52,49.06
SA69,146,55,37.67
SA7,198,160,80.81
SA70,400,167,41.75
SA71,245,130,53.06
SA72,136,88,64.71
SA73,270,163,60.37
SA8,197,161,81.73
SA9,195,137,70.26
SE1,1934,1411,72.96
SE10,1137,778,68.43
SE11,577,415,71.92
SE12,653,416,63.71
SE13,1189,797,67.03
SE14,860,596,69.3
SE15,1245,919,73.82
SE16,582,400,68.73
SE17,293,229,78.16
SE18,1476,939,63.62
SE19,748,515,68.85
SE2,381,179,46.98
SE20,328,206,62.8
SE21,886,714,80.59
SE22,831,655,78.82
SE23,1009,673,66.7
SE24,640,472,73.75
SE25,656,369,56.25
SE26,899,573,63.74
SE27,559,338,60.47
SE28,221,105,47.51
SE3,1897,1400,73.8
SE4,949,695,73.23
SE5,938,704,75.05
SE6,1198,711,59.35
SE7,479,292,60.96
SE8,551,350,63.52
SE9,1765,1019,57.73
SG1,1713,1140,66.55
SG10,326,69,21.17
SG11,979,206,21.04
SG12,1573,359,22.82
SG13,1127,256,22.72
SG14,1518,336,22.13
SG15,73,42,57.53
SG16,176,81,46.02
SG17,291,167,57.39
SG18,565,360,63.72
SG19,995,619,62.21
SG2,1192,660,55.37
SG3,454,145,31.94
SG4,2496,925,37.06
SG5,1610,654,40.62
SG6,1636,754,46.09
SG7,1007,387,38.43
SG8,3535,1790,50.64
SG9,1228,226,18.4
SK1,318,158,49.69
SK10,1005,189,18.81
SK11,664,153,23.04
SK12,413,81,19.61
SK13,1464,1290,88.11
SK14,484,339,70.04
SK15,324,234,72.22
SK16,128,93,72.66
SK17,939,693,73.8
SK2,403,247,61.29
SK22,324,251,77.47
SK23,544,401,73.71
SK3,388,247,63.66
SK4,984,660,67.07
SK5,230,158,68.7
SK6,986,677,68.66
SK7,1056,724,68.56
SK8,1547,1078,69.68
SK9,1287,215,16.71
SL0,951,187,19.66
SL1,1856,330,17.78
SL2,2019,337,16.69
SL3,1620,365,22.53
SL4,1809,1051,58.1
SL5,1237,726,58.69
SL6,3456,1854,53.65
SL7,2190,1466,66.94
SL8,759,522,68.77
SL9,2574,190,7.38
SM1,1074,705,65.64
SM2,737,477,64.72
SM3,535,358,66.92
SM4,919,312,33.95
SM5,753,502,66.67
SM6,782,504,64.45
SM7,1487,388,26.09
SN1,510,349,68.43
SN10,1190,431,36.22
SN11,467,129,27.62
SN12,557,134,24.06
SN13,567,137,24.16
SN14,1039,285,27.43
SN15,1302,370,28.42
SN16,705,213,30.21
SN1O,1,0,0.0
SN2,353,224,63.46
SN25,310,216,69.68
SN26,86,52,60.47
SN3,600,426,71.0
SN38,1,1,100.0
SN4,777,302,38.87
SN5,404,175,43.32
SN6,1103,705,63.92
SN62,1,0,0.0
SN7,1048,911,86.93
SN8,1491,485,32.53
SN9,441,195,44.22
SO14,399,122,30.58
SO15,679,177,26.07
SO16,1486,295,19.85
SO17,385,147,38.18
SO18,505,151,29.9
SO19,624,155,24.84
SO20,1683,706,41.95
SO21,2002,1479,73.88
SO22,1733,1392,80.32
SO23,2140,1703,79.58
SO24,1103,837,75.88
SO30,1389,884,63.64
SO31,2691,2071,76.96
SO32,1708,1220,71.43
SO40,1233,274,22.22
SO41,2461,405,16.46
SO42,552,269,48.73
SO43,430,210,48.84
SO45,900,99,11.0
SO50,1565,984,62.88
SO51,2679,570,21.28
SO52,401,36,8.98
SO53,1959,1012,51.66
SP1,693,208,30.01
SP10,1058,140,13.23
SP11,2869,1068,37.23
SP2,446,132,29.6
SP3,682,259,37.98
SP4,622,191,30.71
SP5,1156,404,34.95
SP6,1232,392,31.82
SP7,732,490,66.94
SP8,418,324,77.51
SP9,95,16,16.84
SR1,243,166,68.31
SR2,371,274,73.85
SR3,247,187,75.71
SR4,202,161,79.7
SR5,347,244,70.32
SR6,432,162,37.5
SR7,251,166,66.14
SR8,229,166,72.49
SS0,788,166,21.07
SS1,620,151,24.35
SS11,814,524,64.37
SS12,620,398,64.19
SS13,548,368,67.15
SS14,575,451,78.43
SS15,550,392,71.27
SS16,711,488,68.64
SS17,472,349,73.94
SS2,541,135,24.95
SS3,465,211,45.38
SS4,761,447,58.74
SS5,1001,613,61.24
SS6,1125,764,67.91
SS7,2106,1502,71.32
SS8,807,482,59.73
SS9,1238,275,22.21
ST1,256,36,14.06
ST10,1325,606,45.74
ST11,262,164,62.6
ST12,160,96,60.0
ST13,938,481,51.28
ST14,910,209,22.97
ST15,663,394,59.43
ST16,568,360,63.38
ST17,850,508,59.76
ST18,801,451,56.3
ST19,824,234,28.4
ST2,194,44,22.68
ST20,297,169,56.9
ST21,402,246,61.19
ST3,448,92,20.54
ST4,574,132,23.0
ST5,2521,1976,78.38
ST6,463,132,28.51
ST7,893,547,61.25
ST8,360,237,65.83
ST9,485,300,61.86
SW1,1,0,0.0
SW10,801,422,52.68
SW11,1963,167,8.51
SW12,1122,309,27.54
SW13,834,623,74.7
SW14,700,508,72.57
SW15,2157,401,18.59
SW16,2061,1040,50.46
SW17,2012,245,12.18
SW18,2310,334,14.46
SW19,3880,1332,34.33
SW1A,562,323,57.47
SW1E,167,95,56.89
SW1H,88,55,62.5
SW1P,435,235,54.02
SW1V,552,259,46.92
SW1W,899,449,49.94
SW1X,1131,634,56.06
SW1Y,365,214,58.63
SW2,994,679,68.31
SW20,1402,525,37.45
SW3,1778,945,53.15
SW4,1186,758,63.91
SW5,409,243,59.41
SW6,2024,1150,56.82
SW7,1457,706,48.46
SW8,1128,387,34.31
SW9,825,547,66.3
SY1,441,314,71.2
SY10,438,255,58.22
SY11,396,236,59.6
SY12,197,107,54.31
SY13,560,324,57.86
SY14,265,143,53.96
SY15,173,120,69.36
SY16,272,206,75.74
SY17,140,96,68.57
SY18,110,72,65.45
SY19,41,23,56.1
SY2,334,228,68.26
SY20,186,74,39.78
SY21,499,325,65.13
SY22,297,193,64.98
SY23,582,75,12.89
SY24,78,13,16.67
SY25,125,19,15.2
SY3,788,526,66.75
SY4,912,503,55.15
SY5,857,489,57.06
SY6,351,251,71.51
SY7,524,310,59.16
SY8,650,410,63.08
SY9,91,67,73.63
T13,2,2,100.0
TA1,169,27,15.98
TA10,641,139,21.68
TA11,744,187,25.13
TA12,372,115,30.91
TA13,309,111,35.92
TA14,222,63,28.38
TA15,54,26,48.15
TA16,115,33,28.7
TA17,146,45,30.82
TA18,581,200,34.42
TA19,739,196,26.52
TA2,94,21,22.34
TA20,865,191,22.08
TA21,139,63,45.32
TA22,160,80,50.0
TA23,227,141,62.11
TA24,809,483,59.7
TA3,259,69,26.64
TA4,511,299,58.51
TA5,741,639,86.23
TA6,1009,918,90.98
TA7,774,700,90.44
TA8,418,386,92.34
TA9,472,434,91.95
TD1,187,21,11.23
TD10,16,2,12.5
TD11,133,12,9.02
TD12,79,24,30.38
TD13,31,12,38.71
TD14,116,2,1.72
TD15,503,193,38.37
TD2,41,5,12.2
TD3,14,4,28.57
TD4,30,4,13.33
TD5,222,18,8.11
TD6,247,26,10.53
TD7,107,13,12.15
TD8,98,10,10.2
TD9,147,25,17.01
TF1,926,285,30.78
TF10,900,312,34.67
TF11,327,178,54.43
TF12,129,96,74.42
TF13,147,94,63.95
TF2,557,170,30.52
TF3,324,107,33.02
TF4,325,98,30.15
TF5,111,42,37.84
TF6,477,154,32.29
TF7,307,91,29.64
TF8,467,158,33.83
TF9,1004,663,66.04
TH6,2,2,100.0
TL1,1,0,0.0
TN09,2,2,100.0
TN1,1138,920,80.84
TN10,671,491,73.17
TN11,1912,1195,62.5
TN12,3175,2270,71.5
TN13,3596,2081,57.87
TN14,2371,1207,50.91
TN15,3618,2109,58.29
TN16,1249,730,58.45
TN17,2252,1802,80.02
TN18,876,681,77.74
TN19,415,122,29.4
TN2,2317,1992,85.97
TN20,616,475,77.11
TN21,1433,1037,72.37
TN22,2225,1664,74.79
TN23,938,281,29.96
TN24,1171,365,31.17
TN25,2017,588,29.15
TN26,1556,482,30.98
TN27,1919,722,37.62
TN28,494,100,20.24
TN29,779,147,18.87
TN3,1815,1396,76.91
TN30,1224,385,31.45
TN31,1118,272,24.33
TN32,523,114,21.8
TN33,1236,361,29.21
TN34,1304,781,59.89
TN35,736,285,38.72
TN36,204,44,21.57
TN37,743,460,61.91
TN38,693,443,63.92
TN39,1027,294,28.63
TN4,1987,1732,87.17
TN40,496,111,22.38
TN5,1031,648,62.85
TN6,1778,1394,78.4
TN7,404,281,69.55
TN8,1862,942,50.59
TN9,1045,718,68.71
TQ1,866,521,60.16
TQ10,213,64,30.05
TQ11,175,82,46.86
TQ12,2567,1470,57.27
TQ13,1445,806,55.78
TQ14,1271,704,55.39
TQ2,581,356,61.27
TQ3,527,245,46.49
TQ4,366,223,60.93
TQ5,423,221,52.25
TQ6,1271,220,17.31
TQ7,2561,396,15.46
TQ8,873,136,15.58
TQ9,2140,497,23.22
TR1,746,96,12.87
TR10,352,66,18.75
TR11,1177,173,14.7
TR12,539,57,10.58
TR13,754,105,13.93
TR14,610,83,13.61
TR15,439,57,12.98
TR16,566,72,12.72
TR17,98,10,10.2
TR18,611,60,9.82
TR19,594,59,9.93
TR2,605,85,14.05
TR20,545,72,13.21
TR21,90,57,63.33
TR22,2,1,50.0
TR23,4,2,50.0
TR24,2,1,50.0
TR25,10,5,50.0
TR26,641,52,8.11
TR27,592,70,11.82
TR3,749,83,11.08
TR4,603,76,12.6
TR5,304,37,12.17
TR6,151,15,9.93
TR7,512,51,9.96
TR8,571,98,17.16
TR9,225,36,16.0
TS1,223,39,17.49
TS10,383,288,75.2
TS11,128,82,64.06
TS12,340,241,70.88
TS13,88,62,70.45
TS14,242,179,73.97
TS15,621,298,47.99
TS16,228,32,14.04
TS17,362,27,7.46
TS18,378,36,9.52
TS19,164,9,5.49
TS2,47,10,21.28
TS20,183,16,8.74
TS21,364,185,50.82
TS22,225,50,22.22
TS23,172,20,11.63
TS24,159,120,75.47
TS25,246,189,76.83
TS26,236,166,70.34
TS27,177,122,68.93
TS28,31,18,58.06
TS29,39,27,69.23
TS3,102,24,23.53
TS4,73,16,21.92
TS5,372,79,21.24
TS6,197,133,67.51
TS7,343,133,38.78
TS8,214,50,23.36
TS9,885,690,77.97
TW1,1312,994,75.76
TW10,1244,915,73.55
TW11,1031,747,72.45
TW12,849,583,68.67
TW13,823,443,53.83
TW14,727,405,55.71
TW15,1376,317,23.04
TW16,1251,371,29.66
TW17,885,255,28.81
TW18,1676,533,31.8
TW19,682,234,34.31
TW2,970,615,63.4
TW20,1723,711,41.27
TW3,980,546,55.71
TW4,571,317,55.52
TW5,774,431,55.68
TW6,18,16,88.89
TW7,1161,716,61.67
TW8,733,463,63.17
TW9,1382,1055,76.34
TY7,1,1,100.0
U10,2,0,0.0
UB1,941,395,41.98
UB10,346,235,67.92
UB11,12,8,66.67
UB2,800,308,38.5
UB3,539,401,74.4
UB4,330,220,66.67
UB5,820,298,36.34
UB6,1391,486,34.94
UB7,253,168,66.4
UB8,341,232,68.04
UB9,783,157,20.05
V1,2,0,0.0
W1,1,1,100.0
W10,693,376,54.26
W11,1598,871,54.51
W12,1133,570,50.31
W13,1097,396,36.1
W14,1106,547,49.46
W19,1,1,100.0
W1A,25,15,60.0
W1B,300,171,57.0
W1C,146,73,50.0
W1D,379,216,56.99
W1F,378,215,56.88
W1G,448,232,51.79
W1H,380,181,47.63
W1J,662,338,51.06
W1K,661,352,53.25
W1R,2,2,100.0
W1S,472,249,52.75
W1T,470,335,71.28
W1U,505,264,52.28
W1V,4,4,100.0
W1W,229,131,57.21
W2,2205,1177,53.38
W3,2001,935,46.73
W4,2377,1319,55.49
W5,2284,862,37.74
W6,1359,717,52.76
W7,792,303,38.26
W8,1753,921,52.54
W9,881,443,50.28
WA1,378,198,52.38
WA10,405,284,70.12
WA11,371,280,75.47
WA12,233,180,77.25
WA13,443,253,57.11
WA14,1298,409,31.51
WA15,1321,322,24.38
WA16,1083,226,20.87
WA2,299,169,56.52
WA3,619,276,44.59
WA4,1128,667,59.13
WA5,585,368,62.91
WA6,526,313,59.51
WA7,326,227,69.63
WA8,536,391,72.95
WA9,320,246,76.88
WC1,2,2,100.0
WC1A,119,89,74.79
WC1B,187,142,75.94
WC1E,104,73,70.19
WC1H,195,140,71.79
WC1N,270,178,65.93
WC1R,35,28,80.0
WC1V,113,89,78.76
WC1X,260,112,43.08
WC2,2,2,100.0
WC2A,140,98,70.0
WC2B,205,135,65.85
WC2E,357,172,48.18
WC2H,515,295,57.28
WC2N,285,146,51.23
WC2R,161,105,65.22
WD1,4,4,100.0
WD17,1583,333,21.04
WD18,755,268,35.5
WD19,1342,824,61.4
WD2,2,2,100.0
WD23,1363,871,63.9
WD24,884,282,31.9
WD25,1346,560,41.6
WD3,4278,3250,75.97
WD4,1233,815,66.1
WD5,658,503,76.44
WD6,1852,1201,64.85
WD7,1603,953,59.45
WE6,3,2,66.67
WF1,653,383,58.65
WF10,477,245,51.36
WF11,272,136,50.0
WF12,413,69,16.71
WF13,394,95,24.11
WF14,344,74,21.51
WF15,203,36,17.73
WF16,131,31,23.66
WF17,525,137,26.1
WF2,686,412,60.06
WF3,495,312,63.03
WF4,787,417,52.99
WF5,258,165,63.95
WF6,187,115,61.5
WF7,235,136,57.87
WF8,476,276,57.98
WF9,354,209,59.04
WN1,258,63,24.42
WN2,407,92,22.6
WN3,169,50,29.59
WN4,268,98,36.57
WN5,345,115,33.33
WN6,617,219,35.49
WN7,349,83,23.78
WN8,1199,617,51.46
WR1,810,576,71.11
WR10,1160,863,74.4
WR11,1838,1279,69.59
WR12,930,711,76.45
WR13,647,340,52.55
WR14,1565,1240,79.23
WR15,344,211,61.34
WR2,996,712,71.49
WR3,756,574,75.93
WR4,342,252,73.68
WR5,1066,748,70.17
WR6,1031,580,56.26
WR7,509,367,72.1
WR8,627,427,68.1
WR9,1197,883,73.77
WS1,407,114,28.01
WS10,313,149,47.6
WS11,875,143,16.34
WS12,496,85,17.14
WS13,983,715,72.74
WS14,741,590,79.62
WS15,1268,473,37.3
WS2,339,87,25.66
WS3,363,120,33.06
WS4,207,62,29.95
WS5,370,74,20.0
WS6,319,88,27.59
WS7,548,450,82.12
WS8,134,52,38.81
WS9,431,156,36.19
WV1,189,147,77.78
WV10,641,341,53.2
WV11,341,196,57.48
WV12,208,104,50.0
WV13,262,123,46.95
WV14,300,167,55.67
WV15,198,122,61.62
WV16,486,339,69.75
WV2,137,107,78.1
WV3,393,294,74.81
WV4,468,259,55.34
WV5,566,186,32.86
WV6,891,476,53.42
WV7,137,76,55.47
WV8,529,166,31.38
WV9,145,53,36.55
Y07,1,0,0.0
YO1,545,360,66.06
YO10,484,338,69.83
YO11,904,177,19.58
YO12,662,112,16.92
YO13,458,182,39.74
YO14,534,98,18.35
YO15,291,178,61.17
YO16,269,183,68.03
YO17,969,644,66.46
YO18,505,373,73.86
YO19,663,428,64.56
YO21,569,82,14.41
YO22,316,28,8.86
YO23,638,462,72.41
YO24,573,425,74.17
YO25,1063,729,68.58
YO26,1291,870,67.39
YO30,787,574,72.94
YO31,575,435,75.65
YO32,575,416,72.35
YO41,324,230,70.99
YO42,499,349,69.94
YO43,361,250,69.25
YO5,8,0,0.0
YO51,547,372,68.01
YO60,405,275,67.9
YO61,1779,1403,78.86
YO62,700,466,66.57
YO7,1676,1254,74.82
YO8,1599,901,56.35
YO91,3,3,100.0
ZE1,153,49,32.03
ZE2,366,106,28.96
ZE3,7,1,14.29
