outcode,total_households,poverty_pct
AL1,17257,38.14
AL10,13495,53.29
AL2,10227,45.19
AL3,11738,39.56
AL4,10624,41.31
AL5,11943,34.33
AL6,5907,38.72
AL7,15374,50.56
AL8,5320,46.28
AL9,4125,41.7
B1,7820,43.07
B10,8629,74.98
B11,14236,71.44
B12,7694,68.88
B13,15774,53.96
B14,17670,57.61
B15,8467,42.6
B16,10673,57.28
B17,11768,45.44
B18,7266,64.08
B19,8146,74.05
B2,486,49.59
B20,12513,63.86
B21,8663,68.01
B22,131,62.6
B23,21983,62.13
B24,11779,59.21
B25,6236,66.31
B26,14721,57.27
B27,11019,62.48
B28,10463,52.81
B29,16931,57.37
B3,948,35.13
B30,13001,51.41
B31,24726,58.74
B32,15833,61.72
B33,13262,68.33
B34,8106,68.06
B35,3737,69.82
B36,14068,61.91
B37,15018,64.7
B38,7719,61.17
B4,1250,45.76
B42,11086,52.78
B43,12279,52.06
B44,13431,63.47
B45,13568,54.72
B46,6126,47.75
B47,4549,47.09
B48,2312,44.46
B49,5644,46.55
B5,4024,57.38
B50,3118,43.49
B6,5427,74.22
B60,13242,44.39
B61,10123,48.87
B62,11367,49.35
B63,15794,54.27
B64,8259,61.98
B65,10705,60.16
B66,10373,66.22
B67,9751,59.92
B68,12359,59.82
B69,11334,59.0
B7,3110,76.53
B70,12897,67.82
B71,12514,62.87
B72,5494,41.46
B73,8457,43.63
B74,13527,43.46
B75,10918,46.04
B76,8114,46.86
B77,23687,53.99
B78,10646,52.27
B79,10541,53.31
B8,12026,75.2
B80,3664,49.65
B9,6233,73.22
B90,20961,44.32
B91,14069,40.32
B92,13678,49.33
B93,8283,38.9
B94,2967,38.25
B95,3120,47.79
B96,2168,42.3
B97,14999,49.3
B98,19258,57.16
BA1,21375,43.31
BA10,2161,45.12
BA11,16372,47.89
BA12,13485,49.96
BA13,9441,50.06
BA14,22173,49.99
BA15,6440,43.8
BA16,6104,53.08
BA2,28847,46.33
BA20,6563,47.78
BA21,15069,51.42
BA22,7931,43.79
BA3,15804,49.46
BA4,7829,48.36
BA5,8744,47.61
BA6,5793,49.16
BA7,1802,51.05
BA8,2309,48.98
BA9,3282,49.09
BB0,126,78.57
BB1,26758,59.27
BB10,17549,59.98
BB11,11003,59.99
BB12,15270,53.03
BB18,8022,50.8
BB2,24137,57.64
BB3,14552,54.48
BB4,18202,51.15
BB5,25864,58.58
BB6,10719,45.98
BB7,11093,43.65
BB8,10871,54.29
BB9,16709,64.73
BD1,5118,65.4
BD10,13567,51.21
BD11,5860,45.53
BD12,8219,56.83
BD13,13284,49.85
BD14,3550,57.07
BD15,6999,56.15
BD16,12221,46.37
BD17,8868,48.57
BD18,11618,54.13
BD19,9791,49.91
BD2,11447,59.0
BD20,17487,45.11
BD21,11003,64.26
BD22,10919,49.4
BD23,13907,44.93
BD24,2214,46.12
BD3,9634,71.1
BD4,13087,63.98
BD5,9668,71.9
BD6,12367,57.52
BD7,9717,68.83
BD8,9455,73.16
BD9,7534,63.84
BH1,14378,58.93
BH10,10306,55.94
BH11,8498,61.04
BH12,16332,54.11
BH13,4026,41.38
BH14,10455,41.64
BH15,15445,53.38
BH16,6618,52.51
BH17,9857,50.99
BH18,4616,43.8
BH19,5324,52.7
BH2,5065,54.29
BH20,8758,51.29
BH21,23861,45.92
BH22,12546,53.58
BH23,25085,50.98
BH24,10521,47.68
BH25,11923,53.66
BH3,2787,46.25
BH31,195,39.49
BH4,4314,46.71
BH5,5414,52.81
BH6,10703,47.75
BH7,3590,45.35
BH8,11987,52.99
BH9,10553,47.74
BL0,8457,44.27
BL1,28915,57.27
BL11,107,94.39
BL2,20579,56.76
BL3,25302,64.13
BL4,14019,62.14
BL5,12265,49.25
BL6,13116,48.45
BL7,6123,40.73
BL8,14918,47.4
BL9,21542,58.63
BN1,38148,49.81
BN10,8776,58.33
BN11,17856,55.18
BN12,10358,51.95
BN13,13092,51.54
BN14,12636,48.28
BN15,12285,58.08
BN16,13818,52.76
BN17,13864,56.7
BN18,6165,47.45
BN2,39943,56.71
BN20,11848,50.32
BN21,11629,57.21
BN22,13640,59.06
BN23,13120,57.51
BN24,3849,52.46
BN25,11418,53.43
BN26,6226,52.59
BN27,13673,53.65
BN3,36979,48.81
BN4,25701,51.71
BN41,676,63.76
BN42,119,61.34
BN43,1252,44.01
BN44,269,55.39
BN5,3439,45.59
BN6,7742,42.38
BN7,8882,46.85
BN8,6883,44.63
BN9,5720,59.3
BR1,26017,47.9
BR2,20359,42.25
BR3,21599,41.68
BR4,7065,43.18
BR5,20851,52.52
BR6,18282,44.55
BR7,7382,40.87
BR8,9746,55.38
BS0,130,52.31
BS1,10324,45.6
BS10,14005,54.89
BS11,7720,59.75
BS12,32378,45.6
BS13,14208,60.12
BS14,13297,53.43
BS15,35642,48.99
BS16,34828,47.45
BS17,22885,47.77
BS18,23825,44.44
BS19,15639,44.61
BS2,8007,54.36
BS20,14515,42.32
BS21,10469,47.36
BS22,17661,52.39
BS23,17180,58.8
BS24,10647,47.49
BS25,2043,44.93
BS26,1748,43.82
BS27,2983,46.23
BS28,1378,42.31
BS3,17750,44.19
BS31,728,37.23
BS32,825,31.15
BS34,2344,36.6
BS35,360,26.94
BS36,111,29.73
BS37,747,42.17
BS39,366,32.79
BS4,19585,51.58
BS49,138,55.07
BS5,21413,53.88
BS6,14687,40.53
BS7,14536,45.09
BS8,10394,39.39
BS9,11600,40.34
CA1,11910,54.11
CA10,7556,45.14
CA11,10369,49.41
CA12,3432,45.4
CA13,7530,43.75
CA14,16711,54.98
CA15,7338,56.43
CA16,2611,49.98
CA17,2111,50.26
CA18,240,46.25
CA19,709,46.26
CA2,19255,54.24
CA20,1357,46.43
CA21,432,41.9
CA22,3997,55.94
CA23,884,53.51
CA24,340,44.41
CA25,2573,54.76
CA26,1511,56.85
CA27,682,36.95
CA28,12502,53.33
CA3,6753,44.19
CA4,5110,41.98
CA5,8865,50.76
CA6,5134,51.38
CA7,3623,51.56
CA8,2487,53.2
CA9,961,51.82
CB1,30053,42.79
CB10,7790,42.04
CB11,6982,40.73
CB2,18390,39.91
CB23,14974,38.31
CB24,15139,41.26
CB25,8260,43.18
CB3,5607,36.92
CB4,17657,47.74
CB5,4222,48.44
CB6,17451,47.5
CB7,11618,48.15
CB8,15588,46.71
CB9,13498,51.32
CF1,23120,50.97
CF10,1868,32.92
CF11,3642,40.66
CF14,32602,45.84
CF15,8108,41.45
CF2,31052,52.44
CF23,6636,50.11
CF24,1378,47.17
CF3,18425,57.66
CF31,20417,51.12
CF32,14078,56.54
CF33,6928,57.29
CF34,8657,62.07
CF35,7792,45.3
CF36,7156,52.19
CF37,17311,57.93
CF38,9325,48.66
CF39,13132,61.01
CF4,249,41.37
CF40,8233,62.76
CF41,4894,59.87
CF42,5763,61.84
CF43,5178,65.72
CF44,18385,59.95
CF45,8327,62.69
CF46,6613,58.48
CF47,10184,61.59
CF48,11390,58.92
CF5,27490,55.5
CF6,44902,51.71
CF61,671,45.75
CF62,1974,36.83
CF63,582,36.77
CF64,404,38.61
CF7,13365,46.78
CF72,1241,32.39
CF8,32831,58.39
CF82,344,29.94
CF83,5833,53.21
CH1,18330,50.54
CH2,13630,45.8
CH25,217,70.05
CH26,140,45.0
CH27,269,60.97
CH28,289,65.74
CH29,194,55.15
CH3,15467,40.46
CH30,180,23.89
CH31,177,52.54
CH32,178,60.11
CH33,157,42.04
CH34,386,52.85
CH4,15361,45.35
CH41,11496,66.52
CH42,14756,61.22
CH43,15349,53.66
CH44,13436,62.74
CH45,13066,53.03
CH46,10606,59.21
CH47,4563,43.81
CH48,6826,43.63
CH49,13221,52.72
CH5,17994,53.18
CH6,8008,56.04
CH60,6018,39.63
CH61,6825,49.1
CH62,13697,51.39
CH63,11958,46.7
CH64,8187,46.57
CH65,13215,57.77
CH66,14423,49.68
CH7,22556,47.8
CH8,8284,55.65
CM0,7638,53.47
CM1,31205,45.59
CM11,8968,42.94
CM12,7949,43.77
CM13,11793,45.93
CM14,9368,42.04
CM15,9278,46.43
CM16,10441,46.16
CM17,10720,46.08
CM18,10842,60.87
CM19,8767,58.23
CM2,24825,45.18
CM20,10721,59.86
CM21,4561,44.81
CM22,7715,44.08
CM23,17209,41.43
CM24,3034,40.64
CM3,22965,45.9
CM4,3891,44.77
CM5,4165,51.84
CM6,11007,43.0
CM7,27407,50.09
CM8,15092,51.49
CM9,14513,49.38
CO1,10694,50.79
CO10,23192,51.04
CO11,6133,48.44
CO12,10495,60.32
CO13,6518,59.47
CO14,3183,65.91
CO15,22114,68.65
CO16,10812,63.57
CO2,15814,50.73
CO3,13321,45.49
CO4,20746,49.19
CO5,12460,49.21
CO6,11579,45.52
CO7,14762,49.34
CO8,610,47.21
CO9,11273,50.6
CR0,70617,55.44
CR2,32243,44.1
CR3,28437,43.04
CR4,40443,57.51
CR5,551,40.47
CR6,116,45.69
CR7,1231,55.24
CR8,475,42.53
CR9,140,78.57
CT1,12913,53.11
CT10,12200,53.29
CT11,13671,58.27
CT12,7776,60.87
CT13,4517,51.36
CT14,16222,54.06
CT15,6363,50.59
CT16,10061,59.2
CT17,7687,58.72
CT18,7275,51.68
CT19,12535,57.91
CT2,12444,51.81
CT20,10398,55.31
CT21,7681,52.12
CT3,7521,50.18
CT4,5695,44.79
CT5,14931,50.7
CT6,17291,56.9
CT7,6086,58.38
CT8,3832,57.49
CT9,18613,62.49
CV1,14066,63.6
CV10,24826,54.41
CV11,17006,52.21
CV12,14457,58.49
CV13,4759,44.97
CV2,28275,57.13
CV21,18893,50.3
CV22,14827,45.83
CV23,13683,39.93
CV3,28302,51.96
CV31,15155,47.49
CV32,14318,41.86
CV33,8949,41.51
CV34,15184,42.12
CV35,11313,40.48
CV36,5462,44.03
CV37,19096,43.13
CV4,13242,52.56
CV5,19869,46.12
CV6,34063,57.33
CV7,9269,49.65
CV8,12771,41.05
CV9,8893,55.5
CW1,20479,52.96
CW10,7603,46.61
CW11,12335,42.46
CW12,15319,45.99
CW2,18452,49.4
CW3,5062,45.81
CW4,4367,41.2
CW5,13907,43.73
CW6,5756,39.42
CW7,14394,55.47
CW8,17545,44.49
CW9,14898,47.77
DA1,26771,49.45
DA10,4560,45.77
DA11,16718,55.53
DA12,18643,56.65
DA13,5956,46.83
DA14,11060,51.87
DA15,11489,46.15
DA16,14408,49.65
DA17,8663,53.99
DA18,2226,66.13
DA2,9354,50.95
DA3,7252,47.96
DA4,3461,45.45
DA5,8004,44.9
DA6,4441,49.47
DA7,13160,48.97
DA8,13018,57.55
DA9,5776,42.78
DE1,12122,56.65
DE11,20688,51.81
DE12,9561,50.24
DE13,19920,46.75
DE14,12921,56.25
DE15,10082,52.63
DE2,45395,55.98
DE21,953,38.09
DE22,20432,48.65
DE23,21334,57.28
DE24,2025,38.52
DE3,7845,41.81
DE4,20889,47.96
DE5,35161,51.66
DE55,13992,54.98
DE56,2512,38.54
DE6,18566,44.4
DE65,2091,30.99
DE7,52233,50.51
DE72,117,24.79
DE73,1540,34.16
DE74,252,24.6
DE75,112,36.61
DH1,21303,46.33
DH2,15380,53.17
DH3,11613,51.68
DH4,15391,53.89
DH5,9144,59.11
DH6,15906,57.23
DH7,19177,54.49
DH8,18225,52.19
DH9,17299,60.49
DH98,169,79.29
DL1,24273,56.03
DL10,9731,44.77
DL11,1854,41.59
DL12,6058,49.47
DL13,6661,55.22
DL14,17933,57.45
DL15,10006,57.04
DL16,9830,53.59
DL17,8631,59.51
DL2,8005,40.9
DL3,17817,49.65
DL4,4464,63.66
DL5,12342,56.0
DL6,8825,47.46
DL7,5686,44.21
DL8,8274,45.58
DL9,4551,49.84
DN1,6101,67.1
DN10,6517,46.31
DN11,13299,52.52
DN12,10868,61.92
DN14,22037,50.62
DN15,16200,57.15
DN16,14068,55.59
DN17,15374,55.31
DN18,6166,50.84
DN19,2645,47.83
DN2,10857,57.52
DN20,8510,51.66
DN21,17576,54.35
DN22,16526,51.11
DN3,13435,51.48
DN31,6691,66.39
DN32,11622,61.22
DN33,9128,55.24
DN34,7220,55.44
DN35,15233,55.96
DN36,9031,47.74
DN37,11924,48.99
DN38,1134,48.15
DN39,1274,53.77
DN4,22631,54.08
DN40,4761,58.75
DN41,116,29.31
DN5,18301,53.28
DN6,12523,59.26
DN7,9276,58.65
DN8,8056,61.01
DN9,8429,45.02
DT1,10361,48.99
DT10,5545,49.9
DT11,12552,48.77
DT2,11051,45.93
DT3,11926,50.93
DT4,16772,56.29
DT5,5484,57.06
DT6,10737,51.37
DT7,2843,47.24
DT8,2751,49.95
DT9,9262,46.71
DY1,16286,59.79
DY10,18105,52.78
DY11,13654,55.1
DY12,6591,52.74
DY13,9742,54.86
DY14,4009,50.49
DY2,12862,62.63
DY3,16045,55.0
DY4,19146,64.12
DY5,18612,58.75
DY6,13018,50.9
DY7,3363,47.58
DY8,21467,49.94
DY9,11548,52.97
E1,36866,55.35
E10,18979,57.95
E11,22163,51.47
E12,12977,67.04
E13,18232,66.61
E14,43666,50.23
E15,23090,55.66
E16,23303,51.41
E17,40906,53.5
E18,8371,43.07
E1W,417,56.59
E2,19735,55.16
E20,2974,32.35
E3,25196,55.17
E4,25550,53.48
E5,20668,60.6
E6,23901,66.75
E7,14770,64.16
E8,21048,52.28
E9,14635,59.26
EC1A,1510,37.22
EC1M,1438,37.0
EC1N,1379,53.37
EC1R,2959,52.59
EC1V,8706,49.21
EC1Y,2048,55.27
EC2A,693,32.61
EC2P,241,31.95
EC2Y,917,33.37
EC3N,161,27.33
EC4A,111,33.33
EC4Y,98,25.51
EN1,20152,54.68
EN10,7860,47.96
EN11,9176,52.57
EN2,12171,47.89
EN3,21201,65.38
EN4,12279,47.81
EN5,16083,47.67
EN6,12094,48.76
EN7,8838,51.52
EN8,15034,57.5
EN9,9850,56.87
EX1,13936,49.67
EX10,8984,49.28
EX11,4160,45.75
EX12,5091,53.49
EX13,7796,51.26
EX14,10080,51.53
EX15,10196,48.5
EX16,15315,52.82
EX17,9216,51.17
EX18,1904,51.89
EX19,1730,50.69
EX2,20059,47.61
EX20,10172,52.67
EX21,1904,54.99
EX22,5276,54.62
EX23,7063,54.03
EX3,1982,43.19
EX31,13780,50.85
EX32,10010,52.85
EX33,4826,46.81
EX34,6812,55.97
EX35,726,52.2
EX36,4259,53.7
EX37,1142,49.74
EX38,3901,52.88
EX39,17271,53.7
EX4,20838,51.37
EX5,9378,43.82
EX6,6598,46.73
EX7,6621,55.13
EX8,16887,51.94
EX9,3164,48.77
FY0,128,53.91
FY1,17389,68.64
FY2,11481,58.56
FY3,13927,56.49
FY4,20514,59.2
FY5,20606,55.82
FY6,13472,49.33
FY7,11543,64.23
FY8,21279,50.73
GL1,18436,55.33
GL10,7498,46.72
GL11,8829,47.07
GL12,5889,42.11
GL13,2464,46.43
GL14,7376,54.64
GL15,10193,51.12
GL16,6116,55.66
GL17,5512,51.27
GL18,4128,49.2
GL19,4345,43.06
GL2,23948,43.68
GL20,12851,46.74
GL3,14936,46.28
GL4,18984,51.71
GL5,14664,45.42
GL50,13651,41.88
GL51,21756,49.6
GL52,21520,41.5
GL53,7566,35.28
GL54,11535,42.41
GL55,2784,40.95
GL56,4369,44.98
GL6,9665,42.26
GL7,20596,44.29
GL8,4196,40.06
GL9,711,43.32
GU1,15309,42.26
GU10,12630,37.02
GU11,11532,50.33
GU12,12554,47.63
GU13,15086,39.52
GU14,22786,47.51
GU15,19632,43.84
GU16,8611,41.06
GU17,13671,43.13
GU18,3111,39.44
GU19,2608,42.98
GU2,11724,45.35
GU20,1834,33.86
GU21,21179,45.51
GU22,14564,41.48
GU23,3133,39.96
GU24,6225,39.15
GU25,2626,35.68
GU26,3629,40.09
GU27,7837,39.71
GU28,3073,44.84
GU29,4542,46.06
GU3,3626,44.68
GU30,4134,43.2
GU31,6150,41.17
GU32,4772,43.69
GU33,3371,40.64
GU34,14293,43.52
GU35,9189,45.82
GU4,5560,37.77
GU47,80,42.5
GU5,4639,37.1
GU51,2197,30.0
GU52,550,32.55
GU6,6600,43.67
GU7,10212,39.6
GU8,6630,40.42
GU9,11625,43.17
HA0,18061,62.63
HA1,17552,50.6
HA2,20706,51.4
HA3,25436,56.09
HA4,21164,45.9
HA5,17005,43.92
HA6,8947,42.16
HA7,13552,49.2
HA8,24145,56.92
HA9,17948,57.42
HD1,14707,61.29
HD2,11267,55.92
HD3,14321,48.39
HD4,11508,54.79
HD5,12895,54.32
HD6,12509,52.01
HD7,24364,44.18
HD8,14000,43.38
HD9,126,44.44
HG1,17604,45.04
HG2,13596,40.4
HG3,12286,40.21
HG4,11091,46.59
HG5,8558,43.87
HP1,12422,46.32
HP10,9726,39.74
HP11,7902,46.91
HP12,7682,53.51
HP13,16514,47.7
HP14,8118,39.96
HP15,6467,41.83
HP16,5270,37.67
HP17,11232,41.58
HP18,9129,37.44
HP19,11258,49.75
HP2,17207,53.77
HP20,6368,48.4
HP21,13400,48.07
HP22,11447,38.88
HP23,8062,40.5
HP3,13280,45.77
HP4,10205,39.06
HP5,10767,47.21
HP6,6576,38.59
HP7,3940,37.39
HP8,2689,36.78
HP9,6701,35.77
HR1,16180,48.88
HR2,16809,53.24
HR3,3921,46.11
HR4,12924,49.47
HR5,2934,50.95
HR6,8880,53.22
HR7,4028,53.0
HR8,6585,49.57
HR9,8943,51.37
HU1,4070,57.67
HU10,9219,44.15
HU11,7845,50.92
HU12,10996,50.27
HU13,6680,44.33
HU14,3774,37.31
HU15,10073,40.88
HU16,7454,46.34
HU17,18651,44.14
HU18,3703,56.68
HU19,3100,66.23
HU2,1843,70.37
HU20,128,50.78
HU3,13139,64.61
HU4,10490,57.07
HU5,21885,53.27
HU6,13684,62.69
HU7,19877,55.6
HU8,15187,56.48
HU9,17091,62.54
HX1,12356,62.38
HX2,15989,53.81
HX3,18077,50.63
HX4,4650,42.54
HX5,3874,55.45
HX6,8080,48.21
HX7,5973,47.53
IG1,22610,61.61
IG10,13829,48.56
IG11,22178,60.59
IG2,11157,53.53
IG3,10364,59.92
IG4,3077,52.78
IG5,5784,54.65
IG6,11106,54.68
IG7,8005,50.06
IG8,13701,47.33
IG9,4998,41.32
IP1,18716,56.54
IP10,4996,48.92
IP11,11462,56.02
IP12,11650,46.88
IP13,8634,46.18
IP14,18946,48.11
IP15,1509,50.17
IP16,3122,55.06
IP17,5615,50.72
IP18,2054,52.04
IP19,4626,53.44
IP2,13863,59.98
IP20,4002,54.45
IP21,5481,50.63
IP22,10104,52.59
IP23,2808,48.08
IP24,12322,56.11
IP25,9230,56.52
IP26,4392,55.19
IP27,8510,58.03
IP28,13370,51.5
IP29,3960,44.97
IP3,15400,52.92
IP30,6300,45.84
IP31,8451,47.46
IP32,7951,47.06
IP33,10520,51.45
IP4,15328,47.81
IP5,7334,45.55
IP6,7389,46.83
IP7,6600,47.45
IP8,4322,45.4
IP9,4873,45.52
KT1,11234,46.98
KT10,9087,34.3
KT11,6661,38.51
KT12,17136,41.66
KT13,9172,36.03
KT14,5524,44.01
KT15,12208,46.4
KT16,8369,47.46
KT17,11766,39.55
KT18,8103,42.87
KT19,14123,44.52
KT2,12965,39.31
KT20,8082,44.99
KT21,5710,40.26
KT22,10032,41.8
KT23,4503,44.79
KT24,3189,35.94
KT3,14971,45.03
KT4,11084,44.29
KT5,8769,44.38
KT6,13205,40.36
KT7,3506,33.31
KT8,8500,41.42
KT9,7659,49.48
L1,6464,50.26
L10,7102,55.91
L11,13651,65.26
L12,13367,53.9
L13,14790,62.81
L14,12069,58.31
L15,13017,54.04
L16,5639,42.92
L17,11756,47.47
L18,10113,42.52
L19,9905,53.48
L2,1771,37.1
L20,17396,66.17
L21,10624,62.49
L22,6733,51.3
L23,12548,48.04
L24,7682,62.05
L25,15151,55.89
L26,6045,55.65
L27,2661,68.73
L28,2750,71.53
L3,6709,50.65
L30,8867,64.18
L31,13219,48.78
L32,9406,65.52
L33,7418,62.7
L34,7403,52.56
L35,13172,55.04
L36,16371,59.5
L37,10045,46.16
L38,999,42.94
L39,12036,47.23
L4,18965,67.09
L40,8481,45.94
L5,5448,71.24
L6,9813,66.0
L67,100,53.0
L68,234,49.15
L69,2549,62.22
L7,6570,62.16
L70,53,75.47
L8,11724,66.07
L9,11798,59.47
LA1,22899,50.5
LA10,1672,45.16
LA11,5401,44.86
LA12,9408,44.4
LA13,9458,48.79
LA14,16607,56.9
LA15,3384,50.21
LA16,1409,49.33
LA17,552,44.75
LA18,3708,53.48
LA19,336,52.98
LA2,9663,43.27
LA20,505,43.96
LA21,639,46.79
LA22,2178,46.1
LA23,3641,45.73
LA3,11181,56.39
LA4,11291,58.21
LA5,7713,46.58
LA6,5155,42.83
LA7,2086,45.35
LA8,3776,40.94
LA9,14096,46.92
LD1,5964,54.09
LD2,2582,50.85
LD3,8316,48.35
LD4,354,51.41
LD5,387,51.16
LD6,1248,50.32
LD7,2173,51.17
LD8,1611,51.83
LE1,8376,60.05
LE10,23537,48.38
LE11,24461,50.71
LE12,30060,42.86
LE13,12529,49.25
LE14,8094,43.85
LE15,14793,41.96
LE16,16645,42.46
LE17,9549,42.48
LE18,14453,53.11
LE19,8042,44.94
LE2,45568,54.81
LE3,42504,56.04
LE4,38064,61.97
LE5,29276,61.9
LE55,225,37.78
LE6,36458,49.49
LE65,336,34.82
LE67,2404,39.39
LE7,20006,43.48
LE8,16799,43.98
LE9,23519,47.87
LL11,19906,51.2
LL12,11131,48.17
LL13,13395,56.33
LL14,14610,55.89
LL15,5087,45.61
LL16,6749,51.06
LL17,2589,50.6
LL18,18147,61.17
LL19,8800,58.57
LL20,3182,49.15
LL21,2793,49.77
LL22,8874,57.64
LL23,1647,48.27
LL24,1033,46.47
LL25,207,47.83
LL26,1873,50.67
LL27,281,51.6
LL28,6795,52.85
LL29,7979,54.63
LL30,10542,55.42
LL31,4143,48.56
LL32,2827,48.96
LL33,2061,50.7
LL34,1969,50.94
LL35,517,44.29
LL36,2041,53.55
LL37,344,55.52
LL38,368,62.77
LL39,147,54.42
LL40,1953,48.95
LL41,2806,53.46
LL42,1038,53.95
LL43,239,51.05
LL44,369,55.01
LL45,448,53.57
LL46,938,52.56
LL48,1302,48.23
LL49,1723,49.16
LL51,524,51.34
LL52,1303,45.59
LL53,6885,50.81
LL54,5059,51.41
LL55,9159,49.07
LL56,1052,40.97
LL57,9757,51.04
LL58,1843,49.86
LL59,2454,42.91
LL60,1408,47.73
LL61,2416,49.92
LL62,1169,51.33
LL63,725,56.69
LL64,280,55.36
LL65,10629,55.97
LL66,883,52.77
LL67,465,55.91
LL68,2260,54.96
LL69,145,50.34
LL70,154,45.45
LL71,836,49.76
LL72,292,51.03
LL73,213,46.48
LL74,1204,53.24
LL75,617,53.16
LL76,174,36.21
LL77,2637,51.19
LN1,14744,49.96
LN10,3412,53.72
LN11,14009,53.77
LN12,6856,71.09
LN13,3718,62.99
LN2,18453,51.63
LN3,7419,50.87
LN4,17778,50.15
LN5,14440,51.19
LN6,26249,49.64
LN7,3046,50.26
LN8,3747,53.75
LN9,4286,55.06
LS1,6214,44.17
LS10,16849,58.16
LS11,16279,64.22
LS12,19644,58.55
LS13,17226,55.71
LS14,17504,58.71
LS15,15213,50.44
LS16,17605,46.46
LS17,18526,43.87
LS18,9205,40.41
LS19,8791,46.71
LS2,3849,49.18
LS20,5483,40.78
LS21,8207,45.47
LS22,7339,41.95
LS23,4031,41.78
LS24,5691,45.35
LS25,19171,46.12
LS26,13734,49.4
LS27,16975,49.09
LS28,16716,46.3
LS29,14228,38.81
LS3,749,63.68
LS4,4163,52.17
LS5,3064,51.44
LS6,17249,51.21
LS7,13124,53.06
LS8,18814,54.16
LS9,17171,65.46
LU1,18831,63.09
LU2,24889,51.28
LU3,22146,58.03
LU4,17930,61.39
LU5,17417,51.7
LU6,13368,47.88
LU7,25417,43.34
M1,7670,37.25
M10,20997,63.0
M11,9762,63.09
M12,8218,68.11
M13,7237,63.66
M14,17680,61.45
M15,10918,45.7
M16,14399,55.37
M17,980,46.43
M18,9824,65.42
M19,14029,57.98
M2,187,20.32
M20,20856,42.69
M21,11936,45.19
M22,18884,61.73
M23,14496,59.34
M24,22972,56.95
M25,22811,50.34
M26,14980,55.24
M27,19138,53.34
M28,24812,51.54
M29,19970,53.03
M3,9126,39.9
M30,26249,55.89
M31,20701,50.76
M32,11295,51.54
M33,25292,44.22
M34,21690,55.71
M35,19212,56.96
M4,8549,32.79
M40,463,61.77
M41,125,62.4
M43,271,52.03
M44,442,31.0
M46,533,29.64
M5,11930,50.09
M50,1817,40.45
M6,13122,58.5
M7,12146,61.41
M8,10139,66.46
M9,16039,64.75
ME1,15109,49.83
ME10,21222,53.96
ME11,2002,62.64
ME12,16374,62.82
ME13,12667,52.3
ME14,16058,46.16
ME15,21748,53.01
ME16,13562,47.13
ME17,10273,46.96
ME18,3224,46.77
ME19,10386,41.35
ME2,16704,51.99
ME20,8570,48.88
ME3,11665,51.33
ME4,13496,57.97
ME5,20857,52.26
ME6,4629,51.46
ME7,19745,55.22
ME8,20539,52.28
ME9,8117,49.76
MK1,4613,54.71
MK10,8846,37.37
MK11,5052,46.4
MK12,7111,51.09
MK13,6800,55.54
MK14,7740,53.75
MK15,3002,48.3
MK16,8506,43.55
MK17,9101,41.06
MK18,13901,41.42
MK19,5088,42.18
MK2,5361,61.78
MK3,10097,51.86
MK4,9177,41.42
MK40,17852,50.09
MK41,17518,48.49
MK42,21578,51.09
MK43,16345,41.5
MK44,7114,43.62
MK45,20208,41.84
MK46,3808,40.39
MK5,5941,44.55
MK6,10028,63.78
MK7,5799,44.66
MK8,4658,41.71
MK9,1967,45.55
N1,41484,49.82
N10,11809,44.54
N11,13728,51.98
N12,13004,49.09
N13,13853,54.92
N14,10642,47.67
N15,20602,63.73
N16,23702,54.83
N17,25261,66.68
N18,11917,68.85
N19,17891,54.42
N1C,547,62.89
N2,10322,45.41
N20,6672,42.72
N21,8076,44.89
N22,16249,60.63
N3,10388,47.01
N4,23199,52.33
N5,10504,42.84
N6,8129,40.52
N7,20861,56.68
N8,16049,48.74
N9,17193,68.03
NE1,6507,46.98
NE10,17117,59.44
NE11,7477,54.41
NE12,17688,50.23
NE13,10004,41.58
NE15,16188,56.2
NE16,10970,48.34
NE17,2398,59.88
NE18,411,50.85
NE19,1900,44.53
NE2,10540,43.12
NE20,4739,38.78
NE21,8241,52.07
NE22,9279,53.82
NE23,18084,52.57
NE24,18104,56.47
NE25,14454,46.14
NE26,7588,43.31
NE27,6753,44.69
NE28,21722,55.82
NE29,17628,56.38
NE3,21488,47.52
NE30,9255,43.98
NE31,10990,53.69
NE32,10503,59.37
NE33,14545,57.62
NE34,22362,59.34
NE35,3146,53.97
NE36,2957,45.45
NE37,9591,60.36
NE38,13060,53.62
NE39,3599,53.57
NE4,13746,65.71
NE40,6696,50.06
NE41,823,40.7
NE42,5381,50.33
NE43,2030,41.58
NE44,693,40.4
NE45,1524,45.54
NE46,7077,47.14
NE47,3156,44.9
NE48,1323,50.57
NE49,1622,55.8
NE5,20965,58.74
NE6,22923,59.78
NE61,16025,46.98
NE62,3938,58.02
NE63,12969,58.64
NE64,2519,64.47
NE65,9307,50.28
NE66,8081,48.9
NE67,479,45.93
NE68,860,51.63
NE69,179,50.84
NE7,5959,43.08
NE70,946,52.96
NE71,1396,56.3
NE8,14047,56.89
NE9,15416,55.24
NG1,7196,45.26
NG10,21286,51.41
NG11,16945,54.04
NG12,16529,43.72
NG13,9572,43.12
NG14,8713,45.12
NG15,20135,51.75
NG16,27582,54.82
NG17,32527,58.42
NG18,22021,56.38
NG19,21759,57.69
NG2,24042,46.83
NG20,11969,62.17
NG21,10368,54.0
NG22,12721,53.68
NG23,7703,43.42
NG24,20855,52.18
NG25,3538,43.92
NG3,22946,53.72
NG31,21219,52.73
NG32,5124,48.77
NG33,4236,47.83
NG34,18730,50.61
NG4,17511,51.94
NG5,37719,54.3
NG6,16470,62.0
NG7,19249,59.46
NG8,24361,59.32
NG9,30823,49.22
NN1,15790,52.64
NN10,17622,50.9
NN11,18085,49.28
NN12,11290,40.84
NN13,9292,41.64
NN14,20637,45.91
NN15,17966,49.56
NN16,12451,56.04
NN17,14065,52.51
NN18,14956,54.4
NN2,17411,52.54
NN29,5247,49.74
NN3,29710,53.69
NN4,20398,43.2
NN5,18490,51.82
NN6,15144,42.54
NN7,11734,45.44
NN8,22561,55.97
NN9,11721,51.49
NP1,24897,54.89
NP10,3226,36.64
NP11,391,47.31
NP12,13500,57.48
NP13,8771,63.64
NP15,4717,43.74
NP16,9754,46.84
NP18,7686,48.09
NP19,22859,57.19
NP2,11514,63.32
NP20,22619,58.45
NP23,14176,60.59
NP25,6544,49.45
NP26,9888,48.3
NP3,163,44.17
NP4,20445,57.36
NP44,20281,57.94
NP7,11669,50.48
NP8,2033,45.4
NR1,16228,51.48
NR10,11189,50.21
NR11,9382,51.51
NR12,10186,55.57
NR13,13100,48.23
NR14,12063,45.92
NR15,7078,47.27
NR16,5227,48.88
NR17,7389,51.06
NR18,8903,47.46
NR19,9386,54.86
NR2,14179,50.32
NR20,8640,50.43
NR21,7649,55.05
NR22,296,57.43
NR23,1628,56.02
NR24,1985,51.28
NR25,4102,54.58
NR26,3863,54.72
NR27,5697,59.03
NR28,7395,56.5
NR29,9546,57.62
NR3,15662,56.76
NR30,14258,67.82
NR31,22323,59.63
NR32,18084,59.75
NR33,17970,57.71
NR34,9684,53.56
NR35,4616,54.4
NR4,9635,50.75
NR5,12954,59.33
NR6,10169,51.5
NR7,13981,51.47
NR8,8916,44.76
NR9,7560,47.31
NW1,27510,56.5
NW10,39640,63.48
NW11,13717,48.9
NW2,26084,59.1
NW3,24069,43.81
NW4,12876,54.66
NW5,10097,56.18
NW6,28631,52.14
NW7,9856,45.11
NW8,13057,52.72
NW9,25723,56.2
OL1,11752,65.16
OL10,12600,56.58
OL11,20218,59.44
OL12,19214,57.61
OL13,7038,55.91
OL14,7246,51.67
OL15,6708,48.85
OL16,12627,57.99
OL2,17749,54.0
OL3,6895,42.6
OL4,16949,58.42
OL5,5467,49.75
OL6,13364,61.07
OL7,6741,62.82
OL8,15228,68.55
OL9,13728,61.87
OX1,8114,42.09
OX10,12160,42.37
OX11,18642,41.7
OX12,13023,42.57
OX13,6825,40.5
OX14,18132,43.81
OX15,9474,39.22
OX16,21665,52.3
OX17,6376,42.79
OX18,11218,43.26
OX2,15581,38.75
OX20,3013,37.7
OX25,5621,40.14
OX26,14862,44.76
OX27,2701,39.65
OX28,12800,45.89
OX29,10082,42.16
OX3,17679,46.74
OX33,3026,43.03
OX39,3426,40.43
OX4,23365,53.55
OX44,3200,43.06
OX49,1874,40.18
OX5,9818,45.87
OX7,9381,43.62
OX9,6465,42.26
PE1,21335,63.65
PE10,10926,46.88
PE11,20299,54.23
PE12,18526,58.65
PE13,16786,62.37
PE14,9662,57.17
PE15,13459,56.88
PE16,4880,54.9
PE17,27388,46.45
PE18,23158,46.33
PE19,17779,46.76
PE2,22491,52.26
PE20,6826,57.56
PE21,19366,59.46
PE22,6661,59.66
PE23,3843,57.4
PE24,5388,67.52
PE25,10563,69.54
PE27,98,38.78
PE28,923,36.73
PE29,583,32.76
PE3,12689,57.49
PE30,20757,56.52
PE31,9614,56.17
PE32,6811,54.66
PE33,6242,51.22
PE34,5428,56.95
PE36,2783,59.18
PE37,5295,58.92
PE38,6872,56.71
PE4,12908,55.54
PE5,577,45.41
PE6,16491,46.2
PE7,19219,48.3
PE8,7185,42.06
PE9,13927,43.92
PL1,15140,59.42
PL10,1808,52.49
PL11,4542,51.83
PL12,9939,49.92
PL13,5040,55.16
PL14,10929,55.54
PL15,9652,53.96
PL16,382,51.83
PL17,4417,54.7
PL18,2342,52.35
PL19,7092,49.49
PL2,14373,55.84
PL20,5606,49.61
PL21,8833,44.49
PL22,1904,50.05
PL23,1564,48.66
PL24,4822,57.15
PL25,12918,55.42
PL26,12285,57.39
PL27,5667,51.19
PL28,1838,57.18
PL29,738,54.47
PL3,12958,49.57
PL30,4344,51.2
PL31,6502,58.03
PL32,1763,57.29
PL33,905,59.23
PL34,708,58.47
PL35,362,48.34
PL4,12576,56.16
PL5,19696,60.9
PL6,17561,52.62
PL7,13795,47.09
PL8,2308,45.41
PL9,12565,47.45
PO1,13845,61.41
PO10,8944,44.16
PO11,8190,54.73
PO12,20953,53.25
PO13,15297,54.93
PO14,15730,46.75
PO15,9643,43.59
PO16,13722,46.69
PO17,3498,45.45
PO18,7260,43.97
PO19,14699,47.36
PO2,17518,53.86
PO20,15063,51.6
PO21,20026,57.57
PO22,12789,52.79
PO3,7960,48.33
PO30,14264,55.26
PO31,6524,48.07
PO32,4026,55.04
PO33,14745,56.53
PO34,896,49.22
PO35,1626,54.12
PO36,8070,60.59
PO37,4194,58.23
PO38,5630,59.24
PO39,1593,54.8
PO4,18125,47.45
PO40,2353,56.52
PO41,834,51.08
PO5,11764,53.14
PO6,17163,52.19
PO7,18956,49.77
PO8,14579,47.94
PO9,20875,57.34
PR0,181,54.7
PR1,31199,56.8
PR11,126,39.68
PR2,32742,51.24
PR25,15858,48.86
PR26,5056,45.65
PR3,17288,45.3
PR4,26520,45.3
PR5,17250,49.17
PR6,16218,46.99
PR7,26196,47.74
PR8,25223,52.67
PR9,19452,55.03
RG1,21425,46.24
RG10,8243,37.32
RG11,31410,37.81
RG12,34518,45.18
RG13,17867,47.72
RG14,12231,43.11
RG15,7200,41.51
RG16,7678,39.84
RG17,3232,45.88
RG18,349,29.8
RG19,602,37.87
RG2,17139,49.99
RG21,14021,49.61
RG22,17175,48.49
RG23,5316,46.82
RG24,16430,41.14
RG25,6461,39.17
RG26,9628,45.1
RG27,8872,37.76
RG28,2881,41.1
RG3,31198,49.28
RG30,215,47.91
RG31,139,28.78
RG4,16888,39.87
RG40,867,26.07
RG41,350,28.0
RG42,1670,38.08
RG5,11094,44.29
RG6,13017,40.15
RG7,12333,40.67
RG8,6402,37.89
RG9,8936,38.5
RH1,22010,44.4
RH10,31062,48.66
RH11,21431,58.07
RH12,22850,42.73
RH13,16125,42.38
RH14,6708,41.58
RH15,14424,45.25
RH16,17158,40.64
RH17,6892,39.48
RH18,2362,43.78
RH19,14382,43.62
RH2,9758,39.33
RH20,11200,43.48
RH3,1942,41.35
RH4,7680,43.91
RH5,5553,43.51
RH6,13865,45.27
RH7,3648,46.46
RH8,6140,41.12
RH9,1834,47.93
RM1,12020,51.66
RM10,16020,62.86
RM11,13873,47.81
RM12,13733,52.11
RM13,11962,56.94
RM14,10488,46.05
RM15,12034,57.58
RM16,22445,51.61
RM17,10802,53.73
RM18,6921,60.79
RM19,253,41.11
RM2,4996,44.18
RM3,17986,59.07
RM4,1452,52.48
RM5,8062,56.15
RM6,12423,57.26
RM7,10350,54.11
RM8,16032,62.33
RM9,12433,66.65
S1,7613,50.98
S10,19453,43.4
S11,14777,40.81
S12,16722,57.25
S13,14004,58.35
S14,4535,67.89
S17,7179,41.73
S18,11072,47.9
S19,12923,53.54
S2,17439,62.72
S20,488,31.97
S21,8652,53.47
S25,9465,53.0
S26,10991,50.85
S3,6379,57.38
S30,35559,48.71
S35,890,59.44
S36,206,29.13
S4,4929,69.34
S40,19659,54.09
S41,15692,54.22
S42,13351,52.36
S43,17829,56.27
S44,9189,57.6
S45,5722,60.49
S5,24514,67.57
S6,24389,51.24
S60,19373,54.09
S61,15193,59.79
S62,10086,58.93
S63,18563,60.21
S64,12649,59.78
S65,13707,65.65
S66,18939,54.47
S7,5848,45.55
S70,20473,59.41
S71,21023,59.32
S72,11452,60.46
S73,12369,58.99
S74,7552,59.92
S75,18973,49.87
S8,18993,51.95
S80,13398,60.17
S81,15807,52.27
S9,9966,65.08
SA1,24891,60.82
SA10,14189,53.23
SA11,15942,61.46
SA12,14870,60.85
SA13,7417,61.09
SA14,16805,54.13
SA15,15727,57.39
SA16,3840,57.81
SA17,4039,56.97
SA18,13330,58.17
SA19,4758,51.16
SA2,15351,47.87
SA20,1215,53.99
SA3,11273,44.27
SA31,8812,51.43
SA32,2295,49.89
SA33,5484,51.86
SA34,2501,51.38
SA35,612,59.64
SA37,1140,52.72
SA38,2199,54.57
SA39,1444,56.37
SA4,19669,49.94
SA40,1533,54.08
SA41,764,51.44
SA42,1254,50.0
SA43,5449,54.4
SA44,4617,54.43
SA45,566,53.71
SA46,1504,52.53
SA47,83,69.88
SA48,3475,54.53
SA5,15742,62.64
SA6,14133,56.72
SA61,7222,55.11
SA62,9667,48.86
SA63,325,45.54
SA64,931,54.46
SA65,1680,56.19
SA66,1555,50.87
SA67,2634,50.34
SA68,2224,54.27
SA69,1762,50.57
SA7,5668,50.71
SA70,3463,55.56
SA71,5304,56.88
SA72,4218,59.06
SA73,8977,57.83
SA8,5348,53.98
SA9,6387,60.03
SE1,37814,48.39
SE10,18827,39.27
SE11,10171,53.92
SE12,12925,49.7
SE13,20126,50.45
SE14,12968,56.49
SE15,27950,56.22
SE16,22904,50.4
SE17,13788,57.93
SE18,34687,56.33
SE19,14113,48.16
SE2,9032,59.95
SE20,10955,51.46
SE21,7784,41.74
SE22,12339,41.96
SE23,15453,46.89
SE24,8951,46.01
SE25,14141,53.5
SE26,12026,52.49
SE27,8390,52.25
SE28,10418,58.9
SE3,14609,44.85
SE4,10385,48.27
SE5,19312,55.53
SE6,20211,57.32
SE7,7728,53.73
SE8,11122,55.72
SE9,24640,54.4
SG1,23066,50.94
SG10,1241,41.66
SG11,3389,44.17
SG12,12743,44.82
SG13,7248,39.46
SG14,8636,44.33
SG15,2683,45.43
SG16,3091,42.35
SG17,5756,42.82
SG18,13003,44.67
SG19,10238,46.95
SG2,17245,51.1
SG3,2698,41.96
SG4,13057,41.44
SG5,13435,44.38
SG6,14523,51.56
SG7,6208,44.02
SG8,16620,43.65
SG9,4941,43.55
SK1,7953,57.09
SK10,20177,42.28
SK11,15516,47.91
SK12,22677,43.89
SK13,15075,48.92
SK14,21832,55.5
SK15,12278,53.49
SK16,8043,59.17
SK17,13138,49.86
SK2,13129,49.76
SK22,154,40.26
SK23,83,36.14
SK3,12197,51.85
SK4,15198,44.58
SK5,13181,60.05
SK6,21557,49.37
SK7,17341,41.74
SK8,23923,45.56
SK9,17267,40.2
SL0,4954,45.12
SL1,29509,55.97
SL2,18621,56.18
SL3,16816,52.06
SL4,18606,41.7
SL5,9137,36.89
SL6,31926,41.25
SL7,8321,37.63
SL8,2809,41.3
SL9,8486,37.1
SM1,19530,49.55
SM2,12095,44.78
SM3,7407,46.83
SM4,14539,52.86
SM5,15378,50.38
SM6,14030,50.84
SM7,6588,41.94
SN1,15745,50.91
SN10,14603,48.89
SN11,11471,46.33
SN12,12190,50.07
SN13,8040,45.66
SN14,12012,43.21
SN15,13245,45.48
SN16,6094,41.09
SN17,114,43.86
SN2,28736,53.38
SN25,8181,36.0
SN3,22748,54.11
SN38,405,48.4
SN4,11693,47.76
SN5,14093,48.58
SN6,9171,44.63
SN7,6008,42.11
SN8,10378,43.12
SN9,3362,44.91
SO1,50155,52.9
SO14,5367,59.1
SO15,398,40.7
SO16,4825,54.13
SO17,6265,52.26
SO18,17316,53.22
SO19,24465,56.24
SO20,4056,41.32
SO21,9791,39.21
SO22,12069,41.53
SO23,8818,45.25
SO24,4128,41.93
SO3,39281,42.92
SO30,1297,34.0
SO31,629,33.07
SO32,502,30.68
SO4,50244,47.84
SO40,269,38.29
SO41,395,63.04
SO45,77,58.44
SO5,46388,45.23
SO50,761,40.87
SO51,1217,32.79
SO53,1192,32.3
SP1,10565,46.31
SP10,18006,50.83
SP11,12669,40.71
SP2,13698,48.85
SP3,5531,45.43
SP4,14288,44.21
SP5,9113,42.72
SP6,5748,45.42
SP7,6364,46.81
SP8,6271,50.61
SP9,3577,41.15
SR1,4916,67.39
SR2,14457,56.17
SR3,16391,59.67
SR4,16543,61.57
SR5,15322,65.51
SR6,12543,50.19
SR7,13582,58.8
SR8,15665,63.61
SS0,20956,54.6
SS1,13450,56.42
SS11,7997,52.91
SS12,7774,49.04
SS13,9949,63.26
SS14,11109,60.35
SS15,13930,56.46
SS16,12316,53.81
SS17,12989,53.61
SS2,15476,59.11
SS22,130,56.92
SS3,11503,56.18
SS4,9218,53.36
SS5,9182,51.08
SS6,13789,47.9
SS7,20555,51.12
SS8,16171,62.98
SS9,20540,48.01
ST1,15151,59.63
ST10,11550,49.79
ST11,4475,48.47
ST12,2542,45.0
ST13,12247,52.2
ST14,8910,48.43
ST15,10455,44.85
ST16,15921,49.12
ST17,16536,48.77
ST18,7154,43.81
ST19,7011,48.92
ST2,15950,61.28
ST20,3436,45.4
ST21,2318,41.63
ST3,28796,59.04
ST4,24637,53.88
ST5,34947,53.63
ST6,28256,60.8
ST7,23960,50.6
ST8,8133,53.36
ST9,3983,46.07
SW10,8998,45.78
SW11,37174,40.78
SW12,15032,36.62
SW13,7410,36.73
SW14,6849,35.98
SW15,26772,44.02
SW16,32022,50.82
SW17,25821,44.39
SW18,27051,35.9
SW19,31890,39.36
SW1A,882,36.51
SW1E,1313,34.35
SW1H,497,51.71
SW1P,6143,50.64
SW1V,10107,53.34
SW1W,3662,40.28
SW1X,2674,32.09
SW1Y,165,51.52
SW2,23076,50.25
SW20,10496,38.66
SW3,8905,42.52
SW4,17780,44.52
SW5,7849,49.17
SW6,30030,42.98
SW7,5854,38.35
SW8,15181,52.05
SW9,17346,54.69
SY1,12915,49.65
SY10,9128,48.09
SY11,10778,52.92
SY12,3709,51.06
SY13,9305,51.81
SY14,2298,45.56
SY15,3443,49.7
SY16,7176,53.36
SY17,1652,49.39
SY18,2018,52.73
SY19,424,53.07
SY2,8736,48.9
SY20,3090,52.3
SY21,7565,52.02
SY22,2568,50.0
SY23,11356,50.61
SY24,1989,48.77
SY25,1430,55.59
SY3,15806,43.94
SY4,10402,48.25
SY5,8764,45.76
SY6,3971,49.38
SY7,4348,50.3
SY8,8114,51.07
SY9,928,50.86
TA1,20227,49.1
TA10,4823,48.66
TA11,3938,47.97
TA12,2752,49.02
TA13,2110,49.57
TA14,1510,51.39
TA15,227,44.49
TA16,903,50.94
TA17,331,45.02
TA18,4314,51.69
TA19,5759,48.43
TA2,13017,47.08
TA20,9355,54.85
TA21,9504,49.34
TA22,1191,53.57
TA23,3326,55.17
TA24,8009,56.49
TA3,5561,45.75
TA4,7740,47.8
TA5,5332,47.22
TA6,22579,54.01
TA7,6255,49.96
TA8,7868,56.56
TA9,5304,59.75
TD12,669,47.83
TD15,7493,54.66
TF1,19781,53.71
TF10,9542,47.84
TF11,5300,44.32
TF12,2591,55.19
TF13,1627,49.05
TF2,16029,54.55
TF3,11438,56.24
TF4,8129,52.42
TF5,2001,43.23
TF6,1527,49.25
TF7,8216,61.98
TF8,293,42.32
TF9,9631,50.55
TN1,7439,43.39
TN10,7280,52.9
TN11,7480,42.91
TN12,12310,45.57
TN13,10865,36.25
TN14,6496,42.47
TN15,9071,45.88
TN16,7613,46.09
TN17,5945,45.25
TN18,3159,47.26
TN19,2417,45.18
TN2,12027,45.91
TN20,1864,43.08
TN21,6968,45.95
TN22,10869,44.74
TN23,18117,51.42
TN24,14280,51.48
TN25,6843,44.37
TN26,5444,51.78
TN27,4754,48.09
TN28,3992,57.29
TN29,5302,62.58
TN3,6069,39.96
TN30,4409,50.51
TN31,6579,53.72
TN32,1811,45.61
TN33,5195,50.11
TN34,15881,57.86
TN35,7105,54.96
TN36,1080,55.56
TN37,9883,57.76
TN38,10530,59.28
TN39,13363,57.37
TN4,10708,44.14
TN40,7500,58.91
TN5,3433,43.78
TN6,10142,44.84
TN7,777,41.96
TN8,5169,45.29
TN9,6954,44.0
TQ1,17363,58.65
TQ10,1734,52.02
TQ11,2220,50.36
TQ12,26460,50.73
TQ13,9056,48.37
TQ14,9011,52.17
TQ2,14352,56.73
TQ3,14864,58.18
TQ4,8996,57.2
TQ5,8825,57.31
TQ6,3962,49.42
TQ7,7919,48.73
TQ8,786,44.66
TQ9,7672,48.46
TR1,10772,49.85
TR10,6080,53.27
TR11,12983,51.48
TR12,4223,54.96
TR13,8867,50.46
TR14,13393,58.0
TR15,10383,57.14
TR16,6589,54.35
TR17,1156,57.18
TR18,10341,59.69
TR19,4297,55.2
TR2,4343,49.34
TR20,3294,52.58
TR21,740,48.78
TR22,76,55.26
TR24,75,45.33
TR25,55,58.18
TR26,5116,54.24
TR27,6005,54.79
TR3,5188,48.57
TR4,4489,47.61
TR5,1632,45.89
TR6,1649,49.85
TR7,10393,53.82
TR8,4093,48.82
TR9,3057,54.99
TS1,8720,66.88
TS10,17109,56.03
TS11,5306,50.81
TS12,10238,55.13
TS13,4562,60.28
TS14,8536,48.45
TS15,6737,39.35
TS16,4965,42.28
TS17,19530,47.68
TS18,11625,55.93
TS19,15053,59.26
TS2,433,71.82
TS20,9232,53.02
TS21,5326,46.9
TS22,4629,41.54
TS23,12202,55.97
TS24,11764,64.55
TS25,17488,59.23
TS26,9538,50.19
TS27,4704,57.78
TS28,2382,58.94
TS29,2601,62.59
TS3,13068,68.48
TS4,7765,60.46
TS5,15113,50.69
TS6,13194,61.29
TS7,10281,47.15
TS8,8709,55.33
TS9,5672,45.72
TW1,12946,35.52
TW10,8727,38.54
TW11,10583,37.26
TW12,9665,44.02
TW13,14365,59.02
TW14,11599,62.88
TW15,12386,49.33
TW16,8858,47.01
TW17,5772,48.44
TW18,11489,45.78
TW19,6797,56.7
TW2,11904,42.48
TW20,8667,49.29
TW3,17349,61.02
TW4,9190,65.58
TW5,9574,63.21
TW6,593,70.32
TW7,15127,50.31
TW8,11243,49.85
TW9,8945,36.3
UB1,13773,68.0
UB10,15156,46.87
UB11,584,59.08
UB18,132,67.42
UB2,10823,68.59
UB3,17356,64.37
UB4,13542,61.13
UB5,17180,60.79
UB6,16897,55.21
UB7,12686,59.07
UB8,12997,55.74
UB9,5598,50.07
W1,119,26.05
W10,15518,63.18
W11,14738,51.91
W12,21828,55.31
W13,15726,46.96
W14,16713,48.28
W1A,5513,41.07
W1B,333,36.94
W1C,506,47.43
W1D,591,58.04
W1G,622,37.62
W1H,2513,38.36
W1J,113,45.13
W1K,122,38.52
W1M,695,51.37
W1N,234,42.74
W1P,1502,51.73
W2,19569,50.8
W3,22856,51.36
W4,19818,38.57
W5,19040,44.13
W6,13623,47.87
W7,10402,52.53
W8,6318,34.33
W9,14465,51.84
WA1,11393,49.14
WA10,19471,55.28
WA11,17446,56.11
WA12,11432,51.43
WA13,5890,39.24
WA14,13831,38.62
WA15,15817,39.96
WA16,9267,41.79
WA2,18169,58.08
WA3,21213,49.63
WA4,21927,42.87
WA5,24608,46.33
WA6,8506,43.08
WA7,27272,59.08
WA8,27477,55.21
WA9,21586,60.58
WC1A,1189,51.47
WC1B,308,49.68
WC1E,232,38.36
WC1H,2718,63.61
WC1N,2104,59.79
WC1R,119,65.55
WC1V,116,68.97
WC1X,1435,58.82
WC2A,218,38.99
WC2B,834,51.92
WC2E,422,37.2
WC2H,413,54.72
WD1,31399,49.88
WD17,213,61.03
WD18,185,48.11
WD19,185,41.08
WD2,30490,48.52
WD23,115,40.0
WD24,129,34.11
WD25,412,30.34
WD3,16185,40.69
WD4,4478,42.18
WD5,4280,48.32
WD6,16186,51.99
WD7,4418,39.0
WF1,19432,55.17
WF10,22270,56.49
WF11,7832,59.92
WF12,15277,58.78
WF13,10580,65.71
WF14,8908,47.79
WF15,7953,54.8
WF16,4042,61.33
WF17,15332,60.1
WF2,22244,54.77
WF3,13430,47.62
WF4,18120,51.15
WF5,9165,51.07
WF6,9509,55.36
WF7,10420,54.3
WF8,15554,53.93
WF9,16564,61.4
WN1,10954,52.53
WN2,22746,56.33
WN3,12587,51.55
WN4,11829,52.04
WN5,19413,55.95
WN6,17505,48.2
WN7,21838,56.46
WN8,19284,56.86
WR1,7139,51.1
WR10,9510,48.76
WR11,20291,50.85
WR12,2720,48.68
WR13,5639,44.87
WR14,14503,49.6
WR15,3033,51.17
WR2,13509,49.34
WR3,9970,45.29
WR4,10737,53.62
WR5,13247,44.89
WR6,3537,42.55
WR7,2123,41.07
WR8,3139,48.42
WR9,13617,49.52
WS1,11455,63.14
WS10,19602,65.16
WS11,20756,55.28
WS12,14562,51.55
WS13,13683,48.31
WS14,6789,40.6
WS15,16027,53.0
WS2,15649,66.32
WS3,21663,62.51
WS4,7346,57.5
WS5,7383,54.56
WS6,6819,55.37
WS7,12868,52.35
WS8,7126,59.4
WS9,10321,53.3
WV1,9087,65.73
WV10,23836,60.68
WV11,14814,59.92
WV12,9960,57.98
WV13,8471,61.89
WV14,19688,62.74
WV15,4247,49.89
WV16,7317,51.13
WV2,7416,63.11
WV3,12756,54.57
WV4,11858,53.78
WV5,5778,50.05
WV6,17988,50.6
WV7,2477,53.33
WV8,6234,52.47
WV9,2848,52.7
YO1,20012,47.07
YO10,149,42.28
YO11,14483,57.97
YO12,17103,53.65
YO13,3908,45.57
YO14,5299,57.58
YO15,8343,61.45
YO16,10485,61.72
YO17,10949,48.87
YO18,5244,50.11
YO19,3095,39.22
YO2,29223,45.35
YO21,6999,51.41
YO22,3315,54.54
YO23,497,41.65
YO24,171,33.92
YO25,14666,49.3
YO26,2993,37.92
YO3,34440,46.57
YO30,1144,42.22
YO31,262,41.98
YO4,16879,44.31
YO42,370,30.0
YO43,318,27.67
YO5,2480,44.11
YO6,13224,44.94
YO61,130,36.92
YO7,8562,46.46
YO8,20300,47.54
