outcode,Price to Income,Rent to Income
AL1,881.87,3.03
AL10,1165.38,3.27
AL2,811.07,3.34
AL3,780.51,3.63
AL4,755.68,3.79
AL5,963.29,3.49
AL6,973.48,4.62
AL7,827.75,3.06
AL8,867.97,2.82
AL9,1247.33,4.6
B1,3828.51,3.81
B10,499.98,3.12
B11,712.85,3.68
B12,930.07,3.65
B13,457.51,2.56
B14,408.96,2.73
B15,1950.48,3.86
B16,862.47,3.46
B17,517.33,3.08
B18,682.52,4.05
B19,558.52,4.02
B2,18086.2,2.73
B20,400.13,2.81
B21,423.42,3.82
B22,,
B23,339.95,2.58
B24,909.73,3.23
B25,422.45,3.8
B26,862.0,3.41
B27,428.18,3.48
B28,444.4,3.64
B29,1182.64,5.39
B3,11939.78,3.18
B30,444.68,2.72
B31,381.49,3.1
B32,385.85,3.25
B33,396.44,4.29
B34,337.82,3.52
B35,1697.31,10.16
B36,395.23,4.73
B37,1272.08,3.18
B38,423.43,2.55
B4,41337.52,4.33
B40,74738.93,
B42,455.47,3.22
B43,383.2,4.16
B44,438.26,3.69
B45,643.15,3.39
B46,788.05,3.07
B47,563.38,3.66
B48,956.92,4.46
B49,742.54,2.97
B5,2317.43,3.78
B50,558.11,2.8
B6,2518.98,6.95
B60,609.1,2.53
B61,595.93,3.16
B62,726.43,2.44
B63,394.09,2.28
B64,540.92,5.77
B65,381.54,3.72
B66,827.62,4.13
B67,317.14,2.93
B68,320.32,2.65
B69,1611.07,2.37
B7,1138.13,7.76
B70,608.13,3.86
B71,313.27,2.84
B72,647.88,2.22
B73,633.63,2.58
B74,743.03,4.12
B75,546.54,3.48
B76,1512.11,3.14
B77,579.09,2.2
B78,982.91,3.37
B79,604.17,2.44
B8,499.12,3.33
B80,605.71,2.58
B9,821.01,3.04
B90,871.34,2.77
B91,905.63,2.85
B92,485.91,2.83
B93,844.02,2.52
B94,976.09,3.41
B95,1071.38,3.23
B96,722.2,2.97
B97,512.1,1.97
B98,1041.62,2.17
B99,,
BA1,1224.75,4.99
BA10,748.66,3.84
BA11,712.74,3.5
BA12,615.27,2.94
BA13,549.6,2.73
BA14,496.67,2.31
BA15,650.71,3.06
BA16,548.79,3.68
BA2,972.21,3.67
BA20,616.72,2.63
BA21,517.61,2.09
BA22,677.8,3.09
BA3,561.68,2.74
BA4,651.7,3.43
BA5,803.5,3.28
BA6,628.17,2.88
BA7,684.09,2.72
BA8,672.26,3.28
BA9,811.25,3.01
BB0,,
BB1,841.88,3.15
BB10,372.85,1.69
BB11,424.25,2.05
BB12,446.76,1.69
BB18,353.92,1.77
BB2,539.21,2.83
BB3,360.71,2.39
BB4,490.82,2.51
BB5,386.06,1.84
BB6,553.85,2.3
BB7,607.36,2.89
BB8,393.09,2.36
BB9,321.27,1.97
BB94,,
BD1,2730.35,3.39
BD10,383.08,2.46
BD11,474.86,2.05
BD12,354.33,2.43
BD13,360.18,1.87
BD14,333.32,2.68
BD15,344.21,2.47
BD16,523.93,2.17
BD17,546.08,2.1
BD18,399.07,2.01
BD19,669.15,2.88
BD2,391.76,2.51
BD20,472.94,1.93
BD21,440.02,2.06
BD22,403.52,2.04
BD23,695.96,3.56
BD24,623.57,1.82
BD3,640.85,3.41
BD4,641.59,2.98
BD5,524.12,2.18
BD6,312.78,2.49
BD7,598.08,2.26
BD8,402.09,2.56
BD9,388.65,2.36
BD97,,
BD98,,
BD99,17252.53,
BH1,1039.82,3.07
BH10,485.76,3.48
BH11,570.26,3.29
BH12,740.52,3.24
BH13,1365.95,4.79
BH14,748.09,3.69
BH15,920.19,3.09
BH16,603.82,3.24
BH17,528.73,2.72
BH18,634.02,4.92
BH19,712.32,2.32
BH2,1430.79,3.11
BH20,664.26,3.41
BH21,824.52,3.67
BH22,723.38,3.25
BH23,897.07,3.43
BH24,844.57,3.95
BH25,686.49,3.84
BH3,830.31,3.26
BH31,713.1,2.93
BH4,1035.5,2.74
BH5,599.64,2.85
BH6,565.38,3.21
BH7,573.89,2.63
BH8,923.07,3.32
BH9,438.74,3.66
BL0,429.42,2.81
BL1,776.82,3.03
BL11,,
BL2,449.99,2.35
BL3,518.48,2.32
BL4,538.51,3.16
BL5,828.49,2.14
BL6,525.98,2.62
BL7,592.52,2.04
BL78,,
BL8,467.69,2.48
BL9,720.97,2.83
BN1,1320.49,3.7
BN10,519.85,4.46
BN11,635.71,4.26
BN12,563.14,2.74
BN13,663.26,3.73
BN14,546.2,2.2
BN15,556.3,5.15
BN16,689.58,3.55
BN17,788.2,2.95
BN18,940.34,4.43
BN2,862.76,4.63
BN20,682.99,3.09
BN21,706.99,3.3
BN22,473.45,2.71
BN23,669.93,3.25
BN24,703.52,2.87
BN25,643.01,3.52
BN26,807.34,4.51
BN27,695.76,3.35
BN3,898.76,3.85
BN4,231.87,
BN41,442.59,4.04
BN42,542.67,2.91
BN43,654.4,5.4
BN44,768.39,4.4
BN45,982.8,
BN5,949.92,3.87
BN50,,
BN51,,
BN52,,
BN6,850.26,4.56
BN7,951.08,4.44
BN8,863.3,4.25
BN88,,
BN9,641.04,2.42
BN91,,
BN95,,
BN99,27095.62,
BR1,958.74,3.32
BR2,635.87,2.96
BR3,688.85,2.92
BR4,609.26,3.42
BR5,708.53,3.82
BR6,755.79,3.68
BR7,828.26,5.13
BR8,940.34,3.44
BR98,,
BS0,,
BS1,5320.9,4.29
BS10,673.5,3.99
BS11,1789.53,3.39
BS12,382.72,
BS13,440.3,4.02
BS14,523.65,3.56
BS15,415.73,3.65
BS16,596.81,4.46
BS17,1129.69,
BS18,639.02,
BS19,549.95,
BS2,1745.89,4.15
BS20,649.65,3.34
BS21,586.71,2.3
BS22,420.84,2.77
BS23,605.57,2.47
BS24,605.5,3.42
BS25,678.61,3.16
BS26,634.09,2.46
BS27,560.4,2.53
BS28,796.23,3.02
BS29,560.2,2.91
BS3,682.89,4.15
BS30,608.43,3.22
BS31,589.04,3.66
BS32,1952.91,3.49
BS34,796.22,5.27
BS35,1145.08,3.13
BS36,626.59,3.55
BS37,558.41,2.74
BS38,,
BS39,567.91,4.37
BS4,673.8,4.16
BS40,762.97,3.33
BS41,590.58,3.33
BS48,675.28,4.69
BS49,571.79,2.37
BS5,581.97,4.99
BS6,599.33,3.73
BS7,466.69,4.53
BS77,,
BS8,724.67,4.32
BS80,,
BS9,575.39,4.21
BS98,,
BS99,,
CA1,652.18,1.96
CA10,569.7,2.92
CA11,623.02,3.65
CA12,749.48,3.47
CA13,465.26,3.96
CA14,477.78,1.95
CA15,294.72,2.3
CA16,541.46,1.64
CA17,561.28,2.55
CA18,727.85,
CA19,478.01,
CA2,362.78,1.72
CA20,338.41,1.46
CA21,311.65,
CA22,307.0,
CA23,427.16,
CA24,331.93,
CA25,266.82,2.33
CA26,307.68,1.53
CA27,355.53,
CA28,341.1,3.16
CA3,476.04,2.36
CA4,669.77,3.08
CA5,594.02,2.74
CA6,733.14,1.39
CA7,485.6,2.62
CA8,549.23,2.25
CA9,441.9,5.64
CA95,,
CA99,,
CB1,1271.83,4.66
CB10,1179.58,3.13
CB11,916.13,3.61
CB2,1656.1,4.64
CB21,869.42,3.36
CB22,877.79,3.08
CB23,952.86,2.99
CB24,590.74,2.53
CB25,546.95,2.86
CB3,1541.4,6.06
CB4,1448.05,3.63
CB5,1430.84,4.12
CB6,482.59,2.86
CB7,493.64,2.54
CB8,1043.43,3.27
CB9,492.55,3.45
CH1,1343.78,2.66
CH2,473.19,2.06
CH25,,
CH26,,
CH27,,
CH28,,
CH29,,
CH3,621.38,3.4
CH30,,
CH31,,
CH32,,
CH33,,
CH34,,
CH4,734.12,4.24
CH41,588.17,3.24
CH42,371.78,2.39
CH43,423.68,2.07
CH44,306.74,2.39
CH45,491.2,2.19
CH46,328.82,2.77
CH47,555.86,3.45
CH48,643.63,2.86
CH49,470.12,3.37
CH6,,
CH60,632.49,2.79
CH61,427.42,2.56
CH62,871.43,2.43
CH63,450.93,2.88
CH64,560.88,2.68
CH65,1029.22,2.39
CH66,380.0,1.99
CH70,,
CH88,,
CH99,8397.25,
CM0,621.3,3.54
CM1,1210.47,3.07
CM11,648.37,4.41
CM12,683.01,3.12
CM13,1044.6,5.02
CM14,1238.06,3.03
CM15,776.17,3.88
CM16,1011.63,4.96
CM17,693.33,3.96
CM18,495.01,3.16
CM19,889.26,4.48
CM2,1087.22,2.95
CM20,1479.36,3.79
CM21,696.09,3.13
CM22,807.12,3.63
CM23,793.72,2.84
CM24,2348.51,2.21
CM3,773.52,3.87
CM4,1091.64,3.11
CM5,1012.08,6.05
CM6,779.36,3.27
CM7,611.68,3.13
CM77,1046.25,3.0
CM8,674.67,2.51
CM9,706.01,4.0
CM92,,
CM98,,
CM99,,
CO1,1068.05,2.47
CO10,737.59,3.16
CO11,534.41,2.61
CO12,522.13,3.01
CO13,683.56,3.88
CO14,541.98,4.29
CO15,543.08,3.5
CO16,720.21,4.17
CO2,566.81,2.82
CO3,639.82,2.73
CO4,792.53,3.2
CO5,644.07,2.69
CO6,728.78,3.67
CO7,669.16,3.51
CO8,921.94,
CO9,666.63,3.84
CR0,1105.88,3.45
CR2,612.71,2.82
CR3,734.42,3.24
CR4,532.9,3.81
CR44,,
CR5,628.77,4.23
CR6,1034.66,4.16
CR7,494.16,3.28
CR8,762.29,3.07
CR9,27649.34,
CR90,,
CT1,901.13,2.31
CT10,1487.16,2.93
CT11,501.25,2.97
CT12,867.03,3.75
CT13,730.95,3.42
CT14,571.74,3.01
CT15,660.24,3.05
CT16,520.88,2.35
CT17,537.63,3.37
CT18,545.44,2.22
CT19,450.86,3.17
CT2,599.92,2.61
CT20,617.58,3.09
CT21,1067.94,2.84
CT3,641.79,2.95
CT4,829.55,3.88
CT5,633.27,3.15
CT50,,
CT6,659.18,3.67
CT7,628.31,3.36
CT8,659.84,3.17
CT9,545.47,3.31
CV1,2202.87,3.67
CV10,747.27,2.51
CV11,678.54,2.4
CV12,384.88,2.61
CV13,735.28,2.66
CV2,659.26,2.8
CV21,698.88,1.89
CV22,488.1,2.67
CV23,1175.13,2.55
CV3,812.57,3.0
CV31,699.53,3.95
CV32,626.35,3.75
CV33,727.42,3.29
CV34,974.07,2.63
CV35,842.65,3.6
CV36,973.7,8.15
CV37,1031.57,4.23
CV4,931.89,3.93
CV47,707.15,2.79
CV5,487.09,2.82
CV6,597.33,2.95
CV7,711.27,3.13
CV8,798.61,2.72
CV9,657.56,2.17
CW1,782.7,2.1
CW10,760.66,2.47
CW11,657.46,2.08
CW12,570.17,2.49
CW2,442.45,2.23
CW3,562.82,2.73
CW4,847.82,4.07
CW5,773.19,3.18
CW6,816.49,3.78
CW7,685.72,3.14
CW8,566.01,2.61
CW9,604.48,2.21
CW98,,
DA1,714.95,3.14
DA10,525.88,2.81
DA11,774.77,2.6
DA12,463.14,2.54
DA13,629.02,3.64
DA14,1177.96,3.3
DA15,509.34,3.56
DA16,524.44,3.47
DA17,1477.48,3.88
DA18,1685.13,
DA2,819.27,3.96
DA3,687.35,3.54
DA4,705.5,2.75
DA5,548.99,3.8
DA6,641.59,2.9
DA7,462.52,3.18
DA8,952.92,3.56
DA9,917.08,2.91
DE1,1516.45,2.77
DE11,465.62,1.88
DE12,875.19,2.14
DE13,572.15,2.09
DE14,1124.42,1.91
DE15,495.09,3.45
DE2,578.95,
DE21,612.1,2.22
DE22,455.93,2.24
DE23,366.22,2.07
DE24,740.65,2.18
DE3,483.77,2.59
DE4,599.51,2.87
DE45,781.8,3.02
DE5,861.2,1.99
DE55,633.79,2.45
DE56,558.21,2.74
DE6,733.45,2.25
DE65,728.05,2.04
DE7,380.92,2.38
DE72,493.84,3.04
DE73,557.81,2.53
DE74,1619.76,1.76
DE75,387.61,2.76
DE99,,
DG16,601.79,
DH1,1038.44,2.88
DH2,351.58,2.66
DH3,414.72,1.89
DH4,368.18,1.91
DH5,323.94,1.9
DH6,306.82,1.84
DH7,381.56,2.06
DH8,372.02,2.07
DH9,360.54,1.65
DH97,,
DH98,,
DH99,1496.43,
DL1,747.51,1.96
DL10,547.84,2.0
DL11,665.5,1.9
DL12,594.8,1.95
DL13,469.85,2.06
DL14,395.17,1.76
DL15,348.57,1.76
DL16,910.85,1.64
DL17,343.8,1.79
DL2,684.8,2.8
DL3,460.16,1.72
DL4,299.81,1.66
DL5,829.65,1.91
DL6,677.43,2.77
DL7,605.16,2.24
DL8,606.94,2.07
DL9,421.83,1.68
DL98,,
DN1,1029.11,1.94
DN10,539.78,2.43
DN11,529.44,2.27
DN12,389.75,2.52
DN14,561.55,2.07
DN15,704.92,1.78
DN16,346.59,2.12
DN17,440.89,1.88
DN18,449.35,1.77
DN19,358.56,1.87
DN2,503.88,1.89
DN20,441.08,1.9
DN21,474.06,1.84
DN22,494.34,2.05
DN3,459.0,2.52
DN31,605.18,2.32
DN32,453.2,2.1
DN33,341.96,2.88
DN34,307.44,3.18
DN35,417.33,2.63
DN36,454.91,2.93
DN37,462.23,2.73
DN38,473.67,
DN39,449.55,3.42
DN4,618.79,1.83
DN40,330.97,2.2
DN41,452.05,2.37
DN5,391.48,1.85
DN55,,
DN6,773.63,1.89
DN7,447.47,2.19
DN8,474.08,2.0
DN9,492.83,2.03
DT1,612.92,2.97
DT10,717.35,2.36
DT11,630.76,3.48
DT2,747.96,3.23
DT3,741.25,2.99
DT4,684.19,2.82
DT5,423.84,2.36
DT6,738.94,3.71
DT7,782.05,4.15
DT8,720.55,3.34
DT9,727.78,2.48
DY1,614.79,2.33
DY10,628.23,2.7
DY11,662.75,2.17
DY12,818.53,3.23
DY13,552.51,2.09
DY14,2361.64,2.82
DY2,395.28,2.62
DY3,487.17,2.37
DY4,423.63,2.9
DY5,542.47,3.12
DY6,444.34,2.37
DY7,718.56,2.61
DY8,479.13,2.8
DY9,663.67,2.91
E1,3766.05,5.6
E10,852.81,3.89
E11,526.73,3.75
E12,478.19,4.49
E13,693.11,4.5
E14,2415.2,5.3
E15,2317.74,4.01
E16,2841.07,4.43
E17,799.69,4.04
E18,557.13,3.51
E1W,921.38,
E2,1305.33,5.14
E20,2895.53,
E22,,
E3,1281.72,4.44
E4,600.48,3.58
E5,689.09,5.19
E6,892.31,4.48
E7,458.9,4.24
E77,,
E8,941.01,5.05
E9,720.24,5.53
E98,,
EC1A,7043.54,
EC1M,6343.74,
EC1N,10478.51,
EC1P,,
EC1R,4504.53,
EC1V,6440.74,
EC1Y,12918.91,
EC2A,11014.36,
EC2M,19463.97,
EC2N,31485.45,
EC2P,30401.29,
EC2R,19266.81,
EC2V,35299.79,
EC2Y,1438.92,
EC3A,10519.0,
EC3B,,
EC3M,17284.37,
EC3N,20275.38,
EC3P,,
EC3R,11673.52,
EC3V,18587.58,
EC4A,14590.76,
EC4M,11877.53,
EC4N,18498.81,
EC4P,,
EC4R,13776.41,
EC4V,15748.66,
EC4Y,11488.11,
EC50,,
EC88,,
EN1,966.04,3.74
EN10,822.24,3.08
EN11,1614.31,3.09
EN2,961.96,3.85
EN3,1078.91,4.24
EN4,929.44,6.38
EN5,1008.11,4.19
EN6,1025.61,5.45
EN7,709.5,6.79
EN77,,
EN8,1102.33,3.22
EN9,729.89,5.63
EX1,1026.35,3.8
EX10,681.29,2.97
EX11,667.09,2.03
EX12,621.67,2.17
EX13,674.71,2.18
EX14,661.71,2.28
EX15,608.22,2.24
EX16,653.11,2.61
EX17,628.09,1.98
EX18,772.75,2.89
EX19,765.12,2.59
EX2,801.84,3.12
EX20,633.36,2.28
EX21,711.25,2.73
EX22,710.58,2.35
EX23,754.26,3.04
EX24,710.63,3.52
EX3,769.83,4.22
EX31,716.6,2.18
EX32,609.74,2.26
EX33,622.45,2.73
EX34,688.22,2.18
EX35,834.39,
EX36,889.44,2.48
EX37,798.08,2.82
EX38,563.09,2.2
EX39,626.56,2.75
EX4,968.77,3.57
EX5,672.12,2.43
EX6,716.38,2.7
EX7,590.01,3.13
EX8,552.74,3.11
EX9,689.88,3.17
FY0,,
FY1,666.42,2.38
FY2,409.07,1.77
FY3,314.32,2.24
FY4,479.32,1.83
FY5,453.67,2.44
FY6,511.18,2.7
FY7,513.97,1.95
FY8,569.8,2.39
GIR,,
GL1,880.62,3.03
GL10,635.02,2.84
GL11,523.44,3.94
GL12,610.77,2.89
GL13,588.66,5.87
GL14,482.51,1.97
GL15,580.44,3.49
GL16,503.41,2.21
GL17,491.62,2.78
GL18,585.8,2.05
GL19,747.22,2.55
GL2,636.28,2.85
GL20,694.72,3.74
GL3,709.54,2.52
GL4,609.57,3.0
GL5,594.92,2.47
GL50,1015.6,2.88
GL51,643.39,2.91
GL52,581.44,3.47
GL53,710.12,2.29
GL54,982.72,6.04
GL55,1218.52,3.64
GL56,1019.05,6.5
GL6,816.73,5.41
GL7,1018.85,4.49
GL8,948.69,4.42
GL9,826.08,
GU1,1401.71,2.93
GU10,1034.19,5.46
GU11,890.14,2.28
GU12,511.64,3.46
GU13,308.46,
GU14,859.84,2.7
GU15,803.6,2.77
GU16,887.97,3.69
GU17,566.71,3.08
GU18,598.55,5.01
GU19,615.68,2.99
GU2,870.41,3.43
GU20,2081.45,4.31
GU21,1277.93,2.97
GU22,698.65,3.19
GU23,927.34,5.66
GU24,858.87,5.48
GU25,1953.51,6.46
GU26,1136.37,4.22
GU27,930.23,2.66
GU28,1315.64,3.97
GU29,1231.0,6.2
GU3,1003.25,3.97
GU30,813.72,4.62
GU31,876.06,4.67
GU32,1117.28,2.97
GU33,919.78,4.16
GU34,869.74,3.03
GU35,700.42,5.0
GU4,827.88,3.9
GU46,559.54,3.84
GU47,504.58,2.6
GU5,1189.73,5.68
GU51,620.72,2.61
GU52,557.66,1.87
GU6,1038.99,3.72
GU7,842.23,4.46
GU8,1213.9,11.01
GU9,774.49,4.23
GU95,,
HA0,813.35,3.83
HA1,1014.04,3.35
HA2,594.66,3.29
HA3,658.07,3.64
HA4,665.12,3.17
HA5,696.97,3.24
HA6,967.22,3.85
HA7,873.93,5.12
HA8,601.13,3.99
HA9,2916.16,4.13
HD1,1089.03,2.53
HD2,550.29,2.7
HD3,400.72,1.95
HD4,436.29,2.83
HD5,536.4,2.3
HD6,457.23,2.8
HD7,367.36,1.78
HD8,515.02,2.37
HD9,482.67,2.67
HG1,1032.87,3.63
HG2,700.64,2.84
HG3,831.97,3.04
HG4,684.99,2.96
HG5,816.65,4.52
HP1,600.11,3.27
HP10,803.77,4.34
HP11,1111.02,2.94
HP12,610.03,2.9
HP13,626.44,2.29
HP14,779.18,4.87
HP15,614.65,2.97
HP16,891.6,3.32
HP17,860.59,3.65
HP18,727.45,3.41
HP19,549.23,2.49
HP2,1335.39,3.58
HP20,774.41,2.86
HP21,477.25,3.11
HP22,738.11,3.4
HP23,766.55,5.58
HP27,828.23,4.66
HP3,970.39,2.99
HP4,865.25,3.26
HP5,735.51,2.92
HP6,789.28,2.96
HP7,908.87,3.37
HP8,1073.34,5.24
HP9,1160.83,10.36
HR1,631.77,2.71
HR2,593.54,2.88
HR3,800.78,2.58
HR4,622.69,2.21
HR5,563.63,2.64
HR6,644.29,2.69
HR7,657.36,1.79
HR8,697.15,2.07
HR9,668.29,2.73
HU1,1895.12,2.78
HU10,507.62,2.08
HU11,423.32,1.97
HU12,429.05,2.58
HU13,842.09,2.03
HU14,677.35,2.66
HU15,490.31,1.77
HU16,494.71,2.79
HU17,504.27,1.95
HU18,422.73,2.12
HU19,306.13,2.08
HU2,501.82,2.33
HU20,457.43,
HU3,446.9,1.84
HU4,340.02,2.06
HU5,271.23,1.96
HU55,,
HU6,414.15,2.07
HU7,453.76,1.89
HU8,276.11,1.92
HU9,533.56,2.31
HX1,741.26,2.25
HX2,429.78,2.48
HX3,428.12,2.66
HX4,482.13,2.05
HX5,732.31,2.39
HX6,439.62,1.96
HX7,457.07,3.3
IG1,1287.99,3.41
IG10,792.53,4.09
IG11,1749.0,3.75
IG2,587.38,3.28
IG3,479.32,3.54
IG4,783.49,3.05
IG5,507.73,4.06
IG6,554.55,3.42
IG7,931.56,6.64
IG8,681.16,3.62
IG9,581.24,3.55
IP1,776.58,3.3
IP10,701.78,7.52
IP11,587.53,2.8
IP12,711.75,3.14
IP13,730.26,3.68
IP14,596.54,2.64
IP15,1043.76,6.41
IP16,612.32,2.79
IP17,764.73,2.87
IP18,899.19,4.34
IP19,690.52,3.26
IP2,750.39,2.9
IP20,865.63,3.95
IP21,652.45,3.44
IP22,627.82,3.0
IP23,962.32,3.33
IP24,543.36,2.88
IP25,525.3,2.86
IP26,652.44,3.19
IP27,411.93,3.21
IP28,721.12,2.91
IP29,728.19,4.2
IP3,1110.68,3.35
IP30,742.55,2.74
IP31,698.7,2.83
IP32,856.62,3.1
IP33,809.01,3.21
IP4,498.89,3.27
IP5,713.16,2.44
IP6,657.62,2.54
IP7,837.72,1.9
IP8,630.12,2.53
IP9,775.44,2.75
IP98,,
KT1,1364.06,4.36
KT10,1224.59,5.12
KT11,1457.9,7.33
KT12,899.07,4.0
KT13,1700.45,5.18
KT14,611.88,4.1
KT15,625.23,3.3
KT16,1658.56,3.73
KT17,712.84,3.69
KT18,854.84,4.05
KT19,582.99,3.12
KT2,1034.97,4.78
KT20,1063.28,6.05
KT21,753.4,4.1
KT22,1206.4,12.3
KT23,863.64,5.24
KT24,1038.93,5.89
KT3,781.2,4.07
KT4,528.43,4.49
KT5,585.67,4.68
KT6,1178.98,3.83
KT7,990.86,4.68
KT8,809.76,6.18
KT9,647.5,2.99
L1,2591.33,3.19
L10,291.45,2.17
L11,318.19,2.3
L12,427.32,3.08
L13,400.53,2.53
L14,293.69,2.04
L15,403.46,3.77
L16,386.22,2.6
L17,413.74,2.58
L18,480.55,2.71
L19,410.86,2.14
L2,6029.85,2.95
L20,462.55,2.86
L21,336.71,2.5
L22,375.76,2.09
L23,470.62,3.73
L24,1238.12,3.38
L25,501.2,3.13
L26,488.8,2.57
L27,303.59,2.65
L28,216.53,2.33
L29,603.67,
L3,2695.99,2.94
L30,457.8,3.66
L31,508.18,2.75
L32,324.64,2.54
L33,961.53,2.18
L34,760.27,5.54
L35,340.68,2.28
L36,372.11,3.43
L37,549.77,5.69
L38,577.96,
L39,569.26,1.7
L4,297.46,2.83
L40,685.35,2.93
L41,244.56,
L42,332.95,
L43,115.2,
L44,124.79,
L45,356.44,
L46,355.52,
L47,288.4,
L48,189.44,
L49,,
L5,622.05,4.19
L6,399.68,4.13
L60,370.23,
L61,22.16,
L62,37.81,
L63,,
L64,423.15,
L65,266.94,
L66,489.72,
L67,,
L68,,
L69,6.34,
L7,968.05,3.23
L70,,
L71,,
L72,,
L73,,
L74,,
L75,2797.26,
L8,762.8,3.11
L80,,
L9,343.34,2.51
LA1,512.58,2.42
LA10,607.08,
LA11,530.54,2.04
LA12,550.18,2.54
LA13,376.83,2.85
LA14,412.86,2.42
LA15,306.25,2.24
LA16,354.23,
LA17,488.12,
LA18,352.09,1.84
LA19,466.04,
LA2,607.78,2.39
LA20,634.5,
LA21,670.95,4.26
LA22,957.42,2.0
LA23,976.56,1.81
LA3,454.67,2.46
LA4,376.21,3.53
LA5,486.6,2.15
LA6,629.44,3.09
LA7,525.94,2.19
LA8,712.3,2.86
LA9,611.47,2.11
LD7,494.31,3.32
LD8,555.33,1.8
LE1,2443.39,2.65
LE10,821.23,2.39
LE11,656.51,2.63
LE12,593.14,2.37
LE13,956.32,2.09
LE14,656.82,2.93
LE15,686.76,3.08
LE16,840.16,3.61
LE17,1508.05,2.91
LE18,483.51,2.65
LE19,1670.21,2.11
LE2,578.64,2.56
LE21,,
LE3,593.93,2.52
LE4,509.36,3.08
LE41,,
LE5,432.53,3.27
LE55,,
LE6,502.72,2.16
LE65,1037.83,2.01
LE67,660.13,2.29
LE7,772.67,2.62
LE8,558.86,2.86
LE87,,
LE9,547.39,2.22
LE94,,
LE95,,
LE99,,
LL14,384.24,2.71
LN1,533.73,2.95
LN10,605.06,3.01
LN11,695.96,2.22
LN12,474.32,4.08
LN13,509.21,2.97
LN2,547.86,2.53
LN3,474.64,3.73
LN4,424.52,3.07
LN5,607.93,2.53
LN6,602.02,2.39
LN7,480.43,3.0
LN8,533.14,2.12
LN9,529.89,2.31
LS1,10768.0,3.0
LS10,1039.08,3.27
LS11,1619.21,2.91
LS12,742.55,3.39
LS13,392.34,2.13
LS14,526.51,3.66
LS15,461.68,2.14
LS16,679.07,2.33
LS17,542.34,2.88
LS18,452.39,2.31
LS19,493.51,2.13
LS2,8798.47,3.97
LS20,742.45,2.43
LS21,630.22,2.12
LS22,705.52,3.67
LS23,661.11,2.53
LS24,507.18,2.64
LS25,518.22,2.27
LS26,583.15,2.56
LS27,574.75,2.23
LS28,425.73,2.36
LS29,692.03,2.25
LS3,11216.25,5.3
LS4,643.26,4.37
LS5,1149.53,3.18
LS6,936.81,5.24
LS7,550.54,3.16
LS8,467.24,2.53
LS88,,
LS9,719.02,3.29
LS98,,
LS99,,
LU1,1781.24,2.83
LU2,527.39,2.94
LU3,440.51,2.95
LU4,1179.9,3.11
LU5,1581.05,2.69
LU6,593.23,2.59
LU7,585.34,2.59
LU95,,
M1,7520.79,3.72
M10,,
M11,418.1,4.59
M12,840.93,3.68
M13,708.13,4.94
M14,822.41,6.77
M15,1626.7,4.97
M16,612.32,3.55
M17,10705.07,
M18,326.71,3.83
M19,411.08,5.01
M2,13028.71,3.38
M20,531.76,3.23
M21,443.06,2.82
M22,636.74,3.09
M23,472.28,3.35
M24,620.41,2.8
M25,519.36,2.83
M26,447.95,2.45
M27,491.77,2.8
M28,539.04,3.55
M29,386.23,2.42
M3,5172.82,4.25
M30,401.33,3.2
M31,560.89,2.47
M32,709.99,3.57
M33,547.07,2.75
M34,421.35,2.75
M35,391.94,2.53
M38,255.4,2.97
M4,1655.22,3.56
M40,444.98,3.7
M41,754.29,2.69
M43,383.39,2.52
M44,1016.01,2.79
M45,392.48,2.37
M46,360.96,2.35
M5,907.79,3.44
M50,2686.2,3.22
M52,,
M6,440.0,3.51
M60,53179.86,
M61,,
M7,466.34,3.5
M8,380.89,4.03
M9,266.94,3.11
M90,39414.59,
M99,1564.44,
ME1,551.01,2.77
ME10,680.96,2.45
ME11,780.52,2.8
ME12,641.84,3.15
ME13,665.34,2.82
ME14,772.24,2.3
ME15,917.62,3.54
ME16,643.72,2.52
ME17,760.53,3.93
ME18,669.54,3.05
ME19,809.37,3.28
ME2,454.35,2.26
ME20,1346.36,2.77
ME3,690.97,3.0
ME4,818.77,2.97
ME5,447.98,2.68
ME6,643.69,2.16
ME7,478.23,2.48
ME8,581.8,3.41
ME9,668.16,2.52
ME99,,
MK1,11787.35,
MK10,1049.15,2.68
MK11,744.54,2.91
MK12,848.12,3.43
MK13,561.8,2.28
MK14,713.18,2.49
MK15,1394.09,2.52
MK16,3007.87,3.17
MK17,979.46,2.48
MK18,740.63,2.46
MK19,591.22,3.16
MK2,531.71,2.92
MK3,546.47,3.65
MK4,442.32,2.7
MK40,770.46,2.25
MK41,646.75,3.14
MK42,816.07,2.8
MK43,1493.51,2.26
MK44,900.01,3.66
MK45,579.17,2.71
MK46,694.75,2.95
MK5,751.27,2.81
MK6,513.93,2.71
MK7,587.52,2.47
MK77,,
MK8,598.61,2.89
MK9,4524.53,3.39
MK98,,
N1,1093.76,5.12
N10,696.24,2.79
N11,879.03,3.95
N12,800.4,4.95
N13,498.57,2.99
N14,1014.8,3.54
N15,729.37,4.84
N16,881.14,4.85
N17,1239.8,5.67
N18,1752.17,4.07
N19,1017.3,4.88
N1C,4099.1,
N1P,,
N2,1398.29,10.28
N20,1317.91,4.56
N21,691.88,4.23
N22,762.24,4.23
N3,858.44,4.22
N4,640.51,4.31
N5,797.88,4.55
N6,1703.76,5.82
N7,1298.93,4.58
N8,834.91,3.93
N81,,
N9,566.34,3.97
NE1,7184.52,4.8
NE10,501.64,2.68
NE11,1715.4,2.62
NE12,584.38,3.04
NE13,549.42,3.23
NE15,493.73,2.43
NE16,474.0,2.17
NE17,317.59,1.58
NE18,625.64,
NE19,897.13,
NE2,1490.58,4.57
NE20,761.18,4.84
NE21,443.4,3.56
NE22,328.47,1.49
NE23,510.74,2.52
NE24,328.63,2.03
NE25,549.78,1.8
NE26,542.6,4.0
NE27,685.44,2.1
NE28,447.98,3.71
NE29,480.92,2.6
NE3,645.31,2.87
NE30,472.91,4.26
NE31,467.33,2.1
NE32,379.93,2.23
NE33,591.57,4.24
NE34,381.69,2.75
NE35,491.15,1.46
NE36,527.27,
NE37,989.76,1.89
NE38,788.23,2.21
NE39,468.11,2.22
NE4,809.61,3.6
NE40,380.06,2.01
NE41,583.56,
NE42,433.33,
NE43,626.47,3.76
NE44,741.39,
NE45,768.09,2.1
NE46,632.05,3.12
NE47,767.11,1.7
NE48,547.39,3.05
NE49,398.95,
NE5,420.05,2.42
NE6,1418.53,4.18
NE61,631.63,3.86
NE62,287.06,2.26
NE63,465.4,2.18
NE64,302.06,2.33
NE65,654.53,1.93
NE66,755.84,2.42
NE67,890.03,
NE68,552.17,1.78
NE69,1014.82,
NE7,752.82,2.29
NE70,875.87,
NE71,679.75,1.8
NE8,412.26,3.27
NE82,,
NE83,,
NE85,,
NE88,,
NE89,,
NE9,351.5,2.48
NE92,,
NE98,,
NE99,,
NG1,4457.44,3.93
NG10,420.34,2.3
NG11,541.27,2.73
NG12,605.88,3.43
NG13,586.94,2.46
NG14,604.83,3.34
NG15,644.04,2.28
NG16,507.96,2.54
NG17,540.88,2.18
NG18,527.33,1.84
NG19,441.94,2.14
NG2,816.04,2.88
NG20,875.0,2.21
NG21,441.8,2.37
NG22,658.91,2.57
NG23,666.62,2.64
NG24,504.8,2.08
NG25,718.61,2.86
NG3,569.68,3.57
NG31,517.26,1.98
NG32,807.39,3.42
NG33,747.64,3.72
NG34,451.2,2.79
NG4,418.31,2.56
NG5,427.06,2.7
NG6,511.99,2.75
NG7,3720.63,4.38
NG70,,
NG8,459.28,4.03
NG80,22100.78,
NG9,547.92,3.25
NG90,181923.21,
NN1,949.62,2.65
NN10,578.32,2.49
NN11,1102.34,2.8
NN12,949.02,3.45
NN13,820.98,3.58
NN14,1180.38,2.7
NN15,877.68,2.56
NN16,434.16,1.98
NN17,910.23,2.5
NN18,594.54,2.45
NN2,533.88,2.95
NN29,582.4,2.88
NN3,714.16,2.72
NN4,1749.0,2.5
NN5,773.71,2.92
NN6,1486.28,2.87
NN7,831.82,2.93
NN8,1021.75,2.8
NN9,628.25,2.5
NN99,,
NP16,630.25,2.39
NP25,610.05,3.22
NP5,451.98,
NP6,543.46,
NP7,611.74,3.5
NR1,634.48,3.14
NR10,571.56,3.44
NR11,661.94,3.43
NR12,612.1,3.93
NR13,633.86,2.57
NR14,646.24,2.72
NR15,581.75,3.72
NR16,634.7,3.76
NR17,593.85,2.7
NR18,621.26,3.02
NR19,532.3,2.2
NR2,971.92,3.14
NR20,626.38,2.95
NR21,606.47,2.78
NR22,768.28,
NR23,848.55,4.03
NR24,699.66,2.86
NR25,949.86,4.29
NR26,529.57,2.28
NR27,583.49,2.78
NR28,573.66,2.81
NR29,635.65,2.99
NR3,562.54,3.66
NR30,533.06,2.36
NR31,584.78,3.47
NR32,553.03,3.61
NR33,463.74,3.34
NR34,633.13,3.16
NR35,601.68,3.53
NR4,691.86,3.77
NR5,578.63,3.65
NR6,561.49,3.7
NR7,601.13,3.43
NR8,477.9,2.9
NR9,622.13,3.15
NR99,,
NW1,3808.13,7.9
NW10,1967.49,5.46
NW11,1404.98,7.13
NW1W,,
NW2,1506.55,4.85
NW26,,
NW3,1585.84,7.45
NW4,976.75,4.8
NW5,1217.82,7.69
NW6,1062.25,5.86
NW7,1275.45,6.15
NW8,1947.56,11.13
NW9,1036.15,4.15
OL1,583.1,2.82
OL10,531.71,3.28
OL11,491.21,2.91
OL12,359.39,2.57
OL13,377.69,2.9
OL14,444.08,2.59
OL15,410.91,2.31
OL16,920.61,3.03
OL2,422.53,2.57
OL3,558.51,2.33
OL4,386.34,2.47
OL5,308.19,2.09
OL6,441.41,3.21
OL7,449.92,3.24
OL8,313.44,2.74
OL9,467.75,2.94
OL95,,
OX1,1911.07,5.62
OX10,729.55,3.52
OX11,839.55,2.64
OX12,692.05,3.02
OX13,815.46,2.98
OX14,992.81,2.61
OX15,830.9,5.3
OX16,897.92,2.72
OX17,833.87,3.8
OX18,633.32,5.86
OX2,1223.65,4.91
OX20,1092.55,6.81
OX25,1081.26,3.73
OX26,590.76,2.64
OX27,715.24,2.65
OX28,617.08,2.45
OX29,874.97,5.09
OX3,858.66,3.6
OX33,808.15,3.78
OX39,686.34,6.02
OX4,1580.0,4.35
OX44,1651.3,3.92
OX49,959.71,4.47
OX5,859.08,3.01
OX6,205.88,
OX7,1033.97,4.53
OX8,441.56,
OX9,851.7,3.78
PE1,1075.97,2.4
PE10,581.16,2.57
PE11,439.93,1.85
PE12,507.81,2.1
PE13,473.3,2.07
PE14,572.74,2.64
PE15,496.27,2.81
PE16,642.45,2.5
PE17,379.7,
PE18,476.22,
PE19,586.71,3.03
PE2,1163.48,2.14
PE20,557.5,2.57
PE21,490.72,1.74
PE22,460.89,2.71
PE23,603.32,1.81
PE24,487.78,2.55
PE25,1249.94,2.05
PE26,453.98,2.59
PE27,581.27,2.76
PE28,601.75,3.05
PE29,1055.52,2.46
PE3,854.8,2.7
PE30,628.03,2.13
PE31,771.17,3.27
PE32,637.6,2.6
PE33,458.34,5.75
PE34,514.18,3.1
PE35,,
PE36,812.54,4.02
PE37,644.02,5.7
PE38,437.46,2.5
PE4,542.9,2.7
PE5,814.91,1.6
PE6,599.12,2.64
PE7,777.06,2.84
PE8,701.02,3.21
PE9,687.94,3.58
PE99,,
PL1,1164.28,2.68
PL10,527.91,
PL11,487.15,3.56
PL12,519.12,2.73
PL13,624.98,2.83
PL14,535.58,2.59
PL15,573.6,3.24
PL16,600.48,1.74
PL17,553.31,2.69
PL18,463.54,2.01
PL19,591.13,3.07
PL2,292.31,2.02
PL20,603.54,2.79
PL21,576.81,2.71
PL22,771.69,2.95
PL23,984.74,2.73
PL24,485.32,2.59
PL25,589.67,2.33
PL26,530.29,3.04
PL27,980.29,3.24
PL28,1040.12,
PL29,815.81,4.34
PL3,446.18,2.46
PL30,736.69,3.13
PL31,601.05,1.73
PL32,627.55,3.1
PL33,555.05,
PL34,764.28,4.17
PL35,1403.92,
PL4,562.35,3.52
PL5,383.51,2.1
PL6,650.43,3.84
PL7,543.62,2.06
PL8,744.04,2.06
PL9,475.03,3.77
PL95,,
PO1,1919.45,4.52
PO10,660.81,3.74
PO11,630.97,3.76
PO12,488.75,2.74
PO13,549.89,2.74
PO14,782.0,3.43
PO15,1084.19,2.88
PO16,846.7,3.4
PO17,884.09,3.37
PO18,1020.19,4.89
PO19,846.54,3.13
PO2,395.7,2.32
PO20,819.27,3.75
PO21,684.0,3.01
PO22,619.23,2.97
PO24,,
PO3,1558.16,2.55
PO30,721.85,3.0
PO31,659.92,3.19
PO32,581.95,2.59
PO33,573.5,2.85
PO34,706.52,3.9
PO35,668.9,3.36
PO36,592.48,2.89
PO37,672.93,2.89
PO38,685.35,3.71
PO39,774.34,2.51
PO4,483.94,3.31
PO40,603.77,3.09
PO41,892.84,3.98
PO5,548.14,3.97
PO6,1149.75,2.92
PO7,946.16,2.75
PO8,682.46,2.72
PO9,696.14,2.74
PR0,,
PR1,762.06,3.49
PR11,,
PR2,665.98,2.7
PR25,423.26,2.77
PR26,519.75,2.98
PR3,627.24,2.53
PR4,510.29,2.63
PR5,613.79,2.77
PR6,577.58,2.48
PR7,547.23,2.03
PR8,587.14,2.34
PR9,492.74,2.12
RG1,1822.82,2.73
RG10,1021.11,6.16
RG11,498.74,
RG12,1297.37,3.19
RG13,1021.79,
RG14,830.02,2.93
RG15,,
RG16,299.86,
RG17,1079.51,4.56
RG18,595.03,2.09
RG19,1249.9,3.29
RG2,1311.8,2.61
RG20,1007.62,4.87
RG21,902.41,3.05
RG22,758.47,2.62
RG23,776.52,2.93
RG24,936.99,2.25
RG25,921.32,2.81
RG26,703.46,3.49
RG27,831.38,3.44
RG28,851.18,
RG29,858.6,3.78
RG3,192.03,
RG30,521.5,2.18
RG31,519.72,2.9
RG4,592.62,2.44
RG40,881.0,3.62
RG41,730.24,2.78
RG42,924.67,4.03
RG45,966.61,3.52
RG5,850.93,2.72
RG6,594.87,2.22
RG7,1008.92,4.65
RG8,898.45,3.82
RG9,1353.81,4.74
RH1,785.71,2.93
RH10,1244.21,2.74
RH11,582.47,2.58
RH12,844.28,3.18
RH13,770.39,5.43
RH14,1002.13,4.46
RH15,696.4,2.84
RH16,702.99,3.02
RH17,904.81,5.5
RH18,904.43,4.63
RH19,705.94,3.01
RH2,979.63,2.72
RH20,950.41,6.62
RH3,1063.72,3.33
RH4,878.39,2.72
RH5,1130.06,6.13
RH6,1011.37,2.97
RH7,723.28,4.2
RH77,,
RH8,805.23,3.84
RH9,686.73,3.2
RM1,1402.84,3.51
RM10,676.27,4.6
RM11,685.16,4.45
RM12,562.16,3.49
RM13,605.42,3.97
RM14,611.84,2.64
RM15,517.85,3.3
RM16,599.5,4.27
RM17,618.93,3.0
RM18,752.38,3.49
RM19,1900.52,2.71
RM2,610.08,3.59
RM20,5621.14,3.58
RM3,816.29,4.06
RM4,998.46,7.57
RM5,455.77,3.34
RM50,,
RM6,487.04,3.49
RM7,828.47,3.63
RM8,437.45,4.15
RM9,926.82,4.25
S1,8488.49,2.35
S10,555.83,1.69
S11,487.23,1.62
S12,344.64,3.33
S13,328.17,3.82
S14,232.93,2.31
S17,574.23,2.1
S18,611.39,3.76
S19,,
S2,1038.87,2.93
S20,470.11,2.05
S21,360.99,2.49
S25,475.26,1.86
S26,411.97,2.39
S3,3119.14,2.54
S30,216.61,
S31,364.03,
S32,732.98,3.66
S33,663.12,3.01
S35,480.84,2.3
S36,444.48,1.88
S4,1549.6,2.48
S40,733.55,2.52
S41,538.34,2.34
S42,583.73,2.48
S43,513.05,2.27
S44,480.91,2.66
S45,595.89,2.65
S49,,
S5,284.38,2.8
S6,831.5,2.66
S60,908.44,2.69
S61,373.8,2.31
S62,368.83,2.04
S63,427.82,2.31
S64,388.75,2.21
S65,548.29,2.59
S66,432.33,2.18
S69,,
S7,397.69,2.09
S70,449.94,2.23
S71,405.9,2.07
S72,393.87,2.38
S73,640.7,1.99
S74,387.71,2.23
S75,529.58,2.31
S8,443.67,2.52
S80,620.36,2.13
S81,434.25,2.71
S9,1615.33,2.6
S94,,
S95,,
S96,,
S97,,
S98,,
S99,,
SE1,4643.09,6.22
SE10,1160.81,4.52
SE11,992.84,5.82
SE12,588.7,3.49
SE13,653.79,3.74
SE14,862.65,4.66
SE15,1128.01,5.61
SE16,957.31,4.0
SE17,731.66,5.97
SE18,822.45,4.33
SE19,648.73,3.18
SE1P,,
SE2,542.32,3.61
SE20,442.26,2.73
SE21,942.88,4.72
SE22,570.95,4.06
SE23,516.19,3.83
SE24,819.13,4.24
SE25,405.5,3.65
SE26,1022.31,4.92
SE27,518.27,3.92
SE28,538.73,3.64
SE3,742.07,4.06
SE4,475.09,3.57
SE5,937.93,5.22
SE6,489.67,4.19
SE7,1195.39,3.84
SE8,1181.96,4.54
SE9,522.17,3.99
SE99,,
SG1,948.18,3.14
SG10,1181.22,4.37
SG11,876.6,4.24
SG12,734.35,3.43
SG13,1179.88,6.37
SG14,985.8,3.47
SG15,468.75,3.11
SG16,616.58,2.83
SG17,667.33,3.06
SG18,695.45,2.89
SG19,574.04,2.33
SG2,501.8,3.43
SG3,769.3,4.24
SG4,828.66,2.93
SG5,702.45,3.33
SG6,889.61,2.97
SG7,652.21,3.68
SG8,761.93,2.61
SG9,865.29,3.61
SK1,2154.27,2.86
SK10,847.73,5.49
SK11,664.08,2.96
SK12,626.56,3.39
SK13,408.24,3.14
SK14,402.19,2.51
SK15,370.45,2.56
SK16,499.57,2.71
SK17,575.65,3.02
SK2,443.97,3.48
SK22,466.61,2.64
SK23,530.56,2.54
SK3,546.73,3.32
SK4,603.22,2.43
SK5,369.17,2.78
SK6,606.36,3.37
SK7,584.36,3.01
SK8,706.41,3.7
SK9,739.6,5.45
SL0,1152.57,3.15
SL1,979.42,2.73
SL2,745.14,3.78
SL3,1400.81,3.46
SL4,907.55,4.77
SL5,1101.01,8.83
SL6,956.15,3.51
SL60,,
SL7,1210.48,4.24
SL8,853.92,4.1
SL9,1002.47,4.56
SL95,,
SM1,1048.78,3.55
SM2,714.92,3.38
SM3,757.42,3.71
SM4,487.27,3.53
SM5,482.56,3.67
SM6,605.87,3.26
SM7,958.63,3.89
SN1,620.54,2.46
SN10,598.45,2.68
SN11,530.75,3.75
SN12,564.36,2.62
SN13,635.64,2.77
SN14,763.15,4.04
SN15,687.85,2.29
SN16,843.79,3.05
SN17,,
SN2,570.07,2.55
SN25,462.33,2.42
SN26,638.01,
SN3,1265.55,3.16
SN38,5756.63,
SN4,702.02,3.76
SN42,,
SN5,703.14,2.31
SN6,683.1,2.26
SN7,647.87,3.24
SN8,1038.37,3.35
SN86,,
SN9,809.77,3.53
SN99,,
SO1,,
SO14,1350.18,2.93
SO15,728.52,2.52
SO16,615.11,3.09
SO17,509.91,3.38
SO18,457.93,2.39
SO19,378.39,3.43
SO2,,
SO20,983.41,5.43
SO21,914.25,3.92
SO22,863.25,2.3
SO23,1049.21,3.27
SO24,1038.86,4.41
SO25,,
SO3,,
SO30,1192.44,2.64
SO31,520.87,2.63
SO32,872.51,3.78
SO4,,
SO40,657.46,2.03
SO41,914.45,5.44
SO42,1338.39,5.24
SO43,942.98,3.45
SO45,611.35,4.28
SO5,,
SO50,583.06,2.4
SO51,854.93,3.24
SO52,523.54,4.43
SO53,678.22,2.79
SO9,,
SO97,,
SP1,685.43,3.74
SP10,652.35,1.63
SP11,795.36,3.31
SP2,576.29,2.3
SP3,761.48,4.25
SP4,520.95,2.61
SP5,897.75,3.49
SP6,801.86,4.15
SP7,821.01,3.34
SP8,671.7,3.58
SP9,333.32,
SR1,1417.15,2.35
SR2,419.84,1.77
SR3,479.16,1.88
SR4,406.78,2.36
SR43,,
SR5,582.83,2.36
SR6,431.75,2.15
SR7,496.14,2.32
SR8,384.13,1.75
SR88,,
SR9,,
SS0,464.71,3.53
SS1,897.53,2.91
SS11,662.06,3.54
SS12,578.46,2.79
SS13,744.56,3.94
SS14,3034.22,3.8
SS15,1093.89,3.95
SS16,494.1,3.72
SS17,530.21,3.39
SS2,700.24,3.42
SS22,,
SS3,519.18,2.81
SS4,723.0,3.02
SS5,715.39,4.2
SS6,695.04,3.93
SS7,556.71,3.57
SS8,556.91,3.08
SS9,546.0,3.76
SS99,5134.01,
ST1,868.43,2.4
ST10,879.54,2.44
ST11,428.68,2.68
ST12,607.66,2.24
ST13,571.36,2.02
ST14,551.26,2.21
ST15,731.42,2.16
ST16,837.68,1.62
ST17,484.0,2.29
ST18,754.88,2.51
ST19,579.15,3.57
ST2,309.83,2.0
ST20,521.17,2.52
ST21,639.08,2.05
ST3,449.97,2.73
ST4,900.7,2.18
ST5,546.47,2.34
ST55,,
ST6,562.51,2.04
ST7,549.14,2.99
ST8,365.37,2.27
ST9,508.11,9.31
SW10,1904.96,8.39
SW11,1309.68,5.98
SW12,674.46,3.72
SW13,1241.89,5.91
SW14,969.26,5.37
SW15,862.56,5.5
SW16,614.63,3.57
SW17,750.96,3.93
SW18,802.32,4.04
SW19,1127.37,4.88
SW1A,38326.05,
SW1E,5630.89,
SW1H,21745.24,
SW1P,5399.31,
SW1V,2252.5,
SW1W,7154.83,
SW1X,3381.17,
SW1Y,24860.38,
SW2,617.72,4.18
SW20,905.16,4.72
SW3,3385.06,8.11
SW4,796.96,4.58
SW5,2173.08,5.83
SW6,1589.67,6.58
SW7,3284.35,14.07
SW8,1739.51,7.64
SW9,1028.43,4.93
SW95,,
SW99,,
SY1,626.1,2.65
SY10,531.43,1.89
SY11,452.87,3.37
SY12,497.15,2.31
SY13,623.07,2.27
SY14,844.89,4.53
SY15,622.12,1.09
SY2,613.53,4.01
SY21,541.0,1.74
SY22,465.51,2.27
SY3,587.94,2.36
SY4,575.84,2.28
SY5,629.02,2.3
SY6,686.58,2.08
SY7,631.33,2.36
SY8,642.12,2.08
SY9,679.09,1.75
SY99,,
TA1,638.73,2.53
TA10,623.69,5.49
TA11,692.89,4.84
TA12,521.01,2.86
TA13,612.35,2.46
TA14,570.51,7.54
TA15,567.88,
TA16,477.27,2.16
TA17,812.53,
TA18,533.73,3.46
TA19,589.6,2.36
TA2,514.2,2.39
TA20,620.26,2.57
TA21,665.63,2.44
TA22,887.11,1.62
TA23,655.24,
TA24,1149.29,2.92
TA3,662.56,2.6
TA4,754.13,3.06
TA5,595.5,2.54
TA6,622.83,2.86
TA7,537.67,5.85
TA8,435.51,2.5
TA9,634.42,2.26
TD12,577.07,
TD15,581.27,
TD5,247.95,
TD9,460.52,
TF1,488.16,3.15
TF10,549.43,2.0
TF11,616.81,3.4
TF12,398.03,2.19
TF13,713.46,1.85
TF2,376.81,2.57
TF3,510.47,3.06
TF4,349.36,2.44
TF5,377.72,
TF6,582.89,2.45
TF7,702.19,2.54
TF8,472.67,3.41
TF9,597.47,3.17
TN1,1101.71,2.77
TN10,633.56,2.35
TN11,957.02,4.07
TN12,1012.27,4.59
TN13,838.97,3.41
TN14,870.36,3.86
TN15,906.49,6.15
TN16,775.7,4.52
TN17,1224.91,3.49
TN18,760.62,4.92
TN19,950.22,4.41
TN2,1037.0,3.31
TN20,896.62,2.37
TN21,794.55,2.96
TN22,833.28,5.23
TN23,796.2,3.07
TN24,1099.19,2.83
TN25,784.76,2.67
TN26,870.12,4.78
TN27,903.14,4.5
TN28,610.91,3.13
TN29,703.81,3.05
TN3,1003.29,10.84
TN30,919.08,4.51
TN31,876.55,4.96
TN32,795.42,7.71
TN33,802.32,3.57
TN34,566.08,3.47
TN35,611.31,4.18
TN36,992.54,2.95
TN37,490.51,2.91
TN38,510.58,3.11
TN39,642.02,3.3
TN4,685.07,3.71
TN40,526.25,3.7
TN5,888.21,4.98
TN6,641.17,4.11
TN7,1128.3,2.82
TN8,933.03,3.67
TN9,721.88,2.67
TQ1,621.18,3.09
TQ10,727.22,1.74
TQ11,615.15,2.81
TQ12,578.87,2.66
TQ13,860.99,2.52
TQ14,591.75,2.73
TQ2,624.78,2.85
TQ3,458.79,2.89
TQ4,730.81,2.93
TQ5,568.03,2.77
TQ6,949.36,2.9
TQ7,833.57,2.9
TQ8,1252.18,2.6
TQ9,763.27,3.45
TR1,680.92,3.5
TR10,573.01,3.87
TR11,751.5,4.76
TR12,772.5,3.51
TR13,549.04,4.87
TR14,455.31,2.41
TR15,543.21,2.69
TR16,544.0,3.54
TR17,608.16,7.58
TR18,552.14,8.24
TR19,597.93,3.43
TR2,786.97,2.9
TR20,624.68,7.4
TR21,600.64,
TR22,707.17,
TR23,953.19,
TR24,119.52,
TR25,762.2,
TR26,779.72,3.16
TR27,779.22,2.73
TR3,674.99,3.49
TR4,641.26,2.64
TR5,680.54,2.71
TR6,568.77,3.27
TR7,753.63,2.45
TR8,949.12,6.39
TR9,507.42,2.9
TR93,,
TS1,760.94,2.2
TS10,427.5,2.61
TS11,334.53,2.62
TS12,441.9,2.02
TS13,426.71,2.06
TS14,432.73,2.03
TS15,556.77,2.36
TS16,642.29,1.72
TS17,539.07,2.3
TS18,810.2,1.82
TS19,292.82,1.81
TS2,1277.51,
TS20,372.03,1.61
TS21,548.24,1.77
TS22,760.06,2.92
TS23,346.93,2.02
TS24,369.43,2.09
TS25,338.16,1.62
TS26,397.54,1.8
TS27,419.57,1.82
TS28,316.72,1.53
TS29,284.24,1.71
TS3,339.5,2.3
TS4,686.02,2.17
TS5,307.85,1.98
TS6,371.73,2.64
TS7,437.37,3.82
TS8,531.27,2.28
TS9,645.02,2.32
TS90,,
TW1,947.0,4.85
TW10,1021.2,6.89
TW11,1059.31,3.96
TW12,672.81,3.39
TW13,904.86,3.39
TW14,1576.17,3.47
TW15,628.55,2.55
TW16,1100.74,3.49
TW17,736.66,4.06
TW18,1307.47,2.93
TW19,728.85,3.8
TW2,647.26,3.55
TW20,1925.98,4.01
TW3,737.38,3.28
TW4,972.76,3.03
TW5,900.04,4.05
TW6,57964.08,
TW7,732.0,3.83
TW8,1880.19,4.71
TW9,1623.29,4.93
UB1,629.11,4.05
UB10,683.45,3.25
UB11,36370.83,
UB18,,
UB2,1317.67,4.53
UB3,1344.99,3.63
UB4,1024.04,3.46
UB5,414.88,3.28
UB6,1032.28,3.36
UB7,2101.66,3.31
UB8,1931.79,3.99
UB9,1308.0,5.05
W1,,9.48
W10,1238.67,7.83
W11,2393.54,14.69
W12,1176.03,5.84
W13,872.06,3.97
W14,2083.19,6.66
W1A,248675.18,
W1B,9978.76,
W1C,29392.27,
W1D,12006.29,
W1E,,
W1F,11486.46,
W1G,4516.35,
W1H,1759.19,
W1J,10536.72,
W1K,7159.68,
W1M,234.41,
W1N,701.89,
W1P,372.9,
W1R,439.29,
W1S,36261.52,
W1T,11250.8,
W1U,4722.86,
W1V,3956.78,
W1W,4801.93,
W1X,1032.97,
W1Y,1025.16,
W2,2729.19,8.47
W3,1869.15,4.86
W4,1468.33,6.44
W5,1492.71,3.63
W6,3080.07,7.19
W7,608.32,3.18
W8,2531.01,12.23
W9,1102.95,6.39
WA1,815.54,2.24
WA10,442.21,3.03
WA11,697.5,2.0
WA12,352.38,2.55
WA13,612.84,3.93
WA14,1102.06,6.29
WA15,847.54,6.28
WA16,1051.58,4.46
WA2,832.1,2.98
WA3,710.28,2.24
WA4,812.72,2.73
WA5,727.08,2.35
WA55,,
WA6,622.52,2.5
WA7,677.17,1.83
WA8,559.68,2.58
WA88,,
WA9,479.72,2.42
WC1A,15943.84,
WC1B,24050.33,
WC1E,4885.35,
WC1H,5947.78,
WC1N,7008.89,
WC1R,6973.55,
WC1V,25613.55,
WC1X,4718.78,
WC2A,22916.85,
WC2B,13955.77,
WC2E,10409.18,
WC2H,11059.17,
WC2N,23975.3,
WC2R,13400.6,
WC99,,
WD1,23344.94,
WD17,1791.69,3.68
WD18,1040.53,3.47
WD19,557.28,4.02
WD2,676.24,
WD23,840.28,4.11
WD24,1311.33,2.71
WD25,949.68,4.25
WD3,926.5,4.65
WD4,1099.1,4.0
WD5,569.7,4.5
WD6,1051.8,4.01
WD7,1137.08,10.47
WD99,,
WF1,654.04,2.09
WF10,678.28,2.14
WF11,461.78,1.97
WF12,542.03,2.9
WF13,390.58,2.49
WF14,447.85,2.14
WF15,383.17,2.44
WF16,329.79,2.96
WF17,488.95,2.92
WF2,739.59,2.19
WF3,389.43,2.27
WF4,433.25,2.22
WF5,437.54,2.04
WF6,963.88,1.95
WF7,396.61,1.93
WF8,437.33,2.44
WF9,567.43,1.86
WF90,,
WN1,562.38,1.89
WN2,361.0,2.01
WN3,344.84,2.95
WN4,370.39,2.2
WN5,584.15,2.1
WN6,430.38,1.89
WN7,413.06,2.21
WN8,629.58,2.08
WR1,1095.99,1.86
WR10,659.73,3.21
WR11,710.12,2.68
WR12,1289.86,4.45
WR13,758.28,4.51
WR14,593.37,2.7
WR15,628.74,3.9
WR2,551.36,1.71
WR3,535.56,2.17
WR4,749.91,2.03
WR5,680.28,2.33
WR6,806.99,4.54
WR7,699.3,2.08
WR78,,
WR8,909.76,2.7
WR9,741.55,2.74
WR99,,
WS1,3230.21,2.69
WS10,509.41,2.83
WS11,764.25,2.36
WS12,488.82,2.44
WS13,1026.4,2.91
WS14,687.04,2.75
WS15,572.74,3.03
WS2,493.65,2.42
WS3,421.4,2.83
WS4,381.45,2.41
WS5,576.75,3.44
WS6,440.71,2.55
WS7,463.32,2.43
WS8,446.06,4.95
WS9,645.44,2.94
WV1,858.06,2.9
WV10,567.27,2.74
WV11,655.03,2.85
WV12,337.73,2.77
WV13,667.38,2.76
WV14,384.18,2.69
WV15,633.04,4.18
WV16,591.87,2.9
WV2,3162.64,2.66
WV3,413.37,2.96
WV4,508.85,2.39
WV5,581.92,3.98
WV6,540.08,3.59
WV7,772.15,2.58
WV8,475.01,3.96
WV9,535.66,3.0
WV98,,
WV99,,
YO1,2891.52,4.57
YO10,1161.72,3.43
YO11,730.88,2.5
YO12,501.05,2.79
YO13,590.03,2.46
YO14,519.11,2.75
YO15,546.33,2.14
YO16,412.44,2.35
YO17,671.5,2.92
YO18,739.22,2.22
YO19,628.88,3.02
YO2,1110.77,
YO21,613.44,2.4
YO22,564.51,2.05
YO23,542.58,3.42
YO24,521.23,3.46
YO25,562.97,1.96
YO26,714.59,3.31
YO3,275.99,
YO30,932.94,2.8
YO31,670.85,3.63
YO32,511.76,2.83
YO4,739.54,
YO41,816.19,2.83
YO42,594.74,2.53
YO43,462.68,2.0
YO5,533.33,
YO51,695.24,4.79
YO6,561.95,
YO60,769.94,2.52
YO61,762.92,3.54
YO62,851.94,1.93
YO7,663.05,3.39
YO8,455.71,2.34
YO90,54273.78,
YO91,353.61,
YO95,,
