outcode,Single,Married,Seperated,Divorced,Widowed
AL1,12299,15861,652,2343,1603
AL10,18163,10940,680,2392,1298
AL2,6693,10565,391,1763,1277
AL3,7146,12365,452,1850,1438
AL4,6422,11507,359,1660,1179
AL5,6008,14219,415,1659,1320
AL6,3222,7074,195,875,814
AL7,11384,12322,719,2722,1642
AL8,3046,5305,215,831,708
AL9,2779,4617,149,646,517
B1,9460,2453,230,654,178
B10,9298,11454,721,1013,1173
B11,14194,17976,1123,1947,1750
B12,8248,6948,610,1046,800
B13,13168,12962,759,2392,1700
B14,14788,13019,819,3008,1990
B15,13965,5759,341,965,702
B16,11592,6487,581,1228,603
B17,10244,9758,441,1609,1270
B18,7976,4871,594,1082,600
B19,9879,7016,656,1070,770
B2,494,103,21,28,26
B20,12995,13818,843,1814,1481
B21,8341,9104,681,1283,1155
B22,91,62,3,33,15
B23,20105,13795,1358,3803,2274
B24,10468,8903,663,2047,1419
B25,5436,5974,350,979,724
B26,11836,12597,689,2333,1929
B27,9518,8795,659,1866,1330
B28,8249,11770,467,1439,1417
B29,24701,10704,730,2168,1697
B3,1145,212,18,48,2
B30,10477,9378,570,2165,1421
B31,19986,17106,1207,4505,2904
B32,12989,11284,825,2680,1676
B33,12056,9697,773,2216,1570
B34,7112,5745,426,1328,1067
B35,3534,1923,197,698,485
B36,11805,12568,700,2104,1834
B37,12804,9485,766,2692,1835
B38,6079,5667,380,1361,1006
B4,6826,611,66,84,42
B42,8974,9866,561,1771,1315
B43,8617,11948,518,1890,1906
B44,11851,9400,743,2364,1609
B45,10005,11155,610,2426,1603
B46,3868,5979,257,1074,891
B47,2327,4889,139,674,740
B48,1239,2455,98,398,303
B49,2765,5691,220,1109,828
B5,4206,2240,192,523,249
B50,1761,3111,119,573,359
B6,5966,5802,424,743,669
B60,8218,12870,577,2512,1766
B61,6386,9221,422,2090,1221
B62,7331,11218,450,1780,1638
B63,10609,13473,671,2916,2086
B64,6400,6403,414,1486,998
B65,7976,8649,550,1823,1561
B66,9539,10501,787,1461,1147
B67,8107,9267,520,1546,1294
B68,9467,11291,631,2138,1672
B69,8918,10055,560,1936,1308
B7,2935,1991,257,504,246
B70,10770,12096,668,2015,1711
B71,9949,11063,697,1989,1711
B72,3490,5566,191,778,809
B73,5172,8948,281,1202,1147
B74,7104,15611,401,1901,2214
B75,6709,11212,372,1727,1422
B76,4771,8090,256,1319,1096
B77,16697,21504,1058,4523,2678
B78,6999,10082,448,2005,1310
B79,6573,9517,437,2058,1587
B8,12738,15696,1068,1502,1493
B80,2273,3250,148,744,512
B9,6358,7701,482,733,609
B90,12957,20954,786,3344,2854
B91,7320,16438,401,1992,2153
B92,9107,13235,519,2264,1881
B93,3823,9822,213,1184,1238
B94,1487,3644,103,508,354
B95,1465,3022,97,589,549
B96,1088,2352,78,436,307
B97,10050,13200,652,2844,1786
B98,13565,17155,878,3861,2014
BA1,17973,16834,619,3392,2117
BA10,1336,2031,72,474,258
BA11,10130,14634,712,3361,1922
BA12,7157,13114,600,2703,2029
BA13,5947,8766,414,1893,1129
BA14,14124,20102,971,4477,2600
BA15,3079,6354,216,1185,1001
BA16,4201,5231,296,1216,823
BA2,30582,24449,965,4473,3253
BA20,4190,5456,273,1328,862
BA21,9831,12921,685,3213,1750
BA22,4671,8457,347,1590,1009
BA3,10073,15686,646,2898,1976
BA4,4876,7382,327,1563,858
BA5,4722,8031,332,1807,1368
BA6,3460,4992,273,1349,764
BA7,974,1539,70,349,347
BA8,1158,2410,77,434,264
BA9,1878,3047,152,648,391
BB0,209,76,9,34,22
BB1,20295,28672,1354,4243,3351
BB10,12252,15949,888,3206,2411
BB11,8616,7395,580,2126,1273
BB12,9996,12881,702,3034,1876
BB18,4852,7023,397,1610,1060
BB2,18385,20943,1139,4174,2915
BB3,10440,10913,736,2894,1727
BB4,11971,15712,826,3525,2327
BB5,18963,20543,1453,4971,3149
BB6,6488,10065,473,1989,1402
BB7,6294,10387,425,2164,1550
BB8,7352,8166,506,2251,1359
BB9,11889,17479,934,2952,2136
BD1,5692,3450,337,587,292
BD10,9676,10551,624,2523,1495
BD11,3593,5397,262,1029,793
BD12,5699,6403,316,1562,1068
BD13,8627,11609,650,2571,1433
BD14,2737,3059,187,625,432
BD15,4794,6473,359,1236,895
BD16,6834,11031,484,2348,1787
BD17,5296,7231,383,1593,1151
BD18,8780,9319,617,2016,1335
BD19,6309,8108,452,1870,1189
BD2,8677,10391,659,1973,1364
BD20,10112,17258,707,3318,2385
BD21,8612,9285,626,2095,1190
BD22,6985,9156,461,2177,1200
BD23,7296,12923,588,2636,1948
BD24,1055,2189,63,456,326
BD3,8873,11906,736,1317,1119
BD4,10838,9071,854,2321,1338
BD5,8650,9700,655,1448,948
BD6,9523,9559,629,2246,1485
BD7,8711,10907,680,1426,1097
BD8,8579,11540,815,1361,1099
BD9,7134,9955,526,1118,858
BH1,17610,7245,732,2929,1004
BH10,6946,9047,414,2176,1398
BH11,6321,7064,361,1891,1067
BH12,11872,13598,674,3577,2027
BH13,1526,4153,124,670,814
BH14,6224,8963,405,2180,1330
BH15,10131,12693,636,3361,2093
BH16,3820,6551,272,1361,910
BH17,6233,9331,366,2137,1134
BH18,1987,5783,125,645,881
BH19,2563,5045,202,1071,911
BH2,4257,2441,214,1039,502
BH20,4786,8859,372,1716,1324
BH21,11957,25874,886,4531,3453
BH22,5223,13206,340,2342,2596
BH23,12543,24207,898,5001,4284
BH24,5333,11163,377,2085,1614
BH25,5803,11672,367,2421,2263
BH3,2637,2437,89,499,260
BH31,87,266,3,33,18
BH4,2848,2564,170,897,635
BH5,4302,3088,261,1166,513
BH6,6519,8980,435,2316,1505
BH7,2411,3591,103,707,372
BH8,9911,9386,546,2523,1259
BH9,10762,8856,411,1916,864
BL0,5201,7789,336,1629,995
BL1,21089,26080,1298,4870,3231
BL11,307,36,2,17,7
BL2,14749,16397,925,3788,2762
BL3,18545,26420,1235,3988,3404
BL4,11494,9834,797,2733,1708
BL5,7719,11313,483,2397,1480
BL6,8488,11282,550,2504,1679
BL7,3413,6160,227,1104,727
BL8,9068,14600,565,2631,2095
BL9,15665,18417,1099,3829,2638
BN1,42181,23918,1402,6035,2595
BN10,5601,7503,382,1844,1311
BN11,12492,10913,870,4148,2576
BN12,5491,10019,396,1959,1780
BN13,8055,12016,564,2838,1660
BN14,8033,11970,525,2537,1465
BN15,7693,10590,506,2669,1892
BN16,6360,13360,510,2863,2720
BN17,9321,11129,774,3242,1718
BN18,3787,6241,259,1299,923
BN2,43578,22727,1575,6705,3478
BN20,6365,10752,447,2442,2112
BN21,8333,7276,579,2601,1556
BN22,9783,10737,694,3068,1726
BN23,7950,11171,635,2972,1881
BN24,2031,3836,155,801,589
BN25,5866,10493,445,2241,2076
BN26,3343,5610,267,1313,1003
BN27,7996,12855,585,2825,2099
BN3,31634,23721,1471,6386,3237
BN4,17145,22689,1149,5171,3442
BN41,544,492,32,154,84
BN42,120,116,5,22,24
BN43,770,918,67,261,124
BN44,152,230,12,53,32
BN5,1793,3455,148,647,554
BN6,4147,8333,296,1275,1112
BN7,5895,7615,432,1904,1024
BN8,3649,7517,258,1236,952
BN9,4040,4311,332,1248,673
BR1,20963,22650,1261,4234,2714
BR2,14020,19705,781,3174,2199
BR3,15249,18902,826,3405,2192
BR4,4353,8453,236,992,1034
BR5,15220,19132,867,3407,2461
BR6,10742,20454,576,2645,2528
BR7,4520,7765,283,1093,1080
BR8,6647,9100,462,1712,1353
BS0,80,100,3,35,5
BS1,19510,3506,312,950,274
BS10,11976,11040,641,2538,1500
BS11,6442,5617,381,1520,868
BS12,22558,30994,1173,5654,3553
BS13,12591,9561,674,2469,1596
BS14,9651,12049,481,2178,1800
BS15,25531,32108,1314,6350,4338
BS16,32031,29951,1424,5863,3726
BS17,14018,23675,807,4054,3114
BS18,13846,25038,846,3901,3095
BS19,8025,17021,468,2680,2345
BS2,11374,3368,286,1068,332
BS20,7488,14447,562,2662,1929
BS21,5543,9900,383,2016,1584
BS22,10387,15917,805,3756,2381
BS23,12040,10814,924,4257,2383
BS24,6651,10400,476,2059,1147
BS25,912,2307,65,348,342
BS26,878,1901,74,364,221
BS27,1641,2971,141,552,476
BS28,636,1648,64,224,207
BS3,19256,11078,500,2332,1206
BS31,536,542,24,112,99
BS32,646,815,40,109,33
BS34,2202,1742,101,311,87
BS35,290,316,17,49,12
BS36,71,142,2,16,8
BS37,677,464,21,80,61
BS39,301,226,21,66,8
BS4,18043,14737,824,3114,1775
BS49,95,77,6,28,14
BS5,22276,12836,938,3355,1552
BS6,19315,9470,324,1522,712
BS7,17602,10326,542,1998,1011
BS8,14359,5514,248,1153,548
BS9,8692,12541,309,1745,1733
CA1,8946,7990,577,2303,1196
CA10,4073,8010,218,1215,974
CA11,6214,9642,329,1738,1502
CA12,1908,3334,104,592,544
CA13,3782,7365,241,1305,1103
CA14,10410,13382,547,3062,2248
CA15,4694,6134,282,1341,1035
CA16,1354,2591,85,447,370
CA17,1086,2127,76,343,305
CA18,110,228,11,40,39
CA19,376,794,23,109,93
CA2,13281,13610,835,3536,2396
CA20,594,1295,49,216,240
CA21,166,491,17,67,57
CA22,2379,3434,158,675,578
CA23,563,737,23,141,113
CA24,213,296,16,57,36
CA25,1634,2077,89,430,355
CA26,939,1101,67,271,213
CA27,307,707,26,113,79
CA28,7983,10367,434,2188,1623
CA3,3657,6483,214,1126,936
CA4,2388,5720,145,812,803
CA5,4632,9038,284,1436,1378
CA6,2830,5179,206,863,684
CA7,2148,3351,131,592,517
CA8,1249,2174,152,477,402
CA9,544,875,36,176,128
CB1,34304,25626,959,4211,2555
CB10,4307,7889,312,1422,938
CB11,3764,7620,281,1177,922
CB2,19278,17884,637,2767,1849
CB23,8907,16212,582,2351,1338
CB24,9108,15300,624,2455,1594
CB25,4841,8325,336,1427,1033
CB3,8059,5434,151,708,520
CB4,18127,12889,640,2867,1644
CB5,4537,2928,150,697,304
CB6,10087,17841,695,3096,2133
CB7,7147,10416,509,2173,1344
CB8,10632,13171,652,3164,1668
CB9,8837,12546,659,2689,1526
CF1,29300,14042,994,3329,1732
CF10,2136,678,48,133,83
CF11,3324,1878,127,470,156
CF14,25525,30180,995,5262,4109
CF15,4695,8354,277,1361,954
CF2,40270,19939,987,4093,2774
CF23,4745,5699,282,1106,609
CF24,1809,739,47,192,57
CF3,14572,13741,794,3409,2079
CF31,13216,17949,850,4117,2398
CF32,9442,11907,565,2781,1901
CF33,4799,5657,282,1397,882
CF34,6002,7062,281,1581,1301
CF35,6007,7966,355,1407,966
CF36,3626,6737,216,1502,1428
CF37,14603,12749,653,3140,2110
CF38,6020,8878,331,1641,1153
CF39,9626,10331,506,2389,1790
CF4,186,164,8,43,17
CF40,6456,6010,305,1456,1169
CF41,3572,3590,224,848,666
CF42,4062,4149,232,1131,883
CF43,3991,3418,210,894,742
CF44,12795,14688,713,3286,2496
CF45,6370,5974,355,1524,1100
CF46,4352,5847,215,1164,963
CF47,7680,7311,428,1793,1284
CF48,8163,8761,471,1972,1569
CF5,21539,20510,1154,4802,3122
CF6,29406,37171,1823,8840,5983
CF61,340,584,22,124,87
CF62,1491,1726,89,315,95
CF63,384,723,19,96,27
CF64,247,388,12,80,39
CF7,7437,13331,447,2406,1788
CF72,824,1303,53,223,54
CF8,22968,26528,1230,6296,4227
CF82,234,407,10,54,19
CF83,3877,5205,220,1080,767
CH1,17465,12264,700,3300,2097
CH2,9591,11980,494,2456,1696
CH25,199,41,16,45,7
CH26,103,126,10,20,14
CH27,235,162,11,51,29
CH28,211,226,14,57,64
CH29,98,133,7,33,84
CH3,8334,16052,489,2632,2178
CH30,136,128,4,31,17
CH31,77,124,7,31,49
CH32,146,92,16,23,12
CH33,102,88,5,37,15
CH34,328,268,26,89,22
CH4,9978,13717,529,2868,1734
CH41,9804,4825,682,2264,1160
CH42,12337,8510,786,2776,1647
CH43,10646,11593,763,2923,2045
CH44,10753,7942,719,2842,1554
CH45,8970,10180,562,2599,1809
CH46,7341,7957,474,2238,1439
CH47,2539,4621,161,816,790
CH48,3419,6780,254,1236,1037
CH49,8391,11088,497,2438,1988
CH5,11988,15656,732,3698,2389
CH6,5697,6519,352,1640,1108
CH60,2677,6847,156,882,1070
CH61,3531,6676,224,1222,1174
CH62,9341,11217,624,2440,1794
CH63,6964,12208,388,1856,1814
CH64,4243,8182,254,1444,1265
CH65,10164,9129,612,2659,1467
CH66,8968,13348,515,2485,2037
CH7,13056,21543,821,4215,3119
CH8,5558,7078,368,1640,1114
CM0,4481,7462,345,1522,1099
CM1,22723,28375,1141,5402,3416
CM11,5366,10049,314,1469,1192
CM12,4420,8511,249,1220,1089
CM13,7659,11128,486,2091,1575
CM14,6891,7579,406,1590,982
CM15,5664,10085,337,1432,1287
CM16,6816,10165,385,1896,1533
CM17,7850,9554,449,2090,1008
CM18,8231,8611,487,2227,1391
CM19,6313,7914,420,1753,1018
CM2,16450,23093,949,4502,2927
CM20,8628,8217,516,2035,1086
CM21,2739,4288,171,847,523
CM22,4812,8278,307,1420,899
CM23,12018,17070,600,2813,1793
CM24,1948,2999,115,579,366
CM3,13208,25239,883,4101,2851
CM4,2067,3949,162,694,618
CM5,2673,4197,143,657,601
CM6,6752,11300,463,2089,1379
CM7,18074,25927,1085,5509,3222
CM8,10437,13107,607,2903,1768
CM9,8592,14172,571,2995,2102
CO1,9118,6317,549,2147,953
CO10,13039,21896,1020,4783,3244
CO11,3596,5855,200,1160,833
CO12,6552,8664,586,2107,1478
CO13,2754,6479,237,1224,1334
CO14,1618,2499,133,715,641
CO15,12926,16220,1093,5070,4241
CO16,6420,9426,493,2268,1780
CO2,13509,12971,855,3021,1323
CO3,8310,12727,493,2578,1733
CO4,17588,17660,952,3798,1953
CO5,6726,12900,470,2342,1937
CO6,6063,12476,392,2172,1680
CO7,7961,15066,549,2914,2084
CO8,312,602,27,125,78
CO9,6888,10644,404,2328,1481
CR0,63759,55181,4006,11536,6274
CR2,23707,33106,1361,4786,3789
CR3,18921,28713,1082,4852,3226
CR4,40098,35791,2605,7184,3843
CR5,484,524,24,72,23
CR6,74,131,2,26,13
CR7,1123,1059,76,248,101
CR8,390,390,18,89,44
CR9,168,94,11,22,7
CT1,15779,8333,555,2098,1198
CT10,6769,11545,540,2480,1930
CT11,9568,8995,828,3283,1630
CT12,5365,6602,407,1685,1034
CT13,2371,4376,210,934,661
CT14,9066,13832,729,3584,2637
CT15,3714,7027,213,1236,905
CT16,7121,7392,569,2247,1402
CT17,5876,5696,423,1566,778
CT18,4124,7523,311,1471,1003
CT19,9292,9877,617,2710,1468
CT2,16228,10213,463,2027,1483
CT20,7281,6657,532,2416,1308
CT21,3793,7035,333,1627,1354
CT3,5169,7528,309,1405,965
CT4,3310,6099,188,1016,795
CT5,8189,14084,560,2954,2318
CT6,10449,15535,737,3593,2759
CT7,2903,5499,233,1251,1149
CT8,2578,2704,207,992,561
CT9,14004,12891,1067,4029,2303
CV1,23045,8060,672,1989,1104
CV10,17700,20702,1219,4753,2834
CV11,11131,16481,724,2937,2219
CV12,9293,12573,665,2672,2206
CV13,2342,5323,171,825,647
CV2,22988,22369,1447,4969,3148
CV21,14252,15314,873,3598,1969
CV22,9136,15047,599,2663,2039
CV23,8761,14827,578,2602,1609
CV3,22372,26407,1183,4520,3644
CV31,14322,12258,560,2346,1392
CV32,10200,12310,414,2331,1780
CV33,5498,8693,363,1491,1013
CV34,10277,13135,589,2728,1609
CV35,5734,12370,419,1903,1432
CV36,2708,5354,200,1078,788
CV37,10731,17887,762,3649,2582
CV4,15652,10066,586,2201,1373
CV5,14274,17615,690,3364,2637
CV6,27888,30366,1858,5914,3747
CV7,5650,9312,390,1637,1341
CV8,6868,12923,419,2146,1795
CV9,5696,7891,408,1770,1186
CW1,15018,16350,931,3916,2403
CW10,4613,7187,296,1438,974
CW11,6886,11644,472,2258,1510
CW12,8658,14595,580,2819,2043
CW2,12856,16172,882,3398,2120
CW3,2464,5366,188,926,752
CW4,2027,4998,101,718,633
CW5,8409,12872,502,2717,1979
CW6,2705,6670,165,928,801
CW7,10666,11917,709,2603,1677
CW8,10432,16619,657,3161,2169
CW9,9297,13863,536,2761,1847
DA1,20654,23798,1343,4533,2490
DA10,3839,3600,216,751,295
DA11,13113,14554,915,2927,1976
DA12,13745,17294,1003,3228,2350
DA13,3269,6977,214,1004,905
DA14,8288,8970,491,1927,1605
DA15,8464,11884,469,1744,1509
DA16,10971,15709,614,2188,1861
DA17,7129,7465,493,1556,924
DA18,2093,1621,199,481,193
DA2,6587,9165,452,1767,1292
DA3,3896,8072,221,1267,1204
DA4,2208,3256,141,654,476
DA5,5302,8738,280,1182,1118
DA6,3395,3978,169,768,641
DA7,8561,14346,515,1941,1941
DA8,11119,10434,789,2465,1331
DA9,4556,4504,280,1004,384
DE1,14066,5523,515,2204,950
DE11,13520,17784,957,4071,2359
DE12,5708,9189,470,1811,1250
DE13,11258,20128,779,3504,2784
DE14,10480,10602,706,2315,1272
DE15,6691,8732,462,1958,1390
DE2,33583,36760,2073,8686,5805
DE21,726,906,26,161,77
DE22,15238,16759,799,3347,2458
DE23,16973,23961,1178,3263,2597
DE24,1727,1765,95,308,97
DE3,4372,8247,232,1169,1096
DE4,10464,20557,774,3871,3158
DE5,20778,31462,1464,6965,4696
DE55,9182,11811,618,2829,1676
DE56,1311,2729,78,418,334
DE6,10560,19169,733,3432,2471
DE65,1552,1929,117,396,67
DE7,33593,45483,2267,9894,6806
DE72,85,148,4,28,3
DE73,1205,1618,76,234,102
DE74,190,243,4,33,8
DE75,66,168,7,23,2
DH1,25831,18234,749,3310,2646
DH2,9287,12799,716,2854,1983
DH3,7020,10111,494,2001,1715
DH4,10094,13531,645,2641,1979
DH5,6135,7140,431,1545,1267
DH6,10421,12406,793,2926,1962
DH7,12122,15234,891,3529,2323
DH8,11360,14992,847,3469,2326
DH9,11325,12673,974,3339,2210
DH98,110,72,7,32,29
DL1,16819,17302,1263,4786,2869
DL10,4695,9827,411,1956,1412
DL11,783,2115,66,318,227
DL12,3175,5756,231,1141,929
DL13,3630,5897,260,1302,1013
DL14,11333,13913,952,3424,2396
DL15,6369,7974,457,1918,1302
DL16,6187,7881,456,1791,1196
DL17,5382,6423,421,1631,1157
DL2,4259,8273,340,1415,1035
DL3,10746,14503,848,3452,2258
DL4,3010,2868,260,840,592
DL5,7490,10060,583,2526,1743
DL6,4659,8491,341,1570,1208
DL7,3078,6083,202,992,788
DL8,3791,8508,278,1464,1314
DL9,4562,4777,395,860,383
DN1,5826,3057,337,1293,451
DN10,3273,6636,230,1322,1002
DN11,8250,11288,659,2674,1876
DN12,7768,8070,577,2038,1481
DN14,13714,20565,894,4162,2839
DN15,11558,14208,740,3258,2177
DN16,9610,10720,624,3009,1960
DN17,9369,13568,679,3122,2107
DN18,3570,5460,256,1310,837
DN19,1419,2777,96,485,370
DN2,7902,8682,550,2215,1342
DN20,4562,8265,344,1680,1359
DN21,10677,14766,916,3677,2304
DN22,10122,14740,714,3525,2362
DN3,7444,12400,517,2734,1951
DN31,5297,3332,390,1525,621
DN32,9251,7117,632,2512,1193
DN33,5962,7655,455,1799,1252
DN34,4947,5563,368,1468,973
DN35,9543,11267,744,3308,2071
DN36,4512,9650,293,1598,1407
DN37,6463,11739,441,2216,1746
DN38,557,1288,40,205,109
DN39,650,1360,51,250,170
DN4,15231,18657,1074,4454,2808
DN40,2949,4115,210,968,743
DN41,82,156,2,18,6
DN5,11973,14960,857,3573,2349
DN6,8700,9993,612,2540,1637
DN7,7515,8088,545,1980,1331
DN8,5411,6824,349,1593,1114
DN9,4456,8958,307,1535,1126
DT1,5594,8806,452,2069,1705
DT10,2550,5801,190,1086,921
DT11,7286,12940,557,2416,1652
DT2,5166,12063,406,2089,1620
DT3,6196,11488,444,2462,1901
DT4,10276,12816,761,4198,2452
DT5,3751,4706,304,1482,717
DT6,5098,9940,411,2184,1708
DT7,1152,2997,116,528,483
DT8,1231,2762,115,536,434
DT9,4822,8682,354,1847,1510
DY1,13138,12737,896,2716,1967
DY10,11678,15124,779,3666,2398
DY11,8660,11863,624,2767,1868
DY12,3110,6564,250,1402,1081
DY13,5343,8820,451,1996,1593
DY14,2168,4461,173,718,532
DY2,10357,10772,646,2049,1567
DY3,10045,14766,626,2542,2576
DY4,15635,15582,1083,3071,2434
DY5,13601,15129,897,3216,2110
DY6,7307,13463,435,2057,2172
DY7,1641,3619,118,582,525
DY8,13225,18911,890,4015,3071
DY9,7162,11435,482,1918,1765
E1,47660,25062,1543,3801,2525
E10,20842,16425,1034,2859,1401
E11,21500,18247,1026,3579,1796
E12,13127,16379,785,1761,1409
E13,19720,18887,1205,3013,1609
E14,49728,29850,1822,4352,1905
E15,28812,15576,1219,3374,1404
E16,26480,16133,1281,3367,1207
E17,42899,32913,2115,6127,2862
E18,6517,7884,354,1191,751
E1W,453,266,10,36,10
E2,25616,11030,847,2281,1172
E20,5003,1416,136,236,33
E3,31101,15779,1054,2697,1397
E4,21395,23820,1257,4403,2928
E5,24229,12292,1296,2959,1355
E6,25342,28745,1454,3817,2424
E7,15741,17884,902,2162,1516
E8,26046,8852,1141,2792,1094
E9,17969,7084,1007,2159,897
EC1A,2020,622,42,134,47
EC1M,1613,579,34,167,51
EC1N,1487,561,59,182,84
EC1R,3282,1294,136,428,146
EC1V,10850,3548,353,1031,373
EC1Y,1962,945,88,243,140
EC2A,778,238,15,61,16
EC2P,238,101,7,30,3
EC2Y,578,657,28,122,76
EC3N,159,60,14,11,1
EC4A,121,50,6,4,0
EC4Y,142,48,1,11,3
EN1,16764,17889,1103,3570,2172
EN10,5446,7678,337,1317,901
EN11,6974,8289,429,1742,1128
EN2,8400,10993,490,2087,1455
EN3,20644,17835,1661,3865,2032
EN4,8573,12614,513,1877,1498
EN5,11890,15324,688,2649,1865
EN6,7997,12327,405,2020,1813
EN7,6283,9176,320,1462,1164
EN8,11853,12122,724,2737,1878
EN9,7295,8203,492,1917,1317
EX1,14079,10040,539,2405,1385
EX10,3881,9013,286,1663,1840
EX11,2062,4490,159,799,565
EX12,2205,4755,199,1066,1018
EX13,3934,7828,307,1551,1221
EX14,5368,9828,433,1985,1504
EX15,5848,10275,464,2000,1254
EX16,8871,14504,684,2929,2154
EX17,5237,9006,402,1684,1216
EX18,952,1995,71,357,275
EX19,826,1953,73,313,223
EX2,14337,16915,811,3982,2268
EX20,5658,10171,452,2030,1434
EX21,938,2233,87,332,294
EX22,2900,5496,208,964,825
EX23,3753,6607,308,1403,1096
EX3,1551,1767,77,416,334
EX31,7848,13703,575,2521,2036
EX32,6479,8524,468,2099,1229
EX33,2455,4973,164,906,753
EX34,4203,5471,317,1602,960
EX35,332,730,24,174,116
EX36,2336,3998,200,833,666
EX37,570,1303,43,207,145
EX38,2167,3806,163,802,616
EX39,9372,15166,770,3811,2530
EX4,27685,15330,796,3731,1961
EX5,5592,9157,390,1784,1012
EX6,3411,6663,248,1305,964
EX7,3530,5848,307,1449,995
EX8,9167,15611,691,3673,2572
EX9,1336,3259,82,586,611
FY0,75,68,12,27,14
FY1,14858,8636,1178,4024,1825
FY2,7467,8433,480,2611,1768
FY3,10410,9452,713,3061,1596
FY4,14228,14539,999,4435,3006
FY5,10934,17821,757,4396,3571
FY6,6468,12776,452,2701,2401
FY7,7883,8329,569,2460,1793
FY8,10566,17989,803,4511,3734
GL1,16637,12544,863,3485,1832
GL10,4877,7014,332,1450,994
GL11,5024,8675,342,1656,1181
GL12,3795,6475,274,1200,697
GL13,1476,2330,88,485,333
GL14,4749,6545,317,1539,951
GL15,6023,9808,402,1930,1336
GL16,3474,5571,250,1282,897
GL17,3008,5823,188,1017,842
GL18,2273,4087,135,766,590
GL19,3325,4976,146,774,639
GL2,15978,23034,978,4395,2276
GL20,7196,12357,446,2494,1643
GL3,8860,14162,538,2821,1905
GL4,12823,17305,772,3702,2216
GL5,9304,12528,606,3052,1751
GL50,12553,8149,441,2293,1319
GL51,15162,17876,873,4170,2712
GL52,13600,19348,710,3776,2525
GL53,4021,8018,217,1282,1048
GL54,5662,11751,400,2153,1564
GL55,1195,2973,77,521,413
GL56,2199,4045,194,824,633
GL6,4843,10066,324,1829,1385
GL7,11284,20578,799,3761,2705
GL8,2236,4034,173,749,534
GL9,359,810,34,125,95
GU1,14635,13237,525,2191,1376
GU10,6673,15130,459,2015,1658
GU11,8739,11621,631,1957,1103
GU12,8709,11854,584,2413,1317
GU13,8759,16501,488,2494,1923
GU14,16070,22441,1056,4312,2442
GU15,13387,21312,785,3359,2369
GU16,5149,9348,316,1578,1071
GU17,8045,15036,470,2532,1764
GU18,1666,3416,91,553,452
GU19,1531,2491,120,518,322
GU2,14530,10600,428,1838,1116
GU20,889,2141,49,325,207
GU21,14069,21747,895,3464,2194
GU22,9727,15433,523,2226,1688
GU23,1802,3523,106,563,383
GU24,5558,7191,285,1019,731
GU25,1421,3174,121,407,345
GU26,2177,3768,139,648,701
GU27,4139,8655,289,1318,961
GU28,1561,3136,115,606,521
GU29,2197,4209,159,908,703
GU3,1945,4130,141,631,590
GU30,2192,4282,185,748,615
GU31,3023,6396,206,1104,940
GU32,2888,4634,243,924,608
GU33,1826,3835,118,635,536
GU34,7921,15015,595,2594,1844
GU35,5776,9094,408,1857,952
GU4,3039,5953,188,896,628
GU47,66,58,8,19,6
GU5,2389,5349,171,765,605
GU51,1378,2373,86,445,92
GU52,410,541,27,87,14
GU6,3745,6844,247,1186,1034
GU7,6620,9828,448,1676,1155
GU8,3415,7447,215,1064,904
GU9,7841,10901,447,1958,1479
HA0,17499,25861,869,2357,2271
HA1,15011,18935,748,2378,1641
HA2,16417,26166,900,2706,2480
HA3,21503,34045,1149,3600,3763
HA4,14963,22544,739,3124,2511
HA5,10129,21325,539,2075,2416
HA6,5318,10520,327,1363,1172
HA7,9524,17579,498,1681,1960
HA8,20138,28863,1239,3628,2862
HA9,19652,21602,966,2428,1869
HD1,14606,11004,712,2348,1466
HD2,8384,9753,553,1930,1292
HD3,9465,11683,624,2659,1697
HD4,7990,9433,520,2079,1350
HD5,9257,9812,591,2445,1660
HD6,7656,10182,565,2320,1700
HD7,14461,22479,951,4807,3001
HD8,8150,14509,458,2495,1936
HD9,66,99,7,33,12
HG1,11336,13367,746,3707,2196
HG2,7372,13339,501,2472,1799
HG3,7215,13348,451,2200,1483
HG4,5859,11047,449,2171,1646
HG5,4312,8712,260,1582,1278
HP1,8599,11002,524,2306,1350
HP10,5639,10497,299,1645,1149
HP11,7163,6785,373,1195,700
HP12,6242,7986,394,1331,842
HP13,13033,15671,757,2757,1607
HP14,4941,9187,277,1439,1005
HP15,3364,7576,192,1000,987
HP16,2644,6103,168,817,708
HP17,5870,12049,386,1802,1629
HP18,6199,10073,399,1560,856
HP19,8455,9871,547,2185,936
HP2,12595,14309,944,3337,1896
HP20,4896,5565,311,1160,604
HP21,9384,12446,560,2430,1369
HP22,6983,12551,431,1973,1329
HP23,4700,8268,306,1425,973
HP3,10206,12675,655,2469,1391
HP4,5374,10644,315,1709,1268
HP5,7075,10656,458,1805,1275
HP6,3460,7543,197,868,889
HP7,2041,4432,124,574,494
HP8,1381,3382,73,393,358
HP9,3439,7801,216,991,973
HR1,9772,15247,634,3101,2268
HR2,10530,15377,741,3327,2009
HR3,1987,3835,137,780,543
HR4,7937,11451,517,2633,1759
HR5,1657,2763,116,587,436
HR6,5194,7918,339,1753,1299
HR7,2089,3927,189,738,599
HR8,3361,6486,246,1245,1036
HR9,4724,8472,329,1765,1401
HU1,3458,1320,219,724,291
HU10,4746,9387,310,1474,1538
HU11,3801,8521,253,1397,1114
HU12,5816,11124,404,2038,1716
HU13,4324,5820,249,1296,927
HU14,1734,4486,104,580,541
HU15,6010,10685,380,1905,1281
HU16,3711,7107,232,1361,1285
HU17,10407,17711,807,3597,2621
HU18,1814,3530,157,785,696
HU19,1713,2610,153,649,527
HU2,1504,974,85,364,151
HU20,55,143,6,26,30
HU3,11770,7127,842,2669,1135
HU4,7446,7883,472,1985,1350
HU5,19025,13826,1060,4194,2095
HU6,14137,9088,640,2390,1551
HU7,15931,15259,941,3463,1989
HU8,11272,11552,706,2783,1859
HU9,14505,10472,920,3229,2029
HX1,9139,11343,796,2149,1478
HX2,10857,12857,733,3085,1843
HX3,11779,14183,791,3556,2240
HX4,2836,4274,187,925,529
HX5,2653,2763,190,793,499
HX6,5499,6304,375,1685,771
HX7,3819,4324,233,1231,674
IG1,20557,29629,1272,2971,2469
IG10,10494,12682,530,2365,1500
IG11,20744,22076,1312,3420,1790
IG2,9536,15179,510,1446,1285
IG3,9745,14391,601,1329,1136
IG4,2839,4543,149,414,443
IG5,4816,7528,279,805,856
IG6,8662,12269,511,1856,1278
IG7,5994,8878,325,1340,1005
IG8,10345,14147,532,2171,1509
IG9,3447,4656,186,858,578
IP1,14085,14291,892,3650,1982
IP10,2663,5096,201,1030,618
IP11,6098,9713,537,2562,1791
IP12,6470,11433,485,2326,1749
IP13,4670,9127,339,1550,1180
IP14,11075,18563,810,3658,2398
IP15,674,1276,59,254,325
IP16,1710,2636,145,633,524
IP17,2844,5337,220,1077,847
IP18,839,1765,68,429,455
IP19,2268,4286,161,852,828
IP2,10493,10207,659,2760,1555
IP20,1992,3812,157,854,586
IP21,2757,5764,220,1098,733
IP22,5565,9734,430,2021,1479
IP23,1444,3008,102,566,453
IP24,9202,10428,683,2783,1388
IP25,5830,9094,386,2019,1436
IP26,2292,4677,183,820,599
IP27,5201,7968,423,1676,936
IP28,8251,12287,681,2378,1378
IP29,1919,4416,131,649,654
IP3,11797,12691,772,2895,1589
IP30,3275,6718,247,1162,767
IP31,4210,9161,289,1520,1116
IP32,5394,6431,335,1634,801
IP33,5973,8375,429,1946,1529
IP4,10527,13151,622,2891,1645
IP5,3972,7615,318,1282,932
IP6,4256,7038,301,1453,1013
IP7,3640,7132,278,1194,1019
IP8,2512,4213,154,842,474
IP9,2493,5208,198,912,702
KT1,11456,8642,475,1661,756
KT10,4891,11164,316,1267,1136
KT11,3774,7503,240,1168,940
KT12,10663,16189,641,2955,1870
KT13,5000,9000,350,1644,1007
KT14,3477,5300,223,1021,673
KT15,8202,11569,476,2165,1467
KT16,5603,7322,342,1704,1023
KT17,7761,13201,367,1677,1493
KT18,5079,8342,270,1292,968
KT19,10070,15014,527,2338,1570
KT2,9103,13471,468,1796,1146
KT20,4501,8629,308,1449,1176
KT21,2955,6718,203,812,867
KT22,6147,10172,401,1581,1147
KT23,2271,4764,154,725,738
KT24,1513,4053,85,440,482
KT3,11585,16867,546,2079,1675
KT4,7399,12128,377,1598,1290
KT5,6891,8372,289,1256,838
KT6,10749,11183,493,1983,1041
KT7,2021,3908,125,513,408
KT8,5361,8242,323,1576,934
KT9,5908,7632,317,1386,813
L1,14173,1489,135,490,185
L10,5701,5627,282,1003,970
L11,12829,8212,660,2235,1774
L12,10460,11801,521,1880,1744
L13,13691,8748,750,2403,1541
L14,10452,8145,560,1825,1504
L15,16885,7720,465,1653,1171
L16,4176,6450,151,650,760
L17,11271,6642,420,1661,1028
L18,8733,9809,321,1362,1211
L19,8090,7239,407,1496,1085
L2,4023,378,49,113,19
L20,15780,9490,1017,3004,1916
L21,9045,6491,525,1885,1316
L22,5323,4922,294,1232,757
L23,8145,11827,426,2025,1969
L24,7036,4546,414,1191,778
L25,10661,11477,559,2538,2298
L26,5003,4951,262,891,743
L27,2427,1438,121,445,500
L28,2419,1290,162,467,380
L3,10993,2298,257,739,361
L30,7456,5894,385,1522,1221
L31,8535,13093,393,1989,2282
L32,8707,5714,474,1427,1129
L33,7145,4476,442,1059,705
L34,5608,5652,302,1188,927
L35,9330,11511,578,2097,1987
L36,14224,11259,758,2477,2184
L37,5333,10783,267,1532,1921
L38,443,1186,23,151,158
L39,11944,11565,328,1903,1921
L4,17719,9814,971,2852,2175
L40,4830,8836,271,1552,1238
L5,5130,2337,308,836,612
L6,10748,4985,460,1426,853
L67,105,23,8,10,1
L68,199,183,8,27,15
L69,4370,757,100,357,154
L7,10447,2955,294,725,483
L70,53,23,1,8,8
L8,12125,5674,578,1586,1035
L9,11393,7834,573,1953,1321
LA1,25145,16648,925,3911,2191
LA10,1008,1771,66,288,226
LA11,2434,5549,136,931,985
LA12,5047,9031,298,1701,1348
LA13,6051,8643,281,1643,1336
LA14,11164,10987,675,3228,2145
LA15,2210,2668,150,657,450
LA16,788,1409,45,239,189
LA17,248,590,17,87,93
LA18,2352,3262,151,705,589
LA19,199,288,10,64,56
LA2,6639,10233,304,1670,1459
LA20,239,565,10,84,68
LA21,391,634,24,121,80
LA22,1675,1949,73,379,333
LA23,2185,3429,128,613,544
LA3,7141,8916,570,2350,1505
LA4,6909,8490,552,2481,1906
LA5,3733,7712,274,1456,1267
LA6,2321,5463,167,913,828
LA7,1087,2148,68,375,360
LA8,2021,4086,104,619,475
LA9,8645,12193,479,2692,1889
LD1,3244,5291,238,1123,879
LD2,1455,2296,135,448,395
LD3,4910,7634,320,1624,1265
LD4,176,336,8,74,54
LD5,192,353,15,78,51
LD6,732,1058,52,212,219
LD7,1171,2043,89,400,311
LD8,786,1523,68,329,258
LE1,14129,4295,360,902,364
LE10,14616,21053,966,4555,2863
LE11,29310,19976,938,3967,2626
LE12,19010,29003,1251,5466,3550
LE13,7632,11078,553,2451,1653
LE14,4290,8727,283,1497,1011
LE15,9272,15761,678,2754,2059
LE16,9746,16859,664,3202,2344
LE17,5461,10392,369,1735,1183
LE18,9549,13092,606,2535,2163
LE19,5342,7318,348,1437,965
LE2,45414,42548,1978,6828,5381
LE3,38257,35285,1944,7224,4587
LE4,28775,43992,1686,5566,5698
LE5,23282,39302,1222,4061,4041
LE55,154,201,6,53,17
LE6,22409,34047,1464,6889,4624
LE65,207,330,14,57,10
LE67,1715,2209,83,400,177
LE7,12088,20441,752,3433,2612
LE8,10028,16662,626,3052,2086
LE9,14452,22525,1019,4473,2879
LL11,13807,16348,773,3864,2555
LL12,6358,10681,352,2022,1699
LL13,10917,10565,615,2762,1648
LL14,10226,11564,556,2959,1912
LL15,3110,4661,177,888,706
LL16,4588,5879,272,1252,928
LL17,1630,2292,116,520,368
LL18,12268,13700,902,3852,2715
LL19,5161,7320,330,1888,1432
LL20,1862,2882,116,648,458
LL21,1674,2681,81,493,399
LL22,4846,7882,365,1750,1424
LL23,1081,1330,62,257,262
LL24,643,985,29,218,121
LL25,130,190,12,25,32
LL26,1281,1574,45,347,318
LL27,188,244,10,58,40
LL28,3523,6043,262,1411,1281
LL29,5592,6000,377,1769,995
LL30,6115,8341,383,2213,1906
LL31,2475,3493,160,836,653
LL32,1718,2518,90,569,360
LL33,1446,1598,73,426,286
LL34,1246,1445,106,433,273
LL35,217,425,18,93,109
LL36,1039,1737,66,401,368
LL37,182,304,13,63,54
LL38,163,286,15,74,68
LL39,107,110,2,21,21
LL40,1248,1702,59,345,282
LL41,1990,1959,113,539,349
LL42,649,769,39,216,154
LL43,102,217,13,51,38
LL44,149,337,10,86,66
LL45,216,401,9,91,89
LL46,499,760,40,149,155
LL48,843,1061,45,207,207
LL49,1137,1303,63,350,298
LL51,387,508,20,76,62
LL52,713,1254,47,231,290
LL53,4386,6024,211,1169,1071
LL54,3454,4395,156,913,757
LL55,7057,6924,311,1618,1200
LL56,796,747,31,189,131
LL57,11724,6575,327,1555,1094
LL58,985,1667,64,366,282
LL59,1505,2111,74,444,361
LL60,852,1290,36,275,197
LL61,1434,2222,60,428,454
LL62,699,1172,42,209,166
LL63,376,680,27,142,145
LL64,160,232,11,54,52
LL65,7170,8363,430,2097,1467
LL66,470,841,34,171,140
LL67,248,387,14,109,61
LL68,1308,1998,112,453,301
LL69,88,119,4,24,20
LL70,59,156,5,32,33
LL71,549,760,21,172,107
LL72,143,235,9,56,64
LL73,121,237,2,38,25
LL74,476,1179,29,207,250
LL75,333,571,16,155,118
LL76,87,206,3,26,27
LL77,1788,2057,85,489,381
LN1,17325,10655,582,2724,1560
LN10,1338,3765,99,615,731
LN11,7483,12837,609,2833,2087
LN12,2908,6469,262,1373,1515
LN13,1861,3659,157,718,631
LN2,14231,14979,783,3539,2133
LN3,3839,7525,280,1377,1058
LN4,9751,18302,726,3463,2448
LN5,11608,11610,615,2838,1565
LN6,17703,23307,1109,4973,3316
LN7,1586,2983,152,564,446
LN8,1943,3327,153,782,589
LN9,2125,3857,212,878,660
LS1,13105,1744,195,467,217
LS10,15149,10661,835,2736,1611
LS11,14179,10710,1005,2673,1295
LS12,16934,11981,1004,3472,1895
LS13,14566,11074,855,3101,1617
LS14,14141,11772,838,3110,1830
LS15,9835,13742,558,2416,2080
LS16,12126,15872,544,2589,2068
LS17,10422,19399,628,2838,2337
LS18,6574,8328,280,1336,1022
LS19,5436,7720,310,1572,1139
LS2,9046,1072,101,243,63
LS20,3006,5708,166,889,720
LS21,4567,7556,252,1497,1119
LS22,3541,7867,269,1224,1119
LS23,2522,4188,157,730,595
LS24,2996,5794,214,1070,678
LS25,11506,18450,649,3464,2550
LS26,8716,12335,541,2461,1854
LS27,12065,12974,705,2883,1880
LS28,11035,14401,663,2834,2155
LS29,6705,14627,486,2403,2226
LS3,1283,303,28,72,45
LS4,6122,1691,121,371,214
LS5,3264,1632,121,471,280
LS6,33329,6773,479,1573,1029
LS7,12822,7920,680,1898,1017
LS8,15546,17412,992,2615,1965
LS9,16107,9315,1036,2503,1294
LU1,17623,16239,1163,3114,1682
LU2,19823,23113,1229,4279,2603
LU3,17574,24539,1190,3539,2773
LU4,15266,20245,978,2909,2367
LU5,12792,15641,796,3309,2029
LU6,8448,13105,581,2482,1587
LU7,15965,24744,1087,4559,2593
M1,15114,1817,177,411,158
M10,19333,12702,1284,3287,2140
M11,9392,6118,662,1608,802
M12,7480,7569,506,1143,607
M13,14281,6515,373,771,493
M14,33011,10130,817,1962,1187
M15,14768,3532,391,893,349
M16,14700,10666,641,1955,1243
M17,977,624,35,161,46
M18,8840,6556,639,1559,885
M19,13403,11695,720,1880,1303
M2,196,55,7,14,2
M20,23047,13049,647,2363,1585
M21,11842,8069,447,1579,908
M22,17447,11501,1035,3418,1836
M23,12563,8989,691,2582,1379
M24,17716,16847,1215,4050,2706
M25,16696,19930,934,3731,2827
M26,11412,10719,742,2945,1562
M27,15783,14408,827,3190,2208
M28,18932,19239,1035,4209,2787
M29,13818,16189,882,3797,2398
M3,12606,2194,253,592,164
M30,22466,16681,1253,4693,2889
M31,13949,18733,763,3588,2854
M32,9325,8810,513,1816,1129
M33,15808,24041,927,4060,3022
M34,15549,16358,978,3901,3067
M35,15095,14350,876,3188,2575
M4,11644,1878,162,420,116
M40,479,314,43,61,27
M41,81,43,9,32,15
M43,204,264,15,40,44
M44,347,383,15,79,7
M46,473,372,32,87,13
M5,16095,4766,481,1267,629
M50,2132,601,36,106,13
M6,14316,7508,668,1974,1388
M7,11085,10148,564,1593,1047
M8,8904,11330,638,1401,998
M9,14314,10061,1014,2740,1491
ME1,12054,12218,795,3063,1717
ME10,15732,18950,1066,3964,2526
ME11,1634,1471,135,408,276
ME12,13230,14030,994,3642,2232
ME13,8147,11349,592,2544,1656
ME14,11339,15350,754,2892,1688
ME15,15245,20040,991,4182,2660
ME16,9478,12632,636,2488,1594
ME17,6098,11086,432,1913,1411
ME18,1780,3473,134,640,405
ME19,6171,10954,479,1979,1042
ME2,12449,15344,800,3203,1904
ME20,5389,8288,372,1661,1098
ME3,7726,11772,543,2130,1571
ME4,11597,9655,952,2566,1212
ME5,14776,19685,991,3983,2377
ME6,3289,3791,240,933,515
ME7,16742,16048,1209,4014,2014
ME8,13064,19719,928,3865,3056
ME9,5345,8553,356,1596,1009
MK1,3731,3937,276,891,549
MK10,7006,8640,449,1378,313
MK11,3388,4338,213,913,547
MK12,5520,6052,371,1323,673
MK13,5263,5789,355,1409,697
MK14,5922,6854,446,1651,809
MK15,1758,2915,118,612,395
MK16,4972,8586,371,1543,1151
MK17,5131,9385,372,1687,1105
MK18,8505,14387,589,2551,1596
MK19,2898,5460,198,842,505
MK2,4482,4346,379,1042,618
MK3,7084,9465,489,1710,1285
MK4,6968,9514,450,1655,534
MK40,14717,13950,949,3214,1920
MK41,11392,16564,738,3326,2289
MK42,17027,18681,1217,4124,2186
MK43,10970,17052,621,2856,1740
MK44,3662,7947,277,1333,926
MK45,11993,20946,812,3573,2326
MK46,1982,3882,143,742,505
MK5,3932,6224,231,1053,579
MK6,8941,7693,714,2149,947
MK7,4238,5299,287,1048,458
MK8,3340,4706,202,759,276
MK9,1867,1036,111,222,34
N1,48508,19573,1765,5339,2116
N10,10091,9965,506,1723,829
N11,12527,11613,722,2409,1253
N12,10028,12687,558,2014,1392
N13,12369,13351,796,2402,1459
N14,8025,11860,480,1607,1352
N15,23870,13859,1359,3481,1415
N16,26103,16160,1105,3147,1401
N17,28496,17013,1934,5104,2004
N18,11516,10372,925,2262,1179
N19,20036,8798,870,2685,1159
N1C,825,314,26,63,32
N2,8157,9511,431,1558,977
N20,4596,7207,243,979,753
N21,5486,8903,306,1225,1006
N22,17453,11150,969,2949,1298
N3,7860,10079,356,1584,1081
N4,27864,11820,1162,3102,1267
N5,12089,5842,388,1191,521
N6,6792,5857,280,1106,594
N7,26286,9518,931,2802,1115
N8,16031,10054,716,2385,1031
N9,16452,14168,1368,3439,1765
NE1,17918,2253,302,680,301
NE10,12192,12285,781,3000,2265
NE11,5172,5879,344,1312,926
NE12,11652,13993,760,3128,2148
NE13,6011,9242,406,1558,1242
NE15,11530,12627,806,2736,1990
NE16,6081,10284,444,1799,1545
NE17,1542,1686,121,472,297
NE18,231,421,18,62,56
NE19,885,2122,71,311,205
NE2,21137,4628,259,1157,765
NE20,2039,5891,129,601,797
NE21,5378,6610,372,1397,1104
NE22,5618,7717,517,1731,1228
NE23,10962,15655,880,3307,2365
NE24,11802,13689,954,3448,2406
NE25,7777,13505,555,2678,1955
NE26,4072,7395,299,1318,1163
NE27,4535,5589,336,1275,579
NE28,15591,14946,1067,3903,2426
NE29,12086,11696,903,3388,2210
NE3,14542,18695,828,3380,2540
NE30,4989,7962,359,1570,1274
NE31,8185,7714,537,1966,1308
NE32,7304,7535,518,2032,1447
NE33,10073,9058,777,2821,1733
NE34,15125,16594,1112,3956,3031
NE35,2051,2593,147,599,339
NE36,1621,2868,111,515,440
NE37,6639,7212,501,1823,1258
NE38,7893,12156,535,2360,1607
NE39,2081,3310,149,605,585
NE4,13894,11736,847,1807,1167
NE40,4122,5905,295,1198,800
NE41,369,907,37,117,99
NE42,3076,4867,244,1056,750
NE43,914,2321,76,299,313
NE44,318,855,19,98,97
NE45,576,1437,47,269,324
NE46,3650,6498,292,1220,1122
NE47,1631,3172,115,600,417
NE48,640,1317,44,220,188
NE49,966,1242,60,337,240
NE5,15044,15476,1012,3654,2738
NE6,22875,11860,1115,3401,2118
NE61,8941,15632,738,3071,2284
NE62,2241,3342,180,751,585
NE63,8438,9447,746,2447,1498
NE64,1488,1723,164,538,401
NE65,4363,9392,371,1563,1352
NE66,4088,7657,361,1421,1142
NE67,184,506,20,77,54
NE68,382,749,38,148,170
NE69,70,164,7,31,31
NE7,4027,5893,198,827,635
NE70,461,962,32,165,120
NE71,585,1250,69,233,254
NE8,13486,7674,653,2170,1157
NE9,10506,12209,668,2638,2141
NG1,17739,1737,186,632,195
NG10,14191,17145,887,4287,2536
NG11,13426,13901,656,2887,2391
NG12,9051,16795,561,2647,2347
NG13,5243,9976,432,1872,1305
NG14,5178,9250,303,1628,1247
NG15,13446,17879,803,3522,2480
NG16,17149,24710,1136,5128,3820
NG17,22054,26715,1514,6586,4307
NG18,15386,17361,1066,4443,2599
NG19,13677,19037,912,4375,2992
NG2,20099,19204,984,3625,2197
NG20,8310,9983,559,2329,1717
NG21,6845,9022,441,2094,1409
NG22,7370,12017,608,2479,1702
NG23,3575,8605,253,1355,1151
NG24,13675,16666,1021,4351,2613
NG25,2125,3698,98,608,624
NG3,19924,16204,1118,3927,2132
NG31,13410,17978,992,4361,2619
NG32,2178,5757,195,972,763
NG33,2096,4454,159,870,532
NG34,10130,18096,903,3729,2498
NG4,12708,13257,766,3216,2089
NG5,29946,28379,1581,6755,4412
NG6,13583,10493,861,3114,1728
NG7,40796,10651,770,2227,1077
NG8,19642,20969,1092,3884,2935
NG9,22819,26160,1128,5088,3808
NN1,16501,10296,810,2895,1198
NN10,11466,15319,917,3669,2157
NN11,11407,17112,857,3538,2018
NN12,6574,11815,440,2033,1274
NN13,5887,9456,338,1786,973
NN14,12063,20579,969,3933,2465
NN15,11669,16788,839,3377,2275
NN16,9669,9160,732,2575,1164
NN17,10418,11731,774,2926,1692
NN18,11981,12921,911,3010,1430
NN2,13878,14408,871,3266,1994
NN29,2913,5118,253,1031,710
NN3,21640,27596,1467,5708,3504
NN4,14647,20367,989,3745,1792
NN5,13567,15424,968,3402,2100
NN6,8172,16186,653,2716,1845
NN7,6261,12181,502,2239,1507
NN8,16903,18637,1246,4599,2735
NN9,7449,10395,676,2314,1422
NP1,16164,21651,988,4644,3312
NP10,2306,3149,106,569,207
NP11,239,427,7,72,20
NP12,9359,11723,513,2524,1848
NP13,6031,6435,358,1676,1204
NP15,2539,5416,186,893,675
NP16,5593,9584,401,1918,1315
NP18,4489,7857,272,1315,1085
NP19,18681,17530,1142,4032,2442
NP2,8368,8162,504,2106,1568
NP20,17620,17489,950,4287,2774
NP23,10054,10516,613,2702,1988
NP25,3446,6262,252,1299,1006
NP26,5660,10027,359,1806,1329
NP3,110,144,2,34,15
NP4,13601,17045,836,3813,2840
NP44,13540,16577,765,4224,2680
NP7,6412,10711,433,2274,1849
NP8,891,2214,71,351,343
NR1,14707,8197,755,3126,1383
NR10,6653,11156,505,2440,1417
NR11,4511,9247,370,1891,1398
NR12,4872,9905,465,2026,1651
NR13,6906,13537,498,2615,1794
NR14,6531,12304,406,2289,1547
NR15,3672,7584,273,1356,1014
NR16,2836,5544,216,1040,666
NR17,4267,7291,319,1450,1038
NR18,5175,8350,409,1711,1113
NR19,5683,8416,428,1961,1305
NR2,13804,6967,630,2576,1012
NR20,4520,9272,336,1723,1311
NR21,4139,6855,271,1620,1171
NR22,179,220,17,60,43
NR23,772,1383,65,328,300
NR24,1115,1817,77,396,270
NR25,1815,3733,134,754,807
NR26,1656,3773,122,713,796
NR27,2780,4760,227,1237,1011
NR28,3926,6356,311,1644,1271
NR29,5146,9622,336,1916,1583
NR3,13939,8196,785,3196,1184
NR30,10457,8940,734,3518,1838
NR31,14528,18056,951,4815,3110
NR32,11560,14106,842,4036,2536
NR33,10427,15393,717,3787,2836
NR34,5129,9058,388,1958,1452
NR35,2547,4290,164,956,780
NR4,10832,8117,317,1664,1294
NR5,11943,9541,540,2473,1354
NR6,5776,9407,387,1989,1493
NR7,8524,12261,483,2698,1932
NR8,5266,8820,368,1689,1045
NR9,4032,7760,256,1418,988
NW1,32045,14851,1271,3801,1857
NW10,41529,28858,2585,6747,3426
NW11,10194,13395,528,1909,1403
NW2,26013,20690,1490,3973,2175
NW3,20137,17438,893,3332,1627
NW4,11372,12393,582,2021,1155
NW5,11241,5830,438,1499,746
NW6,29076,16981,1383,4093,1585
NW7,7217,10834,457,1444,1003
NW8,11847,9724,579,1906,1200
NW9,24091,27227,1347,3534,2279
OL1,10107,9312,760,1936,1263
OL10,9431,8943,708,2397,1488
OL11,14993,18601,1117,3571,2696
OL12,13887,16869,991,3470,2239
OL13,5056,5424,376,1397,757
OL14,5073,5234,309,1501,864
OL15,4355,5765,332,1277,861
OL16,9860,11645,719,2195,1406
OL2,11570,14586,773,3317,2647
OL3,3666,6893,234,1225,1018
OL4,12660,17026,937,2783,1966
OL5,3975,3853,226,1092,576
OL6,10302,10384,629,2275,1517
OL7,4925,5157,415,1226,929
OL8,13529,14712,1032,2508,1677
OL9,11248,12544,703,2144,1727
OX1,20385,7037,236,1091,767
OX10,7264,12588,460,2054,1541
OX11,13307,17716,746,3038,1587
OX12,7789,12763,519,2096,1649
OX13,4293,7553,224,1137,705
OX14,11885,17415,635,3042,2100
OX15,5230,10143,332,1633,1083
OX16,16474,18069,998,4282,2300
OX17,3207,7050,215,1198,897
OX18,7521,11728,551,2065,1199
OX2,12818,14556,463,2381,1677
OX20,1686,2938,108,512,391
OX25,3506,5963,258,1009,527
OX26,10631,14308,578,2693,1337
OX27,1728,2862,120,465,280
OX28,8346,11254,517,2505,1633
OX29,5715,10758,401,1691,1290
OX3,19697,15744,582,2525,1686
OX33,1926,3147,79,502,398
OX39,2063,3611,104,604,366
OX4,29257,18089,1059,3818,2127
OX44,1818,3569,114,506,368
OX49,935,2022,64,311,273
OX5,6089,9825,365,1709,1327
OX7,5208,9312,340,1723,1284
OX9,3799,6618,258,1129,793
PE1,18547,17872,1261,4345,2240
PE10,5902,10860,498,2141,1536
PE11,12657,18681,892,4298,2994
PE12,10078,18153,781,3632,3037
PE13,11449,13874,760,3787,2593
PE14,5775,9733,437,1969,1442
PE15,8454,12180,611,2736,2008
PE16,3107,4153,235,1029,644
PE17,15872,26986,1153,5059,3413
PE18,14687,22229,1059,4680,2824
PE19,11131,16163,753,3414,2087
PE2,16232,18307,1161,4597,2280
PE20,4122,6319,325,1407,1029
PE21,13769,15748,909,4418,2650
PE22,3576,7182,254,1393,1073
PE23,2063,3768,173,751,609
PE24,2560,5220,223,1035,1023
PE25,6560,7944,503,2357,1714
PE27,70,86,4,24,1
PE28,664,848,46,128,24
PE29,509,467,25,90,10
PE3,10007,11620,753,2661,1513
PE30,14546,16426,935,4488,2576
PE31,4137,9276,328,1949,1816
PE32,3558,7061,252,1311,971
PE33,3713,6701,244,1150,843
PE34,3154,5588,206,1074,829
PE36,1139,2376,105,586,643
PE37,2602,4844,213,1095,965
PE38,3662,6088,288,1299,1241
PE4,8574,10625,609,2768,1521
PE5,293,648,15,101,72
PE6,8770,17119,711,3247,2085
PE7,12714,17871,924,3664,2069
PE8,3985,7606,347,1359,882
PE9,7629,12662,531,2852,1911
PL1,14492,6985,847,3355,1240
PL10,876,1743,79,361,264
PL11,2320,4175,206,1007,672
PL12,4961,9952,433,2045,1453
PL13,2487,4837,222,1147,845
PL14,6116,9858,481,2375,1593
PL15,5386,9606,436,1946,1296
PL16,233,373,9,79,53
PL17,2319,4481,163,909,664
PL18,1178,2267,111,543,288
PL19,3550,6945,255,1472,1097
PL2,10824,10279,793,3127,1397
PL20,2952,6032,252,1241,900
PL21,4789,9344,328,1741,1093
PL22,1031,1786,77,419,283
PL23,768,1499,49,298,240
PL24,2798,4264,213,1167,775
PL25,7820,11192,500,2778,1871
PL26,7240,11613,499,2604,1701
PL27,3114,5287,199,1179,869
PL28,1060,1671,69,370,260
PL29,362,670,29,135,141
PL3,8939,10936,595,2690,1658
PL30,2255,4788,143,815,638
PL31,4691,4922,321,1454,800
PL32,1046,1592,69,390,239
PL33,510,788,34,211,110
PL34,331,658,32,170,120
PL35,161,316,16,89,54
PL4,17800,5587,664,2379,793
PL5,13747,14631,1117,4472,2397
PL6,10362,16812,760,3388,2425
PL7,7689,13865,586,2599,1865
PL8,961,2592,66,444,354
PL9,6165,13175,442,2215,2032
PO1,17640,7510,766,2818,1200
PO10,5224,8776,359,1859,1456
PO11,3738,7816,350,1833,1535
PO12,13159,16800,1025,4901,2766
PO13,9071,13903,785,3368,2026
PO14,8525,16716,550,2924,2319
PO15,5803,9893,412,1908,1001
PO16,7431,13608,456,2772,2159
PO17,2143,3488,156,596,444
PO18,3881,7366,287,1409,988
PO19,11357,11130,644,2949,2045
PO2,13902,13551,888,3734,1665
PO20,7963,14801,647,3002,2565
PO21,13181,16983,834,4407,3298
PO22,7187,11977,505,2709,2001
PO3,6025,6924,395,1532,894
PO30,9438,12168,702,3235,1879
PO31,3844,5528,292,1416,896
PO32,2500,3217,166,901,519
PO33,8752,11623,668,3346,2099
PO34,310,1001,24,144,164
PO35,587,1642,42,318,387
PO36,4369,7080,376,1801,1319
PO37,2279,3580,206,990,665
PO38,2750,4958,240,1261,916
PO39,734,1519,64,329,330
PO4,16714,12457,780,3464,1797
PO40,1156,2019,132,464,424
PO41,344,782,14,156,187
PO5,12580,5666,546,2226,991
PO6,12086,15784,771,3374,2233
PO7,11364,18416,811,3646,2621
PO8,8017,15478,522,2736,1976
PO9,14875,17331,972,4334,2667
PR0,170,118,5,25,18
PR1,29943,24252,1318,5119,3226
PR11,52,147,0,21,18
PR2,23238,27647,1353,5715,4109
PR25,10241,13585,674,3092,1993
PR26,4210,5173,290,1276,628
PR3,9610,17877,582,2934,2695
PR4,15415,26950,924,4913,3505
PR5,11094,14615,657,3407,2335
PR6,10198,14664,630,3146,1893
PR7,16437,23283,1125,4996,3027
PR8,16474,21211,991,5465,3758
PR9,11732,15871,726,4153,3228
RG1,26908,15492,825,2840,1246
RG10,4274,9450,272,1353,996
RG11,18526,35261,1065,5054,3744
RG12,24704,31455,1461,6490,3050
RG13,11880,16001,717,3291,2214
RG14,7787,11469,474,2153,1290
RG15,3687,8273,232,1232,937
RG16,4446,8879,293,1296,855
RG17,1779,2907,126,644,430
RG18,204,469,14,57,18
RG19,384,635,28,138,37
RG2,16074,15670,793,2809,1505
RG21,10777,11284,595,2588,1438
RG22,11469,16552,738,3290,1773
RG23,3149,5707,181,859,736
RG24,11536,15303,724,2831,1387
RG25,3615,7204,244,1108,817
RG26,5586,10044,320,1760,1216
RG27,4805,9535,341,1592,937
RG28,1596,3084,91,462,355
RG3,23272,29429,1296,5260,3387
RG30,203,139,9,20,7
RG31,81,200,5,11,16
RG4,10657,17838,555,2659,2058
RG40,648,784,34,112,17
RG41,274,358,16,48,2
RG42,975,1565,48,308,168
RG5,6579,12015,359,1809,1401
RG6,9015,15279,386,1712,1318
RG7,7689,12798,500,2183,1243
RG8,3050,7580,197,1030,860
RG9,5120,9115,326,1721,1274
RH1,15434,20764,932,3744,2139
RH10,22738,30160,1336,5669,3319
RH11,17428,19378,1202,4389,2241
RH12,14177,21828,844,4050,2673
RH13,9697,17122,588,2846,1902
RH14,3712,7055,250,1239,754
RH15,8994,14294,527,2633,1906
RH16,10342,16531,653,2908,2009
RH17,3805,7413,298,1234,827
RH18,1469,2248,104,504,281
RH19,8361,14576,545,2651,1875
RH2,5792,10105,345,1574,1237
RH20,5188,12176,426,1962,1658
RH3,1006,2089,70,346,291
RH4,4680,6989,321,1426,1070
RH5,3227,5797,228,1058,653
RH6,9306,13373,553,2539,1672
RH7,2310,3637,160,723,470
RH8,3604,6600,225,1013,854
RH9,1189,1696,81,386,227
RM1,9480,10878,483,1805,1339
RM10,14783,13580,1069,2990,1625
RM11,9701,15224,471,2076,1924
RM12,9760,14091,421,2255,2056
RM13,10005,10985,526,1975,1616
RM14,6440,12123,308,1398,1711
RM15,10086,10316,644,2153,1170
RM16,17565,21639,1184,3878,2334
RM17,8702,9603,568,2030,1016
RM18,6271,5496,443,1263,657
RM19,193,183,16,37,10
RM2,3467,5040,190,715,604
RM3,15181,14705,879,3359,2013
RM4,1072,1500,58,241,198
RM5,6253,7897,357,1470,1145
RM6,10569,13310,657,2038,1419
RM7,8831,9581,516,1678,1271
RM8,14497,15154,1060,2831,1458
RM9,11366,11191,842,2459,1320
S1,18216,3516,235,631,396
S10,23903,15337,579,2362,1968
S11,13396,13145,395,1912,1374
S12,11371,13999,602,2853,2441
S13,10181,10953,599,2237,1934
S14,3733,2379,270,806,548
S17,3324,7677,205,1138,1054
S18,5342,11217,375,1980,1760
S19,8112,11648,458,2302,1624
S2,17731,10057,941,2692,1549
S20,386,446,19,91,19
S21,5467,7571,341,1776,1142
S25,5956,8484,364,1784,1341
S26,6649,10596,384,1895,1440
S3,8124,3270,317,688,337
S30,19970,35010,1187,6083,5000
S35,671,669,37,153,118
S36,149,210,9,31,10
S4,4390,4402,356,718,559
S40,11850,15458,785,3899,2570
S41,10155,12025,684,3183,1942
S42,7735,12092,540,2459,1849
S43,11494,14837,751,3556,2391
S44,5645,7687,385,1862,1327
S45,3476,4390,318,1197,757
S5,20766,17082,1233,4228,2878
S6,18067,18527,881,3955,2795
S60,13631,17941,820,3280,2453
S61,10821,11627,608,2858,1993
S62,7328,7613,472,1842,1231
S63,13299,14291,960,3494,2287
S64,8554,9634,556,2423,1633
S65,10474,10494,656,2453,1721
S66,12134,16487,767,3522,2593
S7,5151,5486,207,740,573
S70,15383,13582,977,4183,2377
S71,14422,16885,938,4146,2625
S72,8144,9194,536,2248,1440
S73,8799,9581,575,2402,1485
S74,4920,6019,352,1475,1066
S75,11121,17562,653,3751,2502
S8,13551,14224,729,3203,2169
S80,9274,10273,661,2602,1704
S81,9234,15114,630,2963,2148
S9,8092,9518,483,1398,1221
SA1,26434,12974,1148,4486,2644
SA10,8934,12557,534,2896,2001
SA11,10438,11971,689,3220,2224
SA12,9881,11433,629,3027,2123
SA13,5155,5739,326,1382,1089
SA14,10432,15508,634,3235,2499
SA15,10464,12223,714,3441,2112
SA16,2224,3425,155,809,620
SA17,2352,3729,146,820,641
SA18,8125,11806,504,2668,2071
SA19,2718,4725,158,882,788
SA2,12771,13472,466,2623,2209
SA20,802,1081,40,226,226
SA3,5303,11204,360,1982,2056
SA31,6021,6732,322,1712,1215
SA32,1198,2611,66,402,350
SA33,3016,5890,190,1035,795
SA34,1431,2555,99,491,336
SA35,412,540,16,109,86
SA37,625,1190,35,193,160
SA38,1258,2040,81,487,367
SA39,825,1415,41,275,208
SA4,12376,17613,766,3759,2642
SA40,953,1404,66,284,242
SA41,493,690,30,129,110
SA42,707,1058,50,226,199
SA43,3021,4481,187,1104,874
SA44,2474,4580,151,848,736
SA45,292,470,21,127,88
SA46,753,1341,52,283,277
SA47,65,36,5,16,4
SA48,2274,3150,131,667,511
SA5,11782,11292,785,2945,1960
SA6,9531,11283,615,2661,1950
SA61,4627,5392,324,1480,972
SA62,5301,10013,357,1810,1500
SA63,163,379,8,52,62
SA64,593,712,49,204,120
SA65,974,1265,69,360,289
SA66,932,1518,56,292,254
SA67,1355,2565,108,449,406
SA68,1063,2272,62,417,425
SA69,828,1678,56,405,375
SA7,3870,5015,231,1045,670
SA70,1903,2939,137,793,565
SA71,3058,4402,222,1000,761
SA72,2830,3036,224,881,560
SA73,5746,6853,359,1734,1259
SA8,3531,4612,199,1096,745
SA9,3878,5162,254,1315,971
SE1,48348,16150,1811,5004,1680
SE10,19760,11396,778,2247,806
SE11,12058,4342,523,1504,602
SE12,11189,10182,633,2099,1177
SE13,21362,11851,977,2972,1063
SE14,17292,6758,755,1845,669
SE15,32872,14612,1876,4279,1896
SE16,26529,11700,1134,3093,1177
SE17,17428,5948,857,2066,850
SE18,32935,26149,2361,6014,2617
SE19,13581,8300,706,2157,886
SE2,8519,7449,667,1629,822
SE20,10467,6085,562,1765,685
SE21,6931,6492,347,1152,542
SE22,12666,8279,582,1508,674
SE23,15339,10335,703,2212,935
SE24,10008,5671,378,1115,524
SE25,13351,8843,805,2529,985
SE26,11318,7593,672,1996,903
SE27,8688,5078,454,1328,496
SE28,10727,7763,980,2131,663
SE3,11942,11379,632,2314,1242
SE4,11607,6678,462,1514,560
SE5,23589,9735,1235,3130,1102
SE6,20367,14038,1312,3540,1680
SE7,7916,5939,431,1358,609
SE8,13830,5407,654,1604,482
SE9,20547,21052,1255,4289,2806
SG1,17715,19100,1136,4311,2369
SG10,858,1393,46,184,149
SG11,2045,3781,117,584,380
SG12,8439,11426,449,2318,1561
SG13,4975,6491,269,1245,733
SG14,5668,7475,335,1491,904
SG15,1864,2325,119,536,231
SG16,1855,3093,128,608,301
SG17,3762,5860,299,1105,654
SG18,8517,12329,551,2284,1400
SG19,6166,10002,502,1927,1221
SG2,12086,16078,856,3266,1934
SG3,1576,2613,97,448,373
SG4,8293,12192,510,2056,1592
SG5,8421,12537,594,2247,1469
SG6,9713,12419,607,2609,1829
SG7,3914,5584,263,1160,813
SG8,9556,17382,587,2674,1942
SG9,2889,5468,189,776,598
SK1,6630,3901,363,1509,627
SK10,11195,19055,753,3803,2625
SK11,10059,12760,640,3069,1774
SK12,12140,22657,819,4226,3119
SK13,9889,12595,637,2891,1809
SK14,16349,16698,1094,3934,2643
SK15,8853,9512,647,2283,1382
SK16,5995,5917,386,1516,1058
SK17,8220,11235,549,2562,1774
SK2,9295,11034,536,2441,1547
SK22,86,81,6,38,20
SK23,65,64,2,15,3
SK3,10158,8370,544,2112,1200
SK4,10643,13275,539,2408,1657
SK5,11480,7728,596,2186,1362
SK6,12860,19906,793,3628,3362
SK7,9207,19024,480,2674,2744
SK8,14498,24939,834,3632,3432
SK9,10076,16219,597,3168,2306
SL0,3446,5491,193,813,587
SL1,22910,32674,1634,5008,2943
SL2,14492,21568,988,3035,2162
SL3,12205,19259,829,2938,1803
SL4,12891,17533,795,3499,2260
SL5,5296,9968,368,1682,1216
SL6,20207,34127,1174,5222,3735
SL7,4077,8839,293,1581,1201
SL8,1618,2721,90,538,376
SL9,4867,10488,258,1137,1328
SM1,14400,18159,808,3077,1897
SM2,8901,11718,531,2006,1411
SM3,5179,8493,259,1114,1017
SM4,12373,15134,643,2361,1668
SM5,11669,15180,700,2449,1572
SM6,10301,12754,637,2199,1513
SM7,3766,7319,227,1045,1129
SN1,11982,15014,745,2580,1325
SN10,8322,13848,637,3025,1925
SN11,6622,11354,432,2413,1245
SN12,7166,11785,473,2447,1627
SN13,4509,7809,318,1542,1016
SN14,7098,12803,464,2295,1377
SN15,9596,13334,574,2393,1485
SN16,3232,6407,250,1102,829
SN17,74,141,4,22,9
SN2,19353,26408,1324,5598,3171
SN25,6019,7273,481,1571,306
SN3,14430,21680,903,4294,3009
SN38,324,299,29,70,25
SN4,6239,12104,504,2233,1705
SN5,8678,13784,615,2706,1285
SN6,4714,9680,398,1635,1183
SN7,3510,5761,266,1091,689
SN8,5707,10839,421,1990,1485
SN9,1639,3394,147,681,482
SO1,46886,36461,2147,8863,4446
SO14,7833,3636,266,782,304
SO15,365,234,14,46,46
SO16,7128,3985,226,826,435
SO17,8072,3835,232,941,578
SO18,12486,14183,795,3444,1938
SO19,18170,18462,1207,4891,2567
SO20,1945,4650,161,663,490
SO21,5374,11566,319,1545,1193
SO22,11636,12148,430,1767,1386
SO23,6241,6876,321,1605,1137
SO24,1967,4474,147,741,676
SO3,21685,40664,1447,7440,5185
SO30,953,1163,79,254,52
SO31,493,564,31,102,50
SO32,388,475,22,60,8
SO4,26167,50203,2015,9837,7861
SO40,176,289,10,73,18
SO41,204,259,21,97,48
SO45,24,60,4,19,17
SO5,26528,46815,1784,8614,6052
SO50,634,581,39,156,25
SO51,727,1129,67,232,111
SO53,710,1440,60,251,48
SP1,6475,9021,471,2221,1534
SP10,11581,16141,868,3820,2208
SP11,8141,13059,666,2320,1174
SP2,8733,11663,634,2755,1668
SP3,2570,5785,247,1043,782
SP4,9001,15749,832,2521,1417
SP5,4261,10801,260,1577,1231
SP6,2871,6107,208,1121,850
SP7,3870,5875,293,1332,899
SP8,3111,5958,301,1283,955
SP9,2804,4310,275,568,168
SR1,4745,2513,272,913,520
SR2,10600,11582,681,2184,1857
SR3,11400,13120,721,2602,2249
SR4,13482,12135,779,2640,2226
SR5,12152,9967,744,2517,2046
SR6,6985,11740,425,2015,2021
SR7,9009,10716,595,2444,1878
SR8,11073,10847,780,2987,2156
SS0,16278,14907,1092,4270,2247
SS1,10038,9762,688,2717,1533
SS11,4877,8083,295,1432,1299
SS12,5255,7482,299,1418,918
SS13,7385,7496,582,2117,1186
SS14,9100,8261,656,2241,1222
SS15,10884,10790,813,2694,1457
SS16,9444,10645,611,2212,1213
SS17,9205,12791,523,2272,1777
SS2,11716,11198,765,3189,1752
SS22,73,133,2,24,27
SS3,8042,9749,566,2505,1428
SS4,6051,8262,387,1809,1299
SS5,4979,10289,303,1535,1408
SS6,8179,14442,483,2412,2030
SS7,12591,21139,684,3496,3301
SS8,10429,14609,710,3132,2741
SS9,12573,18687,794,3976,2839
ST1,12352,11293,784,2518,1462
ST10,6440,11846,435,1997,1635
ST11,2439,4709,152,785,667
ST12,1307,2647,113,454,400
ST13,7366,10691,505,2328,1745
ST14,6409,8611,385,1735,1284
ST15,5912,10172,436,2057,1355
ST16,11388,12377,787,3253,1850
ST17,9576,15243,687,3141,2111
ST18,3463,8124,225,1272,978
ST19,3659,7368,281,1167,1082
ST2,11070,11948,813,2974,2379
ST20,1733,3764,103,637,469
ST21,1091,2330,93,446,306
ST3,19474,24050,1454,5155,3820
ST4,20150,18246,1142,4369,2687
ST5,26734,28616,1468,6310,4691
ST6,20378,21365,1406,5166,3629
ST7,13765,22749,913,4280,3492
ST8,4609,7515,344,1473,1319
ST9,1987,4525,107,588,716
SW10,8072,5324,448,1561,633
SW11,41955,21153,1297,4666,1918
SW12,18451,9114,432,1535,843
SW13,4846,7146,307,1230,646
SW14,4410,7064,210,979,482
SW15,27665,19135,1056,3876,1974
SW16,34163,24177,1652,4852,2504
SW17,30715,16595,866,3035,1696
SW18,27956,19899,937,3143,1330
SW19,27905,27049,1112,4278,2299
SW1A,1174,605,24,128,54
SW1E,1239,756,31,138,42
SW1H,449,281,15,79,39
SW1P,5932,3301,244,949,345
SW1V,10271,5157,509,1442,700
SW1W,2755,2232,142,666,402
SW1X,2242,2171,88,374,195
SW1Y,193,60,4,13,3
SW2,30329,10383,1158,3208,1140
SW20,7778,10499,351,1512,986
SW3,7201,6256,289,1441,690
SW4,23650,7834,767,2069,800
SW5,7540,3974,254,1073,363
SW6,31131,18784,1099,3982,1763
SW7,5878,3960,180,765,338
SW8,19123,6725,785,2126,798
SW9,23724,6916,1012,2316,893
SY1,10487,9472,686,2780,1379
SY10,5212,9794,304,1642,1381
SY11,6828,8977,498,2254,1505
SY12,2007,3754,125,716,542
SY13,5437,9374,383,1713,1329
SY14,1259,2393,84,410,330
SY15,1883,3553,127,634,516
SY16,4702,5846,321,1376,945
SY17,892,1685,41,313,211
SY18,1087,1596,106,397,313
SY19,230,432,14,68,53
SY2,5474,7044,312,1867,1262
SY20,1944,2616,112,614,388
SY21,4645,6999,255,1439,1172
SY22,1558,2434,88,480,374
SY23,12443,8780,364,1874,1421
SY24,1222,1726,80,364,271
SY25,857,1235,39,294,221
SY3,9290,14601,580,2987,2269
SY4,5996,11058,347,1852,1489
SY5,4931,9564,297,1620,1133
SY6,1726,4222,135,692,695
SY7,2300,4487,160,781,590
SY8,4256,7698,276,1526,1343
SY9,562,731,42,207,163
TA1,12889,16221,866,4093,2644
TA10,2430,5051,151,962,708
TA11,2037,4007,126,713,645
TA12,1444,2630,105,582,392
TA13,948,2057,83,461,329
TA14,791,1474,60,324,202
TA15,101,206,13,47,33
TA16,445,891,40,199,168
TA17,136,390,12,54,43
TA18,2292,3895,199,924,583
TA19,2804,5623,210,1123,909
TA2,8845,11021,611,2772,1401
TA20,5312,8660,395,1876,1346
TA21,5379,8983,420,1998,1380
TA22,517,1125,33,243,214
TA23,1560,3104,135,744,539
TA24,4247,7060,334,1641,1496
TA3,2544,6219,200,1017,821
TA4,3941,7895,318,1603,1069
TA5,2951,5518,226,1053,742
TA6,16159,18162,1162,4644,2577
TA7,3128,7018,212,1162,868
TA8,3838,7325,366,1659,1568
TA9,3204,4805,261,1162,676
TD12,264,692,42,96,88
TD15,4041,6399,345,1374,1249
TF1,13902,17125,948,4005,2313
TF10,6398,9498,356,1820,1390
TF11,4498,5070,306,1088,620
TF12,1496,2492,102,511,364
TF13,765,1713,45,298,273
TF2,11116,14197,770,3148,1828
TF3,8884,9289,628,2345,1093
TF4,5828,6629,382,1615,810
TF5,1210,2278,74,347,208
TF6,750,1760,41,284,270
TF7,6240,5995,490,1766,933
TF8,143,257,11,71,37
TF9,6330,9894,356,1829,1367
TN1,5525,5114,358,1358,542
TN10,4348,7450,252,1326,1156
TN11,4211,8621,287,1288,973
TN12,7430,12991,502,2166,1617
TN13,6211,11890,408,1644,1275
TN14,3675,7073,225,1070,819
TN15,4946,9781,351,1625,1352
TN16,4874,7858,327,1335,936
TN17,3339,6321,263,1145,834
TN18,1667,3188,103,654,433
TN19,1308,2750,99,469,297
TN2,7248,11570,469,2059,1506
TN20,873,2087,84,363,243
TN21,3662,7259,254,1373,990
TN22,6070,11279,457,2128,1451
TN23,14258,16340,885,3465,1689
TN24,9943,13482,605,2660,1669
TN25,3614,7390,257,1239,874
TN26,3008,6077,222,993,832
TN27,2504,4921,193,903,690
TN28,2127,4072,147,793,756
TN29,2884,5005,231,1095,951
TN3,3016,7190,175,1049,829
TN30,2161,4334,165,784,774
TN31,3417,6180,278,1304,1082
TN32,1029,2049,81,404,255
TN33,2859,5314,218,1096,805
TN34,11350,11054,843,3591,1970
TN35,4757,6290,328,1494,919
TN36,543,941,39,224,219
TN37,7357,6528,547,2339,949
TN38,7660,7671,588,2572,1286
TN39,6963,11832,533,2732,2442
TN4,6814,9884,416,2038,1122
TN40,4089,5522,329,1779,1580
TN5,1758,3579,124,686,485
TN6,5574,11008,367,1970,1488
TN7,378,902,26,139,88
TN8,3314,4835,229,878,618
TN9,4788,5717,290,1286,740
TQ1,11151,12094,846,4330,2530
TQ10,972,1755,70,363,267
TQ11,1375,1974,78,479,278
TQ12,16286,24237,1110,5993,3521
TQ13,4430,8547,370,1930,1376
TQ14,4503,8085,396,1980,1486
TQ2,9599,11855,674,3267,1746
TQ3,9329,12715,653,3401,2162
TQ4,4585,8299,354,1987,1601
TQ5,4302,8078,318,1995,1546
TQ6,1982,3723,152,844,604
TQ7,3848,7769,326,1692,1213
TQ8,397,679,33,156,116
TQ9,4523,6537,281,1690,1014
TR1,7446,8580,415,2208,1517
TR10,6646,4944,198,1148,662
TR11,11131,10541,420,2427,1792
TR12,2260,4303,138,893,696
TR13,4746,8702,332,1886,1177
TR14,8671,11078,584,3030,1763
TR15,6744,8072,510,2412,1270
TR16,3877,6230,227,1436,919
TR17,625,951,38,259,163
TR18,6401,6754,426,2701,1418
TR19,2258,3877,143,942,613
TR2,2443,4252,161,880,644
TR20,1741,3407,107,721,481
TR21,342,723,28,132,118
TR22,41,81,4,11,10
TR24,65,55,3,8,2
TR25,25,71,0,7,11
TR26,2855,4442,210,1155,809
TR27,3740,5256,251,1315,891
TR3,2613,5401,150,930,762
TR4,2790,4411,198,892,527
TR5,933,1526,54,300,229
TR6,989,1403,67,358,264
TR7,7531,8088,427,2221,1218
TR8,2524,4036,164,837,523
TR9,2029,2715,145,610,424
TS1,9851,4959,560,1340,672
TS10,11453,13081,776,3495,2435
TS11,2760,4815,206,988,912
TS12,6209,8645,433,1962,1430
TS13,2959,3560,191,876,656
TS14,4648,7906,363,1560,1213
TS15,3367,7061,255,1131,869
TS16,2656,5035,189,885,656
TS17,14015,17316,949,3309,1967
TS18,9483,9549,633,2105,1267
TS19,10654,11427,684,2749,2176
TS2,395,211,36,88,33
TS20,6261,6756,481,1694,1260
TS21,2963,5222,216,939,715
TS22,2074,5535,140,664,702
TS23,8203,9606,590,2386,1590
TS24,9010,7044,668,2187,1407
TS25,12063,13504,740,2961,2424
TS26,6273,8633,385,1665,1261
TS27,2793,3965,215,848,728
TS28,1712,1782,116,422,286
TS29,1739,1999,107,509,362
TS3,11909,6699,726,2086,1454
TS4,6900,5130,390,1238,873
TS5,10681,13829,630,2337,2104
TS6,9701,9309,638,2271,1779
TS7,5930,10248,313,1495,1542
TS8,6034,6540,408,1719,1160
TS9,2570,5696,188,947,938
TW1,10022,11808,441,1902,983
TW10,5716,7979,415,1387,798
TW11,7117,9734,396,1613,900
TW12,6248,9376,338,1652,1039
TW13,12267,14189,866,2591,1301
TW14,10305,12190,697,2036,1280
TW15,8594,12298,535,2172,1596
TW16,6060,8675,407,1545,1066
TW17,3363,5579,198,1055,872
TW18,7941,10674,472,2012,1226
TW19,5005,6811,346,1326,778
TW2,8638,12127,450,1796,1288
TW20,11657,7176,300,1386,883
TW3,14428,21820,908,2560,1796
TW4,8238,11989,552,1471,1222
TW5,8404,12942,588,1474,1404
TW6,567,654,51,97,52
TW7,12579,14497,750,2591,1313
TW8,9812,7939,508,1855,741
TW9,6149,7966,297,1325,730
UB1,12685,20172,726,2100,2227
UB10,10908,17163,568,2235,1835
UB11,422,595,28,84,44
UB18,122,241,4,7,16
UB2,9670,15709,634,1477,1450
UB3,15218,21000,943,2818,1888
UB4,11408,16551,727,2085,1512
UB5,15626,17293,1024,2890,1649
UB6,15199,18733,858,2838,1915
UB7,11176,11825,683,2168,1205
UB8,15029,11038,611,2102,1314
UB9,3935,4893,248,1055,824
W1,130,39,0,15,5
W10,17487,9107,1000,2789,1329
W11,13749,8890,644,2623,1013
W12,24490,12771,1092,3222,1371
W13,13544,13086,677,2317,1256
W14,17160,9322,672,2347,866
W1A,5179,2648,195,679,259
W1B,317,141,16,36,18
W1C,464,263,16,53,36
W1D,588,214,29,119,26
W1G,560,350,15,72,27
W1H,2420,1587,80,288,114
W1J,96,53,8,16,4
W1K,90,151,10,17,11
W1M,707,302,35,102,43
W1N,237,46,4,22,7
W1P,2150,568,37,159,83
W2,20617,11170,847,2692,1005
W3,23677,16768,996,3468,1669
W4,15815,15927,727,2831,1386
W5,16422,15900,722,2709,1558
W6,14668,7790,535,1925,812
W7,9331,9229,513,1699,961
W8,4756,5764,259,824,388
W9,15005,8680,709,2225,846
WA1,8162,9194,432,2020,1277
WA10,13984,14240,929,3472,2370
WA11,10973,15484,687,3114,2653
WA12,8546,8359,534,2080,1300
WA13,2985,6236,204,1063,781
WA14,8745,13329,475,2162,1532
WA15,8832,17774,467,2414,2109
WA16,4644,9565,315,1604,1340
WA2,13726,12957,837,3540,2128
WA3,13939,19042,873,3964,2808
WA4,13733,20564,713,3983,2973
WA5,16062,24271,910,4225,2990
WA6,4376,8607,268,1504,1327
WA7,20073,20183,1321,5034,3210
WA8,20104,22021,1181,4685,3429
WA9,16619,15625,1102,3890,2638
WC1A,1576,532,50,147,54
WC1B,409,144,13,33,10
WC1E,603,122,6,29,10
WC1H,4398,1250,115,374,157
WC1N,2255,1031,109,307,155
WC1R,129,32,0,21,15
WC1V,203,45,12,28,19
WC1X,2048,734,56,213,101
WC2A,241,59,4,14,1
WC2B,791,210,28,120,49
WC2E,430,151,13,45,14
WC2H,410,163,14,70,20
WD1,24108,30327,1321,4866,3013
WD17,144,141,8,48,34
WD18,134,183,7,33,7
WD19,118,183,10,37,21
WD2,21645,30703,1227,4923,3456
WD23,54,121,3,19,7
WD24,97,103,3,17,1
WD25,266,475,16,54,19
WD3,9960,17744,512,2489,2026
WD4,2837,4439,179,772,564
WD5,2890,3776,157,824,530
WD6,12270,15124,717,2944,1633
WD7,2577,5188,157,662,491
WF1,14344,15361,967,3676,2052
WF10,16420,17069,1097,4290,2502
WF11,5319,5734,371,1539,1073
WF12,11424,15127,672,2644,1879
WF13,8540,10856,672,1668,1045
WF14,5220,8194,382,1595,1318
WF15,5327,6486,376,1584,1004
WF16,2769,3978,217,707,515
WF17,11513,14811,757,2525,1718
WF2,14875,19553,1017,4610,2828
WF3,8763,12436,527,2444,1568
WF4,10942,16640,760,3559,2372
WF5,5405,7958,385,1773,1227
WF6,6386,7953,413,2003,1140
WF7,6977,8789,453,1991,1295
WF8,10032,13322,652,3012,1983
WF9,11622,13184,788,3217,2298
WN1,7736,8186,504,2058,1253
WN2,16633,18541,967,4061,3087
WN3,8617,11686,455,2282,1501
WN4,7564,10872,494,2177,1761
WN5,13451,15842,841,3506,2715
WN6,10913,16421,643,3018,2410
WN7,16130,15595,1075,4220,2739
WN8,14816,14761,905,3651,2389
WR1,6268,3398,343,1354,583
WR10,4813,9757,328,1771,1479
WR11,12478,19197,872,4210,2621
WR12,1107,2743,74,483,490
WR13,2796,6265,182,980,857
WR14,8856,12115,643,2951,2146
WR15,1545,3062,103,587,449
WR2,10356,12426,463,2546,1853
WR3,6222,9377,366,1840,1250
WR4,8019,8841,429,2127,1012
WR5,8825,12792,518,2411,1542
WR6,1778,4163,111,609,456
WR7,933,2649,50,313,309
WR8,1488,3131,133,644,538
WR9,8112,12590,481,2573,1902
WS1,9730,10978,768,1747,1329
WS10,16247,16002,1098,3185,2467
WS11,14213,17165,952,3951,2624
WS12,9819,13179,632,2643,1697
WS13,8669,11733,566,2497,1896
WS14,4057,7646,226,1081,879
WS15,9735,14933,645,3097,2255
WS2,12824,13171,888,2601,1863
WS3,16718,17191,1012,3707,3244
WS4,5202,6505,294,1249,1024
WS5,5221,8269,296,1062,1190
WS6,4021,7022,228,1156,999
WS7,7618,12504,488,2337,1885
WS8,5160,5860,294,1343,1018
WS9,6200,9829,360,1736,1775
WV1,9738,5930,461,1422,879
WV10,21682,19143,1364,4175,3013
WV11,10468,12699,564,2521,2319
WV12,7025,9066,374,1603,1486
WV13,6718,7062,423,1498,1000
WV14,15908,15858,1007,3169,2613
WV15,2245,4255,158,899,649
WV16,3983,7356,255,1369,1205
WV2,6092,6931,413,1089,936
WV3,9078,11198,591,2300,1742
WV4,8119,12375,480,1863,1749
WV5,3081,5885,208,941,993
WV6,11945,17036,760,3139,2405
WV7,1292,2533,96,490,564
WV8,3815,5674,240,1129,898
WV9,1702,2587,106,502,396
YO1,26312,14330,669,3057,2170
YO10,724,43,5,11,3
YO11,9175,9602,749,3238,1912
YO12,10226,14008,736,3711,2442
YO13,1783,4374,110,676,533
YO14,2347,4985,260,999,1025
YO15,4368,7019,429,1784,1477
YO16,5553,8582,381,2127,1872
YO17,6452,10129,478,2018,1466
YO18,2484,5032,187,966,893
YO19,1545,3761,98,479,448
YO2,19970,24722,1007,5172,3364
YO21,3756,6573,280,1328,1035
YO22,1792,2971,118,686,520
YO23,134,680,12,74,58
YO24,131,190,9,30,14
YO25,7336,14573,586,2781,2210
YO26,1922,3478,91,509,404
YO3,25430,30140,1126,5910,4284
YO30,751,1109,36,234,109
YO31,253,186,7,37,5
YO4,8930,17556,677,3211,2342
YO42,293,290,19,58,21
YO43,219,346,9,59,12
YO5,1223,2558,92,437,385
YO6,6345,13817,447,2328,1930
YO61,54,165,4,25,7
YO7,4675,8420,380,1622,1133
YO8,12192,19094,845,3753,2448
