outcode,Christian,Buddhist,Hindu,Muslim,Others,None
AL1,17467,265,723,3219,737,2688
AL10,18686,451,2325,2337,726,3329
AL2,12163,131,819,1300,1660,1502
AL3,14541,95,355,1143,453,1779
AL4,13082,144,482,805,483,1641
AL5,16464,110,421,509,481,1818
AL6,7529,54,217,183,270,832
AL7,16004,238,707,819,592,2139
AL8,5859,99,206,170,209,751
AL9,5595,22,237,268,375,681
B1,4496,139,433,2385,328,991
B10,2456,18,183,26934,257,1851
B11,5715,56,962,37993,1008,2809
B12,3576,78,206,15265,428,1424
B13,11257,163,950,12166,1408,2376
B14,17458,142,596,6149,846,2465
B15,7597,222,1580,3746,1487,2235
B16,7985,188,802,7291,1662,1651
B17,11004,157,1171,3729,2465,1845
B18,6315,96,468,7440,1454,1295
B19,5996,115,247,16005,399,1850
B2,184,16,19,73,26,45
B20,9089,245,1532,17253,6144,2475
B21,6770,163,1763,9156,6094,1429
B22,110,0,1,21,2,17
B23,23980,193,621,9439,1000,3489
B24,13437,122,318,5373,490,1795
B25,5243,28,224,8905,296,989
B26,16636,88,420,6620,718,1915
B27,10569,78,788,7813,1001,1631
B28,8788,60,1612,11677,1778,1602
B29,17741,292,1048,4645,1277,3634
B3,437,8,38,111,51,127
B30,13214,125,357,1964,457,1699
B31,28003,215,352,2698,621,3273
B32,17966,134,544,3804,1229,2187
B33,12541,82,217,11131,293,2314
B34,7699,33,33,5516,137,1206
B35,3934,18,22,319,54,473
B36,15401,64,120,8432,309,2113
B37,16602,86,165,652,325,2038
B38,8896,64,152,1053,296,1121
B4,1974,56,411,1246,281,1808
B42,11934,122,926,5648,2238,1634
B43,14455,93,1075,1902,3912,1512
B44,16020,138,489,2615,619,2092
B45,15664,90,202,608,472,1780
B46,8492,39,52,57,103,664
B47,6275,31,116,148,159,540
B48,2872,8,16,15,69,341
B49,7327,41,40,26,96,710
B5,2526,112,244,3397,247,639
B50,4152,11,19,17,55,350
B6,3064,74,141,12947,179,1074
B60,16685,100,175,295,432,1865
B61,12076,69,119,139,292,1278
B62,13437,66,247,1685,1295,1504
B63,18070,89,96,2362,564,1898
B64,8323,52,102,1968,350,1448
B65,12165,67,258,1238,1293,1292
B66,8030,94,889,12381,5260,1770
B67,9297,70,582,4380,5059,1336
B68,13250,63,679,3501,4133,1598
B69,11630,54,798,2923,4208,1844
B7,2400,39,27,4660,91,517
B70,11482,184,2316,6684,6790,1739
B71,14505,86,1020,2201,4573,1673
B72,6452,41,325,758,412,832
B73,10613,81,435,861,938,1107
B74,17576,110,1000,1034,3010,1563
B75,13970,95,578,997,898,1402
B76,10945,72,309,541,453,894
B77,27973,138,161,276,411,2844
B78,13480,51,59,79,182,1234
B79,13027,40,52,79,189,1222
B8,4395,49,110,36802,250,2505
B80,4674,11,35,102,88,456
B9,2513,31,78,18052,165,1196
B90,24995,154,2366,3047,1942,2646
B91,17740,100,2088,2560,1738,1757
B92,16351,133,821,3144,925,1604
B93,12144,43,223,349,426,972
B94,4533,9,73,99,107,330
B95,4115,29,20,15,68,313
B96,2894,10,11,16,58,243
B97,17505,74,150,1389,258,1947
B98,22510,104,150,2164,433,2588
BA1,19585,415,344,609,521,3651
BA10,2588,27,8,13,66,438
BA11,16123,188,44,95,417,2662
BA12,16109,177,144,97,261,1963
BA13,10254,71,40,107,206,1299
BA14,24506,189,107,687,414,3095
BA15,6490,70,26,57,115,915
BA16,6822,56,44,96,186,1089
BA2,30420,388,420,1017,682,5837
BA20,7632,34,59,93,81,1062
BA21,17606,108,144,369,179,2294
BA22,10418,59,38,48,149,1163
BA3,17766,104,48,108,250,2443
BA4,9126,77,15,54,169,1242
BA5,9856,102,32,35,204,1257
BA6,5691,135,26,41,495,1082
BA7,2054,9,1,12,31,232
BA8,2951,21,6,4,43,306
BA9,3956,18,8,28,55,470
BB0,96,0,1,298,1,30
BB1,22889,135,262,37842,258,3721
BB10,18877,97,99,11723,175,2444
BB11,12805,57,57,1043,127,1249
BB12,19443,100,52,1963,173,1848
BB18,8994,47,7,442,104,1025
BB2,28387,108,240,15213,245,3124
BB3,17745,57,55,1377,176,1647
BB4,20674,119,75,3268,233,2204
BB5,30040,111,61,10460,313,3241
BB6,15846,52,71,1431,93,1317
BB7,15663,49,43,332,75,1356
BB8,11494,77,10,796,153,1370
BB9,13853,85,29,22208,155,2410
BD1,2999,41,691,5955,157,851
BD10,13954,79,138,1393,667,1650
BD11,6860,17,70,196,148,732
BD12,8546,29,80,948,153,891
BD13,14036,49,274,1608,336,1555
BD14,3360,9,391,1946,250,491
BD15,6386,32,162,5502,218,966
BD16,13164,65,95,1635,236,1420
BD17,9148,38,92,309,145,979
BD18,9547,48,207,5546,541,1470
BD19,10730,37,158,422,236,1112
BD2,9195,52,170,10433,941,1743
BD20,19439,85,121,3932,224,2195
BD21,8184,45,75,10886,200,1540
BD22,11357,42,36,698,162,1336
BD23,16129,74,67,566,201,1673
BD24,2679,13,7,8,21,319
BD3,3812,47,253,24577,726,1986
BD4,12567,61,302,5320,890,1844
BD5,6263,45,247,18311,327,1522
BD6,12287,60,385,4319,339,1599
BD7,5171,34,815,20419,276,1893
BD8,4593,24,169,23300,396,1831
BD9,2887,43,121,20618,196,1591
BH1,14011,300,651,1062,856,2990
BH10,11203,92,91,283,238,1543
BH11,8879,99,76,334,175,1314
BH12,17639,171,176,513,379,2676
BH13,4689,66,28,68,175,589
BH14,11550,61,102,247,226,1596
BH15,16354,155,215,359,254,2163
BH16,7395,48,21,58,84,906
BH17,10483,75,135,152,185,1485
BH18,5932,40,58,73,86,718
BH19,6086,41,14,32,109,800
BH2,4304,99,207,265,212,708
BH20,10631,100,59,40,122,1229
BH21,28707,154,85,136,406,3414
BH22,15225,95,55,124,173,1668
BH23,29523,172,85,215,524,3462
BH24,12583,96,25,99,170,1551
BH25,14101,55,57,139,242,1686
BH3,3031,38,82,330,123,547
BH31,264,1,0,0,1,43
BH4,3732,48,44,119,180,588
BH5,5188,96,67,147,192,870
BH6,12063,108,65,174,253,1486
BH7,4337,54,63,163,109,566
BH8,12846,196,409,1346,332,2069
BH9,11556,130,291,762,345,2123
BL0,10963,32,38,397,197,947
BL1,29819,148,1637,20748,353,3474
BL11,77,0,13,42,7,66
BL2,26977,93,543,2579,250,2333
BL3,23540,110,2667,31031,210,3031
BL4,17274,79,358,3365,187,1597
BL5,17947,50,236,466,138,1286
BL6,17256,74,399,661,173,1422
BL7,8594,25,31,101,77,650
BL8,21052,74,90,1394,345,1603
BL9,23742,154,268,11264,1068,2479
BN1,24897,822,718,2460,1639,6975
BN10,8972,96,90,272,201,1147
BN11,15292,300,264,829,527,2518
BN12,12002,101,123,356,200,1302
BN13,13723,177,185,335,232,1857
BN14,13199,168,185,432,300,1838
BN15,12429,129,78,306,233,1739
BN16,16069,87,54,139,186,1702
BN17,14945,123,86,216,247,1973
BN18,7861,55,42,100,148,839
BN2,28269,863,731,2701,1606,6534
BN20,12974,160,115,303,272,1805
BN21,10774,178,212,859,240,1902
BN22,14216,139,131,643,314,1858
BN23,14252,126,95,496,228,1783
BN24,4301,22,40,81,72,526
BN25,11289,140,76,174,273,1628
BN26,6375,53,49,83,135,910
BN27,14597,81,54,152,234,2053
BN3,26686,696,575,2846,2251,5331
BN4,25754,256,206,987,709,3583
BN41,610,14,10,55,5,96
BN42,166,1,0,0,3,23
BN43,1111,18,16,41,36,141
BN44,309,2,7,0,2,46
BN5,4215,24,20,48,61,495
BN6,8699,70,51,107,202,1249
BN7,7178,193,51,105,293,1340
BN8,8009,49,26,60,179,992
BN9,4992,53,45,166,148,863
BR1,32359,486,2462,3268,769,4513
BR2,24101,319,1555,1571,469,3144
BR3,23576,280,990,1684,683,3351
BR4,9787,57,457,422,154,1157
BR5,25801,346,1400,1570,529,3067
BR6,22757,294,2674,917,498,2682
BR7,9386,88,464,668,246,1221
BR8,11726,92,246,378,183,1360
BS0,135,5,0,7,2,13
BS1,5625,349,517,2695,468,2674
BS10,14299,141,402,1950,391,2296
BS11,8102,64,45,501,160,1206
BS12,35121,304,1478,1478,662,4618
BS13,11746,102,152,614,200,2025
BS14,13606,90,125,618,184,1950
BS15,36943,265,301,1497,766,5121
BS16,34394,517,765,5462,1510,5718
BS17,25850,121,141,345,296,3326
BS18,26952,187,113,206,339,3600
BS19,18152,88,89,125,210,2244
BS2,3891,138,199,4217,415,1624
BS20,15807,118,57,183,216,1937
BS21,11149,75,22,138,155,1399
BS22,18452,92,79,203,209,2801
BS23,15885,150,95,481,359,2533
BS24,11864,70,63,135,143,1457
BS25,2325,28,7,5,27,320
BS26,2045,19,4,4,29,232
BS27,3499,10,8,8,29,438
BS28,1803,6,1,9,15,171
BS3,11178,209,279,1322,447,2747
BS31,611,8,7,23,6,94
BS32,775,10,169,101,15,136
BS34,2111,35,291,293,63,367
BS35,330,3,11,6,12,57
BS36,128,0,1,4,1,17
BS37,526,13,7,25,7,83
BS39,264,5,0,3,6,66
BS4,16891,205,238,1590,378,2913
BS49,84,1,0,0,7,22
BS5,13814,335,276,9592,1356,3360
BS6,9625,247,224,795,698,2606
BS7,10966,243,319,2289,590,2755
BS8,7342,219,221,465,413,1807
BS9,13881,162,284,660,433,2203
CA1,12635,129,152,335,136,1501
CA10,10099,26,2,36,76,967
CA11,13358,62,28,128,102,1457
CA12,4083,52,11,14,36,471
CA13,9275,40,35,70,66,896
CA14,22073,71,10,98,144,2066
CA15,9895,23,4,32,48,1017
CA16,3532,14,2,20,47,275
CA17,2654,17,1,20,20,328
CA18,302,5,0,0,4,21
CA19,946,6,0,2,8,92
CA2,20490,105,103,325,178,2388
CA20,1742,13,0,5,11,180
CA21,638,8,4,3,4,52
CA22,5551,23,7,7,24,414
CA23,1328,0,1,2,2,75
CA24,486,0,0,0,4,43
CA25,3872,10,14,16,23,280
CA26,2015,7,1,3,15,147
CA27,971,4,1,3,1,76
CA28,18137,40,17,207,110,1381
CA3,8405,35,65,127,47,828
CA4,7034,40,11,34,40,624
CA5,12214,37,19,17,57,1157
CA6,6821,45,6,27,61,669
CA7,4883,7,2,10,27,470
CA8,2973,12,6,18,36,269
CA9,985,10,0,0,27,145
CB1,30374,913,2068,3325,1117,6678
CB10,9138,109,99,110,155,1088
CB11,8668,91,70,139,169,1055
CB2,20905,393,1072,1457,785,5123
CB23,16747,197,821,996,373,2498
CB24,15489,179,435,462,304,2367
CB25,9175,82,165,137,181,1239
CB3,5976,160,361,581,437,1791
CB4,16317,394,643,2594,601,3809
CB5,3594,123,172,537,147,937
CB6,19749,156,151,278,375,2590
CB7,12998,117,97,161,210,1847
CB8,17719,141,174,968,262,2248
CB9,14783,150,186,284,185,1762
CF1,16579,399,1650,13074,988,4132
CF10,965,16,136,476,22,171
CF11,2339,46,232,799,103,368
CF14,35788,313,808,3411,761,4740
CF15,9037,75,172,170,119,1036
CF2,27072,441,1411,9377,1208,5578
CF23,7365,86,220,1347,129,921
CF24,1054,19,68,328,74,219
CF3,19489,115,476,2026,403,2706
CF31,20124,148,151,344,298,2665
CF32,12306,68,83,122,165,1773
CF33,5913,23,25,61,68,948
CF34,8075,60,41,47,103,1076
CF35,8273,88,31,223,153,1133
CF36,7767,31,11,31,79,941
CF37,13730,182,178,476,291,2526
CF38,8773,39,41,130,117,1168
CF39,9665,41,51,114,187,1816
CF4,242,0,9,8,4,18
CF40,5752,38,22,106,98,1170
CF41,3520,14,11,61,36,657
CF42,4093,28,11,28,97,734
CF43,3256,25,4,24,97,744
CF44,18206,100,70,184,193,2230
CF45,6829,37,28,85,88,1171
CF46,5759,27,7,38,68,835
CF47,9694,59,52,170,128,1142
CF48,10266,53,45,92,148,1395
CF5,27317,213,407,2785,552,3904
CF6,43296,348,349,966,738,6004
CF61,700,3,0,0,18,57
CF62,1831,6,8,47,29,233
CF63,750,1,8,40,10,85
CF64,397,6,9,25,11,43
CF7,14320,77,75,160,165,1702
CF72,1282,7,6,26,34,165
CF8,27198,147,118,271,445,4277
CF82,351,1,0,2,2,52
CF83,5387,27,8,27,104,780
CH1,20077,173,376,843,277,2798
CH2,16152,113,225,625,189,1919
CH25,141,4,0,0,4,20
CH26,185,4,0,0,3,18
CH27,258,0,3,4,10,47
CH28,366,0,12,1,3,32
CH29,259,3,0,1,5,27
CH3,20700,85,267,307,155,1999
CH30,231,2,8,1,0,20
CH31,213,1,0,0,1,19
CH32,180,0,16,21,5,14
CH33,147,0,0,0,0,20
CH34,516,6,0,12,5,59
CH4,18086,107,219,401,162,2093
CH41,11182,142,87,752,176,1232
CH42,16231,84,148,761,208,1812
CH43,19403,158,164,358,191,1767
CH44,14002,82,135,338,226,1692
CH45,15232,91,80,153,162,1614
CH46,13183,75,105,160,117,1265
CH47,6469,29,43,21,61,565
CH48,9079,42,121,78,79,790
CH49,17822,77,76,156,122,1532
CH5,21426,139,104,311,147,2732
CH6,9933,48,20,66,45,1304
CH60,8755,34,100,92,54,732
CH61,9367,44,14,83,76,825
CH62,17118,77,167,163,151,1692
CH63,16898,65,127,127,174,1417
CH64,10769,37,24,84,94,998
CH65,15091,130,72,446,144,1582
CH66,19024,83,53,192,154,1637
CH7,26902,131,65,152,185,3277
CH8,9879,41,28,79,71,1333
CM0,8639,51,25,36,129,999
CM1,35328,460,2053,2022,616,4516
CM11,11979,71,163,222,179,1222
CM12,10159,63,206,153,167,989
CM13,15289,94,504,517,407,1512
CM14,11722,97,557,457,307,1323
CM15,13644,100,258,253,284,1266
CM16,13386,99,245,313,840,1465
CM17,12134,92,239,757,430,1450
CM18,12001,80,170,895,239,1503
CM19,10627,74,159,840,235,1213
CM2,27733,293,808,1303,508,3488
CM20,11487,148,378,1363,264,1425
CM21,5141,22,33,120,106,573
CM22,9906,49,124,205,207,1119
CM23,21112,192,370,864,454,2726
CM24,3597,38,28,136,68,371
CM3,28447,146,245,333,341,3068
CM4,5222,14,56,37,76,535
CM5,5379,16,35,63,215,584
CM6,13735,80,107,117,247,1519
CM7,30853,190,276,578,498,3858
CM8,16319,120,224,243,265,2110
CM9,16716,104,64,219,225,1888
CO1,9329,212,332,794,252,1513
CO10,25225,122,54,254,317,3336
CO11,6596,31,12,24,98,859
CO12,11092,66,68,90,199,1306
CO13,7995,31,22,62,90,755
CO14,3417,36,20,27,49,400
CO15,22490,162,114,262,286,2961
CO16,12097,49,30,86,152,1411
CO2,16255,421,589,912,436,2651
CO3,14930,201,554,499,208,1763
CO4,22228,342,965,1560,480,3445
CO5,15152,66,50,105,174,1653
CO6,14364,66,66,129,168,1658
CO7,16605,130,88,191,250,1956
CO8,726,2,0,5,9,77
CO9,12431,59,57,111,170,1620
CR0,86764,1129,12292,18897,2361,12311
CR2,40539,548,5318,5639,1144,5432
CR3,35966,337,2022,2004,565,4607
CR4,55532,614,8692,17450,1546,7953
CR5,671,13,94,93,22,89
CR6,151,1,0,0,1,18
CR7,1743,15,180,480,73,213
CR8,538,25,79,98,12,70
CR9,184,8,10,18,0,36
CT1,13638,349,470,1315,531,2735
CT10,14174,134,220,388,208,1552
CT11,12588,118,154,314,265,1854
CT12,8754,52,87,206,104,1065
CT13,5373,25,36,43,64,552
CT14,17766,123,76,101,270,1909
CT15,8397,184,303,101,123,977
CT16,11139,128,141,272,172,1302
CT17,8128,69,92,127,136,974
CT18,8922,102,154,124,188,964
CT19,12863,393,571,442,363,1684
CT2,15409,263,531,1045,462,2867
CT20,9143,470,803,366,318,1373
CT21,9013,60,69,110,115,878
CT3,9423,80,104,130,107,1125
CT4,7441,40,52,104,140,835
CT5,16510,146,94,160,301,2069
CT6,19833,156,126,212,311,2329
CT7,7105,71,42,90,119,733
CT8,4006,26,24,101,85,434
CT9,19030,197,271,1029,455,2486
CV1,14487,228,1628,9836,1211,3786
CV10,28868,213,600,858,905,3130
CV11,19277,475,1169,2730,1355,2224
CV12,17110,93,299,286,1198,1753
CV13,6465,22,23,15,72,564
CV2,33674,182,2675,5525,3621,3798
CV21,21240,199,1975,1200,689,2968
CV22,19112,117,1095,545,715,2177
CV23,18304,114,513,478,683,1935
CV3,32798,333,3999,4624,5099,4303
CV31,14471,143,1808,717,3421,2288
CV32,14465,122,692,389,1220,1943
CV33,10823,73,152,163,280,1134
CV34,15150,115,705,609,1914,2034
CV35,15069,71,93,114,315,1399
CV36,6715,35,14,37,84,760
CV37,23412,162,268,320,437,2520
CV4,14815,225,1091,1777,1620,2693
CV5,22920,127,621,1390,1089,2809
CV6,38164,213,4096,12981,7434,4554
CV7,11453,50,307,278,1273,1121
CV8,14990,109,250,211,458,1606
CV9,11164,51,63,78,162,1071
CW1,24394,146,317,582,230,2832
CW10,10193,38,33,52,91,936
CW11,15140,101,51,98,136,1524
CW12,19056,91,85,169,196,1841
CW2,24248,118,215,713,223,2352
CW3,6891,23,21,18,43,629
CW4,5912,20,33,56,54,526
CW5,17795,121,96,145,157,1755
CW6,8427,22,18,49,64,640
CW7,18239,73,57,197,142,1706
CW8,22499,105,139,209,183,2011
CW9,19394,93,171,180,158,1876
DA1,32622,511,3372,3115,1410,3599
DA10,5153,57,336,453,265,580
DA11,19861,124,728,1581,5318,2141
DA12,24111,202,705,1669,3576,2434
DA13,8025,20,57,69,326,903
DA14,13027,135,495,762,284,1542
DA15,14789,157,533,894,306,1849
DA16,18114,605,2407,1706,1137,2283
DA17,11239,163,652,1015,1397,1183
DA18,3627,102,54,398,79,324
DA2,12189,90,579,618,468,1276
DA3,9691,67,143,71,308,977
DA4,4262,25,39,46,77,491
DA5,10546,85,548,437,429,1166
DA6,5166,120,382,462,263,688
DA7,16978,285,1251,928,1210,1906
DA8,17897,183,776,1698,1059,1844
DA9,6434,77,229,362,320,780
DE1,9909,143,440,1979,535,2178
DE11,22206,85,119,111,378,2714
DE12,11554,33,36,52,176,1134
DE13,25298,103,162,1960,406,2576
DE14,12685,93,131,8214,242,1935
DE15,11944,58,53,386,203,1375
DE2,46383,290,708,3924,3399,6864
DE21,1052,12,12,29,25,166
DE22,22062,169,394,1660,787,2953
DE23,19745,137,1266,21062,6344,3519
DE24,1899,26,73,215,554,300
DE3,9081,68,348,582,685,993
DE4,24348,145,29,97,240,2634
DE5,36679,188,115,175,604,4465
DE55,13712,68,49,72,201,1854
DE56,3053,18,32,34,57,367
DE6,24736,97,71,228,449,2542
DE65,2246,6,21,35,138,263
DE7,53363,246,417,474,1164,6450
DE72,163,1,6,0,0,9
DE73,1488,21,87,114,441,277
DE74,234,0,0,4,8,33
DE75,155,3,0,0,5,23
DH1,27830,352,457,1142,572,4707
DH2,17938,65,43,167,213,1517
DH3,14057,44,59,300,240,1047
DH4,19441,42,38,110,218,1435
DH5,11151,32,20,57,94,1036
DH6,19342,71,53,135,230,1682
DH7,22724,109,61,240,227,2008
DH8,23657,72,55,121,271,1746
DH9,18573,79,35,220,285,1637
DH98,142,1,0,30,2,8
DL1,26784,192,155,785,526,2758
DL10,12917,44,40,38,122,1089
DL11,2449,6,1,7,30,234
DL12,8148,24,10,60,70,696
DL13,8564,30,20,21,71,679
DL14,22711,99,60,125,183,1846
DL15,12263,45,20,60,137,1182
DL16,11865,32,20,76,130,1072
DL17,9441,41,26,63,102,921
DL2,10923,55,39,110,82,875
DL3,20060,124,261,968,274,1797
DL4,4857,20,7,19,52,478
DL5,14459,47,18,94,163,1388
DL6,11047,34,28,89,56,1001
DL7,7863,18,12,29,75,696
DL8,11061,38,11,26,82,913
DL9,6086,391,690,58,204,654
DN1,6190,60,71,1811,236,754
DN10,8503,16,13,55,127,782
DN11,15993,45,48,111,121,1618
DN12,12246,35,38,122,162,1290
DN14,28988,99,48,184,256,2959
DN15,19825,100,199,3313,488,2097
DN16,15692,76,71,412,222,1866
DN17,18255,72,51,256,239,1951
DN18,6981,49,17,63,66,843
DN19,3338,8,2,4,25,368
DN2,12054,149,343,1517,582,1528
DN20,10918,57,41,82,103,1004
DN21,20315,81,69,157,300,2376
DN22,20652,102,111,257,204,2168
DN3,16891,72,68,227,180,1494
DN31,5530,55,57,184,115,861
DN32,10396,75,58,389,176,1555
DN33,9508,59,107,324,112,1280
DN34,6981,27,26,201,83,1036
DN35,15126,108,48,387,191,1898
DN36,11190,51,93,218,87,1135
DN37,14206,63,47,193,127,1551
DN38,1565,11,9,6,9,123
DN39,1616,3,4,4,14,175
DN4,26845,123,395,2060,1107,2833
DN40,5522,15,11,58,67,637
DN41,129,0,0,10,3,12
DN5,20666,150,125,260,250,2192
DN6,14000,40,88,108,187,1618
DN7,12323,72,46,460,198,1260
DN8,10071,41,29,72,102,1119
DN9,11415,39,39,157,103,944
DT1,10924,142,64,263,171,1368
DT10,7105,43,10,38,95,760
DT11,14887,224,202,108,232,2483
DT2,13687,69,17,60,193,1662
DT3,13315,91,32,99,207,1724
DT4,16803,146,44,197,274,2187
DT5,5528,85,5,127,197,765
DT6,11310,102,27,41,176,1621
DT7,3128,27,1,11,47,440
DT8,3147,24,4,17,42,415
DT9,11702,99,27,106,158,1523
DY1,18339,193,792,3617,1407,2197
DY10,21460,108,59,864,428,2320
DY11,16496,66,37,137,195,1876
DY12,8207,27,14,37,98,842
DY13,12072,34,26,69,128,1390
DY14,5574,17,10,22,54,603
DY2,13530,62,282,5462,721,1759
DY3,21199,64,151,268,517,1832
DY4,21425,96,889,4459,3884,2613
DY5,20234,125,177,1842,627,2609
DY6,17597,55,109,196,310,1651
DY7,4717,24,12,23,73,360
DY8,25125,108,140,792,642,2888
DY9,13580,61,182,3557,697,1585
E1,19434,853,1656,44383,1237,6782
E10,19066,374,858,15936,842,3601
E11,23090,392,1231,10401,1666,3881
E12,11153,93,3435,21739,1531,2669
E13,21974,365,2410,21223,960,3644
E14,27425,1238,3807,39554,1375,7803
E15,24575,587,1941,14090,917,4629
E16,27185,534,2486,11314,953,4254
E17,38754,726,2469,24867,1727,7979
E18,8268,165,1117,3032,1101,1382
E1W,273,0,23,382,11,79
E2,11159,507,343,16645,940,3353
E20,2199,87,221,1448,147,643
E3,14909,533,638,24879,783,4129
E4,31858,395,1094,9130,1896,4715
E5,16441,448,552,8821,5669,5070
E6,27368,398,7048,32791,1589,4816
E7,13374,159,3991,21427,1959,2980
E8,14599,453,419,6265,1831,3557
E9,14305,403,185,5254,1253,2496
EC1A,1038,42,87,145,74,292
EC1M,896,24,32,183,89,239
EC1N,896,36,40,511,51,292
EC1R,2303,36,56,774,132,547
EC1V,6405,198,354,2233,570,1620
EC1Y,1498,27,46,408,119,327
EC2A,315,7,27,26,32,110
EC2P,122,5,16,11,21,46
EC2Y,547,10,27,25,46,158
EC3N,87,2,8,11,15,19
EC4A,38,7,11,21,4,23
EC4Y,67,15,11,17,4,23
EN1,26270,346,1420,6897,1763,3653
EN10,10760,90,172,533,294,1124
EN11,11942,79,115,418,236,1515
EN2,14807,174,815,2273,1113,2030
EN3,27209,186,1114,15454,3189,4275
EN4,14953,230,1360,2765,2483,2266
EN5,18026,344,1836,2682,2910,2921
EN6,16004,152,1089,1110,1137,1794
EN7,12249,115,388,1022,507,1297
EN8,19281,200,507,2379,1126,2253
EN9,12063,100,189,736,548,1382
EX1,13167,168,204,770,326,2509
EX10,10302,72,21,89,123,1272
EX11,4991,21,6,44,55,622
EX12,5676,37,6,30,71,787
EX13,9041,67,17,33,115,1211
EX14,11404,122,12,103,158,1450
EX15,11600,58,24,34,159,1519
EX16,16940,116,40,55,268,2237
EX17,10125,81,43,26,193,1334
EX18,2266,15,4,4,35,294
EX19,2135,11,0,6,41,217
EX2,20432,246,175,619,352,3041
EX20,11551,70,9,70,190,1616
EX21,2443,18,2,8,36,314
EX22,6393,36,3,27,94,793
EX23,7267,42,13,38,137,1081
EX3,2287,38,33,22,56,300
EX31,15139,129,87,164,213,1954
EX32,9934,74,46,161,182,1517
EX33,5383,37,11,27,56,781
EX34,6674,39,12,34,114,1119
EX35,786,7,0,7,12,78
EX36,4807,28,10,31,58,603
EX37,1475,5,0,4,25,154
EX38,4392,22,3,12,54,634
EX39,17371,127,23,64,283,2480
EX4,21581,305,334,1459,609,4487
EX5,10239,37,22,51,114,1398
EX6,7392,75,13,29,97,940
EX7,6731,54,16,46,140,987
EX8,18535,92,38,114,256,2348
EX9,3572,19,3,14,46,472
FY0,110,1,1,3,7,16
FY1,17473,153,189,1037,367,1978
FY2,13300,95,57,208,173,1342
FY3,15839,118,139,392,226,1570
FY4,23898,123,129,390,260,2389
FY5,25656,126,46,171,241,2265
FY6,18282,71,64,102,126,1492
FY7,13580,71,49,165,180,1342
FY8,26855,182,137,295,440,2277
GL1,19079,180,589,4768,421,2766
GL10,8491,82,68,65,107,1185
GL11,10214,39,37,46,187,1229
GL12,7184,59,17,58,168,895
GL13,2931,16,0,1,39,295
GL14,8199,54,30,56,147,1140
GL15,11599,49,33,75,152,1397
GL16,6756,27,12,19,109,917
GL17,6808,32,7,15,95,776
GL18,5277,29,0,37,46,612
GL19,6337,29,4,23,60,798
GL2,28981,181,403,710,344,3490
GL20,15040,71,81,140,171,1841
GL3,17663,178,375,249,241,1963
GL4,22931,103,329,796,274,2552
GL5,13784,213,66,150,422,2332
GL50,11917,230,394,430,293,1949
GL51,23301,145,485,892,425,3025
GL52,23493,190,416,444,311,2958
GL53,9058,80,162,114,139,1209
GL54,14664,82,26,39,207,1511
GL55,3602,18,7,4,30,338
GL56,5172,33,10,28,48,510
GL6,10910,98,42,43,202,1560
GL7,25663,187,202,160,352,2939
GL8,5053,27,2,26,53,545
GL9,988,4,0,0,9,96
GU1,16770,389,708,1131,391,3073
GU10,17439,116,170,473,248,1975
GU11,12403,1931,2486,926,575,1684
GU12,14326,689,754,656,269,1630
GU13,18181,230,504,293,322,2114
GU14,24137,2194,2609,1159,800,2981
GU15,23207,945,1767,1948,1223,2849
GU16,10891,179,429,503,311,1233
GU17,16855,289,440,268,367,1913
GU18,3873,30,121,126,132,405
GU19,3205,20,74,149,89,323
GU2,14810,271,721,1136,330,2679
GU20,2610,19,41,59,60,247
GU21,24296,408,1346,5859,497,3027
GU22,18147,191,991,3447,369,2208
GU23,4257,34,23,65,97,459
GU24,9288,98,254,361,221,1045
GU25,3451,20,261,261,387,480
GU26,4571,32,24,119,72,729
GU27,9996,72,58,114,161,1175
GU28,4168,35,16,10,40,467
GU29,5399,55,12,41,76,613
GU3,4973,32,75,59,72,589
GU30,5205,26,26,46,44,578
GU31,7432,78,27,56,76,819
GU32,5592,47,20,71,85,857
GU33,4295,33,23,36,55,535
GU34,17452,116,103,174,256,2049
GU35,10841,85,74,232,177,1360
GU4,6909,66,153,206,127,826
GU47,107,0,0,1,1,4
GU5,6564,59,39,35,89,671
GU51,2664,37,154,124,44,332
GU52,639,17,25,14,10,95
GU6,8821,75,30,97,120,942
GU7,12146,115,144,238,166,1543
GU8,8904,54,24,81,122,1047
GU9,13544,141,109,558,256,1766
HA0,17841,884,22574,10235,1463,3284
HA1,17860,501,9007,8212,1830,3409
HA2,19874,912,18555,9799,2535,3061
HA3,28749,645,22088,12628,4606,4495
HA4,26875,425,5447,3735,1511,3025
HA5,15355,485,10388,5138,3788,2647
HA6,7999,225,4735,2395,2085,1341
HA7,10846,283,10075,5921,5903,2372
HA8,26832,900,10163,10956,10804,5158
HA9,22729,459,10114,11771,1533,3967
HD1,10578,196,330,12237,854,2437
HD2,10563,66,198,6560,1275,1549
HD3,14000,75,212,2536,439,1903
HD4,10583,48,96,3964,578,1480
HD5,12916,59,115,2030,351,1616
HD6,12969,66,76,313,221,1468
HD7,25334,148,40,377,384,3110
HD8,17002,80,72,168,318,1911
HD9,114,3,2,0,0,16
HG1,19115,130,130,303,281,2276
HG2,17149,119,113,252,254,1773
HG3,16857,86,42,109,228,2463
HG4,14709,85,71,106,140,1514
HG5,10849,40,29,51,120,1083
HP1,13629,201,493,636,313,1746
HP10,11748,118,385,664,399,1418
HP11,7949,171,850,3834,375,1530
HP12,7541,105,486,6845,318,1348
HP13,16699,247,1132,8103,640,2787
HP14,10448,130,270,335,239,1251
HP15,8510,63,244,236,135,983
HP16,6943,55,87,95,144,716
HP17,13986,104,178,391,259,1589
HP18,12115,145,751,760,308,1501
HP19,12491,228,833,3505,266,1738
HP2,19114,186,999,2022,472,2499
HP20,6585,107,486,1990,142,963
HP21,14528,144,985,3534,340,1879
HP22,14682,187,425,528,248,1721
HP23,9390,65,78,182,212,1235
HP3,15205,117,721,1937,577,2098
HP4,11811,119,178,152,305,1468
HP5,11628,210,654,2397,374,1659
HP6,7475,105,1425,429,448,945
HP7,4732,71,625,185,245,570
HP8,3713,20,210,80,199,355
HP9,8942,87,415,369,555,1083
HR1,20706,132,121,267,254,2512
HR2,21139,116,91,171,215,2896
HR3,4287,41,9,7,81,628
HR4,16002,94,62,141,171,1960
HR5,3444,7,11,19,43,462
HR6,10583,93,25,49,126,1323
HR7,4786,33,19,19,51,656
HR8,8309,41,6,45,102,982
HR9,10685,80,30,64,140,1340
HU1,2486,65,38,927,86,374
HU10,10769,54,113,160,108,1217
HU11,9739,30,16,58,64,974
HU12,13064,44,24,44,135,1521
HU13,7027,44,45,127,87,904
HU14,4924,27,151,149,98,489
HU15,12874,57,91,263,108,1432
HU16,8209,62,35,174,71,974
HU17,21846,163,134,265,188,2555
HU18,4234,16,9,11,53,491
HU19,3152,9,5,14,40,409
HU2,1623,12,12,733,25,242
HU20,171,0,0,1,3,18
HU3,12598,81,59,2665,234,2129
HU4,10262,38,30,468,95,1374
HU5,19559,200,114,1832,407,3291
HU6,14274,64,84,1359,188,2572
HU7,18753,80,81,362,153,2642
HU8,14059,96,39,365,136,2177
HU9,14826,111,184,599,219,2445
HX1,8141,101,721,14985,212,1714
HX2,16297,81,49,1990,229,1932
HX3,18954,107,232,944,265,2080
HX4,5185,21,3,72,85,492
HX5,3655,28,14,461,56,451
HX6,8047,42,49,115,120,1026
HX7,4232,114,3,63,180,740
IG1,16243,281,8576,36059,5812,3969
IG10,16906,135,680,1046,1745,2130
IG11,25643,287,2746,24495,2030,3571
IG2,9026,236,7539,11121,3182,2003
IG3,7807,138,3412,15696,4953,1627
IG4,1938,22,1805,4076,1304,584
IG5,4545,127,3169,5219,2277,1050
IG6,12151,233,3772,6105,2723,1981
IG7,8816,116,1568,3021,2919,1277
IG8,16294,181,1982,4694,1956,2221
IG9,5985,40,400,490,741,810
IP1,18831,148,417,1857,489,2615
IP10,5591,37,36,55,58,704
IP11,11423,89,81,109,168,1579
IP12,13169,127,55,201,245,1603
IP13,10271,61,21,44,142,1375
IP14,21007,145,61,132,237,2632
IP15,1574,16,2,10,27,203
IP16,3229,25,8,47,33,368
IP17,5982,37,8,42,59,783
IP18,2290,15,8,20,38,222
IP19,4730,31,10,12,128,610
IP2,13687,119,136,861,231,2225
IP20,4412,24,4,27,44,556
IP21,6529,27,11,27,90,718
IP22,11687,52,45,87,155,1425
IP23,3377,15,2,10,34,383
IP24,14255,93,64,197,250,1906
IP25,11507,62,29,172,176,1452
IP26,5157,29,8,29,70,723
IP27,9926,95,29,122,176,1447
IP28,14835,120,45,194,236,2202
IP29,4941,24,22,17,50,609
IP3,15315,169,413,1490,344,2250
IP30,7465,40,15,43,65,726
IP31,10306,119,55,48,129,1165
IP32,7907,74,91,145,133,1102
IP33,10727,97,81,139,156,1435
IP4,15756,179,468,1363,392,2110
IP5,8188,54,171,208,95,1055
IP6,7899,31,30,24,76,979
IP7,8224,102,85,63,103,975
IP8,4761,26,26,64,58,565
IP9,5924,28,31,35,57,599
KT1,10544,299,1096,2287,671,2160
KT10,12994,141,474,463,409,1531
KT11,9746,66,197,353,269,1187
KT12,21134,238,649,1139,537,2565
KT13,11669,133,319,570,342,1343
KT14,7012,47,139,404,148,768
KT15,15680,157,437,741,360,1782
KT16,10914,97,296,400,315,1191
KT17,15000,170,1174,1293,344,1779
KT18,10002,119,330,503,180,1264
KT19,17769,284,1345,1855,322,2310
KT2,13803,425,1305,2574,751,2530
KT20,10397,94,439,442,163,1141
KT21,7851,70,175,210,96,884
KT22,12192,99,324,432,250,1473
KT23,5653,29,27,56,85,612
KT24,4678,20,37,37,79,532
KT3,18743,464,3274,3990,673,2679
KT4,13628,256,1673,2124,297,1823
KT5,9600,143,1261,1460,492,1527
KT6,12878,319,1346,1806,504,2327
KT7,4460,35,126,139,153,564
KT8,9980,138,254,687,290,1369
KT9,9686,148,682,931,225,1179
L1,5390,181,198,950,188,1979
L10,11711,33,53,138,58,737
L11,22410,117,183,605,124,1426
L12,23352,93,114,338,109,1549
L13,19785,150,200,1497,211,1777
L14,18823,60,92,425,142,1364
L15,15130,167,228,2852,551,2335
L16,10328,73,86,172,311,714
L17,11696,151,117,728,364,1549
L18,14424,92,243,831,513,1524
L19,13917,78,179,431,179,1132
L2,1434,29,75,394,50,457
L20,24946,129,261,532,198,1941
L21,15157,63,146,153,101,1084
L22,9467,45,41,103,75,767
L23,20235,53,186,183,129,1400
L24,11121,27,52,151,95,889
L25,21823,75,290,424,381,1615
L26,9589,31,52,101,39,681
L27,3866,18,3,58,29,290
L28,4027,17,5,32,14,362
L3,7136,100,339,1008,173,1520
L30,13643,26,20,156,105,886
L31,22264,49,31,72,124,1504
L32,15059,32,14,83,40,972
L33,11535,26,21,96,35,771
L34,10897,38,137,99,66,845
L35,20594,78,197,194,84,1486
L36,25651,56,81,265,129,2017
L37,16065,38,47,107,128,1162
L38,1640,9,11,1,5,80
L39,19609,80,96,174,119,1989
L4,27151,154,383,1124,213,1964
L40,13126,46,21,51,77,1056
L5,7138,39,146,797,42,587
L6,12176,142,299,2055,139,1534
L67,68,1,4,1,1,3
L68,380,0,1,3,0,16
L69,2068,37,65,1002,71,689
L7,6876,159,264,2267,203,1431
L70,88,2,0,0,0,8
L8,10814,106,157,7324,238,1468
L9,18348,88,114,281,158,1293
LA1,26023,330,427,2207,583,4380
LA10,2266,18,0,0,20,303
LA11,6820,43,5,17,38,670
LA12,11231,213,12,41,105,1132
LA13,11996,46,55,136,70,1235
LA14,17301,101,49,171,182,2038
LA15,4054,14,8,11,27,423
LA16,1918,4,8,5,11,172
LA17,679,1,0,0,7,76
LA18,5162,26,4,22,39,522
LA19,460,3,0,1,7,38
LA2,13782,87,107,131,138,1510
LA20,642,4,0,1,7,54
LA21,780,16,6,3,12,145
LA22,2557,23,5,9,42,363
LA23,4667,29,5,18,54,483
LA3,13896,74,29,121,147,1465
LA4,13575,88,43,155,182,1524
LA5,9978,38,5,62,78,939
LA6,6820,34,8,30,65,693
LA7,2700,19,1,18,17,287
LA8,4681,31,5,24,28,495
LA9,15611,118,31,127,185,2042
LD1,6121,38,9,52,114,955
LD2,2761,17,6,17,25,381
LD3,9193,175,204,65,220,1280
LD4,431,2,0,7,6,44
LD5,395,3,2,3,9,76
LD6,1348,15,10,8,17,226
LD7,2364,16,2,10,33,344
LD8,1672,30,1,12,19,277
LE1,5675,163,2263,5958,602,2099
LE10,26148,140,519,447,625,2848
LE11,24607,324,3731,4217,914,4918
LE12,34067,193,763,284,586,3929
LE13,14726,81,143,103,186,1596
LE14,10467,47,48,36,94,1028
LE15,20094,144,120,245,307,1979
LE16,20408,141,308,245,313,2210
LE17,12507,50,125,87,204,1253
LE18,14266,114,1443,1403,1676,1829
LE19,7986,58,543,197,405,918
LE2,34831,377,10248,30345,7163,7918
LE3,43308,360,7083,7702,5095,6714
LE4,25708,364,37461,12962,5923,4587
LE5,14486,179,21957,36585,7101,4180
LE55,256,1,5,4,3,31
LE6,41526,182,770,408,853,4323
LE65,321,5,11,2,1,46
LE67,2504,23,64,61,60,287
LE7,21883,135,3212,782,1249,2372
LE8,18621,81,933,336,729,2281
LE9,27164,107,443,179,602,2902
LL11,22609,151,125,508,245,2999
LL12,13650,65,55,195,96,1639
LL13,16318,122,125,637,176,2165
LL14,15514,76,24,229,159,2231
LL15,6128,26,21,80,49,802
LL16,8324,41,3,56,84,980
LL17,3195,25,24,58,42,348
LL18,19216,142,117,449,278,2752
LL19,9700,65,40,101,90,1378
LL20,3373,36,15,35,58,497
LL21,3386,19,2,13,45,450
LL22,10439,78,64,79,144,1254
LL23,2116,7,1,28,11,259
LL24,1219,12,0,8,9,159
LL25,209,1,0,0,10,24
LL26,2282,2,5,18,20,290
LL27,275,5,0,3,0,19
LL28,7688,45,27,108,106,1006
LL29,8157,58,66,260,106,1112
LL30,11733,76,53,232,148,1468
LL31,4712,17,21,57,48,544
LL32,3012,19,10,9,29,425
LL33,1941,29,24,23,30,272
LL34,1915,11,0,10,30,251
LL35,508,3,2,1,11,54
LL36,2127,21,7,15,32,289
LL37,374,3,0,0,3,73
LL38,375,1,0,0,13,52
LL39,127,2,0,0,5,28
LL40,2198,8,8,6,19,291
LL41,2582,17,2,14,35,448
LL42,977,13,3,10,9,167
LL43,262,4,0,0,4,33
LL44,423,5,0,0,4,42
LL45,475,6,2,0,5,55
LL46,925,11,5,1,11,110
LL48,1222,11,4,5,23,229
LL49,1805,13,0,22,15,301
LL51,603,6,1,7,5,106
LL52,1533,9,2,11,19,237
LL53,7917,36,11,60,110,1055
LL54,5690,22,6,22,82,809
LL55,9732,76,7,73,87,1459
LL56,1015,13,8,5,5,150
LL57,9759,128,168,836,310,1973
LL58,2021,22,2,18,24,249
LL59,2709,14,9,78,24,306
LL60,1742,4,1,0,20,240
LL61,2984,19,8,22,41,406
LL62,1559,1,6,14,13,166
LL63,921,1,1,5,3,106
LL64,335,1,0,6,4,46
LL65,11473,42,21,82,123,1515
LL66,1081,1,0,1,14,191
LL67,497,2,0,0,2,69
LL68,2601,16,2,27,18,306
LL69,161,3,0,0,0,10
LL70,182,0,0,0,3,17
LL71,1031,4,0,1,10,112
LL72,315,1,1,1,8,32
LL73,288,1,0,0,0,18
LL74,1451,3,0,8,15,107
LL75,698,1,1,8,3,117
LL76,267,0,0,3,0,18
LL77,3166,13,10,58,16,403
LN1,15643,143,164,479,354,2834
LN10,4570,26,8,30,38,419
LN11,16155,84,47,80,170,1904
LN12,7737,24,22,33,117,987
LN13,4378,6,9,14,51,497
LN2,21330,140,296,820,388,2677
LN3,9344,48,42,44,119,958
LN4,22224,70,62,140,252,2312
LN5,16626,97,80,395,248,2173
LN6,29713,120,182,520,412,3602
LN7,3826,17,18,2,61,395
LN8,4345,8,6,33,51,515
LN9,4853,14,9,35,60,591
LS1,4391,171,402,1343,310,1659
LS10,17078,97,453,1262,351,2089
LS11,16028,127,281,8779,516,2141
LS12,18020,151,386,3016,664,2441
LS13,15605,113,143,768,344,2171
LS14,18224,119,390,1350,738,2165
LS15,18978,112,115,437,254,1701
LS16,18457,129,623,3155,1028,2457
LS17,17381,200,1599,4733,6301,2258
LS18,9920,81,163,439,331,1212
LS19,9498,54,68,156,224,1131
LS2,2626,131,451,1372,322,1079
LS20,6798,29,37,85,139,745
LS21,9100,56,42,55,153,982
LS22,10196,25,35,97,154,873
LS23,5745,32,17,125,86,451
LS24,7566,16,17,15,89,651
LS25,23751,86,84,145,287,2244
LS26,16257,75,107,222,243,1584
LS27,16037,112,610,503,489,1945
LS28,16168,98,503,1766,1155,1993
LS29,17140,79,59,246,209,1688
LS3,488,9,29,501,28,207
LS4,2439,79,161,1046,232,684
LS5,2576,25,42,357,118,367
LS6,13212,221,668,3653,1142,4268
LS7,11282,122,288,5648,1233,2005
LS8,17251,219,654,15039,2130,2981
LS9,17875,189,619,5780,358,2169
LU1,20597,159,1724,15106,1046,3474
LU2,29832,252,1963,9803,1304,3824
LU3,22754,135,1927,25151,1355,3816
LU4,18298,145,1970,24380,885,3220
LU5,22080,167,909,1474,459,2308
LU6,16744,132,425,465,331,1743
LU7,28497,170,380,486,492,3489
M1,3766,311,304,1574,291,2132
M10,28188,349,300,4660,323,2733
M11,12597,271,184,3613,196,1357
M12,6204,117,175,13051,132,1213
M13,5658,190,511,11980,388,1992
M14,14223,252,1171,17088,931,4179
M15,6406,201,288,4461,414,1831
M16,9509,177,292,13657,932,2073
M17,1009,10,39,137,33,132
M18,12189,97,91,5173,262,1359
M19,11470,141,312,14331,316,1807
M2,82,3,8,35,3,16
M20,16557,261,790,5900,950,2906
M21,8834,201,184,3969,460,1494
M22,21793,155,596,2737,376,2289
M23,16311,130,334,1930,326,1623
M24,32024,106,165,1981,365,2625
M25,23031,155,365,4716,9637,3159
M26,18326,102,102,1498,875,1713
M27,25003,140,216,1304,328,2129
M28,32457,206,524,1322,421,2727
M29,27730,132,145,515,182,2216
M3,5392,171,227,1456,316,1094
M30,30468,145,287,3092,505,2811
M31,27350,155,284,942,402,2391
M32,12007,109,229,3911,838,1486
M33,30067,255,1647,2882,745,3097
M34,25772,146,310,1642,212,2098
M35,25286,127,175,1182,154,1944
M4,3604,108,324,782,246,940
M40,708,4,10,145,5,126
M41,112,2,0,4,0,7
M43,406,5,0,11,5,40
M44,582,8,11,43,6,38
M46,729,8,10,16,6,61
M5,10848,150,481,1817,282,1980
M50,973,15,61,222,44,252
M6,15355,120,256,1867,317,2032
M7,11129,151,130,3850,10165,3530
M8,6493,130,211,19902,1543,1657
M9,21870,181,136,4502,369,1951
ME1,15728,161,434,1180,1328,2000
ME10,25600,126,291,623,328,2713
ME11,2131,9,15,18,36,247
ME12,19060,133,133,657,297,2130
ME13,14110,93,61,152,195,1646
ME14,18943,567,1012,934,465,2284
ME15,25723,425,632,1471,458,3168
ME16,16363,212,690,667,324,1999
ME17,13516,74,55,169,180,1353
ME18,4232,31,22,20,37,378
ME19,13265,92,192,267,194,1510
ME2,19244,157,442,692,1224,2143
ME20,10426,61,101,134,123,1161
ME3,14299,72,118,304,473,1598
ME4,14647,150,607,1792,1013,2058
ME5,24223,127,387,897,717,2623
ME6,4964,39,45,88,65,527
ME7,22271,256,922,2266,1117,3177
ME8,23619,118,373,638,701,2500
ME9,10503,47,98,74,126,1112
MK1,5212,62,489,1128,150,660
MK10,9960,155,1898,2132,429,1568
MK11,4734,60,434,718,124,647
MK12,6837,90,294,2240,163,930
MK13,7136,62,689,1031,233,976
MK14,8857,82,695,1685,253,1169
MK15,3173,53,261,285,138,407
MK16,9419,32,246,265,185,1122
MK17,11002,77,291,376,199,1222
MK18,17596,134,307,397,322,1958
MK19,5548,47,247,143,143,669
MK2,6002,51,291,1938,131,854
MK3,11708,95,616,1264,268,1418
MK4,10151,180,1882,1471,480,1416
MK40,18293,166,790,6870,1249,2838
MK41,21931,121,676,1564,1213,2421
MK42,25434,206,1320,4179,3123,3191
MK43,19985,179,470,814,752,2201
MK44,9104,55,55,74,158,965
MK45,24666,123,314,286,560,2491
MK46,4447,36,44,39,67,544
MK5,6177,72,1372,1011,335,908
MK6,12056,115,1261,3044,282,1437
MK7,6165,95,424,680,179,840
MK8,4549,48,1260,909,249,683
MK9,1405,36,403,358,73,268
N1,32849,836,826,10275,2801,6860
N10,9885,227,371,1950,2046,2367
N11,15095,288,1756,4305,1881,2681
N12,11951,446,2573,3760,4028,2732
N13,17464,231,1255,5762,1488,2867
N14,12918,220,1540,3758,2006,2324
N15,21208,500,578,7846,6572,5154
N16,14651,392,279,6660,12455,6799
N17,32100,555,812,13155,2759,4961
N18,15087,217,1187,10303,1405,2342
N19,14043,321,372,4406,1443,3110
N1C,453,20,20,505,26,126
N2,8035,209,904,2023,4963,1993
N20,7272,141,1127,1312,2364,1229
N21,11329,100,846,2009,836,1358
N22,17419,506,709,5674,1538,3395
N3,7753,286,1731,1941,6162,2149
N4,17391,474,501,6870,2085,4256
N5,7780,201,190,2274,749,1806
N6,5960,136,236,662,1572,1436
N7,16107,447,570,6849,1266,3723
N8,11834,351,488,2972,1677,2665
N9,21545,165,1530,13317,2402,3179
NE1,6025,317,446,1670,335,2689
NE10,19261,69,89,859,197,1504
NE11,8426,50,82,267,150,661
NE12,18172,106,300,474,248,1951
NE13,10883,82,504,708,236,1145
NE15,18419,85,246,1580,247,1778
NE16,13883,34,29,147,149,1030
NE17,2260,10,4,31,47,251
NE18,529,0,0,5,3,69
NE19,2553,12,3,11,36,197
NE2,9738,182,338,750,419,2761
NE20,6596,28,180,208,245,573
NE21,10005,25,13,96,96,735
NE22,10732,31,8,62,142,924
NE23,19592,66,20,192,225,1928
NE24,18049,82,37,353,225,1848
NE25,15754,76,66,308,177,1616
NE26,8154,57,26,203,92,865
NE27,6598,47,151,207,106,759
NE28,21412,131,135,516,287,2135
NE29,16485,78,100,646,274,1700
NE3,22065,184,765,2745,612,2672
NE30,9529,77,34,128,120,935
NE31,13644,28,50,215,89,1047
NE32,12607,39,18,231,131,1067
NE33,13452,84,75,2560,295,1342
NE34,25174,87,86,551,275,2266
NE35,3742,6,10,66,79,321
NE36,3898,7,3,76,49,283
NE37,10705,30,38,115,146,863
NE38,16281,50,50,141,258,1263
NE39,4316,11,10,69,47,308
NE4,13158,146,886,14206,554,1962
NE40,7715,46,6,51,79,661
NE41,926,6,0,2,18,85
NE42,6394,18,18,36,105,599
NE43,2629,8,0,15,30,287
NE44,958,2,0,6,11,96
NE45,1887,5,3,6,11,127
NE46,8370,43,25,47,94,848
NE47,3863,41,1,4,50,401
NE48,1710,19,0,7,32,157
NE49,1993,8,0,5,26,210
NE5,23618,129,270,2042,343,2016
NE6,20403,219,463,2285,462,2661
NE61,20217,104,36,200,250,1707
NE62,4485,6,3,44,54,389
NE63,13820,73,25,198,191,1294
NE64,2554,9,1,20,31,302
NE65,11547,54,10,37,96,959
NE66,10199,43,7,51,88,882
NE67,610,0,0,0,8,47
NE68,1063,6,0,2,8,78
NE69,229,2,0,0,4,8
NE7,6300,45,354,1015,182,681
NE70,1147,3,1,2,24,119
NE71,1633,10,0,4,17,165
NE8,11709,153,215,1605,2976,1956
NE9,18317,67,56,746,220,1434
NG1,5446,275,622,1587,524,3026
NG10,18994,120,333,317,523,2644
NG11,16847,140,449,732,552,2425
NG12,17756,106,507,623,556,2088
NG13,11433,94,79,124,206,1179
NG14,10582,66,59,217,227,1244
NG15,20351,111,245,342,468,2631
NG16,27000,133,315,526,646,3411
NG17,31266,153,270,544,542,4496
NG18,23430,153,210,779,408,2633
NG19,23509,128,130,342,299,2829
NG2,20413,218,1381,6829,1380,3532
NG20,13855,35,41,79,149,1600
NG21,10904,38,32,65,136,1403
NG22,15300,58,41,113,177,1700
NG23,10105,25,23,38,90,935
NG24,24345,131,117,342,283,2709
NG25,4581,19,14,52,57,477
NG3,20873,278,574,5604,1141,3509
NG31,25855,192,496,409,303,2856
NG32,7045,20,36,35,55,553
NG33,5652,22,6,20,59,489
NG34,23542,81,76,246,229,2412
NG4,15495,129,177,1199,370,2167
NG5,34639,365,749,4467,1619,5323
NG6,14861,134,320,1535,646,2251
NG7,17836,360,1581,12376,1842,6188
NG8,23659,259,1347,9283,1763,3744
NG9,28911,364,904,2139,1130,4254
NN1,17744,192,1004,3648,466,2786
NN10,18358,119,209,241,383,2411
NN11,21211,168,189,363,347,2561
NN12,13689,68,61,110,206,1432
NN13,11519,57,31,55,184,1320
NN14,24062,135,153,225,347,2647
NN15,21042,146,464,662,779,2584
NN16,13184,118,342,688,657,1659
NN17,16881,78,123,232,270,1828
NN18,19212,121,319,438,348,2232
NN2,20920,135,510,1764,428,2782
NN29,5900,33,41,59,117,584
NN3,37882,280,1596,3897,921,4785
NN4,25625,227,1215,1694,849,3274
NN5,21696,128,515,2729,541,2854
NN6,18567,112,89,114,235,2037
NN7,14143,78,99,114,245,1584
NN8,26090,224,2669,1668,679,3307
NN9,12467,49,147,97,230,1421
NP1,23117,148,139,495,363,3218
NP10,3514,31,103,219,41,395
NP11,342,3,0,5,8,60
NP12,11451,53,32,99,155,1774
NP13,6358,40,16,93,141,1109
NP15,6118,37,14,27,83,700
NP16,10565,80,50,72,206,1296
NP18,8996,36,56,322,107,1049
NP19,22034,140,170,5458,428,3248
NP2,8929,44,10,87,174,1514
NP20,22417,160,305,4853,516,2965
NP23,12086,50,53,132,185,1808
NP25,7286,59,24,60,93,1034
NP26,11068,49,25,127,171,1278
NP3,157,5,0,0,5,23
NP4,20076,107,60,105,222,2909
NP44,18859,157,185,253,356,2787
NP7,12299,129,112,179,200,1680
NP8,2353,15,3,3,20,259
NR1,11025,235,826,858,430,2301
NR10,12399,94,32,86,233,1684
NR11,10581,68,16,35,153,1299
NR12,11278,54,6,41,157,1419
NR13,15055,102,90,111,177,1855
NR14,13262,121,46,91,169,1692
NR15,8267,47,10,53,101,1135
NR16,6014,31,14,21,86,711
NR17,8430,40,41,86,90,1069
NR18,9465,72,46,110,160,1316
NR19,10530,53,22,74,132,1315
NR2,8910,268,276,670,500,1983
NR20,10561,55,30,35,148,1272
NR21,8623,54,8,31,115,1035
NR22,331,6,0,0,0,46
NR23,1713,22,2,2,19,242
NR24,2282,17,6,1,23,236
NR25,4645,29,10,13,77,634
NR26,4571,23,4,3,54,546
NR27,6015,46,13,28,70,705
NR28,7852,46,15,31,113,1162
NR29,11337,41,20,45,122,1340
NR3,11389,171,129,933,352,2117
NR30,14604,99,86,377,193,2120
NR31,22416,135,248,312,345,2915
NR32,16552,131,103,204,294,2444
NR33,17883,103,65,150,257,2433
NR34,10300,53,28,54,190,1295
NR35,5179,31,22,43,88,596
NR4,9903,275,487,929,280,1814
NR5,11951,134,252,983,301,2046
NR6,10611,80,80,241,126,1384
NR7,13507,95,136,364,206,2099
NR8,9707,60,89,113,120,1223
NR9,8456,59,53,100,99,1169
NW1,19709,701,1192,13706,2286,5486
NW10,46107,740,4426,25354,1890,7738
NW11,8030,340,1112,2729,14343,3880
NW2,26018,648,2653,17118,2910,5246
NW3,16784,632,1355,4891,5894,5124
NW4,11339,340,2006,4211,8676,2880
NW5,7659,148,196,3882,752,1869
NW6,22214,615,1421,11194,3437,5566
NW7,8831,246,1570,3779,5670,2000
NW8,9075,391,1165,8294,2333,2741
NW9,29211,973,9718,16222,1947,5080
OL1,12871,78,168,9474,130,1348
OL10,16239,56,48,890,143,1379
OL11,20618,83,185,17076,242,2529
OL12,19766,109,126,11328,223,2164
OL13,7765,36,15,161,123,850
OL14,6135,72,21,584,192,1034
OL15,8330,25,17,335,96,738
OL16,12616,39,100,10842,127,1438
OL2,24694,66,100,1570,139,1865
OL3,9210,35,23,102,74,761
OL4,18902,78,106,14726,161,2076
OL5,6045,26,32,227,59,616
OL6,13446,74,1304,5462,227,1438
OL7,6806,27,668,2922,94,834
OL8,13952,93,568,19797,132,2296
OL9,14270,68,175,12792,152,1755
OX1,10460,253,441,1282,717,4291
OX10,14729,128,94,138,212,1715
OX11,20583,199,874,735,399,2733
OX12,14776,98,94,179,206,1857
OX13,8811,208,266,184,183,961
OX14,20974,192,349,580,368,2617
OX15,12268,81,108,165,168,1412
OX16,25076,285,286,3459,615,3045
OX17,8473,34,19,47,130,841
OX18,14389,115,43,176,171,1571
OX2,15854,324,448,1610,853,3535
OX20,3541,32,76,60,64,444
OX25,6988,124,199,156,142,854
OX26,18152,259,312,713,339,2211
OX27,3644,31,31,44,54,403
OX28,14765,117,90,319,249,1705
OX29,12657,63,63,98,166,1486
OX3,21007,352,1001,4076,735,4420
OX33,3715,34,48,92,72,494
OX39,4212,10,42,49,72,498
OX4,25653,445,860,7959,1128,5543
OX44,4178,30,25,31,57,475
OX49,2388,17,1,4,42,258
OX5,12327,93,239,532,221,1507
OX7,11363,91,43,119,174,1337
OX9,7805,51,99,77,99,923
PE1,23579,150,1008,17040,713,3525
PE10,13994,52,167,94,140,1576
PE11,29398,84,138,293,310,3294
PE12,24234,84,73,141,246,2660
PE13,22057,94,89,215,262,2594
PE14,12147,61,22,51,151,1490
PE15,15457,71,56,280,270,1912
PE16,5120,46,34,46,92,633
PE17,29780,218,254,1120,496,3768
PE18,27296,240,312,939,460,3195
PE19,18001,162,249,303,339,2330
PE2,26644,203,888,2028,638,3186
PE20,9368,34,31,80,69,860
PE21,28183,96,201,852,216,3263
PE22,9331,49,19,60,138,912
PE23,4725,10,15,16,40,522
PE24,6539,23,12,14,41,745
PE25,11336,74,32,130,177,1315
PE27,94,0,0,6,1,8
PE28,1113,4,34,38,15,157
PE29,654,3,32,37,25,91
PE3,15638,84,1009,5025,478,2088
PE30,24330,182,318,505,313,3143
PE31,11749,47,8,14,152,1238
PE32,8452,47,26,52,94,902
PE33,7736,63,17,48,128,896
PE34,6619,27,18,18,70,863
PE36,3173,11,9,18,48,318
PE37,6139,40,12,42,110,695
PE38,7706,39,11,104,104,962
PE4,14819,70,233,1126,286,1745
PE5,849,2,17,9,8,54
PE6,21067,64,145,254,269,2090
PE7,23249,133,655,1038,417,2616
PE8,9740,49,78,68,118,968
PE9,17160,71,110,121,187,1769
PL1,11984,184,162,923,317,2250
PL10,1762,22,0,4,63,258
PL11,4904,20,7,13,68,622
PL12,11559,77,15,43,147,1253
PL13,5562,33,7,14,112,646
PL14,11260,127,34,14,272,1681
PL15,11010,57,11,81,203,1667
PL16,456,4,0,2,5,41
PL17,4985,25,7,12,77,713
PL18,2268,12,2,3,47,297
PL19,8068,59,12,32,139,990
PL2,12852,106,99,371,233,1807
PL20,6821,59,10,38,150,849
PL21,10003,81,17,40,116,1222
PL22,2105,8,7,6,33,253
PL23,1641,10,0,2,46,246
PL24,4911,45,7,9,63,752
PL25,13279,75,28,43,179,1956
PL26,13003,84,26,15,240,1834
PL27,6278,41,5,25,101,796
PL28,2081,22,0,7,24,232
PL29,856,1,0,0,12,106
PL3,13177,166,90,391,208,1757
PL30,5146,26,3,11,77,697
PL31,6913,44,19,39,118,958
PL32,1871,19,3,7,45,261
PL33,881,9,0,4,32,103
PL34,696,8,2,2,25,104
PL35,358,2,2,4,16,51
PL4,9736,192,215,1053,358,2376
PL5,19327,107,119,282,260,2277
PL6,19916,132,97,286,202,2312
PL7,15868,66,18,131,169,1775
PL8,2773,23,5,8,34,309
PL9,14582,70,19,71,155,1701
PO1,13064,260,476,3326,376,3096
PO10,10781,96,57,63,166,1319
PO11,9406,68,18,44,139,1137
PO12,20685,172,122,249,346,2406
PO13,16293,101,109,201,246,1856
PO14,18558,85,105,258,240,2025
PO15,10908,70,175,178,142,1281
PO16,14842,131,109,193,163,1638
PO17,4020,14,20,29,80,520
PO18,9195,46,21,88,112,1036
PO19,16028,241,140,408,273,2066
PO2,17504,175,203,1760,380,2386
PO20,18846,95,70,118,239,1908
PO21,24182,122,131,499,300,2989
PO22,15372,75,66,156,197,1776
PO3,8072,69,76,428,144,1046
PO30,15005,135,62,238,313,2088
PO31,6394,43,41,66,97,929
PO32,3879,37,11,27,84,487
PO33,14433,99,75,110,317,2185
PO34,1078,7,3,6,25,98
PO35,1952,13,3,6,33,195
PO36,8689,53,32,60,123,1045
PO37,4558,50,9,31,79,637
PO38,5818,34,10,28,129,764
PO39,1806,4,7,6,23,268
PO4,16253,247,317,1624,496,2853
PO40,2444,15,5,8,50,279
PO41,952,5,1,6,12,121
PO5,9151,169,288,2321,256,1795
PO6,18265,157,242,719,264,2268
PO7,20963,136,117,239,257,2414
PO8,16588,82,90,180,256,1868
PO9,20249,125,173,298,315,2673
PR0,139,0,0,168,1,29
PR1,33457,262,2645,16529,846,4675
PR11,160,0,16,38,5,14
PR2,42202,204,1993,7075,955,3972
PR25,21223,76,112,301,156,1763
PR26,8455,61,35,185,136,742
PR3,27189,82,89,187,204,2020
PR4,40435,133,264,509,307,2895
PR5,23654,95,208,439,239,1996
PR6,22812,88,108,792,195,1779
PR7,37221,119,168,588,297,3199
PR8,33180,168,217,733,351,3211
PR9,25113,113,122,365,297,2351
RG1,19161,1127,4559,6185,1037,4532
RG10,10766,72,180,227,333,1263
RG11,38326,343,2572,1987,1459,4621
RG12,39529,610,1920,1597,1240,4712
RG13,19743,126,707,608,280,2510
RG14,13293,104,618,372,215,1705
RG15,9583,43,59,76,142,1074
RG16,10711,62,99,86,138,1276
RG17,3680,17,26,9,56,514
RG18,507,3,30,7,13,50
RG19,768,5,19,23,9,95
RG2,18701,853,2455,4201,880,2852
RG21,12598,578,1972,1077,479,1975
RG22,18484,399,768,635,396,2196
RG23,6343,80,124,139,95,685
RG24,17298,372,1017,686,479,2288
RG25,8593,71,53,45,92,791
RG26,11090,57,77,122,163,1279
RG27,10944,89,160,174,161,1194
RG28,3486,16,17,26,36,426
RG3,35781,892,2160,4966,1040,4761
RG30,204,2,31,55,12,22
RG31,196,1,11,16,10,16
RG4,18986,223,970,1257,575,2723
RG40,803,9,153,148,44,147
RG41,341,15,116,79,41,57
RG42,1878,36,91,60,62,205
RG5,12452,89,1008,1602,661,1637
RG6,12820,277,3343,4052,1228,2263
RG7,14952,128,371,449,367,1970
RG8,8219,49,58,85,98,918
RG9,11367,116,64,334,240,1287
RH1,26116,230,1720,1989,425,3431
RH10,35272,305,3701,5321,1140,4620
RH11,24047,262,2592,6474,604,3269
RH12,25645,198,467,675,378,3368
RH13,19283,160,203,396,291,2424
RH14,8043,93,34,43,92,884
RH15,16533,175,639,533,235,1910
RH16,19772,156,483,514,274,2642
RH17,8663,53,69,114,142,1092
RH18,2473,59,9,50,172,516
RH19,16255,98,214,397,676,2363
RH2,11941,124,260,431,181,1532
RH20,13698,66,41,56,154,1493
RH3,2367,11,9,13,39,303
RH4,8512,59,89,275,139,1084
RH5,7133,50,39,69,99,853
RH6,16344,140,575,891,273,1989
RH7,4446,43,28,97,70,557
RH8,7899,44,80,79,95,998
RH9,2219,13,25,45,19,279
RM1,15257,148,818,2588,867,1810
RM10,23876,157,775,7869,644,2597
RM11,18770,159,1395,1660,1546,1806
RM12,18799,113,809,1690,671,2043
RM13,16156,109,564,2729,683,1748
RM14,16298,90,318,436,393,1361
RM15,16296,130,369,1574,278,1634
RM16,31585,270,1080,3453,1344,3178
RM17,14835,159,603,2214,1031,1596
RM18,10010,48,133,921,220,939
RM19,389,3,7,43,4,23
RM2,6376,38,479,616,472,676
RM3,23328,215,1014,2507,840,2542
RM4,1925,8,48,94,213,245
RM5,10988,72,446,1412,823,1192
RM6,14305,146,2585,11177,2264,2048
RM7,13879,169,795,3303,713,1578
RM8,21103,186,1817,10996,1571,2725
RM9,18703,113,464,6062,408,2032
S1,5549,286,634,3458,295,2643
S10,17836,319,798,2630,548,3513
S11,12568,171,393,2524,435,2321
S12,17001,92,50,622,185,2064
S13,14202,53,101,1334,199,1804
S14,4028,29,20,664,94,650
S17,7880,38,129,513,134,918
S18,13049,50,26,100,135,1278
S19,13612,88,63,199,137,1536
S2,14703,210,384,4705,335,2735
S20,519,2,10,38,17,74
S21,9982,40,19,102,88,1187
S25,11221,47,22,77,91,1119
S26,13329,70,19,164,164,1276
S3,3570,121,277,5394,125,1100
S30,41326,188,93,406,477,4347
S35,952,3,19,86,7,130
S36,262,0,0,0,2,33
S4,4535,23,67,6821,63,909
S40,20361,123,191,362,290,2387
S41,15940,98,125,423,270,1909
S42,14845,55,57,62,194,1620
S43,19415,71,52,224,268,2086
S44,10003,39,39,95,91,1140
S45,5581,27,6,24,94,648
S5,22688,153,293,8616,390,3174
S6,21945,244,93,1968,376,2971
S60,20612,134,381,6934,282,2543
S61,16449,65,41,1500,146,1772
S62,11221,36,10,279,119,1169
S63,21908,70,59,211,219,2090
S64,14408,50,33,149,160,1404
S65,14496,49,37,4163,173,1748
S66,22642,70,54,336,243,2120
S7,4132,65,132,3818,150,936
S70,22173,106,122,608,274,2414
S71,24824,68,74,250,208,2553
S72,13516,26,29,75,125,1410
S73,13870,49,45,132,162,1394
S74,8575,27,11,45,60,865
S75,23231,99,88,175,214,2187
S8,16712,153,110,1651,311,2307
S80,16353,63,87,229,177,1608
S81,20252,76,71,224,227,1940
S9,8219,55,169,11484,112,1396
SA1,18494,325,450,4285,509,5152
SA10,14894,68,72,146,178,1747
SA11,14401,93,49,207,214,2095
SA12,14248,92,114,266,159,1813
SA13,6515,49,81,345,120,906
SA14,18084,99,87,185,246,2374
SA15,15779,102,48,226,268,2128
SA16,4123,18,13,14,41,579
SA17,4581,30,15,17,56,596
SA18,13851,75,51,122,206,1877
SA19,5605,25,18,36,104,744
SA2,15508,176,206,1462,297,2946
SA20,1381,2,0,8,13,220
SA3,12522,99,61,195,166,1574
SA31,9637,78,115,322,156,1209
SA32,3171,25,11,11,54,278
SA33,6872,59,19,21,143,777
SA34,2909,19,10,10,55,406
SA35,617,2,0,12,12,88
SA37,1322,4,3,3,14,195
SA38,2463,20,7,24,48,349
SA39,1659,9,3,11,34,296
SA4,20704,106,124,271,199,2473
SA40,1788,19,6,40,24,299
SA41,849,7,3,1,21,149
SA42,1265,22,1,2,33,159
SA43,5438,58,3,54,111,740
SA44,5258,42,16,4,99,721
SA45,572,2,0,4,9,64
SA46,1675,14,4,14,14,213
SA47,34,2,0,6,5,18
SA48,4127,94,14,43,101,648
SA5,14130,122,79,1004,223,2191
SA6,13722,105,106,432,221,1965
SA61,7256,81,62,243,70,1015
SA62,11746,76,16,31,163,1616
SA63,485,1,2,0,3,37
SA64,917,13,5,2,19,121
SA65,1670,7,6,34,17,274
SA66,1824,11,1,4,37,269
SA67,2884,18,9,13,42,338
SA68,2784,14,8,11,30,361
SA69,2142,10,16,13,15,242
SA7,5444,31,42,96,87,842
SA70,4015,25,4,30,42,437
SA71,5564,46,8,65,61,763
SA72,4166,37,8,32,93,559
SA73,8749,63,9,98,113,1211
SA8,5376,42,12,30,79,635
SA9,5975,47,25,76,111,872
SE1,34606,938,1626,8628,1311,6698
SE10,16228,578,1465,2771,715,3105
SE11,10323,220,167,2146,272,1566
SE12,14871,279,868,2139,359,2261
SE13,19274,582,1298,3004,612,3635
SE14,13299,517,243,2856,445,2651
SE15,31008,687,359,6748,805,4826
SE16,22486,604,837,4817,658,3897
SE17,15242,369,175,4513,420,2259
SE18,38040,2610,5883,10390,2429,5441
SE19,13710,275,435,2101,384,2352
SE2,13110,423,892,2086,575,1526
SE20,10456,195,275,1706,324,1808
SE21,8240,136,376,924,302,1532
SE22,11422,197,264,1490,351,1918
SE23,14529,265,456,1808,553,2667
SE24,8421,211,215,1184,318,1549
SE25,17601,190,510,2854,390,2416
SE26,12362,263,463,2013,365,2140
SE27,9080,129,232,1466,286,1743
SE28,17280,357,499,3064,316,1807
SE3,14321,361,854,1740,657,2365
SE4,9867,223,296,1612,367,2001
SE5,21528,381,248,5167,525,3213
SE6,26145,452,1575,4375,608,3951
SE7,8230,309,930,2050,470,1415
SE8,11150,556,438,2730,339,2164
SE9,30608,526,1331,3119,677,3798
SG1,24025,252,1080,2115,698,3140
SG10,1842,4,12,24,19,163
SG11,4592,15,25,24,74,435
SG12,14333,87,175,270,258,1769
SG13,7854,88,120,184,190,950
SG14,9223,109,79,206,178,1157
SG15,2600,26,56,56,130,311
SG16,3611,25,44,75,126,404
SG17,6574,55,68,47,197,833
SG18,13851,119,261,190,362,1702
SG19,11168,66,85,103,259,1326
SG2,19095,177,467,901,410,2402
SG3,3067,22,17,64,86,343
SG4,13033,163,461,692,961,1827
SG5,13817,94,320,479,794,1761
SG6,14167,231,381,478,1353,2133
SG7,6726,48,110,64,197,924
SG8,18741,153,218,216,347,2324
SG9,6287,20,46,70,100,656
SK1,6483,44,131,670,108,932
SK10,24144,214,255,375,306,2322
SK11,17174,108,165,271,252,1932
SK12,26074,181,89,202,343,2799
SK13,16519,98,46,97,193,1836
SK14,22508,132,244,4646,229,2594
SK15,14004,70,233,683,129,1449
SK16,9046,27,163,519,89,853
SK17,14799,114,25,62,190,1859
SK2,14628,112,162,862,166,1678
SK22,114,0,0,0,2,19
SK23,70,0,0,1,0,10
SK3,11934,74,160,1292,192,1355
SK4,15686,127,312,3012,263,1852
SK5,13413,83,99,1237,170,1539
SK6,25648,147,98,449,297,2595
SK7,22067,155,488,1325,396,2163
SK8,27467,198,895,7240,1362,3069
SK9,20160,183,544,1275,484,2335
SL0,5325,64,887,650,1899,699
SL1,29384,422,5191,24830,8044,4786
SL2,19384,166,2856,15273,6350,2939
SL3,16603,313,5666,8395,7430,2593
SL4,23918,299,825,1638,1341,2840
SL5,12939,83,383,563,569,1521
SL6,38001,488,3223,6063,2932,4823
SL7,10423,87,129,248,223,1305
SL8,3398,28,39,59,109,340
SL9,11498,73,1253,837,1589,1201
SM1,22453,508,3172,3787,463,2962
SM2,13225,226,2535,2861,458,1984
SM3,9560,142,1808,1319,135,1085
SM4,18922,505,2531,4925,318,2431
SM5,18961,329,1850,2054,319,2327
SM6,15422,277,2938,2580,393,2123
SM7,8907,69,392,401,161,926
SN1,19957,270,2326,1582,460,2217
SN10,17289,136,44,198,266,1926
SN11,13255,100,32,125,201,1513
SN12,13570,94,71,162,161,1769
SN13,8783,75,73,72,132,1188
SN14,14315,147,226,224,241,1858
SN15,15573,195,295,198,290,2098
SN16,7765,43,38,73,107,838
SN17,116,6,5,15,3,18
SN2,31864,443,1326,1481,937,3888
SN25,8754,143,381,575,281,1198
SN3,25532,559,1235,1537,762,3091
SN38,390,6,8,96,19,53
SN4,14264,102,193,192,208,1591
SN5,15067,242,562,1011,570,1909
SN6,11263,72,104,120,131,1188
SN7,6955,31,39,87,104,832
SN8,13805,68,57,66,195,1583
SN9,4310,26,5,13,59,465
SO1,49706,656,1797,6507,2928,7751
SO14,4623,54,454,3264,1195,1192
SO15,310,4,35,64,16,53
SO16,5525,153,271,1359,425,1257
SO17,5745,156,325,1234,438,1160
SO18,17609,189,336,962,835,2458
SO19,23729,184,211,856,628,3371
SO20,5405,14,44,27,64,565
SO21,13184,117,196,135,237,1403
SO22,14743,317,382,357,324,2307
SO23,8949,219,178,236,202,1401
SO24,5340,33,12,32,66,656
SO3,46255,267,330,395,562,5066
SO30,1342,8,54,25,40,173
SO31,620,13,16,24,14,69
SO32,524,3,11,16,22,80
SO4,58278,365,198,348,834,6759
SO40,330,5,4,9,11,34
SO41,393,2,0,1,5,57
SO45,68,2,0,1,2,13
SO5,52493,431,1138,1216,1474,6191
SO50,682,5,64,24,41,133
SO51,1303,4,10,12,20,194
SO53,1423,26,96,94,104,152
SP1,12243,143,125,275,181,1509
SP10,20347,267,377,378,344,2443
SP11,16090,174,273,234,261,1901
SP2,15817,139,208,385,272,1832
SP3,7179,36,16,12,79,760
SP4,18817,317,479,256,359,2067
SP5,12392,55,20,67,149,1217
SP6,6876,33,10,17,83,854
SP7,7700,79,12,68,134,1053
SP8,7608,48,15,46,97,905
SP9,4863,273,349,125,161,612
SR1,4686,90,74,1057,144,621
SR2,17353,80,116,1500,214,1540
SR3,20240,49,20,162,228,1507
SR4,19810,94,181,1472,269,1705
SR5,16577,40,37,128,161,1550
SR6,16452,48,60,164,203,1237
SR7,17577,60,16,148,198,1340
SR8,17607,42,41,89,163,1573
SS0,19848,291,702,2252,1378,3012
SS1,13149,189,446,1072,645,1803
SS11,9611,40,99,165,137,1020
SS12,8948,33,102,193,118,957
SS13,10540,50,175,694,188,1210
SS14,12159,88,404,763,233,1520
SS15,15231,114,491,639,277,1693
SS16,13594,112,728,627,256,1702
SS17,16431,88,152,349,226,1699
SS2,14503,183,492,1200,429,2133
SS22,168,0,0,0,1,14
SS3,11742,98,113,402,348,1552
SS4,9814,75,87,116,193,1279
SS5,10819,50,80,111,157,1214
SS6,16518,69,188,150,239,1757
SS7,24034,146,341,478,387,2605
SS8,18655,81,80,225,679,1893
SS9,21556,212,326,566,685,2792
ST1,14166,103,216,7624,290,2040
ST10,17366,42,21,87,105,1360
ST11,6221,14,21,249,80,507
ST12,3524,16,67,72,68,293
ST13,15278,61,51,98,174,1673
ST14,13022,93,34,230,161,1239
ST15,13886,69,94,156,138,1196
ST16,16961,312,664,617,625,2005
ST17,19658,92,376,511,398,2051
ST18,10224,47,47,81,85,854
ST19,9905,15,16,60,154,758
ST2,17970,65,91,464,246,2130
ST20,4802,23,22,18,35,452
ST21,2999,6,7,40,17,263
ST3,32751,183,179,4744,373,3646
ST4,27114,320,650,3843,579,3354
ST5,41258,390,635,1979,626,4859
ST6,29920,145,215,6907,360,3946
ST7,29071,113,61,271,271,2794
ST8,9716,29,15,31,58,1003
ST9,5658,23,10,18,56,477
SW10,9459,161,220,2084,511,1673
SW11,37764,540,972,7040,1160,6287
SW12,14374,177,683,1961,574,2384
SW13,8742,161,308,740,464,1450
SW14,8283,133,193,572,368,1226
SW15,28612,555,910,7056,1095,5197
SW16,37403,441,2589,10962,1247,6026
SW17,23754,392,2924,7682,797,4344
SW18,28905,465,934,5244,849,4473
SW19,34254,735,2614,6442,1155,5667
SW1A,856,30,73,88,72,172
SW1E,991,48,57,252,71,257
SW1H,431,14,14,119,34,117
SW1P,5461,161,191,1993,197,1044
SW1V,9076,229,261,3406,444,1791
SW1W,3455,99,76,965,230,691
SW1X,2940,64,98,437,278,736
SW1Y,73,7,5,23,13,21
SW2,23426,418,294,3853,715,4263
SW20,12749,270,1114,1565,392,2000
SW3,10149,146,214,1465,548,1908
SW4,17636,225,322,2582,543,2871
SW5,7081,271,217,1478,344,1470
SW6,33642,522,667,5622,1016,5657
SW7,5614,163,329,1065,500,1342
SW8,15458,347,314,3692,435,2667
SW9,18450,347,151,3914,560,3153
SY1,13622,90,60,270,250,1804
SY10,12140,48,35,75,128,1347
SY11,13181,62,44,200,133,1437
SY12,5111,26,6,17,40,467
SY13,13074,42,27,50,148,1253
SY14,3411,5,0,8,21,258
SY15,4057,20,12,11,45,613
SY16,7230,39,26,109,127,1123
SY17,1832,19,2,6,38,258
SY18,1970,25,3,23,34,283
SY19,430,5,1,0,7,101
SY2,9532,84,32,101,120,1069
SY20,2819,28,1,18,135,542
SY21,9007,55,6,40,83,1291
SY22,3082,21,5,10,49,425
SY23,12110,130,104,335,360,2410
SY24,2070,26,14,21,37,318
SY25,1477,5,4,0,46,237
SY3,18670,112,179,258,273,2259
SY4,14087,50,24,69,130,1370
SY5,12085,61,28,29,233,1315
SY6,4897,37,5,16,52,506
SY7,5530,22,1,113,69,686
SY8,10243,46,11,41,94,1114
SY9,1015,5,1,5,16,108
TA1,21621,189,306,501,286,2901
TA10,5897,37,16,32,74,741
TA11,4955,20,14,16,70,518
TA12,3269,18,6,32,46,333
TA13,2546,11,0,10,23,288
TA14,1725,6,3,4,24,202
TA15,241,1,0,1,4,34
TA16,1132,4,0,6,11,136
TA17,407,4,1,1,2,34
TA18,5100,25,12,15,72,587
TA19,6868,37,17,17,73,794
TA2,14201,86,70,188,202,1976
TA20,10835,54,11,54,138,1319
TA21,10576,47,17,112,154,1503
TA22,1363,5,2,8,21,178
TA23,3630,21,5,9,67,435
TA24,8947,65,13,26,121,1244
TA3,7051,25,9,16,73,756
TA4,8918,65,7,48,131,1095
TA5,6600,33,8,36,80,771
TA6,25228,123,88,376,328,3445
TA7,7788,27,7,19,112,851
TA8,9328,63,20,86,137,1163
TA9,6122,24,15,63,86,746
TD12,744,1,1,0,14,79
TD15,8349,33,12,69,66,994
TF1,22403,233,324,3524,1079,2773
TF10,12868,64,115,92,250,1471
TF11,7230,37,37,207,158,786
TF12,3460,11,2,14,41,321
TF13,2176,1,5,1,25,151
TF2,18861,105,282,526,1283,2216
TF3,12688,58,441,456,587,1522
TF4,8772,69,111,204,252,914
TF5,2660,10,25,53,114,264
TF6,2103,6,8,19,29,189
TF7,8440,54,51,169,257,1121
TF8,291,2,0,3,3,40
TF9,13897,57,32,182,178,1200
TN1,6764,89,301,468,186,1062
TN10,9107,68,150,227,107,1056
TN11,10121,55,147,171,105,1186
TN12,15596,68,101,161,187,1751
TN13,14378,169,244,359,231,1807
TN14,8469,31,89,123,105,937
TN15,12133,56,102,165,185,1277
TN16,9732,39,52,106,98,1120
TN17,8062,51,22,61,98,1035
TN18,3771,26,8,27,53,485
TN19,3063,12,11,7,41,464
TN2,14123,116,375,658,207,1754
TN20,2467,16,16,10,27,253
TN21,8077,45,22,51,133,973
TN22,13065,78,58,146,174,1541
TN23,19824,732,1494,1062,1033,2722
TN24,16342,452,1010,778,449,1881
TN25,8435,40,133,175,106,934
TN26,7204,33,42,46,81,876
TN27,6098,43,24,41,66,601
TN28,4930,13,18,35,61,519
TN29,6210,39,12,43,85,628
TN3,8573,45,73,96,85,868
TN30,5304,36,21,33,73,521
TN31,7356,42,26,39,94,887
TN32,2420,12,4,10,21,291
TN33,6322,31,27,54,75,807
TN34,13414,196,168,541,415,2274
TN35,6940,84,23,126,164,1100
TN36,1213,13,1,2,15,162
TN37,8273,163,149,620,234,1433
TN38,9158,155,132,510,268,1599
TN39,14269,105,61,252,236,1985
TN4,12454,130,304,513,199,1553
TN40,7902,68,71,131,141,947
TN5,4282,30,3,7,45,516
TN6,12354,84,67,155,510,1545
TN7,977,12,1,8,27,124
TN8,6090,44,50,75,80,683
TN9,6690,83,418,292,105,929
TQ1,17758,167,69,270,284,2520
TQ10,1818,36,2,7,71,328
TQ11,2138,43,0,2,99,389
TQ12,28298,192,60,230,461,3752
TQ13,9434,122,8,31,211,1365
TQ14,9441,91,10,53,134,1257
TQ2,15672,134,89,247,235,2010
TQ3,15944,113,38,141,365,2134
TQ4,10322,72,26,62,125,1196
TQ5,9690,71,15,70,184,1093
TQ6,4211,40,11,95,63,510
TQ7,8727,51,9,40,123,1203
TQ8,852,5,0,8,14,85
TQ9,6390,247,31,53,340,1288
TR1,10649,108,115,269,227,1440
TR10,5917,74,16,62,163,1257
TR11,12553,123,53,140,316,2285
TR12,4661,44,6,17,90,620
TR13,9689,50,6,31,164,1310
TR14,12941,113,14,70,254,2210
TR15,9692,58,19,56,245,1546
TR16,6890,53,11,19,114,939
TR17,1106,10,0,3,28,146
TR18,8875,120,13,51,257,1501
TR19,4246,70,3,18,135,629
TR2,4969,28,5,4,59,713
TR20,3661,24,3,14,62,522
TR21,750,3,1,0,6,99
TR22,78,0,0,0,0,0
TR24,70,0,0,0,2,16
TR25,71,0,0,0,0,11
TR26,5284,68,9,25,90,673
TR27,6067,43,11,36,89,1055
TR3,5925,49,13,15,96,690
TR4,4768,35,9,13,95,721
TR5,1567,23,1,4,36,258
TR6,1539,7,5,22,26,255
TR7,9606,114,28,46,192,1643
TR8,4470,30,6,8,90,614
TR9,3206,18,1,16,57,497
TS1,7251,189,922,5862,204,1343
TS10,19583,83,43,297,170,2095
TS11,6529,23,4,31,55,589
TS12,12027,58,16,51,104,1352
TS13,5397,20,12,13,71,538
TS14,10739,36,18,54,75,915
TS15,8582,74,160,292,83,659
TS16,6259,32,50,204,59,570
TS17,24303,111,320,2066,540,2203
TS18,12850,122,92,3095,161,1917
TS19,17578,80,49,534,214,1646
TS2,425,1,1,7,8,50
TS20,10578,40,19,218,103,1054
TS21,7210,27,20,47,39,595
TS22,6706,31,125,201,135,493
TS23,13914,48,17,127,152,1417
TS24,12199,57,68,291,121,1324
TS25,20813,66,47,336,165,2033
TS26,12310,53,69,526,131,1162
TS27,6017,11,11,21,77,532
TS28,3041,8,3,10,18,233
TS29,3258,4,11,10,17,266
TS3,13124,73,136,750,140,1672
TS4,8838,46,125,2066,143,1017
TS5,17549,57,138,5362,390,1798
TS6,15087,54,45,465,111,1464
TS7,13367,37,75,524,142,1180
TS8,9989,44,39,156,94,1062
TS9,7412,28,6,30,51,606
TW1,13813,221,464,1185,618,2213
TW10,9028,189,406,1055,428,1710
TW11,11123,156,294,650,341,1597
TW12,10908,166,502,867,500,1510
TW13,17236,694,3084,5750,1512,2421
TW14,14016,782,3202,5191,2254,1931
TW15,16234,175,1313,1260,1135,1738
TW16,11308,162,867,942,441,1306
TW17,7447,67,158,211,152,792
TW18,13544,123,1393,809,675,1562
TW19,8033,203,1092,1285,1755,1039
TW2,14252,240,1209,1733,939,1926
TW20,10681,153,801,966,675,2231
TW3,19254,811,8841,10377,5330,2964
TW4,10810,466,3601,6102,4410,1447
TW5,8346,273,3760,7104,8279,1538
TW6,819,26,116,301,197,87
TW7,16364,393,3261,6297,2363,2714
TW8,10917,247,814,4005,660,1818
TW9,8912,211,416,879,453,1650
UB1,10231,238,7710,12363,12634,2054
UB10,17100,325,4278,4976,3506,2380
UB11,553,21,266,358,159,51
UB18,83,1,41,77,276,18
UB2,8210,138,4102,8447,12636,1497
UB3,16337,596,5920,12460,10577,2554
UB4,12554,234,6460,8023,8154,1974
UB5,20471,823,5396,10900,2157,3084
UB6,21217,567,5924,10036,2292,3282
UB7,14689,321,2613,5414,1967,2015
UB8,14906,351,2141,5408,1848,2809
UB9,6817,57,616,460,447,816
W1,47,1,6,11,7,22
W10,16105,325,179,9105,602,3085
W11,14486,376,213,4261,862,3259
W12,22335,463,562,8616,873,4113
W13,16157,326,1323,4953,1264,2856
W14,15705,368,490,4245,700,3266
W1A,3919,122,310,1042,462,976
W1B,221,1,12,31,49,75
W1C,371,2,114,159,28,81
W1D,380,58,17,214,18,85
W1G,462,9,22,72,71,125
W1H,1852,110,189,574,306,554
W1J,81,1,3,23,15,20
W1K,94,0,53,24,62,26
W1M,529,16,21,248,51,115
W1N,104,7,9,22,12,69
W1P,920,55,102,481,111,400
W2,14708,638,798,8764,1209,4280
W3,22168,833,1039,11994,1062,4832
W4,19622,447,807,2992,1023,3548
W5,19374,637,1542,5114,1397,3651
W6,13431,404,501,2966,464,2602
W7,12804,254,939,4307,825,1856
W8,7167,183,222,947,640,1591
W9,12462,339,472,6608,1123,2985
WA1,14656,58,255,511,152,1333
WA10,26463,126,151,293,177,2016
WA11,26252,105,71,229,131,1819
WA12,14694,50,59,280,138,1231
WA13,7861,55,75,140,100,712
WA14,16125,177,1314,1921,1026,1804
WA15,21233,156,944,2982,1496,2014
WA16,12411,56,177,175,156,1183
WA2,22689,95,140,751,236,2291
WA3,28867,147,145,442,295,2433
WA4,29376,151,294,707,331,2750
WA5,34167,168,673,1513,473,2895
WA6,11005,68,22,85,91,975
WA7,32450,147,130,327,273,2828
WA8,41023,149,199,366,268,2962
WA9,29202,141,181,389,235,2409
WC1A,834,50,56,380,57,222
WC1B,233,10,12,54,18,52
WC1E,335,9,32,43,25,87
WC1H,1897,140,150,1553,157,752
WC1N,1348,68,52,1073,87,403
WC1R,88,3,10,24,5,25
WC1V,125,6,9,56,5,32
WC1X,1173,29,62,678,102,328
WC2A,121,4,5,52,10,24
WC2B,544,31,1,110,52,113
WC2E,249,10,8,61,10,75
WC2H,215,11,10,120,19,101
WD1,35124,821,7339,9429,2337,4792
WD17,225,1,57,56,4,38
WD18,158,7,78,88,11,43
WD19,169,1,34,15,99,45
WD2,34566,554,5903,6104,6876,4838
WD23,39,0,14,5,103,26
WD24,111,1,59,23,9,13
WD25,490,12,230,65,48,47
WD3,19963,189,2628,1117,1376,2389
WD4,5459,43,183,158,203,645
WD5,5363,35,260,207,142,530
WD6,16995,268,1592,1642,8638,2692
WD7,4041,67,471,213,3398,792
WF1,19155,125,449,6628,292,2472
WF10,23969,131,111,281,319,2872
WF11,8658,29,29,82,85,1013
WF12,13600,79,90,12890,199,2251
WF13,6758,46,88,17260,144,1741
WF14,10597,43,61,586,167,1043
WF15,8544,42,82,1167,105,954
WF16,3406,16,26,3796,48,607
WF17,12282,54,120,16020,176,1916
WF2,25255,154,352,2967,393,2986
WF3,15377,74,173,311,328,1726
WF4,21373,62,103,339,265,2153
WF5,10164,40,27,166,115,1027
WF6,11669,36,55,142,124,1071
WF7,12322,47,33,116,107,1246
WF8,18779,91,54,200,143,1810
WF9,19542,65,39,265,171,2150
WN1,15227,85,143,560,105,1093
WN2,33955,133,140,578,228,2551
WN3,19824,57,66,330,93,1318
WN4,18297,55,33,117,83,1248
WN5,28661,97,80,472,148,2043
WN6,27050,94,153,388,178,1858
WN7,28854,148,142,1018,237,2413
WN8,25957,85,102,215,260,2521
WR1,5911,75,77,603,156,878
WR10,12699,51,16,32,116,1125
WR11,27489,127,43,417,397,2700
WR12,3506,14,5,13,31,291
WR13,7153,37,17,43,97,866
WR14,15318,164,90,220,265,2081
WR15,4147,16,2,5,51,433
WR2,17175,106,78,336,196,2117
WR3,12548,82,74,453,133,1241
WR4,12877,82,148,822,126,1609
WR5,15775,113,124,2182,193,1785
WR6,4993,21,12,23,33,473
WR7,3069,11,1,7,27,286
WR8,4004,21,3,15,53,458
WR9,17010,63,83,139,282,1695
WS1,8358,47,1080,13300,2534,1871
WS10,22263,100,1005,5819,2717,2723
WS11,24887,131,77,195,418,2400
WS12,17835,69,40,91,330,1570
WS13,16045,104,119,230,315,1524
WS14,9335,45,70,225,191,844
WS15,20159,68,72,123,253,1805
WS2,15775,60,898,9824,2328,2302
WS3,27835,79,197,986,930,2908
WS4,8674,33,249,913,1036,890
WS5,7071,76,1179,2709,4468,916
WS6,9133,21,24,31,175,769
WS7,16094,46,47,46,236,1551
WS8,8716,34,75,198,280,915
WS9,14020,42,190,266,738,1261
WV1,9685,75,882,2481,2226,1602
WV10,30247,182,1034,3322,4301,3774
WV11,17959,84,454,351,3278,1841
WV12,12092,44,173,371,1901,1178
WV13,8587,33,565,472,3607,1010
WV14,22549,129,1500,1051,4768,2545
WV15,5789,39,9,12,61,514
WV16,10237,40,16,31,116,953
WV2,6795,135,1723,1245,5675,986
WV3,13253,177,1600,1894,4137,1559
WV4,12756,92,1614,725,6776,1431
WV5,8232,33,46,15,122,682
WV6,20865,131,1149,3939,3847,2264
WV7,3437,21,34,14,196,311
WV8,8360,47,90,210,456,703
WV9,3652,30,68,90,306,322
YO1,19940,432,555,1124,610,4750
YO10,114,21,3,19,14,94
YO11,14225,120,53,268,176,1821
YO12,19444,116,65,304,196,2263
YO13,5250,18,20,50,38,542
YO14,6197,27,4,15,56,704
YO15,9460,49,22,94,124,1081
YO16,11281,40,15,110,103,1451
YO17,14299,54,10,104,121,1451
YO18,6392,22,9,21,56,701
YO19,4332,15,23,17,46,446
YO2,30236,237,170,334,478,3871
YO21,8459,53,8,56,88,896
YO22,3881,20,1,16,43,423
YO23,748,1,6,0,8,51
YO24,244,1,3,0,4,32
YO25,18216,69,25,89,136,1912
YO26,4565,57,34,39,45,481
YO3,36931,340,303,991,590,4993
YO30,1426,11,4,11,14,168
YO31,202,4,4,19,10,29
YO4,21521,146,32,223,204,2362
YO42,390,0,0,7,4,36
YO43,417,0,1,0,1,52
YO5,3218,13,11,21,25,324
YO6,17621,83,28,40,162,1761
YO61,198,0,0,0,0,8
YO7,11172,58,24,40,100,1193
YO8,25231,96,49,148,262,2610
