outcode,Avg asking rent(p/m),Avg asking rent(1 bed),Avg asking rent(2 beds),Avg asking rent(3 beds),Avg asking rent(4 beds),Avg asking rent(5 beds),avg_gross_yield
AL1,2148.0,1737,2154,2555,2792,3350,4.18
AL10,1549.0,876,1361,1788,2025,2426,4.69
AL2,1962.0,1222,2175,1830,2650,4175,3.67
AL3,2332.0,1254,2040,2462,3500,3950,3.51
AL4,2350.0,-,1650,1921,4500,3333,3.76
AL5,2433.0,1249,1729,2327,3204,6000,3.75
AL6,2809.0,1283,1817,2434,4500,3400,3.54
AL7,1510.0,1100,1410,2033,-,-,5.11
AL8,1592.0,1250,1500,1750,2050,-,3.41
AL9,2423.0,1600,2029,2338,2933,4798,3.13
B1,1702.0,1148,1771,3488,4524,-,8.2
B10,1041.0,725,-,1100,-,1500,5.05
B11,1279.0,824,1000,1163,3650,-,6.37
B12,1251.0,887,1357,1936,2717,-,6.46
B13,1164.0,962,1313,1409,1850,2900,3.96
B14,1177.0,925,896,1220,1648,4427,4.86
B15,1667.0,1148,1568,2703,2353,3302,5.16
B16,1410.0,923,1428,2475,2153,2452,7.09
B17,1606.0,738,1289,1527,2298,2162,4.17
B18,1446.0,1122,1375,2761,1275,1650,7.35
B19,1309.0,1314,1585,1613,2400,1349,6.01
B2,1076.0,1002,1311,-,-,-,6.5
B20,1059.0,725,1596,1127,1533,-,3.79
B21,1295.0,648,919,1249,1350,-,6.25
B23,972.0,620,1021,1229,2050,2222,5.79
B24,1258.0,667,978,1308,1824,3928,5.53
B25,1426.0,786,1025,1483,4200,1500,6.67
B26,1356.0,897,1045,1600,1615,-,6.73
B27,1330.0,730,1050,1329,6605,5507,6.21
B28,1605.0,600,1133,1299,4416,-,5.37
B29,2193.0,906,1173,1467,1667,2438,6.72
B3,1444.0,1069,1729,2763,1208,-,6.16
B30,1197.0,823,1553,1438,1791,2490,4.66
B31,1228.0,619,994,1255,1850,3253,5.41
B32,1310.0,694,998,1268,1861,6168,5.98
B33,1459.0,775,1049,1233,1450,1600,6.82
B34,1189.0,-,460,1432,-,-,5.85
B35,3315.0,-,-,3315,-,-,21.01
B36,1788.0,-,1149,1144,1575,6480,6.48
B37,1123.0,-,1000,1181,1700,-,5.64
B38,1025.0,700,838,1213,-,-,3.69
B4,1507.0,1213,1622,3644,-,-,6.64
B42,1268.0,700,965,1213,-,-,6.5
B43,1786.0,700,1025,1751,1200,5330,7.34
B44,1334.0,773,961,1391,1600,4501,7.46
B45,1513.0,1142,1075,1119,1500,3500,4.09
B46,1454.0,-,1133,1300,1810,-,3.57
B47,1754.0,-,1263,1617,2400,-,4.94
B48,2183.0,-,-,2100,-,2350,4.15
B49,1352.0,850,1123,850,-,-,3.32
B5,1557.0,1036,1640,2358,3016,3404,8.57
B50,1375.0,-,-,1375,-,-,4.12
B6,2087.0,1000,2495,1275,3400,2954,12.54
B60,1247.0,711,971,1375,1583,3500,3.55
B61,1395.0,669,1006,1905,2030,-,4.05
B62,1043.0,825,798,1138,1415,-,3.09
B63,916.0,650,898,1191,1375,-,3.92
B64,2100.0,678,859,3367,3723,4895,9.49
B65,1379.0,725,2425,996,-,-,6.99
B66,1493.0,838,1525,2306,2282,-,7.62
B67,1093.0,625,983,1245,1898,3171,5.27
B68,1041.0,659,850,1473,-,-,4.61
B69,881.0,750,884,1107,1600,-,4.48
B7,2332.0,856,-,2615,3552,-,7.35
B70,1332.0,756,1331,1269,-,-,7.41
B71,1094.0,755,915,1386,1650,-,5.2
B72,1263.0,750,1098,1595,2033,-,3.5
B73,1442.0,765,932,1615,1988,3500,4.39
B74,2224.0,950,1084,1575,3347,5181,3.81
B75,1864.0,913,1009,1414,2500,2438,4.59
B76,1618.0,834,1500,1315,2363,1900,4.72
B77,966.0,539,795,1141,1475,-,3.91
B78,1470.0,725,1100,1471,1900,-,3.99
B79,1051.0,733,1144,1175,2100,-,3.11
B8,1076.0,800,1045,-,2057,-,5.99
B80,1162.0,763,1206,1400,1500,-,3.32
B9,1072.0,367,1035,1250,-,2600,6.08
B90,1420.0,1038,1208,1558,2108,-,4.67
B91,1687.0,1055,1235,2037,2685,2995,3.93
B92,1379.0,904,1117,1618,1723,-,4.33
B93,1481.0,918,1131,1586,2167,3500,2.63
B94,1946.0,1250,1531,2750,-,3500,2.65
B95,1600.0,1950,1250,1700,-,1850,2.21
B96,1500.0,700,-,1263,3250,-,3.19
B97,912.0,880,881,1185,-,-,3.17
B98,951.0,729,923,1056,1250,1600,3.8
BA1,2662.0,1790,2049,2649,3629,5320,4.53
BA10,1870.0,-,1150,1767,-,2900,3.21
BA11,1636.0,888,1192,1489,2017,2225,3.86
BA12,1383.0,783,925,1453,2100,-,4.13
BA13,1268.0,-,875,1250,1833,2500,4.19
BA14,1110.0,724,957,1182,-,4150,3.58
BA15,1588.0,-,1000,1783,-,-,3.65
BA16,1549.0,700,998,1230,1445,3600,4.87
BA2,1846.0,1396,2068,2102,1915,4250,3.57
BA20,1217.0,688,870,1250,-,3750,4.27
BA21,938.0,733,932,1225,1500,-,3.76
BA22,1494.0,2088,1025,1438,1717,-,3.73
BA3,1289.0,910,1350,1523,1850,-,3.13
BA4,1615.0,-,-,1268,1500,3925,4.15
BA5,1488.0,675,994,1519,2050,1810,3.01
BA6,1225.0,725,875,850,-,3500,2.7
BA7,1303.0,-,925,1680,-,-,2.87
BA8,1465.0,-,875,1100,1400,-,3.54
BA9,1394.0,-,888,1900,-,-,3.79
BB1,1081.0,596,749,725,1625,2100,5.56
BB10,604.0,578,621,1074,-,-,3.02
BB11,687.0,539,639,708,1900,-,5.17
BB12,642.0,675,652,967,-,-,3.16
BB18,690.0,595,653,845,825,-,3.12
BB2,1003.0,756,831,976,1458,3000,4.78
BB3,898.0,485,649,856,-,2750,4.26
BB4,1010.0,569,842,1116,1567,2800,3.44
BB5,657.0,489,611,773,895,-,4.39
BB6,990.0,585,769,695,-,2650,4.72
BB7,1335.0,712,1413,1156,2113,1900,3.73
BB8,898.0,523,725,683,2575,-,4.13
BB9,707.0,466,686,1109,-,2000,3.73
BD1,895.0,769,991,1998,2218,-,16.93
BD10,983.0,605,867,1450,1850,-,4.12
BD11,861.0,1100,805,1050,600,-,2.92
BD12,853.0,500,723,958,1500,-,4.34
BD13,719.0,636,670,792,1250,-,3.37
BD14,946.0,-,875,1038,1050,-,4.53
BD15,925.0,-,744,1017,-,1100,3.89
BD16,957.0,838,998,1150,-,-,3.91
BD17,900.0,708,942,1200,-,-,3.22
BD18,754.0,603,762,898,1225,2000,3.29
BD19,1049.0,-,656,966,1650,-,4.04
BD2,829.0,602,733,1188,900,-,4.59
BD20,811.0,541,868,1046,-,1495,2.85
BD21,636.0,505,667,774,860,-,3.97
BD22,788.0,588,721,926,923,-,2.91
BD23,1535.0,744,897,1425,2137,3468,4.02
BD24,725.0,-,725,-,-,-,2.26
BD3,956.0,605,1076,1311,1000,-,9.25
BD4,933.0,525,637,852,-,-,4.85
BD5,619.0,588,688,900,1200,-,3.05
BD6,831.0,450,750,1019,-,-,5.19
BD7,679.0,547,855,1075,1084,-,4.33
BD8,769.0,636,768,-,1250,-,5.31
BD9,801.0,655,863,964,1013,1500,3.6
BH1,1280.0,992,1364,1805,1900,2500,4.87
BH10,1475.0,898,1250,1723,2000,-,4.95
BH11,1343.0,875,1217,1548,-,2250,4.35
BH12,1453.0,688,1216,1617,2125,2750,4.83
BH13,2503.0,925,1758,2673,5317,2995,2.45
BH14,1926.0,875,1937,2325,2956,3320,2.54
BH15,1386.0,911,1382,1742,2625,-,4.46
BH16,1475.0,938,1300,1200,3000,-,3.34
BH17,1279.0,910,1244,1487,1800,-,4.35
BH18,2675.0,-,1400,-,2500,3250,5.13
BH19,980.0,900,1020,1030,-,-,2.34
BH2,1410.0,943,1482,1791,2800,4000,5.54
BH20,1600.0,-,1110,1579,2933,2750,3.04
BH21,1839.0,1591,1372,1710,2389,3500,3.57
BH22,1504.0,798,1375,1617,2300,2000,3.87
BH23,1590.0,937,1340,1833,2233,-,3.53
BH24,1960.0,958,1217,1350,3000,4000,3.54
BH25,1614.0,850,1175,1548,-,4250,4.12
BH3,1529.0,863,1338,1583,-,2900,2.9
BH31,1525.0,-,1100,-,2300,3000,3.91
BH4,1301.0,925,1339,1750,2350,-,3.35
BH5,1234.0,939,1350,1890,-,-,4.43
BH6,1533.0,1080,1305,2388,1900,-,3.51
BH7,1320.0,854,945,1573,-,2995,3.37
BH8,1485.0,903,1248,2039,2613,2350,4.24
BH9,1705.0,764,1211,1661,2025,2539,5.37
BL0,1273.0,-,861,1160,1500,2925,4.11
BL1,1011.0,836,886,1115,1875,-,3.98
BL2,880.0,723,823,1040,1329,-,3.82
BL3,791.0,668,819,1048,1600,-,3.82
BL4,1095.0,675,850,1092,1750,575,6.04
BL5,908.0,575,795,1065,1250,-,3.05
BL6,1129.0,655,869,1190,1733,-,3.74
BL7,998.0,667,909,1318,1595,-,2.89
BL8,1088.0,850,923,1431,-,1648,3.62
BL9,1084.0,679,960,1443,1550,1500,4.05
BN1,1930.0,1522,1969,2511,2900,4042,4.39
BN10,1950.0,1425,1521,1767,2000,6500,6.06
BN11,1789.0,1068,1759,2311,2469,3750,5.91
BN12,1332.0,995,1338,1700,2400,2750,3.25
BN13,1706.0,-,1433,1767,2825,-,4.31
BN14,1094.0,-,1483,-,1750,-,2.86
BN15,2075.0,1644,1150,1774,4750,-,6.76
BN16,1578.0,-,1400,1625,3375,-,2.99
BN17,1303.0,933,1267,1450,1781,2250,4.74
BN18,2096.0,-,1495,1703,3400,3750,4.63
BN2,2153.0,1438,2030,2535,2921,3355,4.94
BN20,1411.0,1000,1593,1586,-,-,3.13
BN21,1388.0,1018,1379,1633,3000,-,4.82
BN22,1191.0,745,1282,1650,1740,1800,4.3
BN23,1408.0,875,1364,1685,1800,2100,5.12
BN24,1304.0,795,1213,1650,1650,-,4.24
BN25,1491.0,1088,1310,1663,-,4000,3.97
BN26,1857.0,-,1167,1525,3225,-,3.9
BN27,1413.0,813,1229,1681,2010,3200,3.45
BN3,2080.0,1512,1972,2789,3095,4067,4.27
BN41,2045.0,1000,1675,1725,3100,3000,6.58
BN42,1334.0,-,1250,1925,-,-,2.67
BN43,2487.0,1916,1450,1774,4983,-,6.22
BN44,2050.0,1200,1450,-,3500,-,3.97
BN5,1810.0,2059,-,1600,2500,-,2.93
BN6,2515.0,2481,1945,2012,2883,-,4.71
BN7,2103.0,1150,1435,1975,3139,-,4.02
BN8,2117.0,995,1446,1925,2167,-,3.3
BN9,1043.0,1200,1373,1625,-,-,3.88
BR1,1986.0,1320,1793,2483,3093,4600,3.94
BR2,1885.0,1380,1757,2250,2706,3350,3.18
BR3,1863.0,1427,1854,2225,2938,3300,3.63
BR4,2235.0,-,1705,2298,2633,3500,4.52
BR5,2097.0,1125,1709,2238,2499,2800,4.16
BR6,2235.0,1231,1759,2161,2812,3460,2.92
BR7,3267.0,1400,1708,2594,3872,6000,4.03
BR8,1689.0,1300,1500,1880,2500,2300,4.46
BS1,2137.0,1648,2514,3586,2500,4147,6.44
BS10,1930.0,967,1499,1728,2449,3333,5.64
BS11,1477.0,1083,842,1850,2395,3350,5.36
BS13,1564.0,-,1400,1760,2350,-,5.92
BS14,1568.0,1250,1383,1561,-,2600,5.41
BS15,1733.0,1173,1697,1695,2686,4000,6.35
BS16,2217.0,830,1559,1972,2479,3411,6.78
BS2,1942.0,1551,2243,2457,2538,3190,6.96
BS20,1835.0,1117,1278,1619,1775,4063,5.01
BS21,1140.0,846,1170,-,2750,2600,2.76
BS22,1211.0,790,1048,1333,1525,-,4.16
BS23,982.0,744,1127,1383,1950,-,4.11
BS24,1553.0,-,1213,1498,1783,1650,5.0
BS25,1650.0,-,1225,-,2500,-,3.56
BS26,1240.0,800,825,-,1400,2500,2.35
BS27,1258.0,-,1400,1600,-,-,3.64
BS28,1600.0,-,-,1600,-,-,2.57
BS29,1350.0,750,1150,1425,2000,-,3.73
BS3,2081.0,1558,2007,2025,2700,3325,6.88
BS30,1599.0,1250,1523,1400,2300,-,3.71
BS31,1846.0,1895,1585,2475,-,-,4.21
BS32,1967.0,1950,1971,1619,2364,2750,5.07
BS34,2632.0,1639,1697,1948,2679,3350,8.94
BS35,1692.0,1100,1283,1700,-,-,4.35
BS36,1849.0,-,1500,1791,-,-,4.14
BS37,1404.0,1013,1147,1516,3495,3495,3.58
BS39,2194.0,808,-,2500,2358,3783,4.43
BS4,1955.0,855,1612,1706,2509,3500,6.7
BS40,1822.0,950,1354,1750,1900,2500,2.64
BS41,1950.0,-,1800,-,2100,-,3.58
BS48,2504.0,887,1098,1550,3775,-,5.5
BS49,1205.0,900,1263,1355,-,-,2.72
BS5,2125.0,1006,1658,1867,2595,3188,7.31
BS6,2373.0,1368,2051,2382,2678,4082,4.95
BS7,2530.0,923,1756,2105,2521,3165,6.43
BS8,2624.0,1526,2273,2742,3057,4286,4.81
BS9,2609.0,1550,1556,2128,4067,4163,5.0
CA1,722.0,-,708,-,1300,450,4.39
CA10,1199.0,-,825,963,1800,-,2.84
CA11,1512.0,-,870,1456,950,-,4.23
CA12,1500.0,-,750,2250,-,-,3.5
CA13,1790.0,1720,2285,1483,-,-,6.29
CA14,674.0,508,750,733,-,-,3.38
CA15,795.0,-,-,695,895,-,4.16
CA16,645.0,473,778,725,-,-,1.79
CA17,965.0,-,595,-,1150,-,2.69
CA2,619.0,563,675,763,-,-,3.91
CA20,675.0,-,-,675,-,-,2.95
CA22,,-,-,-,-,-,
CA25,875.0,-,-,688,1250,-,4.59
CA26,575.0,-,575,-,-,-,3.14
CA27,,-,-,-,-,-,
CA28,1155.0,-,710,700,-,-,6.18
CA3,956.0,-,700,886,1225,-,4.37
CA4,1430.0,-,895,-,-,2500,2.87
CA5,1080.0,-,-,1080,-,-,3.23
CA6,559.0,460,592,-,-,-,1.88
CA7,976.0,-,703,908,-,-,4.26
CA8,900.0,-,650,850,1200,-,1.98
CA9,2268.0,1650,-,1630,-,2345,11.76
CB1,2731.0,2474,2990,3116,2849,4476,6.35
CB10,1739.0,975,1250,1445,2408,2950,3.04
CB11,2021.0,1394,2146,1640,2783,2650,3.3
CB2,2807.0,2605,2772,2225,3208,3360,4.7
CB21,1907.0,-,2300,1762,2060,-,3.57
CB22,1851.0,1265,1349,1900,2167,1800,3.28
CB23,1727.0,813,1306,1672,2183,2333,3.89
CB24,1475.0,1006,1256,1373,2039,2950,3.94
CB25,1558.0,1575,1192,1410,1988,2750,4.0
CB3,3507.0,2506,2969,4247,2663,5674,5.77
CB4,2027.0,2204,2348,2237,3103,2700,5.24
CB5,2199.0,1863,2719,2289,4300,5443,4.64
CB6,1439.0,881,1057,1413,2488,1725,4.5
CB7,1309.0,855,1092,1210,1792,2292,3.98
CB8,1568.0,995,1282,1557,2333,2650,3.81
CB9,1608.0,850,983,1160,-,2400,4.65
CF10,1856.0,1303,1856,2988,3951,-,10.5
CF11,1739.0,1284,1434,3310,2853,1933,7.19
CF14,1448.0,899,1209,1693,1810,2167,3.7
CF15,1177.0,450,975,1312,1500,-,3.23
CF23,1652.0,1176,1220,1720,1846,2435,4.21
CF24,1665.0,1111,1445,2359,1915,2417,7.3
CF3,1569.0,1550,1550,1654,1698,-,5.27
CF31,1014.0,950,883,1075,1286,-,4.29
CF32,874.0,543,986,916,1250,-,3.18
CF33,825.0,-,825,-,-,-,3.88
CF34,567.0,-,-,813,-,-,3.46
CF35,1267.0,-,775,1174,2500,-,4.08
CF36,1226.0,618,1163,1650,1475,-,3.62
CF37,1056.0,555,800,927,1304,1654,6.32
CF38,993.0,-,883,874,1800,-,3.98
CF39,760.0,-,713,793,-,-,4.55
CF40,768.0,450,625,774,-,-,6.5
CF41,722.0,-,525,761,-,-,5.9
CF42,700.0,-,650,709,-,-,5.38
CF43,706.0,-,709,700,-,-,8.05
CF44,688.0,650,629,783,850,-,3.49
CF45,891.0,-,-,806,900,-,6.99
CF46,802.0,-,863,780,1200,-,3.23
CF47,845.0,-,708,769,-,-,4.88
CF48,722.0,575,688,811,850,-,3.56
CF5,1497.0,1255,1086,1480,2450,2500,4.54
CF61,1095.0,-,-,1139,875,-,3.46
CF62,1087.0,782,963,1133,2000,-,3.61
CF63,938.0,725,946,1067,-,-,4.82
CF64,1657.0,1354,1401,1969,2219,-,4.11
CF71,1577.0,750,998,2450,2250,3000,2.98
CF72,1261.0,900,1141,1417,1625,-,4.42
CF81,623.0,450,-,795,-,-,4.34
CF82,984.0,-,895,996,-,-,4.57
CF83,1440.0,667,981,952,1478,-,5.28
CH1,1049.0,834,1203,1570,2950,433,4.17
CH2,936.0,594,1001,1308,1500,-,2.78
CH3,1660.0,815,1039,1407,1971,4475,4.15
CH4,1982.0,1050,1132,1365,1790,2400,5.94
CH41,962.0,736,910,866,1400,-,8.25
CH42,796.0,632,685,800,-,-,4.65
CH43,795.0,557,793,1198,1123,-,2.75
CH44,773.0,568,767,1013,983,-,5.19
CH45,853.0,591,794,1032,1700,-,3.95
CH46,1036.0,-,843,983,1500,-,5.23
CH47,1606.0,-,920,1375,2850,-,4.37
CH48,1409.0,785,850,1250,-,-,2.77
CH49,1331.0,-,838,1200,1748,-,5.93
CH5,943.0,605,955,1085,1600,-,4.12
CH6,845.0,-,-,980,-,-,4.03
CH60,1487.0,-,1206,1950,1500,-,3.16
CH61,1150.0,-,950,-,1350,-,3.93
CH62,957.0,537,888,1092,1750,-,3.91
CH63,1290.0,1100,970,1274,1600,-,4.15
CH64,1244.0,719,919,1467,2033,2200,3.31
CH65,892.0,617,975,888,1398,-,5.63
CH66,882.0,646,811,1015,-,-,3.48
CH7,876.0,895,829,962,-,-,2.97
CH8,906.0,850,848,1030,-,-,3.46
CM0,1546.0,882,1083,1550,1950,2533,4.45
CM1,1604.0,1276,1499,2033,2264,3500,4.35
CM11,2383.0,-,-,1650,2500,-,4.04
CM12,1743.0,1438,1698,2315,1795,-,3.1
CM13,2920.0,1363,1778,2457,4000,6538,4.37
CM14,1746.0,1475,1626,2206,2900,-,3.88
CM15,2277.0,1248,1659,2858,3048,5050,4.0
CM16,2801.0,1245,1628,2125,3083,5833,4.18
CM17,2019.0,1217,1449,2000,2600,3395,4.9
CM18,1349.0,1100,-,1698,-,-,4.11
CM19,2035.0,1069,1900,2317,2833,3875,4.28
CM2,1549.0,1160,1554,1726,2454,3544,4.24
CM20,1590.0,1067,1529,1925,4600,-,4.88
CM21,1669.0,1133,1338,2238,-,-,3.7
CM22,2008.0,-,-,1580,2300,3275,3.52
CM23,1644.0,1350,1485,1840,2400,3500,3.94
CM24,1270.0,-,1400,1473,2200,-,2.4
CM3,1987.0,965,1250,1891,2512,2883,3.67
CM4,1669.0,1007,1384,4067,2771,3550,1.93
CM5,2983.0,950,1700,3000,4000,4500,4.98
CM6,1742.0,880,1432,1724,2875,4775,3.1
CM7,1450.0,925,1186,1632,2019,3267,3.92
CM77,1520.0,838,1223,1567,2327,-,3.26
CM8,1171.0,889,1138,1483,3000,-,2.45
CM9,1812.0,1040,1050,1761,1975,2800,4.39
CO1,1116.0,955,1300,1293,1850,-,5.0
CO10,1367.0,843,991,1276,3074,2000,3.45
CO11,1212.0,763,1050,1623,2500,-,3.04
CO12,1128.0,744,1068,1317,1925,-,4.2
CO13,1425.0,-,1100,1466,-,-,4.39
CO14,1513.0,1253,1132,1691,1967,1875,6.19
CO15,1165.0,825,1071,1349,1563,1750,5.04
CO16,1502.0,850,1169,1461,1883,3100,5.14
CO2,1327.0,900,1243,1580,1912,1950,4.87
CO3,1362.0,926,1150,1633,1932,2200,3.72
CO4,1555.0,740,1182,1475,1733,2054,4.56
CO5,1242.0,700,1150,1788,-,-,3.02
CO6,1848.0,923,1255,1490,1963,4625,3.79
CO7,1610.0,1029,1028,1487,2113,2028,3.68
CO8,,-,-,-,-,-,
CO9,1714.0,1532,1569,1420,-,3750,4.1
CR0,1826.0,1453,1817,2490,3148,3865,5.38
CR2,1709.0,1254,1808,2341,2733,3498,4.05
CR3,1981.0,1300,1602,2443,-,3750,3.66
CR4,1977.0,1661,1823,2623,2953,4133,5.56
CR5,2698.0,1397,1647,2171,2842,3995,4.3
CR6,2431.0,-,1775,2100,-,3417,5.13
CR7,1687.0,1091,1670,2496,2688,3500,5.1
CR8,1918.0,1419,1727,2182,3058,3550,3.73
CT1,1083.0,761,1378,1390,1103,1671,3.87
CT10,1193.0,927,1242,1492,1925,-,2.72
CT11,1106.0,837,1178,1335,1594,1500,3.81
CT12,1430.0,913,1117,1400,3250,1695,4.5
CT13,1467.0,975,1219,-,1838,-,3.67
CT14,1224.0,839,1087,1433,2900,-,3.4
CT15,1450.0,-,1200,1575,-,-,3.19
CT16,975.0,755,863,1338,1600,-,3.55
CT17,1368.0,751,979,1274,1500,1600,6.11
CT18,1094.0,-,1075,1350,1850,-,2.79
CT19,1346.0,698,1165,1450,1933,-,5.05
CT2,1274.0,714,1251,1569,1534,1970,3.59
CT20,1230.0,776,1112,1666,2325,-,3.95
CT21,1194.0,890,1086,1650,1850,-,2.84
CT3,1470.0,975,1325,1600,1882,-,3.34
CT4,2027.0,800,1225,2457,2550,-,3.29
CT5,1387.0,792,1283,1703,-,-,3.21
CT6,1397.0,944,1331,1617,1850,-,4.25
CT7,1283.0,998,1075,-,2000,-,4.14
CT8,1126.0,880,973,1200,-,2000,3.92
CT9,1311.0,922,1105,1792,1990,-,4.31
CV1,1231.0,702,1277,1547,1924,2311,7.03
CV10,1044.0,700,841,1125,1370,-,4.62
CV11,1004.0,844,906,1128,1354,1750,3.71
CV12,1011.0,575,873,1100,1895,-,4.19
CV13,1212.0,1083,950,1286,-,-,2.55
CV2,1096.0,680,1033,1320,1687,1614,5.76
CV21,901.0,750,953,1231,1590,580,4.11
CV22,1295.0,684,2006,1270,1817,-,4.06
CV23,1345.0,541,935,1477,1867,2150,3.5
CV3,1263.0,739,1096,1298,1614,3023,4.75
CV31,1886.0,695,1426,1495,1832,2040,5.77
CV32,1966.0,1007,1380,1642,2123,2845,5.02
CV33,1709.0,-,1250,1570,1875,2200,4.19
CV34,1335.0,905,1199,1308,2007,2200,4.12
CV35,1901.0,738,1370,1944,1617,6500,2.92
CV36,3811.0,650,1043,-,3658,-,7.67
CV37,2094.0,1709,2135,1927,2192,3498,5.1
CV4,1592.0,595,1173,1356,1944,2161,5.23
CV47,1386.0,748,875,1475,1850,3500,3.38
CV5,1312.0,738,1012,1432,1816,1786,4.62
CV6,1140.0,677,1151,1192,1646,-,5.89
CV7,1459.0,861,917,1482,2074,2500,3.38
CV8,1490.0,1065,1179,1334,2158,2812,3.67
CV9,890.0,599,861,1048,1500,1950,2.45
CW1,844.0,573,815,899,1498,-,4.12
CW10,1107.0,-,-,1048,1400,-,3.93
CW11,927.0,595,861,1049,1125,-,2.88
CW12,1099.0,600,874,1141,1625,2400,3.49
CW2,977.0,620,785,953,1652,2425,3.64
CW3,1215.0,600,1635,893,-,-,2.76
CW4,1974.0,-,-,1548,3250,-,4.01
CW5,1441.0,619,1089,1178,1558,2200,3.7
CW6,1814.0,795,1588,1700,1638,4950,3.06
CW7,1223.0,582,721,936,2117,-,5.74
CW8,1194.0,548,952,1267,2070,-,3.87
CW9,1001.0,561,877,1175,1556,1750,3.49
DA1,1815.0,1215,1743,2339,2762,-,6.0
DA10,1768.0,-,1733,1954,-,-,6.15
DA11,1317.0,1102,1444,1807,2200,-,4.41
DA12,1316.0,1004,1324,1666,1800,2700,3.93
DA13,2071.0,-,1433,1730,2975,2500,3.88
DA14,1691.0,1421,1711,1867,2600,2995,4.34
DA15,2022.0,1233,1694,2042,3436,-,4.56
DA16,1961.0,1517,1837,2085,2481,-,5.23
DA17,1915.0,2000,1775,2450,2350,-,6.62
DA2,2156.0,1332,1508,2079,2267,2500,5.42
DA3,1800.0,1200,1575,1717,1900,2600,3.87
DA4,1433.0,1350,1499,1725,-,-,3.17
DA5,2308.0,1500,1625,2200,2600,2750,4.86
DA6,1681.0,1650,1709,1875,-,-,3.89
DA7,1802.0,800,1637,1967,2119,-,4.53
DA8,1650.0,1360,1620,1924,2450,3650,5.48
DA9,1820.0,1280,1516,2372,2514,3800,6.87
DE1,905.0,743,1119,1121,1402,1851,5.63
DE11,733.0,543,796,967,1349,-,3.14
DE12,915.0,650,824,1275,-,-,2.77
DE13,986.0,608,1029,1135,1721,2250,2.74
DE14,801.0,643,816,837,3100,2250,4.55
DE15,1500.0,395,763,955,1848,2300,5.58
DE21,865.0,617,844,973,1700,-,3.7
DE22,958.0,566,884,1181,1426,1303,3.22
DE23,849.0,645,925,1087,1568,1100,3.36
DE24,825.0,622,875,1001,1880,-,4.13
DE3,1099.0,747,865,1180,1498,-,3.68
DE4,1203.0,661,1047,1135,2749,-,3.38
DE45,1348.0,800,985,1550,-,2500,2.62
DE5,768.0,573,703,890,1200,-,2.97
DE55,898.0,629,789,1007,1300,-,3.52
DE56,1157.0,689,1041,1496,1700,2600,3.9
DE6,1031.0,672,931,1093,1688,2450,2.4
DE65,1007.0,717,870,1288,1850,-,3.13
DE7,942.0,847,824,1147,1600,3000,3.55
DE72,1340.0,890,987,1100,2350,-,4.29
DE73,1157.0,785,902,2050,1400,3350,3.52
DE74,775.0,598,850,-,1055,-,2.4
DE75,1025.0,575,1200,999,1513,-,4.48
DH1,1268.0,813,1069,1159,1962,1654,4.23
DH2,987.0,1950,866,1070,-,-,5.52
DH3,712.0,481,758,695,-,1050,3.04
DH4,729.0,806,654,768,-,-,3.73
DH5,659.0,494,631,670,935,-,4.14
DH6,684.0,415,592,724,784,-,3.74
DH7,814.0,525,674,936,1150,-,4.03
DH8,816.0,553,672,945,-,1600,3.91
DH9,566.0,450,525,662,-,-,4.01
DL1,687.0,640,705,770,1250,-,4.49
DL10,863.0,573,797,1175,1200,-,2.72
DL11,868.0,-,665,1275,-,-,2.29
DL12,785.0,550,704,788,1500,-,2.5
DL13,769.0,-,581,876,1150,-,3.06
DL14,617.0,457,510,643,1200,2000,4.26
DL15,603.0,-,526,634,1300,-,4.24
DL16,598.0,-,551,875,-,-,3.75
DL17,607.0,1891,502,534,1500,-,4.54
DL2,1286.0,-,909,1133,1542,3250,4.64
DL3,692.0,533,638,1000,1583,-,3.15
DL4,509.0,450,492,574,-,-,6.42
DL5,720.0,-,574,638,1300,-,4.56
DL6,1196.0,810,651,950,950,2325,3.75
DL7,992.0,550,939,888,1450,-,3.01
DL8,913.0,560,613,979,1225,-,2.75
DL9,756.0,475,675,-,1200,-,4.46
DN1,588.0,576,744,750,1200,-,2.97
DN10,1046.0,695,767,1080,1975,-,3.21
DN11,862.0,552,768,966,1258,-,4.3
DN12,788.0,530,768,800,1350,-,3.98
DN14,856.0,655,959,888,1035,-,3.2
DN15,618.0,512,640,791,1250,-,3.36
DN16,719.0,460,773,770,-,-,5.31
DN17,705.0,461,-,753,-,1250,3.48
DN18,648.0,473,545,750,1100,-,3.21
DN19,778.0,-,750,595,990,-,3.06
DN2,636.0,491,650,939,1081,-,3.25
DN20,753.0,548,677,763,1175,-,3.31
DN21,664.0,534,583,800,931,-,3.06
DN22,810.0,663,737,917,1550,1068,2.58
DN3,976.0,575,781,1064,1433,-,4.74
DN31,604.0,420,575,650,-,-,6.76
DN32,603.0,473,659,648,1023,491,4.9
DN33,1040.0,725,942,780,950,-,5.86
DN34,1007.0,495,750,1022,1333,-,6.97
DN35,836.0,659,913,825,2283,860,5.23
DN36,1180.0,1050,740,911,1625,2500,5.11
DN37,1090.0,798,1600,1081,1300,-,4.31
DN38,,-,-,-,-,-,
DN39,1324.0,-,-,1073,1500,1650,5.45
DN4,689.0,534,777,922,1338,477,3.09
DN40,759.0,895,667,783,-,-,4.61
DN41,1004.0,-,650,1069,1100,-,4.11
DN5,687.0,507,706,865,1400,362,2.95
DN6,635.0,432,665,767,1800,-,2.8
DN7,754.0,424,679,833,1295,-,3.24
DN8,668.0,544,681,794,700,-,3.12
DN9,876.0,-,801,900,-,1350,2.89
DT1,1383.0,1135,1332,1530,1850,2250,4.98
DT10,1079.0,-,1000,1232,-,-,2.41
DT11,1683.0,875,1217,1691,1875,-,4.28
DT2,1579.0,770,1025,1558,2325,2750,2.83
DT3,1317.0,675,1150,1400,2000,-,3.35
DT4,1121.0,723,1060,1449,1400,-,4.0
DT5,916.0,713,1190,1130,-,-,3.75
DT6,1556.0,907,2222,1424,1925,-,3.83
DT7,1757.0,844,1033,7583,-,-,3.88
DT8,1447.0,-,995,-,1673,-,3.43
DT9,1110.0,733,937,1180,2000,1800,2.63
DY1,855.0,695,899,1074,1475,-,4.27
DY10,1098.0,739,772,1156,1295,-,3.58
DY11,863.0,648,802,1081,1450,-,2.95
DY12,1302.0,750,857,1298,2500,2000,3.61
DY13,834.0,678,865,950,1695,-,2.83
DY14,1143.0,695,-,1000,1510,-,2.89
DY2,920.0,660,808,1112,1500,2000,5.06
DY3,918.0,715,814,1159,-,-,3.46
DY4,1062.0,723,885,1152,1392,1962,5.62
DY5,1098.0,704,1502,1064,-,550,5.75
DY6,1035.0,658,1005,1130,1400,-,3.89
DY7,1200.0,1200,-,-,-,-,2.52
DY8,1156.0,775,874,1636,1250,-,4.24
DY9,1266.0,573,916,1388,2370,-,2.78
E1,3332.0,2765,3680,4724,4033,4192,5.39
E10,2051.0,1459,1884,2933,3176,3720,5.08
E11,2250.0,1613,1953,2509,4154,4038,4.2
E12,2109.0,1431,1933,2547,3051,4500,5.09
E13,2164.0,1864,2060,2804,2785,3450,6.49
E14,3085.0,2482,3569,4251,4557,4762,5.53
E15,2420.0,2007,2408,3483,3546,3788,5.89
E16,2418.0,2019,2464,3341,3791,4210,6.11
E17,2220.0,1634,2268,2632,3681,2850,4.88
E18,2359.0,1617,2182,2400,-,7651,5.67
E2,2802.0,2354,2977,3824,3928,5413,5.33
E3,2479.0,2010,2675,3243,3434,4250,6.59
E4,2013.0,1428,1779,2399,2883,3700,4.27
E5,2625.0,2104,2705,2916,4128,6380,4.73
E6,2166.0,1501,1985,2797,2721,4450,6.62
E7,2111.0,1382,1863,2575,2985,5750,5.4
E8,2972.0,2604,3144,4263,7950,6370,5.12
E9,2975.0,2280,2765,3373,4775,11433,5.71
EC1,3705.0,2976,4114,5108,4742,4403,4.64
EC2,4082.0,3421,4644,7922,15603,-,2.07
EC3,5500.0,3403,5819,8848,22315,-,4.38
EC4,4848.0,4552,5172,8085,10133,-,4.23
EN1,2045.0,1425,1827,2394,2916,3000,5.04
EN10,1640.0,1167,1381,1807,3225,-,2.96
EN11,1522.0,998,1481,1775,2213,3500,3.98
EN2,2233.0,1510,2067,2511,3867,4000,4.56
EN3,1983.0,1381,1740,2264,2760,3933,6.4
EN4,3816.0,1591,2572,4306,3578,5863,4.47
EN5,2548.0,1376,2142,2829,3143,5107,3.37
EN6,3088.0,1348,1798,2143,3365,9249,4.5
EN7,3541.0,1400,1661,2200,2717,5850,6.15
EN8,1546.0,1210,1538,2054,1448,-,4.74
EN9,2709.0,1192,1625,2275,2659,3975,5.69
EX1,1637.0,792,1650,1566,1991,2851,5.36
EX10,1418.0,750,1050,1470,2250,2000,3.31
EX11,1003.0,1835,-,-,-,-,1.97
EX12,914.0,811,842,1098,1300,-,2.58
EX13,960.0,598,863,1267,-,-,2.6
EX14,1018.0,650,931,1133,1700,-,2.9
EX15,1061.0,685,848,1211,1250,2800,2.82
EX16,1135.0,738,964,1127,1869,-,3.06
EX17,891.0,661,817,1038,1325,-,1.99
EX18,1225.0,-,-,1225,-,-,2.96
EX19,1100.0,-,600,1225,-,-,3.28
EX2,1523.0,775,1341,1834,2162,563,4.9
EX20,990.0,612,871,1215,-,1900,2.75
EX21,1156.0,-,925,598,1550,-,3.1
EX22,927.0,-,863,979,-,-,2.53
EX23,1164.0,-,950,1180,1300,-,3.62
EX24,1643.0,630,-,-,1800,2500,2.94
EX3,2198.0,3393,1200,1900,3000,-,3.45
EX31,917.0,615,842,1133,-,1995,2.36
EX32,900.0,652,900,1065,-,2700,2.79
EX33,1234.0,-,973,-,1625,-,2.7
EX34,844.0,541,833,1119,1117,-,2.82
EX35,,-,-,-,-,-,
EX36,1017.0,-,800,1138,-,-,3.07
EX37,1167.0,800,-,1350,-,-,2.25
EX38,886.0,-,-,947,1850,-,3.27
EX39,1085.0,738,772,1283,2083,1500,3.35
EX4,1555.0,758,1407,1975,2403,2434,5.36
EX5,1270.0,825,998,1640,1323,-,3.09
EX6,1303.0,750,913,1400,1963,-,3.37
EX7,1290.0,733,900,1700,2700,-,4.61
EX8,1388.0,991,1182,1607,2171,-,4.25
EX9,1550.0,-,1470,1600,1700,-,3.57
FY1,650.0,530,682,752,675,2147,6.34
FY2,620.0,485,713,878,-,-,3.87
FY3,794.0,600,686,899,-,2650,4.98
FY4,624.0,504,707,862,1100,-,3.53
FY5,896.0,843,763,829,950,-,4.73
FY6,1103.0,1628,995,931,1500,-,4.57
FY7,637.0,463,619,786,1325,-,4.11
FY8,986.0,640,1041,1238,1591,1950,3.18
GL1,1301.0,771,1153,2250,1676,2740,6.68
GL10,1399.0,650,-,1565,1815,-,4.01
GL11,1906.0,750,1350,-,1925,5250,5.29
GL12,1529.0,1500,1423,1549,1695,-,3.37
GL13,2982.0,-,1250,2595,-,7000,7.35
GL14,826.0,723,1023,995,-,-,3.08
GL15,1508.0,-,844,1509,1861,2750,4.7
GL16,900.0,575,775,981,-,2200,2.78
GL17,1200.0,-,-,1400,-,-,3.72
GL18,960.0,659,873,1350,-,-,2.63
GL19,1300.0,1300,-,1300,-,-,1.93
GL2,1445.0,975,1668,1537,1882,-,4.27
GL20,1795.0,610,1063,1133,2600,2950,5.7
GL3,1285.0,838,1010,1342,1890,-,4.3
GL4,1431.0,767,998,1572,1900,-,4.18
GL5,1157.0,750,892,1300,1849,-,2.87
GL50,1387.0,933,1618,2232,2483,563,3.49
GL51,1382.0,1060,1292,1487,1649,2900,4.09
GL52,1807.0,1021,1272,1949,2560,-,3.91
GL53,1318.0,838,1388,2495,2750,-,2.22
GL54,3113.0,1665,2059,3185,4473,6500,4.81
GL55,1749.0,-,1748,1650,1850,-,2.82
GL56,3124.0,1000,1278,1483,9648,2625,5.2
GL6,2691.0,-,1331,1881,1950,5749,3.92
GL7,2249.0,899,1414,2419,3233,2300,3.78
GL8,2231.0,-,1891,2285,-,4950,4.05
GU1,1938.0,1422,2066,2354,3153,4663,4.65
GU10,3500.0,-,1361,2871,4383,5064,3.78
GU11,1383.0,865,1286,1925,2367,-,5.2
GU12,2021.0,974,1423,2083,3625,3250,5.79
GU14,1617.0,1447,1657,1769,2375,-,5.21
GU15,1747.0,1124,1393,1710,2672,2867,4.02
GU16,2412.0,1400,1415,1830,4000,3300,5.46
GU17,1870.0,600,1350,-,3250,-,4.15
GU18,3300.0,1300,1600,3500,2000,7500,6.23
GU19,1809.0,1164,2025,1595,2900,5500,4.53
GU2,2108.0,1248,1747,2275,3027,3650,4.95
GU20,2792.0,-,2000,1800,3000,5950,2.17
GU21,2046.0,1235,1904,2334,2831,4187,4.89
GU22,2360.0,1345,1893,2233,3222,4858,4.1
GU23,3758.0,1150,-,2650,5990,4500,4.44
GU24,3792.0,1635,1610,2058,4533,4750,5.24
GU25,5528.0,1200,2483,2993,5572,6986,2.66
GU26,2450.0,1050,1550,3250,3250,3250,4.44
GU27,1586.0,1063,1492,1713,2750,3500,2.28
GU28,1900.0,1250,1750,2750,1850,-,2.71
GU29,2926.0,625,1426,1530,3625,3950,5.54
GU3,2497.0,1350,1592,2200,4300,-,3.67
GU30,2657.0,-,1750,2925,2575,-,3.77
GU31,2531.0,900,1600,1998,2313,2723,4.18
GU32,1579.0,1365,1412,2400,-,-,2.35
GU33,2267.0,873,1465,2367,3350,5000,3.49
GU34,1674.0,1027,1333,1558,2995,3470,3.29
GU35,2844.0,1050,1175,1750,2590,4850,6.61
GU4,2600.0,1465,1918,2016,4725,4908,3.96
GU46,2260.0,1200,1800,1660,-,8300,4.9
GU47,1681.0,973,-,1850,1950,-,3.71
GU5,3545.0,1582,1700,2921,4400,5370,4.49
GU51,1817.0,1036,1495,1982,2883,4250,4.49
GU52,1313.0,1167,1450,1995,2800,-,2.7
GU6,2074.0,1271,1859,2250,3065,-,3.34
GU7,2852.0,1323,1525,2025,3118,-,5.56
GU8,6677.0,-,1974,1998,4250,17483,7.3
GU9,2376.0,1037,1606,2020,3080,9995,4.74
HA0,2048.0,1651,2243,2904,3156,3950,4.72
HA1,2037.0,1587,1974,2617,3503,4731,5.08
HA2,1947.0,1302,1756,2285,2827,3192,4.9
HA3,2087.0,1300,1754,2433,3438,4606,4.41
HA4,1988.0,1309,1894,2193,3416,3525,4.11
HA5,2151.0,1580,1946,2568,2671,3439,3.49
HA6,2445.0,1445,1931,2630,3608,5900,2.43
HA7,3010.0,1651,2010,2894,3790,4478,4.06
HA8,2205.0,1401,1892,2674,3344,4084,4.64
HA9,2187.0,1903,2482,3205,3873,4333,4.87
HD1,760.0,630,849,900,954,973,4.67
HD2,950.0,841,943,1141,1750,-,3.25
HD3,773.0,585,750,1259,1348,-,3.33
HD4,967.0,513,1357,905,761,924,3.54
HD5,817.0,937,752,914,941,-,3.74
HD6,1057.0,945,1067,1074,1600,-,4.29
HD7,774.0,600,746,843,-,-,2.86
HD8,1099.0,673,744,1250,1865,-,3.28
HD9,1235.0,-,1265,1219,-,1995,3.31
HG1,1530.0,1374,1412,1648,2214,4480,4.57
HG2,1395.0,1217,1438,1324,1799,-,2.91
HG3,1494.0,1125,1312,1355,2891,-,2.65
HG4,1321.0,659,1676,1279,1698,1950,4.48
HG5,2057.0,773,919,1460,2538,5167,4.95
HP1,1676.0,1532,1475,2019,2430,-,4.52
HP10,2634.0,2030,2145,1917,2650,3500,4.03
HP11,1809.0,1183,1532,1759,3047,3500,3.76
HP12,1713.0,1144,1494,1746,2479,-,4.88
HP13,1350.0,1068,1344,1868,1769,1866,3.92
HP14,2993.0,1017,1395,1963,2517,-,4.36
HP15,1805.0,967,1500,1517,2492,2200,3.33
HP16,2010.0,1013,2283,1999,2618,3500,2.6
HP17,2111.0,950,-,2331,2250,-,2.99
HP18,2099.0,1035,1388,1617,2367,3600,4.29
HP19,1449.0,1516,1312,1640,2000,-,5.77
HP2,1741.0,1016,1411,2015,2441,-,5.23
HP20,1446.0,1197,1473,1760,-,-,5.52
HP21,1708.0,984,1384,2160,2520,-,5.83
HP22,2075.0,995,1398,1705,2364,3900,3.62
HP23,3216.0,800,1429,2375,5650,7497,5.07
HP27,2580.0,-,-,1967,2500,-,4.1
HP3,1642.0,1149,1527,2053,2833,-,3.21
HP4,2156.0,1320,1761,2298,3130,4000,3.26
HP5,1631.0,1155,1515,1967,3600,3350,2.94
HP6,1986.0,1250,1675,2198,2550,3450,2.73
HP7,2330.0,1158,2911,2475,-,-,3.27
HP8,3589.0,1200,1600,-,3450,-,3.28
HP9,7123.0,995,1828,3390,3785,7190,5.14
HR1,1228.0,684,1053,1299,2033,3500,3.49
HR2,1243.0,583,1145,1124,1388,2033,2.75
HR3,1100.0,-,-,1000,1200,-,2.23
HR4,970.0,705,867,1273,1721,-,3.16
HR5,1133.0,500,775,-,1583,-,3.18
HR6,1105.0,730,658,1081,1600,-,2.45
HR7,750.0,-,750,-,-,-,2.53
HR8,939.0,723,-,925,1175,-,2.48
HR9,1222.0,618,979,1361,3500,2350,2.78
HU1,834.0,687,1060,1533,-,-,6.88
HU10,1008.0,513,886,1386,-,-,3.65
HU11,824.0,-,781,880,-,-,3.55
HU12,984.0,-,768,850,1000,-,4.63
HU13,888.0,943,660,1081,1500,-,4.06
HU14,1456.0,725,1257,695,-,2500,3.53
HU15,913.0,600,765,1051,1100,1300,2.99
HU16,1269.0,1401,1431,944,1750,-,5.34
HU17,902.0,667,739,961,1429,-,3.21
HU18,717.0,-,717,-,-,-,3.5
HU19,653.0,425,573,650,750,950,3.88
HU2,692.0,675,713,-,-,-,6.24
HU3,560.0,534,576,733,910,1300,5.18
HU4,724.0,450,628,1100,1100,-,4.86
HU5,720.0,557,681,823,974,1029,4.51
HU6,721.0,647,809,835,1367,-,3.98
HU7,700.0,595,667,785,-,-,4.41
HU8,686.0,521,635,771,1350,-,4.75
HU9,734.0,494,645,1228,-,-,6.54
HX1,679.0,570,765,925,1200,-,5.28
HX2,856.0,519,804,975,1525,-,3.7
HX3,998.0,425,742,1158,1700,1900,3.68
HX4,861.0,721,999,1000,-,-,2.65
HX5,820.0,-,757,1200,-,-,4.25
HX6,787.0,525,754,1225,-,-,2.77
HX7,1426.0,-,975,1025,-,-,4.74
IG1,1699.0,1474,1857,2303,3042,2287,3.94
IG10,2363.0,1494,1963,2400,3772,5750,3.24
IG11,1784.0,1460,1953,2358,4042,3110,6.58
IG2,1820.0,1340,1761,2306,2790,3500,5.31
IG3,1819.0,1362,1794,2374,2891,4200,4.29
IG4,1781.0,1505,1729,2500,2700,3300,3.38
IG5,2258.0,983,1817,2377,2650,7625,4.54
IG6,1840.0,1219,1761,2341,2767,3430,4.06
IG7,3869.0,1800,2371,2658,3171,4229,4.43
IG8,2231.0,1254,1870,2473,3150,4000,3.78
IG9,2273.0,1650,1832,2433,3749,3750,4.34
IP1,1403.0,941,978,1694,3367,1513,5.93
IP10,3675.0,-,-,1350,6000,-,9.2
IP11,1179.0,871,959,1300,2878,-,4.52
IP12,1453.0,842,1165,1404,2775,-,3.26
IP13,1728.0,825,1136,1555,2265,2750,3.64
IP14,1225.0,759,1109,1517,1498,-,3.88
IP15,2467.0,-,1235,1200,4333,-,4.14
IP16,1083.0,-,-,875,-,1700,3.88
IP17,1233.0,873,1012,1289,1788,1900,3.5
IP18,1807.0,850,1500,2060,-,-,3.24
IP19,1327.0,848,1008,950,1585,-,1.8
IP2,1149.0,832,1164,1779,1350,-,5.82
IP20,1594.0,700,725,1208,2000,3348,5.89
IP21,1492.0,-,1100,1500,-,1850,4.0
IP22,1306.0,667,700,1206,1750,-,3.55
IP23,1513.0,-,1425,1600,-,-,4.25
IP24,1300.0,858,1050,1168,1557,1913,5.2
IP25,1228.0,710,-,1129,1517,-,4.03
IP26,1318.0,-,1069,1329,2250,-,3.23
IP27,1369.0,1125,1180,1357,1672,-,5.58
IP28,1352.0,976,1205,1320,1571,2450,4.28
IP29,1983.0,-,1200,2083,2225,-,3.04
IP3,1464.0,685,929,1900,2718,600,6.2
IP30,1290.0,650,1323,1350,-,2500,3.32
IP31,1349.0,895,900,1350,1800,-,3.01
IP32,1454.0,883,1270,1385,2092,-,5.39
IP33,1520.0,912,1256,1925,2114,2600,5.46
IP4,1520.0,1069,1575,2177,3428,2699,5.98
IP5,1184.0,813,1090,1249,1750,-,3.65
IP6,1212.0,-,850,1259,-,2200,3.66
IP7,868.0,733,1000,1113,-,-,2.06
IP8,1200.0,750,1100,2200,-,-,3.27
IP9,1300.0,-,1200,1175,2000,-,3.18
KT1,2567.0,1900,2571,2851,3271,5050,4.67
KT10,4082.0,2000,1913,3058,4019,7614,3.79
KT11,5251.0,1350,2538,2787,4410,7116,4.34
KT12,2822.0,1804,2298,3153,3756,6784,4.19
KT13,3914.0,1424,1970,2999,4109,6231,3.54
KT14,2925.0,1267,1461,2083,4289,4250,6.07
KT15,2023.0,1224,1670,2411,2630,4935,5.06
KT16,2242.0,1462,1645,2368,3046,7115,4.5
KT17,2473.0,1827,1764,2450,3485,4800,4.53
KT18,2680.0,1430,1922,2421,3154,4117,5.14
KT19,2197.0,1420,1823,2325,2922,3500,5.12
KT2,3127.0,1919,2324,3314,3727,6998,3.22
KT20,3892.0,1200,1650,2533,2796,10500,4.83
KT21,2803.0,1389,1750,2800,-,4750,4.47
KT22,7629.0,2023,2175,2538,3362,11540,9.67
KT23,2988.0,1200,3585,2649,3317,4750,3.95
KT24,4306.0,1600,2300,3732,3850,5500,4.53
KT3,2613.0,1701,2160,2919,3291,4593,3.93
KT4,2901.0,1367,1804,2520,3679,5600,5.53
KT5,2966.0,1588,1974,2616,3484,3317,5.61
KT6,2419.0,1828,1993,2507,3449,4885,4.91
KT7,3813.0,-,1800,3115,3966,4100,5.64
KT8,4005.0,2499,1869,2335,4141,5432,7.41
KT9,1821.0,883,1644,2370,2595,-,4.8
L1,1291.0,980,1358,2796,4085,2244,8.01
L10,829.0,650,858,950,-,-,4.84
L11,816.0,601,854,933,-,-,6.74
L12,1267.0,675,900,1345,2175,2800,4.91
L13,867.0,812,730,966,-,-,7.44
L14,759.0,740,738,942,-,-,4.7
L15,1380.0,595,945,1236,1690,1030,7.05
L16,1250.0,-,-,1125,2000,-,3.98
L17,1091.0,798,1083,1394,1274,406,4.41
L18,1405.0,625,1361,1350,1610,-,3.76
L19,954.0,800,915,1000,1900,-,4.07
L2,1299.0,898,1459,2097,3251,-,10.8
L20,882.0,651,745,849,967,1000,8.79
L21,815.0,621,869,903,923,-,5.65
L22,830.0,794,963,1275,-,-,3.98
L23,1681.0,771,1613,1699,1958,3950,5.11
L24,1181.0,595,850,1100,1450,-,5.32
L25,1250.0,1005,1089,1333,1099,1950,3.7
L26,1023.0,750,825,-,1495,-,3.69
L27,838.0,-,838,-,-,-,5.63
L28,791.0,-,-,791,-,-,9.26
L3,1170.0,907,1392,1994,814,583,6.85
L30,1278.0,433,900,-,-,-,8.06
L31,1189.0,914,1050,1025,-,2200,4.45
L32,859.0,-,-,859,-,-,5.31
L33,774.0,563,788,874,-,-,5.49
L34,1975.0,550,857,1200,2173,5929,7.29
L35,935.0,500,788,929,2000,-,3.57
L36,1290.0,550,850,1097,-,4513,6.54
L37,2777.0,850,1214,1507,3500,6875,6.24
L38,,-,-,-,-,-,
L39,728.0,678,868,970,795,504,1.78
L4,884.0,645,914,907,1190,2166,8.39
L40,1276.0,-,923,1216,1750,-,3.56
L5,1273.0,683,1277,911,1950,3251,10.41
L6,1247.0,631,785,1433,2242,1316,9.5
L7,991.0,549,947,1132,1326,1427,5.9
L8,1023.0,1001,1050,1347,650,2000,6.04
L9,866.0,666,780,983,1200,-,6.26
LA1,950.0,950,901,1066,1219,1193,4.9
LA10,,-,-,-,-,-,
LA11,923.0,700,898,-,1650,-,2.98
LA12,1102.0,625,813,1264,-,-,3.15
LA13,1095.0,-,932,845,1283,1950,4.48
LA14,781.0,637,679,738,1286,1218,4.94
LA15,875.0,-,650,1100,-,-,4.84
LA16,,-,-,-,-,-,
LA17,,-,-,-,-,-,
LA18,653.0,-,450,855,-,-,3.09
LA19,,-,-,-,-,-,
LA2,1030.0,775,790,1000,1650,1760,2.79
LA21,1950.0,-,-,1950,-,-,3.0
LA22,899.0,-,1075,850,-,-,1.83
LA23,803.0,790,913,-,-,-,2.03
LA3,874.0,675,749,-,1695,-,4.92
LA4,1194.0,1178,1297,858,1450,1250,6.8
LA5,921.0,1470,800,950,-,-,3.06
LA6,1365.0,595,653,1648,1600,-,4.18
LA7,998.0,-,748,1200,1098,-,2.91
LA8,1302.0,-,883,995,1875,-,3.09
LA9,874.0,692,766,1132,1350,1900,3.09
LD1,567.0,475,-,775,-,-,2.31
LD2,400.0,400,-,-,-,-,1.45
LD3,964.0,-,-,933,1400,-,2.26
LD6,,-,-,-,-,-,
LD7,1409.0,1514,550,750,1978,-,5.08
LD8,798.0,-,700,-,895,-,2.17
LE1,1038.0,879,1229,1351,1079,1089,7.48
LE10,1019.0,739,806,1158,2107,2183,3.52
LE11,1027.0,665,873,1009,1416,1794,4.29
LE12,1093.0,738,875,1270,1713,2050,3.25
LE13,870.0,613,874,993,1000,-,3.38
LE14,1324.0,750,824,1449,1649,2373,2.64
LE15,1440.0,760,917,1549,1911,2200,2.9
LE16,1584.0,1255,1025,1516,2198,1975,4.23
LE17,1376.0,-,1095,1411,1808,-,3.4
LE18,1025.0,724,926,1249,1350,-,4.29
LE19,957.0,750,983,1125,-,-,3.32
LE2,1057.0,750,1000,1207,1457,1350,3.93
LE3,1016.0,772,1023,1143,1516,1412,4.52
LE4,1128.0,1201,921,1147,1416,1967,4.62
LE5,1242.0,655,970,1248,1510,1773,4.72
LE6,928.0,792,-,1065,-,-,2.37
LE65,932.0,795,725,1006,1600,-,3.0
LE67,953.0,570,766,928,1525,-,3.15
LE7,1178.0,762,950,1368,1650,2800,3.0
LE8,1255.0,735,911,1258,1814,1900,3.6
LE9,965.0,662,893,1200,-,1775,3.07
LL11,802.0,595,762,1188,-,-,3.47
LL12,1148.0,850,881,1333,1550,-,3.59
LL13,879.0,596,727,757,1608,-,3.14
LL14,1125.0,-,681,881,2500,-,5.41
LL15,969.0,750,795,1300,1250,-,3.21
LL16,1354.0,-,-,1225,1800,-,4.65
LL17,,-,-,-,-,-,
LL18,667.0,525,695,-,1100,-,3.59
LL19,900.0,-,900,-,-,-,4.14
LL20,983.0,-,700,950,1300,-,3.45
LL21,,-,-,-,-,-,
LL22,973.0,495,748,1550,-,-,3.77
LL23,550.0,550,-,-,-,-,1.95
LL24,,-,-,-,-,-,
LL26,725.0,-,-,1050,-,-,2.5
LL28,999.0,-,794,1113,-,1800,3.65
LL29,840.0,640,735,888,1350,1650,3.66
LL30,2995.0,633,4226,-,4077,-,10.56
LL31,1369.0,-,975,1325,1850,-,4.84
LL32,924.0,-,823,1025,-,-,3.32
LL33,550.0,550,-,-,-,-,1.93
LL34,732.0,673,850,-,-,-,3.1
LL35,,-,-,-,-,-,
LL36,810.0,-,895,725,-,-,3.75
LL38,,-,-,-,-,-,
LL40,,-,-,-,-,-,
LL41,750.0,650,-,800,-,-,4.22
LL42,,-,-,-,-,-,
LL43,900.0,-,900,-,-,-,4.94
LL44,750.0,-,750,-,-,-,2.96
LL46,625.0,550,-,700,-,-,1.7
LL48,795.0,-,795,-,-,-,2.86
LL49,2500.0,-,-,-,2500,-,11.46
LL52,,-,-,-,-,-,
LL53,925.0,-,725,913,1138,-,2.76
LL54,795.0,-,795,-,-,-,3.26
LL55,542.0,438,-,750,-,-,2.44
LL56,950.0,-,-,950,-,-,2.99
LL57,825.0,479,963,-,1206,571,3.59
LL58,995.0,895,1095,-,-,-,2.55
LL59,687.0,-,995,-,-,-,2.38
LL60,1350.0,-,-,-,1350,-,4.54
LL61,895.0,-,-,895,-,-,3.5
LL64,2400.0,-,-,-,2400,-,5.5
LL65,806.0,673,873,988,1000,-,2.35
LL67,1250.0,-,-,1250,-,-,5.25
LL68,523.0,420,625,-,-,-,1.73
LL71,,-,-,-,-,-,
LL74,1488.0,-,1980,995,-,-,4.42
LL77,573.0,575,570,-,-,-,2.13
LN1,1148.0,1043,1079,1176,1386,1630,4.28
LN10,1189.0,1605,850,-,-,1450,3.29
LN11,789.0,513,611,848,1210,-,2.72
LN12,1088.0,-,-,1088,-,-,5.4
LN13,975.0,400,600,725,-,1575,3.98
LN2,1010.0,713,994,956,1637,1279,3.11
LN3,1455.0,650,-,838,2500,-,5.32
LN4,1272.0,825,955,1050,2250,-,5.59
LN5,937.0,677,1112,1283,1288,1375,4.06
LN6,969.0,711,876,1041,1775,2750,4.0
LN7,1200.0,-,875,940,1225,1495,4.51
LN8,805.0,513,758,959,995,-,2.63
LN9,837.0,625,855,923,950,-,2.65
LS1,1306.0,1057,1510,2032,-,-,5.58
LS10,1201.0,990,1265,1325,1667,-,6.17
LS11,972.0,849,1100,1288,967,3400,6.06
LS12,1159.0,865,1118,2042,1993,3500,6.0
LS13,763.0,600,953,955,1400,475,4.0
LS14,1382.0,941,989,1296,2506,1500,3.51
LS15,983.0,639,1106,1123,1667,1400,3.41
LS16,1161.0,609,1147,1285,1706,-,3.15
LS17,1546.0,808,1101,1492,1898,8333,3.25
LS18,1252.0,1266,1002,1266,1663,1750,3.95
LS19,967.0,792,871,1333,-,-,3.27
LS2,1595.0,1129,1543,2362,2445,2776,10.06
LS20,1280.0,-,950,1495,1395,-,3.63
LS21,1024.0,668,1054,1223,1100,-,2.53
LS22,1929.0,-,1124,2517,2575,-,3.74
LS23,1270.0,-,1095,1238,1575,-,2.74
LS24,1324.0,-,815,-,1383,-,2.92
LS25,1059.0,710,869,1341,1332,-,3.32
LS26,1097.0,-,815,1160,1625,-,3.88
LS27,929.0,759,884,1172,1732,-,4.2
LS28,1025.0,853,919,1245,1540,-,3.9
LS29,1309.0,1118,1240,1471,2113,-,3.05
LS3,1647.0,1018,1317,1400,1573,2639,10.72
LS4,1580.0,846,1118,1698,1821,2415,8.26
LS5,1163.0,871,1460,1233,1613,1842,5.65
LS6,2090.0,805,1334,1573,1914,2320,6.64
LS7,1213.0,781,1081,1374,1644,-,5.27
LS8,1008.0,732,987,1416,1321,1450,3.07
LS9,1091.0,888,1183,1277,1480,1500,7.14
LU1,1139.0,901,1382,1800,1925,2704,5.06
LU2,1376.0,1054,1398,1655,2125,3050,4.49
LU3,1320.0,902,1268,1678,2100,2560,4.41
LU4,1345.0,1040,1306,1560,1830,3750,4.35
LU5,1334.0,950,1222,1653,2200,1800,4.12
LU6,1293.0,1128,1165,1525,1867,-,2.89
LU7,1427.0,953,1210,1480,2281,4500,3.55
M1,1830.0,1454,1859,2828,4770,-,7.74
M11,1513.0,1254,1138,1699,3050,-,8.88
M12,1242.0,800,1099,1383,1495,2495,6.91
M13,1603.0,1266,1206,1799,2936,-,5.89
M14,2309.0,1481,1411,1539,2336,2543,9.46
M15,1928.0,1414,1887,2720,2894,4000,7.56
M16,1330.0,994,1331,1906,2170,-,4.86
M18,1278.0,823,1073,1571,-,-,7.13
M19,1911.0,783,1152,1529,2273,2925,6.9
M2,1613.0,1310,2017,-,-,-,6.94
M20,1672.0,987,1384,1762,2226,4659,4.43
M21,1539.0,1121,1236,1540,2382,2450,3.56
M22,1129.0,817,1150,1271,1733,-,5.02
M23,1273.0,-,1122,1483,2000,-,5.03
M24,1058.0,734,951,1264,1800,-,4.35
M25,1263.0,782,925,1529,1917,-,3.92
M26,905.0,623,857,1013,1375,-,4.11
M27,1146.0,793,997,1268,2025,1800,4.63
M28,1573.0,875,994,1341,1936,3283,4.56
M29,968.0,706,860,1299,1650,-,3.65
M3,1908.0,1265,1804,3429,2104,12000,7.91
M30,1244.0,1099,1056,1445,2129,2425,4.2
M31,1042.0,-,888,1350,-,-,4.4
M32,1474.0,-,1548,1345,2150,-,4.7
M33,1435.0,950,1243,1606,2025,2570,3.77
M34,1035.0,746,910,1313,1682,1200,4.61
M35,930.0,828,905,1299,-,-,3.56
M38,1000.0,653,873,1085,-,1950,5.99
M4,1610.0,1334,1554,2287,3574,5748,6.96
M40,1287.0,853,1197,1385,2615,-,6.02
M41,1212.0,945,1131,1533,1713,-,3.75
M43,955.0,625,1050,1260,-,-,4.66
M44,1088.0,-,900,1150,-,-,4.85
M45,1053.0,-,1039,1250,2400,-,2.51
M46,872.0,675,833,1187,1400,-,4.12
M5,1442.0,1101,1364,2053,1467,4170,7.47
M50,1405.0,1307,1424,2883,-,975,6.88
M6,1276.0,906,1130,1444,1998,2431,6.17
M7,1273.0,875,1003,1580,1590,2338,3.99
M8,1532.0,834,1869,1745,1730,-,7.44
M9,1061.0,850,962,1264,575,-,5.32
ME1,1332.0,972,1425,1763,1943,3000,4.24
ME10,1139.0,933,1150,1475,1763,1800,4.2
ME11,1058.0,863,1450,-,-,-,5.64
ME12,1186.0,733,1045,1425,1867,-,4.52
ME13,1313.0,1050,1236,1493,-,-,3.35
ME14,1271.0,1016,1326,1417,1993,-,3.46
ME15,1817.0,875,1335,1635,2065,2550,4.97
ME16,1398.0,983,1328,2083,2175,-,4.66
ME17,2091.0,1075,1300,1673,2150,-,4.23
ME18,1713.0,950,-,1450,3000,-,3.51
ME19,1840.0,969,1710,1750,2699,-,3.71
ME2,1124.0,850,1293,1608,-,-,3.95
ME20,1400.0,547,1500,1588,-,-,4.09
ME3,1429.0,-,1092,2900,-,2600,4.28
ME4,1355.0,917,1409,1606,1850,2744,5.25
ME5,1271.0,922,1194,1495,1450,2200,3.85
ME6,1026.0,611,1300,-,2000,-,3.72
ME7,1180.0,908,1260,1802,1843,1183,4.28
ME8,1669.0,1013,1300,1543,2250,2050,4.81
ME9,1280.0,950,1075,1650,-,-,2.77
MK10,1899.0,1120,1358,2077,2418,2995,5.59
MK11,1732.0,-,1331,2173,2148,-,5.06
MK12,1827.0,874,1646,1711,4590,5694,6.18
MK13,1303.0,1100,1233,1480,1567,1850,4.36
MK14,1405.0,1019,1288,1468,2698,2950,4.22
MK15,1571.0,995,1245,1925,2600,2800,4.29
MK16,1784.0,-,1248,1499,2067,2750,4.29
MK17,1511.0,950,1383,1831,2400,1983,2.65
MK18,1369.0,849,1374,1520,2186,2583,2.87
MK19,1813.0,2000,1100,1984,-,2150,4.18
MK2,1446.0,906,1527,1844,-,-,5.98
MK3,1932.0,1179,1840,1643,1943,2450,6.42
MK4,1741.0,1058,1523,1620,2025,2083,4.55
MK40,1077.0,888,1239,1454,1585,2500,3.27
MK41,1535.0,2036,1525,1308,2250,2198,4.34
MK42,1320.0,1392,1164,1429,1761,2400,4.49
MK43,1213.0,683,1208,1526,1467,3700,2.8
MK44,1940.0,995,-,1350,2400,-,3.86
MK45,1476.0,806,1312,1583,2250,2500,3.27
MK46,1603.0,900,1135,-,1850,2995,3.24
MK5,1790.0,717,1799,1553,1986,2625,3.72
MK6,1499.0,1278,1694,1531,1902,1800,5.83
MK7,1640.0,932,1208,1849,2133,-,3.92
MK8,1884.0,725,1378,1552,2299,2517,4.94
MK9,1828.0,1335,1903,3128,2886,-,9.25
N1,3486.0,2751,3644,4258,4926,6841,4.63
N10,2061.0,1590,2143,2890,3800,4683,3.0
N11,2288.0,1326,2251,2985,2858,-,5.05
N12,3021.0,1791,2077,3004,4461,4500,5.92
N13,1850.0,1482,1974,2383,3012,2750,3.78
N14,2105.0,1529,1893,2527,3490,3490,3.14
N15,2536.0,2312,2481,4320,4044,3763,5.62
N16,2595.0,2059,2420,3357,6511,4500,3.81
N17,2590.0,2004,2480,2934,3547,8536,7.58
N18,1795.0,1216,1750,2328,2225,3275,5.68
N19,2793.0,1871,3088,3104,4069,5424,4.92
N2,6981.0,1771,2160,2646,6416,18179,2.83
N20,2798.0,1651,2233,3172,4981,6225,2.58
N21,2823.0,1500,1872,2594,3140,-,3.79
N22,2407.0,1572,2109,3196,3230,4000,4.89
N3,2628.0,1606,1979,3043,4136,3788,3.23
N4,2662.0,2044,2918,3352,4016,10020,4.44
N5,3443.0,2304,2776,3791,7165,6235,5.31
N6,3939.0,2309,2827,3938,8243,7250,1.98
N7,2824.0,2062,2803,3337,4126,5093,5.44
N8,2560.0,1960,2536,3583,3853,4517,5.09
N9,1735.0,1358,1599,2150,2424,2500,5.67
NE1,1511.0,1153,1766,2109,1967,1894,9.01
NE10,889.0,643,757,1225,1350,-,6.53
NE11,959.0,646,838,878,-,3300,6.01
NE12,1201.0,627,844,1506,1300,-,5.58
NE13,1428.0,-,814,1285,2350,3800,4.81
NE15,874.0,642,778,965,-,-,3.81
NE16,899.0,694,828,979,-,-,3.85
NE17,595.0,-,585,600,-,-,4.25
NE19,,-,-,-,-,-,
NE2,1787.0,793,1287,1929,2061,2953,5.76
NE20,2554.0,-,1032,2110,5000,6895,3.55
NE21,1286.0,-,784,1100,-,-,8.4
NE22,554.0,-,530,613,-,-,2.59
NE23,971.0,654,850,723,1750,-,4.57
NE24,695.0,600,656,790,-,-,4.5
NE25,766.0,590,725,964,-,-,3.35
NE26,1874.0,1422,2226,1729,1900,-,6.21
NE27,849.0,-,759,1075,-,-,3.92
NE28,1262.0,762,727,1029,-,1900,7.84
NE29,887.0,613,763,1353,1200,-,5.38
NE3,1448.0,822,1283,1713,1701,-,4.8
NE30,1841.0,983,1504,2761,3042,-,5.85
NE31,749.0,675,641,898,-,-,4.38
NE32,708.0,525,650,875,-,-,5.38
NE33,1328.0,1334,1001,2848,882,2155,10.54
NE34,901.0,977,738,980,1100,-,5.25
NE35,525.0,-,525,-,-,-,3.29
NE36,,-,-,-,-,-,
NE37,645.0,-,579,715,900,-,4.71
NE38,863.0,500,628,721,1559,-,4.46
NE39,844.0,-,600,925,-,-,3.12
NE4,1156.0,836,1137,1166,1726,1525,8.48
NE40,821.0,-,750,738,1200,-,3.61
NE41,,-,-,-,-,-,
NE42,,-,-,-,-,-,
NE43,1833.0,-,-,-,-,-,4.02
NE45,1048.0,695,850,1600,-,-,1.88
NE46,1378.0,1574,1468,850,1000,-,3.71
NE47,710.0,-,695,725,-,-,2.36
NE48,1250.0,-,500,1000,2250,-,4.28
NE49,,-,-,-,-,-,
NE5,870.0,450,758,1005,-,1475,4.94
NE6,1350.0,659,986,1093,1548,2051,7.8
NE61,1715.0,650,1035,1209,2525,1875,4.14
NE62,773.0,-,-,773,-,-,4.17
NE63,739.0,463,673,811,1200,-,5.63
NE64,693.0,-,635,732,-,-,4.08
NE65,789.0,-,724,898,-,-,1.91
NE66,1007.0,598,850,1029,1465,-,2.43
NE67,,-,-,-,-,-,
NE68,650.0,-,-,-,-,-,1.53
NE7,1143.0,700,1125,1200,1600,-,5.01
NE70,,-,-,-,-,-,
NE71,658.0,-,-,658,-,-,3.11
NE8,1197.0,861,1050,1464,1238,2017,9.29
NE9,958.0,595,811,1156,1548,-,4.36
NG1,1376.0,909,1303,1909,2440,2484,8.41
NG10,881.0,666,937,1118,1200,1600,3.89
NG11,1067.0,725,995,1185,2461,477,3.35
NG12,1649.0,1750,1067,1517,2350,2536,3.99
NG13,1167.0,-,929,1049,1923,2150,3.26
NG14,1564.0,1660,935,1736,1979,-,4.22
NG15,915.0,612,807,1190,1500,3148,3.18
NG16,957.0,675,758,1131,1332,2400,3.83
NG17,771.0,533,749,926,1261,1650,3.68
NG18,725.0,608,734,964,1448,995,3.02
NG19,799.0,675,738,905,1025,1400,3.92
NG2,1324.0,816,1141,1594,1837,1655,4.56
NG20,781.0,438,644,862,-,3200,4.04
NG21,921.0,-,782,906,1375,-,3.7
NG22,1051.0,525,795,1021,1383,-,3.47
NG23,1192.0,-,934,1525,1750,-,2.91
NG24,826.0,601,753,987,1708,-,3.51
NG25,1299.0,649,873,1373,1709,2450,3.05
NG3,1309.0,672,983,1726,1806,2057,5.15
NG31,815.0,666,730,873,1388,-,3.73
NG32,1514.0,475,915,1128,2700,-,4.02
NG33,1641.0,-,750,1050,1473,2642,5.03
NG34,1140.0,600,738,903,1485,1633,4.32
NG4,1019.0,611,867,1234,2273,-,3.98
NG5,1078.0,751,954,1224,1608,1201,4.87
NG6,925.0,498,858,1049,1012,1700,4.77
NG7,1485.0,674,1153,1438,1718,1987,6.43
NG8,1531.0,550,1018,1248,1590,3025,5.67
NG9,1422.0,643,1017,1491,1752,2120,4.51
NN1,1064.0,750,1094,1516,2195,1839,5.73
NN10,1028.0,656,897,1168,1167,1798,4.08
NN11,1234.0,839,1157,1307,1525,2250,3.85
NN12,1722.0,963,1199,1766,2520,2367,3.95
NN13,1792.0,1900,1260,1517,2492,-,4.37
NN14,1201.0,683,923,1363,1911,2000,3.62
NN15,1101.0,586,971,1229,1948,-,3.84
NN16,819.0,641,898,1119,500,1800,4.03
NN17,1086.0,652,968,1283,1588,-,4.0
NN18,1044.0,622,954,1084,1563,-,4.6
NN2,1203.0,778,986,1538,1883,2535,5.06
NN29,1230.0,850,1050,1250,1750,-,3.5
NN3,1190.0,800,1069,1238,1607,2067,4.42
NN4,1170.0,517,1081,1359,1636,1344,3.53
NN5,1254.0,805,1014,1469,1925,-,4.33
NN6,1378.0,643,985,1452,2007,-,3.18
NN7,1369.0,808,1088,1375,1966,-,3.0
NN8,1159.0,739,978,1256,1698,3000,4.75
NN9,1060.0,665,1005,1109,1336,2950,3.65
NP10,1733.0,690,973,1928,2750,-,5.69
NP11,768.0,592,732,912,-,-,4.11
NP12,725.0,650,761,792,-,-,3.18
NP13,681.0,628,619,706,795,-,4.86
NP15,1394.0,-,917,1192,2275,-,2.84
NP16,1242.0,1000,1170,1250,1650,-,3.0
NP18,1100.0,-,1033,1300,-,-,2.68
NP19,1673.0,1090,2254,1426,1600,5097,8.43
NP20,1601.0,1346,874,1472,4767,6000,6.45
NP22,738.0,550,748,785,850,-,4.65
NP23,845.0,610,660,811,800,-,4.82
NP24,694.0,-,675,713,-,-,6.11
NP25,1571.0,-,908,1225,-,4250,3.76
NP26,1888.0,-,1213,1100,2600,-,5.57
NP4,1049.0,715,832,961,1200,3499,4.74
NP44,893.0,-,925,1100,-,-,3.72
NP7,1503.0,625,1470,1065,3250,2350,3.94
NP8,1175.0,-,1250,1100,-,-,2.48
NR1,1278.0,1001,1368,1874,1905,1400,6.19
NR10,1514.0,-,960,1374,1900,2300,3.96
NR11,1389.0,-,1240,1375,1667,-,3.81
NR12,1582.0,963,1094,1488,1400,2833,4.1
NR13,1165.0,750,1050,1199,1483,-,3.3
NR14,1306.0,795,1100,1056,1741,-,3.11
NR15,1749.0,-,800,-,1673,2250,3.92
NR16,1733.0,-,-,1499,1600,2500,3.75
NR17,1237.0,695,-,1108,2750,-,3.58
NR18,1370.0,-,969,1333,1400,3000,3.89
NR19,888.0,646,863,1167,1550,-,3.15
NR2,1314.0,876,1387,1531,1754,2111,4.08
NR20,1302.0,-,983,1143,1460,2900,3.39
NR21,1099.0,700,1049,850,1950,-,3.0
NR23,1650.0,-,-,1650,-,-,3.49
NR24,1182.0,825,817,1050,1842,-,2.49
NR25,1727.0,800,1400,1275,2863,-,3.56
NR26,915.0,550,842,1500,-,-,2.88
NR27,1027.0,795,956,1199,1325,-,3.62
NR28,1090.0,695,882,1115,1950,-,3.69
NR29,1172.0,-,1025,-,1900,-,4.56
NR3,1446.0,1221,1096,1750,2060,2842,6.93
NR30,779.0,593,814,904,1100,1650,4.01
NR31,1275.0,743,886,1094,2517,1725,5.17
NR32,1252.0,676,1289,1046,2450,-,5.57
NR33,1186.0,761,1295,1018,1688,4000,5.37
NR34,1259.0,658,1843,1282,1150,-,3.92
NR35,1458.0,-,1095,995,1733,-,4.69
NR4,1827.0,425,1092,1420,1724,2297,4.75
NR5,1512.0,636,1700,1354,1659,2326,5.61
NR6,1568.0,1050,1194,1238,2513,2408,5.94
NR7,1502.0,-,1062,1328,1782,2973,5.03
NR8,1399.0,750,1000,1750,1593,-,4.17
NR9,1525.0,800,1500,1325,1805,2595,3.76
NW1,4541.0,2776,4200,5766,6607,10710,2.57
NW10,2591.0,1764,2307,3141,4156,6682,4.93
NW11,4283.0,1626,2404,4456,5085,7595,3.78
NW2,2568.0,1764,2371,3307,4282,7568,4.0
NW3,6121.0,2829,4896,6699,8773,13411,3.12
NW4,2547.0,1648,2018,2852,4376,5273,4.08
NW5,4380.0,2329,3277,4150,7950,5496,5.74
NW6,3411.0,2176,2830,4385,6364,8549,4.33
NW7,3797.0,1598,2461,3291,10873,9442,4.33
NW8,7051.0,2975,4323,6230,9515,10946,3.64
NW9,2230.0,1685,2114,2814,4201,5677,5.35
OL1,903.0,848,873,1154,-,-,4.32
OL10,1179.0,-,785,1135,1548,-,4.23
OL11,1090.0,724,948,1036,1645,1800,4.15
OL12,962.0,756,815,1079,1300,-,4.05
OL13,1085.0,620,738,750,1498,2750,4.65
OL14,918.0,760,1016,875,1200,-,2.93
OL15,953.0,650,810,1025,-,1400,2.88
OL16,1036.0,831,1145,1163,1495,-,4.49
OL2,989.0,691,900,1123,2000,-,4.01
OL3,1130.0,825,948,1488,1400,-,2.75
OL4,933.0,749,906,1348,-,-,3.12
OL5,866.0,625,947,-,-,-,3.64
OL6,1099.0,754,889,1283,2500,1800,4.7
OL7,1045.0,-,900,-,2000,-,5.74
OL8,949.0,658,888,950,-,1895,5.25
OL9,1074.0,-,965,1115,1210,600,5.06
OX1,3086.0,1971,3129,4425,3949,5480,3.84
OX10,2146.0,1175,1655,2463,2381,2900,3.25
OX11,1701.0,1013,1496,1692,2441,-,4.32
OX12,1712.0,1125,1359,1706,2171,3500,4.4
OX13,1945.0,1190,1450,1675,3067,-,3.53
OX14,1562.0,1071,1379,1738,2475,-,3.74
OX15,2953.0,-,2340,1517,3150,4000,5.95
OX16,1427.0,802,1181,1432,2194,3050,5.42
OX17,2033.0,847,1250,1711,2833,5500,3.5
OX18,3360.0,1146,1280,2339,3100,13000,6.62
OX2,3313.0,1655,2323,3801,4556,6034,3.76
OX20,4187.0,1225,2400,3700,7214,-,7.0
OX25,2397.0,1073,1525,3050,2500,4500,5.13
OX26,1701.0,1162,1295,1597,2517,2713,4.78
OX27,1703.0,1300,1225,1588,1950,2950,3.77
OX28,1288.0,1218,1255,1616,-,-,4.05
OX29,2873.0,1373,2513,1648,2167,5750,5.37
OX3,2369.0,1362,2113,2425,3467,4923,5.32
OX33,2280.0,1420,1367,2000,2150,6700,3.72
OX39,3600.0,-,-,1400,-,-,5.99
OX4,2511.0,1623,2017,3299,3782,3384,5.94
OX44,2309.0,-,1843,1600,2475,5950,3.69
OX49,2463.0,-,-,2175,-,5000,4.02
OX5,1824.0,1278,1939,2003,2680,-,3.45
OX7,2477.0,1216,2031,2076,5233,3750,4.24
OX9,2217.0,1000,1406,1749,3567,-,4.46
PE1,979.0,788,1106,1252,1450,2500,4.86
PE10,1140.0,750,833,1166,1507,-,4.22
PE11,770.0,624,827,934,-,1400,3.37
PE12,786.0,602,763,920,1475,-,2.03
PE13,839.0,649,806,951,1467,1500,3.71
PE14,1058.0,710,795,950,1200,3250,3.85
PE15,1171.0,650,893,1164,1643,2500,4.25
PE16,1100.0,750,950,-,-,-,4.15
PE19,1537.0,850,1261,1583,1846,1725,4.12
PE2,968.0,730,1074,1165,1543,2200,4.35
PE20,985.0,-,825,950,1325,-,4.26
PE21,713.0,547,743,884,1533,-,3.98
PE22,988.0,-,850,938,1600,-,3.58
PE23,648.0,-,648,-,-,-,2.48
PE24,778.0,-,763,875,-,-,3.26
PE25,604.0,517,710,795,-,-,2.96
PE26,1186.0,1148,-,1300,-,-,4.3
PE27,1397.0,892,1208,1411,2065,2800,4.46
PE28,1640.0,905,1289,1532,2026,2480,3.65
PE29,1291.0,952,1113,1408,1812,2100,4.82
PE3,1221.0,850,1107,1227,1877,1250,4.53
PE30,863.0,685,846,1099,1500,-,3.88
PE31,1284.0,678,944,1299,1940,-,2.99
PE32,1109.0,-,900,1161,-,-,3.16
PE33,2643.0,3301,2491,2744,1633,-,8.85
PE34,1249.0,-,995,1250,1500,-,4.51
PE36,1490.0,650,825,1325,2088,1600,4.6
PE37,2206.0,-,867,1165,1575,-,7.57
PE38,1029.0,700,775,992,1410,1650,3.8
PE4,1142.0,825,987,1248,2000,-,5.12
PE5,823.0,495,-,1150,-,-,1.83
PE6,1192.0,650,924,1097,1472,3000,3.69
PE7,1317.0,716,911,1248,1877,2813,4.72
PE8,1594.0,913,1174,1417,2220,2498,3.98
PE9,1635.0,1340,1171,1414,1898,2866,4.01
PL1,992.0,787,1136,1029,2915,1038,4.61
PL10,,-,-,-,-,-,
PL11,1543.0,-,815,-,-,3000,4.13
PL12,1272.0,700,1100,1200,1761,-,3.84
PL13,1100.0,-,-,1150,1500,-,3.83
PL14,1019.0,-,764,1183,-,1800,3.46
PL15,1356.0,562,992,1058,2100,-,3.98
PL16,800.0,550,700,1150,-,-,2.32
PL17,1129.0,850,788,1068,-,2400,3.65
PL18,849.0,700,848,888,-,-,2.45
PL19,1382.0,-,1005,1286,1650,-,3.46
PL2,830.0,628,969,1100,1300,-,4.94
PL20,1275.0,-,-,1050,1500,-,2.59
PL21,1299.0,-,1283,1350,-,-,3.82
PL22,1174.0,948,1115,1175,1800,-,3.34
PL23,1100.0,-,1025,-,1250,-,1.84
PL24,1015.0,-,1000,1023,-,-,4.09
PL25,945.0,613,1306,1100,-,-,3.22
PL26,1223.0,572,981,1000,3200,-,3.57
PL27,1323.0,625,1092,1317,1675,-,1.99
PL28,,-,-,-,-,-,
PL29,1763.0,-,900,1250,2963,-,3.27
PL3,1167.0,-,1039,1299,1189,1848,4.23
PL30,1344.0,-,1050,1288,2750,-,3.11
PL31,703.0,596,800,-,1300,-,3.05
PL32,1225.0,-,-,1225,-,-,4.38
PL34,1600.0,-,-,1550,1650,-,4.42
PL35,,-,-,-,-,-,
PL4,1315.0,687,1106,899,1059,1479,6.69
PL5,796.0,550,-,1300,-,-,3.91
PL6,1672.0,-,950,1217,1500,-,5.91
PL7,985.0,-,982,1142,-,-,3.47
PL8,1013.0,875,-,1150,-,-,1.55
PL9,1831.0,-,1100,1228,1400,-,5.96
PO1,1615.0,1034,1874,1530,1822,2535,5.77
PO10,1828.0,1095,1211,1570,4950,3500,3.73
PO11,1583.0,836,1073,1592,2450,4175,4.5
PO12,1123.0,866,1206,1359,-,1900,4.14
PO13,1205.0,960,1140,1425,-,-,3.96
PO14,1626.0,1100,1254,1508,2167,-,3.86
PO15,1491.0,-,1213,1624,1783,-,4.02
PO16,1629.0,-,1213,1463,2100,-,5.23
PO17,1864.0,850,1225,1500,2750,-,4.46
PO18,2452.0,1150,1415,1898,3033,3750,3.75
PO19,1442.0,1072,1340,1763,2770,2168,3.76
PO2,995.0,872,1190,1416,1450,570,4.85
PO20,1724.0,795,1324,1674,2889,5950,3.64
PO21,1404.0,946,1149,1442,1886,1950,4.2
PO22,1394.0,950,1201,1300,2567,-,3.47
PO3,1135.0,735,1170,1483,-,-,4.9
PO30,1120.0,-,997,1189,1200,1600,3.36
PO31,1300.0,1075,1238,1549,1475,1750,3.25
PO32,914.0,700,930,1050,-,-,3.73
PO33,1038.0,788,1130,1108,1300,-,3.44
PO34,1579.0,813,975,1200,2375,2500,3.48
PO35,1358.0,550,1150,1400,1823,-,3.05
PO36,1004.0,855,964,1258,1350,-,3.9
PO37,951.0,-,918,1100,-,-,2.81
PO38,1313.0,825,906,1443,1800,2800,3.91
PO39,875.0,-,875,-,-,-,2.62
PO4,1535.0,785,1230,1513,1762,2183,5.87
PO40,1075.0,-,1075,-,-,-,3.03
PO41,1473.0,-,1995,950,-,-,3.02
PO5,1657.0,893,1261,1394,2158,2564,5.84
PO6,1372.0,633,1391,1485,1800,3500,3.82
PO7,1294.0,1077,1136,1541,2750,-,3.48
PO8,1338.0,925,950,1507,2200,-,3.6
PO9,1169.0,824,1287,1420,-,-,3.12
PR1,1228.0,726,1000,1144,1524,1832,7.36
PR2,1117.0,652,818,1042,1495,1848,5.21
PR25,1152.0,1355,905,1066,1448,2500,4.94
PR26,1331.0,-,875,-,-,1483,4.61
PR3,1150.0,778,776,1159,1504,1625,3.96
PR4,1208.0,904,872,1074,1710,-,4.08
PR5,1184.0,673,708,1088,2033,3000,5.53
PR6,1058.0,517,1063,1067,1448,1850,3.13
PR7,868.0,670,787,1066,1800,-,3.01
PR8,963.0,637,923,1201,2300,-,3.25
PR9,824.0,629,800,1236,1400,-,3.99
RG1,1681.0,1407,1927,2961,2143,2750,5.04
RG10,4230.0,1108,1832,2008,3375,6500,4.49
RG12,1963.0,1402,1890,2669,2691,3167,5.95
RG14,1616.0,1167,1557,1833,2617,3083,4.51
RG17,2300.0,832,1246,1890,2000,3075,3.81
RG18,1300.0,920,1383,2950,-,-,2.38
RG19,1848.0,3040,1100,1400,1775,2000,4.59
RG2,1539.0,1230,1646,1924,2439,2350,4.58
RG20,2941.0,773,1667,2250,3333,3250,4.19
RG21,1639.0,1426,1599,2099,1600,2100,7.23
RG22,1481.0,950,1267,1567,2400,-,4.68
RG23,1774.0,1155,2020,1700,2000,2895,4.22
RG24,1371.0,929,1316,1550,2000,2730,3.62
RG25,1720.0,988,1495,1925,3000,-,1.02
RG26,2006.0,1074,1375,2503,2475,3200,4.05
RG27,2192.0,1920,1664,-,2200,3363,4.38
RG28,,-,-,-,-,-,
RG29,2448.0,-,1473,1795,2500,5000,3.93
RG30,1272.0,1055,1522,1689,2179,4000,3.93
RG31,1742.0,1046,1289,1663,2816,2417,4.08
RG4,1658.0,913,1478,1784,2734,-,2.76
RG40,2380.0,2319,2190,2278,2800,5500,4.44
RG41,1941.0,1048,1948,1864,2461,-,4.1
RG42,2548.0,1535,2116,2500,2650,5449,4.08
RG45,2410.0,2725,1367,2133,2532,2600,4.5
RG5,1719.0,1150,1392,2036,2299,-,4.57
RG6,1581.0,1027,1449,1858,2268,-,3.5
RG7,2821.0,1050,1374,1954,2889,3875,4.95
RG8,2583.0,1145,-,2073,3200,2600,3.58
RG9,3036.0,2480,2481,2597,5510,5250,3.51
RH1,1923.0,1335,1841,3071,2439,-,4.66
RH10,1670.0,1030,1590,1836,2420,2550,4.19
RH11,1447.0,1296,1564,1842,3125,1950,4.36
RH12,1776.0,1137,1455,1955,4800,3500,3.82
RH13,3141.0,2475,2197,2049,3598,10833,5.65
RH14,2394.0,983,2217,1750,2100,6950,3.91
RH15,1657.0,1031,1299,2020,2598,2975,4.35
RH16,1859.0,1019,1396,1762,2445,4650,4.06
RH17,3311.0,-,1399,2183,2725,6875,4.36
RH18,2660.0,-,-,2200,-,4500,5.56
RH19,1713.0,1387,1670,1700,2450,4600,3.29
RH2,1859.0,1286,1760,2025,2583,4500,3.52
RH20,3250.0,-,-,-,2575,8000,5.68
RH3,1758.0,530,-,-,-,-,2.69
RH4,1650.0,1849,1407,2017,2500,2750,3.14
RH5,3540.0,1300,1600,3125,3911,3850,5.39
RH6,1777.0,1113,1458,1970,2838,3000,4.3
RH7,2354.0,-,1675,2488,-,2425,4.5
RH8,2495.0,1200,2250,2800,2583,-,3.27
RH9,1800.0,1500,-,2100,-,-,3.43
RM1,1835.0,1418,1823,2206,2475,3510,5.56
RM10,1949.0,1343,1908,2177,2542,-,6.84
RM11,2485.0,1747,1658,2182,3233,3300,3.08
RM12,1866.0,1460,1633,2091,-,2999,4.51
RM13,1895.0,1359,1822,2263,2533,3363,5.53
RM14,1666.0,1700,1521,1889,2750,-,2.85
RM15,1544.0,1200,1200,1916,2200,-,4.58
RM16,2135.0,-,1425,2216,2300,3943,5.24
RM17,1471.0,1250,1369,1795,2350,-,5.27
RM18,1490.0,1100,1655,1657,1883,-,5.34
RM19,1349.0,1093,1480,1767,-,-,6.48
RM2,2071.0,1200,1686,2243,2690,-,4.49
RM20,1783.0,1250,1412,1625,-,3500,7.6
RM3,1896.0,1356,1622,2247,2350,-,5.55
RM4,3980.0,1599,-,2479,2313,5500,5.1
RM5,1704.0,1425,1400,2220,2750,-,4.32
RM6,1769.0,1079,1620,2200,2563,2849,5.75
RM7,1893.0,1345,1815,2075,2756,4340,5.7
RM8,1888.0,1431,1820,2249,2719,2650,6.25
RM9,1825.0,1412,1869,2181,2733,2973,5.95
S1,945.0,882,1192,1426,454,845,7.96
S10,932.0,607,1065,1250,1305,1105,2.06
S11,1005.0,804,1275,1378,1155,813,2.69
S12,1217.0,-,-,1013,1625,-,6.48
S13,1326.0,700,1353,994,-,4800,8.16
S14,700.0,700,-,700,-,-,5.51
S17,1178.0,735,1125,1255,2250,1700,2.36
S18,1628.0,-,795,1242,2083,-,4.29
S2,956.0,676,1184,1102,1422,1706,6.62
S20,893.0,695,831,1042,-,-,4.49
S21,972.0,-,749,900,-,-,3.36
S25,734.0,569,696,731,1300,-,3.03
S26,964.0,565,663,899,1300,-,3.57
S3,956.0,814,1154,1593,1737,1167,7.93
S32,1670.0,-,900,1000,3500,1950,3.31
S33,1317.0,-,1034,1600,-,-,2.82
S35,1013.0,750,801,1075,1467,1650,3.53
S36,823.0,-,693,958,-,-,2.7
S4,767.0,650,800,-,-,1050,6.87
S40,956.0,707,830,985,-,-,3.77
S41,833.0,638,758,1058,925,2000,3.7
S42,988.0,703,898,1029,1225,-,3.57
S43,809.0,550,752,944,-,-,3.4
S44,947.0,645,742,935,1600,-,3.49
S45,970.0,600,828,1111,1350,-,2.92
S5,862.0,390,853,993,1300,-,6.51
S6,1028.0,877,1186,1220,1546,1400,4.41
S60,963.0,548,941,1033,1550,1400,4.16
S61,756.0,625,789,879,-,-,3.87
S62,670.0,573,644,848,-,-,3.47
S63,767.0,399,676,845,1163,-,4.44
S64,697.0,460,618,735,1325,950,4.14
S65,800.0,595,649,835,1450,1400,3.38
S66,830.0,560,716,924,1150,-,3.56
S7,1119.0,783,898,1533,1408,1413,4.07
S70,745.0,668,831,816,904,1175,4.37
S71,707.0,525,638,843,917,-,3.59
S72,786.0,600,678,887,1295,-,3.4
S73,674.0,529,679,819,-,-,3.49
S74,764.0,-,662,900,-,-,3.74
S75,952.0,642,734,977,1667,-,3.11
S8,1094.0,755,830,1313,1375,2300,4.35
S80,811.0,534,627,1520,-,495,3.44
S81,1081.0,-,726,985,1588,-,4.03
S9,795.0,-,850,996,-,-,6.08
SA1,1161.0,803,1233,1272,1346,1651,7.95
SA10,1051.0,750,800,1060,2200,-,4.94
SA11,843.0,591,763,878,1300,-,4.98
SA12,959.0,-,833,884,1620,-,5.36
SA13,779.0,-,798,789,875,-,4.63
SA14,831.0,775,695,895,-,-,3.66
SA15,777.0,475,754,872,850,-,3.77
SA16,832.0,595,-,950,-,-,3.37
SA17,935.0,-,-,880,1050,-,3.59
SA18,862.0,575,725,874,1350,-,3.92
SA19,808.0,-,650,950,825,-,2.32
SA2,1161.0,759,1306,1255,1862,720,3.91
SA20,,-,-,-,-,-,
SA3,1412.0,817,1199,1450,1700,4500,3.79
SA31,829.0,723,807,944,1200,1000,3.46
SA32,939.0,-,950,995,1150,-,2.5
SA33,1107.0,-,650,1125,950,-,3.54
SA34,842.0,-,-,863,800,-,2.21
SA37,700.0,-,700,-,-,-,1.44
SA38,800.0,-,600,1000,-,-,2.88
SA39,,-,-,-,-,-,
SA4,1005.0,700,852,1122,1400,-,3.95
SA40,625.0,-,625,-,-,-,1.75
SA41,888.0,-,-,888,-,-,2.95
SA42,1250.0,-,-,1250,-,-,2.82
SA43,673.0,650,695,-,-,-,2.02
SA44,875.0,-,-,875,-,-,2.6
SA45,1100.0,-,1100,-,-,-,3.81
SA46,925.0,-,-,950,-,900,3.39
SA48,671.0,495,648,-,-,-,2.06
SA5,960.0,-,1005,900,-,-,4.75
SA6,897.0,763,829,1062,1650,-,4.03
SA61,751.0,475,706,845,-,1250,3.55
SA62,1789.0,-,723,930,6500,-,5.18
SA63,,-,-,-,-,-,
SA64,995.0,-,-,995,-,-,3.75
SA65,875.0,-,-,875,-,-,3.38
SA66,,-,-,-,-,-,
SA67,1008.0,795,-,1013,1200,-,2.92
SA68,775.0,-,775,-,-,-,2.49
SA69,,-,-,-,-,-,
SA7,923.0,700,852,1010,-,-,4.29
SA70,1469.0,-,1483,1525,-,1200,4.58
SA71,911.0,550,777,1100,1400,-,3.05
SA72,6050.0,-,-,-,-,-,31.81
SA73,671.0,738,767,-,825,-,2.9
SA8,975.0,-,725,1100,1100,-,4.38
SA9,775.0,-,725,925,-,-,3.68
SE1,3807.0,2933,4075,5224,5676,5519,4.15
SE10,2450.0,1974,2647,3096,4011,5065,5.2
SE11,3253.0,2727,3271,3722,4458,5371,4.57
SE12,1986.0,1443,1896,2406,3183,3013,4.46
SE13,2139.0,1577,2185,2547,3450,4423,4.79
SE14,2399.0,1700,2236,2687,3558,4115,5.85
SE15,2819.0,1810,2365,3520,3860,4154,5.89
SE16,2569.0,1983,2707,3214,3950,5583,5.18
SE17,3077.0,2620,3138,3619,3723,4350,6.28
SE18,2177.0,1721,2300,2637,3837,3456,5.59
SE19,1848.0,1529,1958,2293,2850,4500,3.97
SE2,1732.0,967,2056,2097,2250,-,5.48
SE20,1554.0,1355,1682,1800,5000,-,4.32
SE21,3272.0,1775,2100,2839,3725,6921,4.37
SE22,2959.0,2147,2279,3134,4841,5025,4.94
SE23,2326.0,1697,2113,2881,3671,3350,4.62
SE24,2855.0,1874,2344,3038,4016,9925,4.45
SE25,1888.0,1335,1726,2359,2805,4817,5.92
SE26,2739.0,1340,2243,3039,6867,-,5.86
SE27,2393.0,1527,2129,2847,3363,-,4.65
SE28,1837.0,1418,2005,2392,2600,-,6.37
SE3,2572.0,1716,2263,2958,3510,4682,4.69
SE4,2152.0,1538,1947,2795,3299,3850,4.0
SE5,2705.0,1920,2763,3087,4362,5088,4.74
SE6,2278.0,1602,2224,2925,4748,3200,5.87
SE7,2083.0,1586,1918,2452,3183,-,4.99
SE8,2219.0,1798,2326,2830,3816,4100,5.83
SE9,2205.0,1521,1879,2357,2860,5176,5.21
SG1,1476.0,976,1541,1774,2622,2900,4.54
SG10,2500.0,-,-,-,2500,-,1.6
SG11,2425.0,-,-,2050,2800,-,3.95
SG12,1887.0,1080,1644,1900,2500,4000,3.56
SG13,3760.0,2533,1700,2000,5971,9500,6.56
SG14,2001.0,1120,1609,2050,3117,4500,3.31
SG15,1595.0,-,-,-,1595,-,5.14
SG16,1499.0,995,1100,1450,-,2450,3.52
SG17,1659.0,750,927,1550,1788,2275,3.82
SG18,1473.0,895,1142,1813,1900,-,3.68
SG19,1135.0,749,900,1349,1695,-,2.62
SG2,1681.0,1021,1519,1811,2788,3250,4.18
SG3,2453.0,1405,2479,-,2483,-,4.88
SG4,1621.0,1297,1528,1750,3600,-,3.07
SG5,1765.0,1150,1371,1728,3575,-,3.81
SG6,1419.0,1117,-,1800,2383,-,3.76
SG7,1930.0,950,1178,1495,3225,-,4.7
SG8,1451.0,1253,1233,1375,2000,2500,2.87
SG9,1965.0,1353,2068,2100,2300,2250,3.47
SK1,961.0,846,1070,1250,-,-,6.36
SK10,2586.0,1967,1289,1750,3413,8250,4.03
SK11,1316.0,710,1117,1328,2538,-,3.24
SK12,1594.0,-,1217,1775,3500,-,3.4
SK13,1341.0,762,867,1229,1600,-,4.59
SK14,944.0,700,928,1132,1600,-,3.67
SK15,996.0,823,883,1300,2000,-,3.22
SK16,998.0,675,944,1310,-,-,4.56
SK17,1215.0,1416,865,1017,1675,-,3.92
SK2,1425.0,-,1080,1340,2200,3670,4.88
SK22,1125.0,-,950,1300,-,-,3.24
SK23,1110.0,685,893,1150,-,3000,3.04
SK3,1270.0,1038,1320,1413,-,-,5.49
SK4,1158.0,1017,1064,1544,1998,1600,3.43
SK5,1019.0,777,1030,1289,2000,-,4.24
SK6,1500.0,1665,1138,1708,1698,-,4.32
SK7,1573.0,838,1067,1642,2075,3350,3.24
SK8,1854.0,996,1559,1822,2510,-,5.12
SK9,3007.0,2087,1585,2440,4160,4660,4.97
SL0,1952.0,1275,1450,1805,2398,3800,2.86
SL1,1707.0,1339,1744,2301,2263,3050,5.46
SL2,2291.0,1534,1976,2535,2517,5975,3.54
SL3,2185.0,1403,1699,2111,2980,4748,3.99
SL4,3159.0,1523,2316,3079,4372,6441,5.36
SL5,6477.0,1788,2821,4209,5979,5466,6.73
SL6,2344.0,1944,1884,2525,3325,5518,3.62
SL7,2709.0,1100,2168,2737,3383,3774,2.64
SL8,2450.0,1150,-,2883,-,-,2.72
SL9,3422.0,1531,2574,2755,3394,4945,3.46
SM1,1981.0,1444,1946,2370,2723,4750,5.81
SM2,1957.0,1459,1768,2325,2713,2833,4.46
SM3,2227.0,1416,1700,2430,2450,-,5.31
SM4,1927.0,1165,1750,2717,3150,3200,4.61
SM5,2135.0,1210,1708,2143,3155,4200,5.01
SM6,1850.0,1483,2091,2125,3200,-,5.26
SM7,2438.0,1342,1700,2790,2900,4167,4.31
SN1,1218.0,1007,1423,1811,1500,595,5.72
SN10,1295.0,867,832,1300,1617,3000,3.45
SN11,1850.0,-,1025,1411,1700,2700,5.9
SN12,1246.0,813,1356,1225,1500,-,3.79
SN13,1438.0,-,1350,1475,-,-,2.54
SN14,2173.0,-,1133,1436,2138,2475,4.25
SN15,1170.0,753,1035,1240,2225,-,3.26
SN16,1659.0,-,2000,1564,-,-,3.38
SN2,1166.0,744,1157,1260,1512,1797,5.47
SN25,1286.0,796,991,1433,1734,1700,4.62
SN26,,-,-,-,-,-,
SN3,1504.0,1865,1275,1427,1799,-,5.3
SN4,2006.0,860,1140,1386,2333,4170,4.0
SN5,1238.0,833,1019,1975,1667,2500,4.12
SN6,1172.0,926,1128,1380,1795,-,1.54
SN7,1745.0,1082,1800,1600,-,3000,4.17
SN8,1728.0,1850,1450,1717,2230,2825,3.36
SN9,1759.0,-,-,1707,1838,-,3.26
SO14,1348.0,1065,1337,1810,1941,1795,6.19
SO15,1260.0,889,1490,1841,2207,2056,4.75
SO16,1563.0,1102,1211,1531,2070,2563,4.66
SO17,1616.0,990,1351,1494,1447,2465,6.17
SO18,1169.0,857,1239,1514,-,-,5.08
SO19,1523.0,1137,1750,1469,1797,2000,6.71
SO20,3068.0,-,950,1850,3250,3719,4.81
SO21,2356.0,1325,1838,1806,2739,-,3.21
SO22,1338.0,922,1713,1823,2021,2871,2.31
SO23,1626.0,999,1520,2419,3607,2563,3.52
SO24,2403.0,2250,2517,1917,2497,5000,3.68
SO30,1290.0,808,1260,1560,1300,2400,3.46
SO31,1532.0,890,1406,1664,2346,-,3.36
SO32,1982.0,913,1158,1571,3038,3500,3.81
SO40,977.0,563,1150,1200,-,-,2.6
SO41,2596.0,925,1406,2062,2457,-,4.39
SO42,2738.0,2000,1200,2000,-,5750,3.35
SO43,1863.0,900,1800,2375,-,-,2.62
SO45,1869.0,998,1246,1698,4000,2198,5.22
SO50,1208.0,772,1259,1550,2088,-,4.17
SO51,1543.0,942,1419,1694,2500,-,2.93
SO52,2329.0,-,1300,1500,1923,-,5.76
SO53,1695.0,1150,1268,1592,2130,5000,4.26
SP1,1930.0,1819,2620,1350,1500,2900,6.56
SP10,870.0,-,1200,1288,-,-,3.19
SP11,1935.0,875,1175,1518,3133,3625,3.94
SP2,1158.0,738,1117,1400,1642,-,3.9
SP3,2167.0,-,1200,2450,2225,-,3.53
SP4,1481.0,875,1000,1382,2007,-,3.6
SP5,1867.0,1120,1300,1635,2486,-,2.71
SP6,2009.0,800,1300,1675,2832,-,4.09
SP7,1524.0,798,1040,1230,2610,-,3.41
SP8,1666.0,788,900,1307,-,4263,4.41
SP9,,-,-,-,-,-,
SR1,719.0,610,911,1450,823,1500,7.85
SR2,640.0,519,730,763,1044,1425,4.12
SR3,677.0,618,611,1350,-,-,3.05
SR4,772.0,475,688,934,994,-,5.65
SR5,703.0,635,686,784,-,-,6.18
SR6,864.0,650,883,1078,2250,-,3.08
SR7,799.0,-,592,680,1298,-,4.7
SR8,583.0,625,531,620,775,-,5.77
SS0,1514.0,952,1527,1718,2311,-,4.21
SS1,1199.0,990,1292,1550,2867,2948,3.16
SS11,1743.0,975,1200,-,2183,2500,4.55
SS12,1350.0,863,1254,1525,2200,-,3.49
SS13,1594.0,1077,1650,1813,1933,2750,5.38
SS14,1525.0,1100,1428,1707,2690,-,6.28
SS15,1738.0,1295,1406,1875,5500,700,5.6
SS16,1783.0,1100,1475,1785,2017,-,5.03
SS17,1589.0,783,1367,1600,2150,2500,4.0
SS2,1390.0,974,1322,1669,1956,-,5.0
SS3,1204.0,1004,1280,1475,-,-,3.07
SS4,1304.0,800,1338,1765,-,-,3.73
SS5,2019.0,895,1400,1500,2300,4000,4.54
SS6,1946.0,-,1567,1720,2513,-,4.51
SS7,1729.0,1100,1299,1917,2313,-,4.55
SS8,1200.0,-,1250,1500,-,1900,4.14
SS9,1811.0,1221,1467,1968,2436,5300,4.36
ST1,757.0,727,764,1030,1350,3500,5.97
ST10,1019.0,-,710,1130,1375,-,3.25
ST11,1148.0,1000,-,1255,-,-,4.01
ST12,1000.0,875,-,-,1475,-,2.33
ST13,796.0,643,659,1058,1815,-,2.44
ST14,984.0,750,755,1193,1323,-,3.1
ST15,1025.0,827,892,995,1073,-,3.23
ST16,757.0,653,936,933,1098,500,3.47
ST17,1081.0,565,898,1108,1398,2273,3.48
ST18,1263.0,450,1117,1355,-,1750,2.99
ST19,1634.0,1625,874,1048,2500,5000,4.56
ST2,692.0,475,714,766,-,-,3.82
ST20,1248.0,-,-,1248,-,-,3.34
ST21,1024.0,-,848,-,2000,-,2.03
ST3,983.0,684,804,1475,1450,1500,4.95
ST4,790.0,596,779,968,528,1186,4.23
ST5,931.0,616,870,1160,1353,2338,4.26
ST6,702.0,568,736,891,-,-,4.86
ST7,1235.0,1380,1113,1006,1790,-,4.77
ST8,935.0,644,-,1370,-,-,3.73
ST9,4095.0,-,4095,-,-,-,13.25
SW1,8805.0,4062,6608,12801,18259,20547,2.99
SW10,6169.0,2916,4453,7281,11538,18869,3.58
SW11,4569.0,3054,4265,6252,7706,11993,4.73
SW12,3152.0,2057,3061,4498,5054,5836,4.48
SW13,4362.0,1946,2827,4271,6520,5633,3.24
SW14,4090.0,1566,2470,3183,6988,7275,5.09
SW15,3949.0,2143,2893,3427,4627,7345,5.22
SW16,2208.0,1565,2000,2937,3566,4258,4.55
SW17,2745.0,1868,2317,3180,3884,5964,4.75
SW18,3252.0,2386,2895,4198,4946,6485,4.93
SW19,3863.0,2036,2863,3873,4983,10592,4.26
SW2,2661.0,1802,2280,3242,4123,3865,5.09
SW20,3694.0,1665,2578,3573,5297,6785,4.92
SW3,5905.0,3440,4740,12517,18151,19234,2.99
SW4,3327.0,2342,2779,3611,5289,7500,5.43
SW5,4240.0,3043,4386,6823,8608,28167,3.65
SW6,4519.0,2692,3644,5665,9065,8731,4.36
SW7,12021.0,4669,6567,12850,22010,43596,4.58
SW8,4482.0,3255,4587,7092,5659,5742,3.24
SW9,2685.0,1969,2609,3196,3935,5384,5.24
SY1,1128.0,725,937,1752,1150,-,4.32
SY10,825.0,-,613,900,1000,-,2.08
SY11,1430.0,-,689,848,-,-,5.79
SY12,1016.0,425,1044,1200,1450,-,3.43
SY13,958.0,609,789,998,1706,-,2.97
SY14,1999.0,676,1158,895,2650,4500,4.39
SY15,450.0,-,450,-,-,-,1.21
SY16,623.0,495,-,750,-,-,2.1
SY17,1500.0,-,-,-,-,1500,5.0
SY18,555.0,385,550,728,-,-,2.41
SY19,,-,-,-,-,-,
SY2,1731.0,1541,1508,2314,1767,1600,5.5
SY20,1200.0,-,-,1200,1200,-,4.38
SY21,735.0,480,-,882,1025,-,2.44
SY22,1020.0,-,575,1200,1375,-,2.73
SY23,945.0,591,970,1075,1300,1300,3.41
SY24,647.0,-,-,799,-,600,2.38
SY25,,-,-,-,-,-,
SY3,1099.0,685,827,1201,1625,-,3.39
SY4,1040.0,532,785,1093,1950,1500,2.84
SY5,1034.0,891,756,1285,1100,-,2.73
SY6,931.0,-,763,1100,-,-,1.92
SY7,1018.0,713,800,1317,1600,-,2.48
SY8,830.0,581,850,1000,-,-,2.47
SY9,725.0,-,725,-,-,-,1.81
TA1,1189.0,886,1217,1314,1766,-,4.8
TA10,2538.0,717,1000,1800,1850,-,5.69
TA11,2132.0,-,750,1424,3167,3950,3.95
TA12,1283.0,-,900,1475,-,-,3.33
TA13,1142.0,975,1225,-,-,-,2.54
TA14,3500.0,-,-,-,-,3500,7.58
TA16,995.0,-,-,995,-,-,2.61
TA18,1468.0,850,955,995,2200,3150,5.03
TA19,1039.0,-,913,1142,2250,-,2.68
TA2,1138.0,856,1080,1266,1692,-,4.0
TA20,1121.0,803,841,1333,4300,-,2.97
TA21,1094.0,657,1050,1163,1550,2250,3.47
TA22,651.0,618,685,-,-,-,1.84
TA23,,-,-,-,-,-,
TA24,1134.0,672,1286,1038,1200,-,3.18
TA3,1321.0,-,1154,1325,-,2150,2.78
TA4,1408.0,-,1013,1268,1975,-,3.48
TA5,1182.0,730,1038,1274,1648,-,2.57
TA6,1215.0,795,965,1290,1857,-,4.78
TA7,2726.0,-,975,1432,1600,-,6.44
TA8,1011.0,799,1057,1398,-,-,3.71
TA9,958.0,-,885,1250,-,-,2.74
TF1,1377.0,2124,797,1635,1542,1495,5.64
TF10,912.0,418,1095,1019,-,-,2.57
TF11,1555.0,663,948,1199,1500,3798,4.33
TF12,933.0,585,775,1034,-,-,3.31
TF13,795.0,-,795,-,-,-,2.25
TF2,1087.0,599,1140,1142,1434,-,4.5
TF3,1304.0,-,813,1431,1385,-,6.29
TF4,1030.0,713,816,1680,1300,-,4.53
TF5,,-,-,-,-,-,
TF6,1204.0,950,913,1225,-,2000,2.9
TF7,944.0,610,1312,1036,-,-,5.03
TF8,1668.0,-,835,2443,1900,-,5.06
TF9,1403.0,899,732,1397,1984,-,4.15
TN1,1573.0,1120,1595,2000,2850,4700,4.65
TN10,1163.0,1140,1000,1455,-,-,2.44
TN11,2280.0,-,1350,2474,2250,3000,3.09
TN12,2443.0,875,1759,1882,3014,4648,4.71
TN13,2452.0,1114,1921,2109,3400,5080,3.2
TN14,2389.0,1225,1650,2158,3525,3850,3.09
TN15,3630.0,1100,1138,2811,3332,3450,5.39
TN16,2526.0,-,1663,1683,4517,3495,4.38
TN17,1719.0,1200,1075,2055,1849,2550,2.8
TN18,2321.0,-,1313,1350,3500,-,3.99
TN19,2103.0,1100,1650,1388,2667,3300,3.25
TN2,1831.0,1013,1450,1942,2986,-,3.84
TN20,1279.0,797,1063,1500,2325,-,1.67
TN21,1403.0,933,1313,1729,-,-,2.32
TN22,2621.0,1400,1175,1600,3100,4265,4.57
TN23,1432.0,1068,1204,1538,1877,2180,4.53
TN24,1411.0,838,1273,2275,1819,3750,4.6
TN25,1397.0,-,1167,1707,1850,2500,3.02
TN26,2227.0,1200,1250,1817,2900,3300,3.95
TN27,2133.0,-,695,2075,2650,-,3.54
TN28,1218.0,-,2900,1688,-,-,3.64
TN29,1114.0,-,1075,1450,1495,-,3.51
TN3,6521.0,-,-,2075,10000,2400,7.23
TN30,1949.0,1048,1000,-,2400,-,3.88
TN31,1946.0,750,1134,1604,2850,3150,4.47
TN32,3675.0,-,-,-,2100,5250,6.6
TN33,1605.0,-,1300,1698,1650,2900,3.46
TN34,1326.0,816,1371,1575,2425,-,3.97
TN35,1721.0,-,963,1450,-,2500,4.27
TN36,1100.0,1100,-,-,-,-,3.55
TN37,1165.0,883,1107,1594,2000,-,4.35
TN38,1206.0,863,1174,1700,-,1900,3.96
TN39,1285.0,907,1165,1200,2349,-,3.12
TN4,2130.0,1924,1839,2531,3465,-,4.58
TN40,1242.0,863,1138,1450,1950,-,4.49
TN5,2621.0,895,1417,2100,3200,3492,3.97
TN6,2233.0,1100,1200,1889,2242,2992,4.09
TN7,1650.0,-,-,1650,-,-,1.98
TN8,1950.0,1149,1265,1965,3233,4700,3.38
TN9,1487.0,1067,1549,1967,-,-,4.24
TQ1,1222.0,819,1094,2042,1654,2700,3.88
TQ10,800.0,-,800,-,-,-,2.12
TQ11,1200.0,-,1200,-,-,-,3.3
TQ12,1140.0,834,1092,1396,1800,-,3.44
TQ13,1143.0,582,1263,1325,1200,1650,2.82
TQ14,1162.0,623,1017,1398,-,2725,3.08
TQ2,1171.0,801,1298,1463,1875,3400,3.85
TQ3,1133.0,675,1138,1275,1600,-,4.16
TQ4,1109.0,649,1114,1325,1433,-,4.72
TQ5,1077.0,706,1122,1349,1348,-,3.36
TQ6,1234.0,706,1081,1650,1863,-,2.56
TQ7,1262.0,1017,1094,1163,2250,-,2.36
TQ8,1173.0,-,1150,1195,-,-,1.1
TQ9,1512.0,888,1059,1375,2600,3250,2.69
TR1,1584.0,900,1095,1486,2300,3023,4.15
TR10,1589.0,1068,1917,1800,1800,2600,5.39
TR11,1985.0,981,1327,1665,2743,-,4.05
TR12,1516.0,1250,948,1467,2033,-,3.18
TR13,2089.0,975,1175,1966,-,1900,5.57
TR14,909.0,663,1069,1150,-,-,3.32
TR15,1063.0,895,895,1275,1600,-,4.64
TR16,1433.0,-,1113,1675,-,1750,4.26
TR17,3157.0,3157,-,-,-,-,6.68
TR18,2940.0,2336,2372,3260,4494,1295,10.16
TR19,1367.0,900,-,1397,1462,-,3.38
TR2,1316.0,975,1188,1500,1800,-,2.15
TR20,3015.0,3015,-,-,-,-,7.1
TR26,1227.0,933,1269,1888,-,-,2.52
TR27,1109.0,-,972,1400,1500,-,3.97
TR3,1619.0,1000,1300,1500,2425,-,3.2
TR4,1212.0,825,1100,1283,2083,1750,2.79
TR5,1233.0,800,1100,1375,-,-,2.83
TR6,1416.0,-,838,1717,1350,1800,3.04
TR7,1001.0,750,1165,-,1800,-,2.81
TR8,2765.0,-,1182,3185,2000,-,8.44
TR9,1195.0,-,1195,-,-,-,4.32
TS1,585.0,511,777,695,728,452,5.59
TS10,866.0,414,653,996,1900,2300,4.61
TS11,1025.0,-,2000,748,-,-,6.0
TS12,733.0,1517,590,948,-,-,3.65
TS13,696.0,-,679,620,-,1200,2.49
TS14,831.0,476,709,874,1325,1850,3.92
TS15,1145.0,785,809,1114,1625,1500,3.35
TS16,775.0,-,725,825,-,-,2.92
TS17,914.0,535,711,914,1480,1650,4.84
TS18,636.0,516,679,848,1300,-,3.84
TS19,631.0,554,619,709,550,-,4.06
TS20,584.0,332,622,680,-,-,3.38
TS21,801.0,675,675,592,1495,-,3.19
TS22,1272.0,-,1075,1069,1875,-,3.21
TS23,711.0,-,566,739,-,1100,5.57
TS24,636.0,563,553,635,975,-,5.78
TS25,538.0,514,523,658,600,-,4.99
TS26,637.0,566,598,652,1042,850,3.37
TS27,663.0,425,501,788,-,1950,3.04
TS28,578.0,-,571,600,-,-,3.88
TS29,576.0,400,542,611,-,-,4.63
TS3,657.0,450,611,706,888,466,8.05
TS4,695.0,505,714,924,1095,457,6.04
TS5,767.0,552,739,848,1196,819,4.74
TS6,885.0,503,1251,653,975,995,6.19
TS7,1622.0,1021,-,2013,1632,-,5.8
TS8,861.0,-,763,649,-,1695,4.73
TS9,1054.0,-,725,1275,950,900,3.44
TW1,3768.0,1996,2716,3868,5259,8147,4.23
TW10,5401.0,2047,3587,4716,4529,10000,5.66
TW11,2791.0,1520,2369,3630,3897,4995,3.97
TW12,2176.0,1462,2013,2954,2842,-,3.27
TW13,1704.0,1258,1915,2132,2870,-,5.12
TW14,1738.0,1360,1647,2131,2478,3200,5.2
TW15,1633.0,1315,1727,2190,2483,950,4.03
TW16,2248.0,1369,1826,2268,3416,3538,4.55
TW17,2359.0,1310,1833,4365,2200,-,4.15
TW18,1908.0,1448,1809,2317,3667,2625,4.42
TW19,2347.0,1500,1775,2271,2983,6063,4.24
TW2,2470.0,1860,1969,2734,3223,3813,4.36
TW20,2384.0,1291,2213,2400,3138,4800,3.32
TW3,1875.0,1505,1991,2506,2868,4075,4.92
TW4,1630.0,1261,1926,2312,2779,4250,3.87
TW5,2162.0,1092,1759,2430,2637,3917,4.22
TW7,2306.0,1633,2006,2679,3994,4768,4.47
TW8,2745.0,1878,2676,4615,5950,5236,5.6
TW9,4195.0,2277,3001,5206,5884,8532,5.32
UB1,1916.0,1504,1990,2271,2661,3913,4.77
UB10,1965.0,1234,1778,2348,2700,4767,3.58
UB2,2095.0,1536,2058,2565,3724,3550,5.3
UB3,1866.0,1381,1898,2416,2731,-,5.57
UB4,1799.0,1308,1810,2336,2649,-,4.86
UB5,1740.0,1376,1754,2293,3133,-,5.2
UB6,1895.0,1525,2137,2657,3157,-,4.43
UB7,1787.0,1364,1808,2244,2667,3000,5.33
UB8,2090.0,1357,1768,2357,2781,3381,5.79
UB9,2810.0,1417,1717,2588,3293,3500,5.77
W1,8390.0,5144,7577,14544,19437,22724,2.81
W10,3982.0,2709,3711,4216,7464,11388,4.59
W11,8844.0,3852,6057,11417,20297,25183,6.13
W12,3204.0,2332,3350,5231,4555,6447,4.14
W13,2552.0,1945,2242,4095,4612,2880,4.52
W14,4158.0,2694,3649,5970,7413,14422,3.4
W2,5553.0,3768,5301,7723,12548,15566,3.94
W3,2729.0,2151,3186,3297,3718,5244,5.0
W4,4049.0,2469,2648,4082,5993,7014,4.89
W5,2472.0,1789,2431,3447,3942,4660,3.15
W6,4576.0,2690,4539,6294,5976,8026,5.12
W7,1953.0,1540,2154,2930,3000,3374,4.06
W8,10274.0,3593,7774,15846,15280,34405,3.58
W9,4102.0,2439,3719,5589,5961,14851,4.42
WA1,903.0,667,1041,1342,-,-,3.63
WA10,1109.0,554,960,1110,2587,2150,5.66
WA11,771.0,608,869,916,-,-,4.06
WA12,1006.0,695,831,1108,1600,1800,4.57
WA13,2132.0,1158,900,1423,3525,-,5.55
WA14,3385.0,1151,1542,2996,4971,8047,4.94
WA15,3475.0,850,1732,2597,3960,7821,4.67
WA16,2215.0,1260,1038,2106,3199,3088,3.11
WA2,1129.0,670,920,1688,3217,450,5.44
WA3,987.0,550,845,1167,1550,-,3.29
WA4,1313.0,756,1171,1396,1825,3467,3.44
WA5,1090.0,650,1044,1499,1594,-,4.24
WA6,1210.0,766,932,1300,-,2250,3.32
WA7,726.0,570,766,886,-,-,3.65
WA8,989.0,471,801,976,1900,2632,3.64
WA9,847.0,695,741,875,1775,-,4.21
WC1,3853.0,3115,4368,5732,7169,5866,3.77
WC2,6389.0,5290,6657,10799,13016,13000,3.72
WD17,2065.0,1325,1719,2819,3768,3800,4.61
WD18,1873.0,1365,1937,2670,3388,5670,5.86
WD19,2109.0,1400,1659,2324,3247,3137,4.16
WD23,2270.0,1396,1761,2683,3453,4000,3.83
WD24,1513.0,1209,1610,2009,2363,-,4.54
WD25,2248.0,1433,1553,1921,2938,3050,4.31
WD3,2996.0,1283,2087,2370,4858,4050,4.4
WD4,2276.0,1150,1400,1995,2889,5500,3.92
WD5,2500.0,-,1650,3500,2733,-,4.97
WD6,2174.0,1756,1741,2508,2899,5750,4.48
WD7,6504.0,5500,2636,1400,5723,7814,3.2
WF1,819.0,732,894,943,1469,-,3.69
WF10,807.0,522,812,1031,1289,-,4.12
WF11,706.0,575,825,850,-,-,3.48
WF12,984.0,650,788,1049,1300,-,3.67
WF13,795.0,498,796,1025,1220,-,5.68
WF14,863.0,660,748,-,1500,-,3.02
WF15,875.0,-,625,775,1475,-,3.34
WF16,997.0,600,755,1200,-,-,5.63
WF17,981.0,706,770,1023,1325,1700,4.4
WF2,977.0,551,871,1143,1436,1500,3.53
WF3,1045.0,-,826,1299,1448,-,3.77
WF4,944.0,-,796,1113,1400,-,3.15
WF5,812.0,658,860,1023,-,-,3.45
WF6,807.0,488,890,1025,1117,-,3.93
WF7,800.0,650,705,863,-,1300,3.42
WF8,977.0,546,811,925,1550,1500,3.43
WF9,662.0,508,678,857,885,-,3.36
WN1,726.0,640,797,903,505,-,3.1
WN2,753.0,495,677,892,-,1750,3.96
WN3,1146.0,693,1090,1604,-,-,6.14
WN4,867.0,-,817,917,-,-,4.43
WN5,785.0,595,734,895,2350,-,3.59
WN6,818.0,751,787,1081,1000,855,3.48
WN7,811.0,680,794,1024,-,-,4.6
WN8,807.0,-,913,787,850,-,3.14
WR1,813.0,742,980,1282,-,-,2.99
WR10,1408.0,750,1100,1620,1745,1895,3.72
WR11,1216.0,723,930,1135,2075,-,3.59
WR12,2044.0,-,2225,1863,-,-,3.55
WR13,2198.0,-,1295,2200,2748,2000,4.67
WR14,1200.0,750,1075,1510,1789,550,3.52
WR15,1667.0,650,-,1350,-,3000,4.12
WR2,761.0,685,1025,1347,692,646,2.11
WR3,1057.0,900,1008,1132,1850,-,3.24
WR4,926.0,785,967,1173,-,-,4.58
WR5,1139.0,804,1039,1289,1513,2500,3.83
WR6,2150.0,-,-,1200,2750,1900,4.16
WR7,1075.0,875,1150,1400,-,-,1.87
WR8,1297.0,713,785,-,2100,-,2.29
WR9,1220.0,657,1086,1250,1795,3250,3.03
WS1,954.0,725,855,1078,1375,-,4.28
WS10,1016.0,652,953,1023,925,5837,5.47
WS11,921.0,693,841,1013,1525,-,3.89
WS12,1026.0,600,819,1111,1275,1650,4.3
WS13,1386.0,1124,2024,1381,1675,2600,3.91
WS14,1380.0,725,1060,1587,1800,2500,3.01
WS15,1289.0,713,1124,1118,1971,-,3.99
WS2,821.0,746,813,953,-,-,5.11
WS3,1014.0,693,879,1040,1200,-,4.66
WS4,944.0,666,900,1400,-,-,3.95
WS5,1516.0,-,978,1350,2041,-,4.59
WS6,1003.0,-,975,1033,850,-,3.54
WS7,1004.0,688,753,1400,1500,-,3.55
WS8,1854.0,-,1025,1295,5733,-,8.16
WS9,1233.0,675,813,1300,1500,2300,3.82
WV1,979.0,686,1710,1719,1310,2450,6.54
WV10,1036.0,788,875,1101,1450,1400,4.3
WV11,1041.0,896,1010,1081,1382,-,4.57
WV12,1030.0,-,995,1048,-,-,5.68
WV13,1026.0,613,908,1100,1500,-,5.7
WV14,953.0,745,845,1156,1300,-,5.02
WV15,1799.0,-,-,1250,1936,-,3.68
WV16,1185.0,613,908,1306,-,-,3.46
WV2,1010.0,782,907,1231,1511,-,6.08
WV3,1163.0,688,970,1188,2048,4500,4.42
WV4,993.0,623,925,1159,1450,-,4.04
WV5,1677.0,1026,885,2175,1250,3995,3.57
WV6,1512.0,773,1042,1403,2374,1900,4.86
WV7,1250.0,-,1117,1450,-,-,3.91
WV8,1704.0,-,973,1723,1795,3750,5.29
WV9,1173.0,-,795,-,1550,-,4.93
YO1,1877.0,1297,1874,3163,3000,2500,5.13
YO10,1444.0,979,1409,1604,1798,1800,4.64
YO11,806.0,789,857,939,925,995,4.13
YO12,959.0,658,772,1706,-,-,5.18
YO13,1029.0,-,972,1200,-,-,2.88
YO14,924.0,-,740,950,1163,-,4.33
YO15,620.0,482,683,725,1800,-,3.32
YO16,701.0,536,714,-,1295,-,4.0
YO17,1191.0,723,825,750,1850,3200,4.21
YO18,862.0,-,788,844,-,-,2.54
YO19,1471.0,-,1524,1248,-,1600,3.64
YO21,883.0,525,816,1111,795,-,3.04
YO22,800.0,-,675,1050,-,-,2.93
YO23,1775.0,1125,1295,2358,2750,-,4.75
YO24,1496.0,961,1319,1892,-,2500,4.76
YO25,803.0,508,687,855,1300,-,2.92
YO26,1579.0,1249,1238,1525,3250,2100,3.73
YO30,1320.0,1238,1359,1500,-,-,3.65
YO31,1515.0,1340,1482,1917,1992,2995,5.07
YO32,1355.0,1426,1141,1275,-,2150,4.11
YO41,1436.0,-,895,-,1175,2500,4.13
YO42,1171.0,560,650,1249,1490,3000,3.99
YO43,952.0,750,638,938,1398,-,3.08
YO51,2213.0,-,850,1350,-,3325,5.99
YO60,1200.0,-,813,925,-,2250,2.6
YO61,1674.0,750,895,1050,1983,2375,3.83
YO62,828.0,708,738,1250,-,-,1.94
YO7,1501.0,-,1005,1338,2024,-,3.4
YO8,1012.0,775,823,950,1420,995,3.58
