outcode,in_employment,unemployed,unemployment_pct
AL1,22104,10750,32.72
AL10,19052,14484,43.19
AL2,12569,8136,39.29
AL3,14210,9061,38.94
AL4,13078,8122,38.31
AL5,14426,9204,38.95
AL6,7186,5046,41.25
AL7,18625,10223,35.44
AL8,5888,4227,41.79
AL9,5141,3607,41.23
B1,8276,4741,36.42
B10,9269,14411,60.86
B11,15382,21653,58.47
B12,7453,10211,57.81
B13,16442,14629,47.08
B14,18290,15449,45.79
B15,9459,12345,56.62
B16,11162,9361,45.61
B17,13069,10307,44.09
B18,6893,8296,54.62
B19,7647,11773,60.62
B2,396,270,40.54
B20,15032,15979,51.53
B21,9166,11426,55.49
B22,110,99,47.37
B23,21553,19936,48.05
B24,12521,11056,46.89
B25,6495,6993,51.85
B26,16382,13083,44.4
B27,11573,10633,47.88
B28,12770,10596,45.35
B29,16558,23510,58.68
B3,1098,331,23.16
B30,14010,10057,41.79
B31,25047,20786,45.35
B32,14931,14596,49.43
B33,12748,13585,51.59
B34,7802,7892,50.29
B35,3314,3519,51.5
B36,15019,14051,48.34
B37,14416,13188,47.78
B38,7252,7272,50.07
B4,1945,5686,74.51
B42,12718,9808,43.54
B43,14395,10519,42.22
B44,13905,12138,46.61
B45,14333,11509,44.54
B46,7200,4875,40.37
B47,4832,3944,44.94
B48,2562,1937,43.05
B49,5950,4683,44.04
B5,3494,3927,52.92
B50,3698,2233,37.65
B6,5421,8198,60.2
B60,15326,10706,41.13
B61,11744,7664,39.49
B62,12690,9756,43.46
B63,16654,13163,44.15
B64,8631,7120,45.2
B65,11144,9423,45.82
B66,11437,12045,51.29
B67,11330,9443,45.46
B68,13497,11718,46.47
B69,12972,9842,43.14
B7,2310,3637,61.16
B70,13349,13921,51.05
B71,13355,12098,47.53
B72,6200,4674,42.98
B73,9695,7096,42.26
B74,15280,11993,43.97
B75,12536,8966,41.7
B76,8917,6641,42.69
B77,28174,18392,39.5
B78,12551,8333,39.9
B79,11578,8626,42.69
B8,12900,19636,60.35
B80,4071,2867,41.32
B9,6643,9279,58.28
B90,24629,16322,39.86
B91,15700,12632,44.59
B92,15619,11434,42.27
B93,8831,7486,45.88
B94,3589,2510,41.15
B95,3097,2644,46.05
B96,2513,1778,41.44
B97,17765,10836,37.89
B98,22414,15175,40.37
BA1,23239,17832,43.42
BA10,2406,1765,42.32
BA11,18465,12373,40.12
BA12,14375,11296,44.0
BA13,10967,7201,39.64
BA14,25770,16559,39.12
BA15,6264,5605,47.22
BA16,6546,5250,44.51
BA2,32232,31653,49.55
BA20,7077,5053,41.66
BA21,17343,11137,39.1
BA22,9577,6540,40.58
BA3,18917,12380,39.56
BA4,9362,5682,37.77
BA5,8611,7728,47.3
BA6,6044,4817,44.35
BA7,1734,1556,47.29
BA8,2414,1928,44.4
BA9,3667,2462,40.17
BB0,92,260,73.86
BB1,29875,28081,48.45
BB10,17721,16992,48.95
BB11,10792,9234,46.11
BB12,15996,12528,43.92
BB18,8661,6314,42.16
BB2,25463,22157,46.53
BB3,15413,11365,42.44
BB4,19862,14580,42.33
BB5,26584,22576,45.92
BB6,11704,8723,42.7
BB7,12461,8383,40.22
BB8,11048,8658,43.94
BB9,17155,18305,51.62
BD1,4883,5495,52.95
BD10,14857,10106,40.48
BD11,6707,4394,39.58
BD12,8477,6602,43.78
BD13,15193,9787,39.18
BD14,3796,3253,46.15
BD15,7236,6553,47.52
BD16,12772,9724,43.23
BD17,8836,6832,43.6
BD18,12430,9683,43.79
BD19,10804,7134,39.77
BD2,12471,10574,45.88
BD20,19486,14380,42.46
BD21,11156,10703,48.96
BD22,11782,8265,41.23
BD23,14222,11228,44.12
BD24,2140,1947,47.64
BD3,10279,13712,57.15
BD4,12792,11679,47.73
BD5,9291,12137,56.64
BD6,13384,10101,43.01
BD7,10228,12604,55.2
BD8,10046,13384,57.12
BD9,9032,10590,53.97
BH1,15877,13730,46.37
BH10,11032,9006,44.94
BH11,9126,7606,45.46
BH12,18872,12978,40.75
BH13,2940,4428,60.1
BH14,11301,7871,41.05
BH15,16759,12230,42.19
BH16,7251,5687,43.96
BH17,11644,7594,39.47
BH18,4727,4722,49.97
BH19,4488,5355,54.4
BH2,5094,3424,40.2
BH20,9337,7785,45.47
BH21,26005,20760,44.39
BH22,10643,13112,55.2
BH23,23412,23678,50.28
BH24,10690,9924,48.14
BH25,10355,12241,54.17
BH3,3274,2693,45.13
BH31,260,152,36.89
BH4,3878,3295,45.94
BH5,5504,3870,41.28
BH6,11174,8700,43.78
BH7,4352,2859,39.65
BH8,13780,9927,41.87
BH9,12965,9837,43.14
BL0,9561,6421,40.18
BL1,29966,26714,47.13
BL11,117,253,68.38
BL2,20574,18127,46.84
BL3,26734,26963,50.21
BL4,14501,12100,45.49
BL5,13996,9405,40.19
BL6,14470,10097,41.1
BL7,6875,4773,40.98
BL8,16591,12386,42.74
BL9,22357,19371,46.42
BN1,45389,31546,41.0
BN10,9140,7586,45.35
BN11,17750,13391,43.0
BN12,9919,9758,49.59
BN13,14610,10552,41.94
BN14,15012,9615,39.04
BN15,12960,10459,44.66
BN16,12111,13802,53.26
BN17,15128,11174,42.48
BN18,6675,5865,46.77
BN2,43298,35611,45.13
BN20,10445,11783,53.01
BN21,10710,9761,47.68
BN22,14328,11784,45.13
BN23,12847,11820,47.92
BN24,3989,3450,46.38
BN25,10024,11178,52.72
BN26,6192,5392,46.55
BN27,14580,11859,44.85
BN3,42780,24283,36.21
BN4,28752,21024,42.24
BN41,743,571,43.46
BN42,156,132,45.83
BN43,1309,836,38.97
BN44,269,214,44.31
BN5,3605,3002,45.44
BN6,8769,6449,42.38
BN7,9604,7393,43.5
BN8,7696,5945,43.58
BN9,5948,4698,44.13
BR1,31833,20130,38.74
BR2,24760,15202,38.04
BR3,25845,14890,36.55
BR4,8848,6249,41.39
BR5,24101,17041,41.42
BR6,21335,15683,42.37
BR7,8644,6124,41.47
BR8,11171,8138,42.15
BS0,147,80,35.24
BS1,12358,12253,49.79
BS10,16660,11126,40.04
BS11,8963,5884,39.63
BS12,40405,23579,36.85
BS13,15797,11129,41.33
BS14,15573,10677,40.67
BS15,43619,26167,37.5
BS16,43656,29475,40.3
BS17,27689,18055,39.47
BS18,27882,18945,40.46
BS19,17060,13589,44.34
BS2,9908,6583,39.92
BS20,16186,10939,40.33
BS21,11053,8450,43.33
BS22,19429,13890,41.69
BS23,16336,14201,46.5
BS24,13052,7717,37.16
BS25,2019,1965,49.32
BS26,1973,1467,42.65
BS27,3200,2576,44.6
BS28,1513,1270,45.63
BS3,24674,9845,28.52
BS31,865,450,34.22
BS32,1303,337,20.55
BS34,3432,1029,23.07
BS35,567,122,17.71
BS36,171,63,26.92
BS37,965,341,26.11
BS39,512,110,17.68
BS4,25080,13583,35.13
BS49,120,99,45.21
BS5,26701,14361,34.97
BS6,19792,11689,37.13
BS7,20207,11401,36.07
BS8,12795,9121,41.62
BS9,12847,12297,48.91
CA1,12682,8385,39.8
CA10,8588,5933,40.86
CA11,11675,7811,40.09
CA12,3518,2986,45.91
CA13,7665,6175,44.62
CA14,16302,13349,45.02
CA15,7306,6209,45.94
CA16,2676,2187,44.97
CA17,2242,1699,43.11
CA18,231,194,45.65
CA19,772,627,44.82
CA2,19659,14064,41.7
CA20,1252,1172,48.35
CA21,445,356,44.44
CA22,3839,3387,46.87
CA23,887,695,43.93
CA24,397,229,36.58
CA25,2555,2047,44.48
CA26,1389,1208,46.52
CA27,710,525,42.51
CA28,12605,9992,44.22
CA3,7137,5300,42.61
CA4,5423,4474,45.21
CA5,9233,7584,45.1
CA6,5645,4161,42.43
CA7,3809,2924,43.43
CA8,2306,2152,48.27
CA9,960,797,45.36
CB1,39977,27894,41.1
CB10,9249,5651,37.93
CB11,8325,5485,39.72
CB2,23429,19149,44.97
CB23,19594,9849,33.45
CB24,18669,10500,36.0
CB25,9925,6090,38.03
CB3,6908,8012,53.7
CB4,22901,13393,36.9
CB5,5316,3322,38.46
CB6,21262,12700,37.39
CB7,13907,7727,35.72
CB8,18070,11293,38.46
CB9,16668,9683,36.75
CF1,25428,24128,48.69
CF10,2291,807,26.05
CF11,4202,1772,29.66
CF14,36501,29716,44.88
CF15,9166,6494,41.47
CF2,34230,33967,49.81
CF23,7449,5023,40.27
CF24,1648,1204,42.22
CF3,19495,15189,43.79
CF31,22000,16623,43.04
CF32,14445,12206,45.8
CF33,7157,5904,45.2
CF34,8018,8235,50.67
CF35,9347,7374,44.1
CF36,6192,7350,54.28
CF37,17433,15910,47.72
CF38,10704,7355,40.73
CF39,13385,11313,45.81
CF4,277,139,33.41
CF40,7931,7469,48.5
CF41,4664,4269,47.79
CF42,5165,5316,50.72
CF43,4347,4920,53.09
CF44,17326,16670,49.04
CF45,7796,7563,49.24
CF46,6685,5919,46.96
CF47,9909,8675,46.68
CF48,11287,9715,46.26
CF5,28023,23227,45.32
CF6,45859,37556,45.02
CF61,641,512,44.41
CF62,2688,1044,27.97
CF63,873,373,29.94
CF64,477,284,37.32
CF7,14345,11080,43.58
CF72,1856,606,24.61
CF8,33011,28397,46.24
CF82,561,159,22.08
CF83,6340,4816,43.17
CH1,19617,16266,45.33
CH2,15470,10844,41.21
CH25,166,144,46.45
CH26,158,115,42.12
CH27,278,212,43.27
CH28,277,293,51.4
CH29,101,256,71.71
CH3,17324,12450,41.82
CH30,259,58,18.3
CH31,124,165,57.09
CH32,176,112,38.89
CH33,153,94,38.06
CH34,483,256,34.64
CH4,17029,11852,41.04
CH41,9284,9506,50.59
CH42,13894,12267,46.89
CH43,15033,12962,46.3
CH44,12276,11554,48.49
CH45,13210,10947,45.32
CH46,10354,9157,46.93
CH47,4782,4166,46.56
CH48,6623,6163,48.2
CH49,13090,11357,46.46
CH5,20593,13916,40.33
CH6,8899,6448,42.01
CH60,5783,5860,50.33
CH61,6673,6173,48.05
CH62,14649,10774,42.38
CH63,12590,10682,45.9
CH64,7551,7857,50.99
CH65,14067,10050,41.67
CH66,15867,11522,42.07
CH7,24150,18634,43.55
CH8,8516,7283,46.1
CM0,8333,6593,44.17
CM1,37689,23430,38.34
CM11,10863,7525,40.92
CM12,9065,6440,41.53
CM13,13705,9246,40.29
CM14,11366,6090,34.89
CM15,10797,8050,42.71
CM16,12096,8730,41.92
CM17,14060,6923,32.99
CM18,12829,8204,39.01
CM19,10450,6995,40.1
CM2,29563,18413,38.38
CM20,12840,7679,37.42
CM21,5276,3313,38.57
CM22,9982,5753,36.56
CM23,22320,12015,34.99
CM24,3888,2124,35.33
CM3,27291,19061,41.12
CM4,4077,3444,45.79
CM5,4711,3583,43.2
CM6,13665,8366,37.97
CM7,33078,20843,38.65
CM8,17613,11230,38.93
CM9,16292,12188,42.79
CO1,11760,7377,38.55
CO10,23948,20138,45.68
CO11,6742,4942,42.3
CO12,9961,9465,48.72
CO13,4805,7212,60.01
CO14,2067,3543,63.16
CO15,16165,23491,59.24
CO16,9635,10770,52.78
CO2,19156,12549,39.58
CO3,15473,10412,40.22
CO4,24898,17116,40.74
CO5,13295,11111,45.53
CO6,12940,9867,43.26
CO7,15765,12883,44.97
CO8,642,517,44.61
CO9,12904,8856,40.7
CR0,85966,55219,39.11
CR2,40574,26318,39.34
CR3,35200,21722,38.16
CR4,54304,35472,39.51
CR5,789,338,29.99
CR6,141,105,42.68
CR7,1559,1052,40.29
CR8,567,370,39.49
CR9,156,147,48.51
CT1,13809,14179,50.66
CT10,11626,11703,50.17
CT11,13267,11117,45.59
CT12,7889,7253,47.9
CT13,4263,4304,50.24
CT14,15009,15036,50.04
CT15,6953,6173,47.03
CT16,10075,8693,46.32
CT17,8167,6210,43.19
CT18,7911,6525,45.2
CT19,13598,10434,43.42
CT2,13503,16989,55.72
CT20,9885,8375,45.87
CT21,6729,7455,52.56
CT3,8919,6504,42.17
CT4,6359,5098,44.5
CT5,14483,13761,48.72
CT6,17232,15966,48.09
CT7,4824,6245,56.42
CT8,3649,3416,48.35
CT9,17916,16468,47.89
CV1,13838,21108,60.4
CV10,28426,18828,39.84
CV11,19552,13962,41.66
CV12,14828,12631,46.0
CV13,5280,4029,43.28
CV2,31558,23479,42.66
CV21,23791,12309,34.1
CV22,17644,11924,40.33
CV23,17423,10978,38.65
CV3,32276,25978,44.59
CV31,18418,12553,40.53
CV32,15940,11204,41.28
CV33,11036,6067,35.47
CV34,18033,10364,36.5
CV35,13149,8777,40.03
CV36,5698,4436,43.77
CV37,20790,14861,41.68
CV4,14394,15506,51.86
CV5,22116,16544,42.79
CV6,40712,29165,41.74
CV7,10465,7906,43.04
CV8,13645,10534,43.57
CV9,9744,7222,42.57
CW1,23480,15272,39.41
CW10,8890,5652,38.87
CW11,13877,8943,39.19
CW12,16734,11994,41.75
CW2,21611,13894,39.13
CW3,5289,4408,45.46
CW4,4506,3966,46.81
CW5,15027,11493,43.34
CW6,6249,5036,44.63
CW7,16338,11281,40.85
CW8,19524,13534,40.94
CW9,16997,11315,39.97
DA1,34459,18401,34.81
DA10,6086,2626,30.14
DA11,20330,13236,39.43
DA12,22067,15642,41.48
DA13,7045,5358,43.2
DA14,12027,9300,43.61
DA15,14793,9322,38.66
DA16,19433,11978,38.13
DA17,10869,6757,38.34
DA18,2610,1985,43.2
DA2,11734,7513,39.03
DA3,8000,6696,45.56
DA4,4054,2682,39.82
DA5,9979,6697,40.16
DA6,5457,3508,39.13
DA7,16050,11221,41.15
DA8,15754,10436,39.85
DA9,7793,2953,27.48
DE1,12177,11155,47.81
DE11,23918,14909,38.4
DE12,11011,7484,40.46
DE13,22385,16127,41.88
DE14,15681,9725,38.28
DE15,10917,8377,43.42
DE2,49305,37792,43.39
DE21,1268,629,33.16
DE22,22381,16374,42.25
DE23,25636,22516,46.76
DE24,2992,1004,25.13
DE3,8668,6480,42.78
DE4,20693,18324,46.96
DE5,37333,28180,43.01
DE55,15343,10842,41.41
DE56,2841,2034,41.72
DE6,20911,15475,42.53
DE65,3161,904,22.24
DE7,56713,41533,42.27
DE72,179,87,32.71
DE73,2390,847,26.17
DE74,403,80,16.56
DE75,195,67,25.57
DH1,20742,30132,59.23
DH2,15135,12523,45.28
DH3,11482,9917,46.34
DH4,16238,12744,43.97
DH5,8422,8094,49.01
DH6,15729,12862,44.99
DH7,18383,15774,46.18
DH8,18687,14316,43.38
DH9,15863,14703,48.1
DH98,102,141,58.02
DL1,23706,19409,45.02
DL10,10250,8103,44.15
DL11,1971,1543,43.91
DL12,5640,5594,49.8
DL13,6243,5896,48.57
DL14,16648,15426,48.1
DL15,9241,8828,48.86
DL16,9698,7842,44.71
DL17,7611,7424,49.38
DL2,9006,6358,41.38
DL3,17717,14137,44.38
DL4,3733,3857,50.82
DL5,11810,10597,47.29
DL6,9248,7049,43.25
DL7,6599,4536,40.74
DL8,8467,6898,44.89
DL9,7706,3277,29.84
DN1,5901,5100,46.36
DN10,6950,5545,44.38
DN11,13725,11054,44.61
DN12,10726,9264,46.34
DN14,25080,17165,40.63
DN15,17768,14250,44.51
DN16,14567,11405,43.91
DN17,15384,13533,46.8
DN18,6335,5106,44.63
DN19,2850,2316,44.83
DN2,11780,8935,43.13
DN20,8607,7620,46.96
DN21,17057,15358,47.38
DN22,16877,14615,46.41
DN3,14104,10975,43.76
DN31,5845,5363,47.85
DN32,11252,9545,45.9
DN33,9202,7934,46.3
DN34,7527,5807,43.55
DN35,14189,12832,47.49
DN36,9370,8152,46.52
DN37,12350,10291,45.45
DN38,1204,1001,45.4
DN39,1405,1094,43.78
DN4,23475,18847,44.53
DN40,4783,4214,46.84
DN41,206,56,21.37
DN5,19141,14620,43.3
DN6,12931,10620,45.09
DN7,9480,10020,51.38
DN8,8397,6912,45.15
DN9,9341,7061,43.05
DT1,9913,8766,46.93
DT10,5415,5133,48.66
DT11,13880,11058,44.34
DT2,11727,9687,45.24
DT3,11649,10910,48.36
DT4,16047,14544,47.54
DT5,5597,5392,49.07
DT6,9228,10199,52.5
DT7,2356,2953,55.62
DT8,2435,2683,52.42
DT9,8444,8814,51.07
DY1,17342,14131,44.9
DY10,18866,14886,44.1
DY11,14407,11430,44.24
DY12,6060,6386,51.31
DY13,9505,8718,47.84
DY14,4449,3646,45.04
DY2,13558,11902,46.75
DY3,16698,13956,45.53
DY4,20100,17761,46.91
DY5,19956,15066,43.02
DY6,13857,11596,45.56
DY7,3320,3170,48.84
DY8,22628,17521,43.64
DY9,12106,10684,46.88
E1,47145,33864,41.8
E10,26624,16095,37.68
E11,29897,16486,35.54
E12,17868,15659,46.71
E13,25457,19088,42.85
E14,56443,31774,36.02
E15,32667,18005,35.53
E16,32015,16599,34.14
E17,56912,30351,34.78
E18,11069,5664,33.85
E1W,488,299,37.99
E2,25788,15355,37.32
E20,5072,1775,25.92
E3,32411,19798,37.92
E4,31896,21992,40.81
E5,25680,16642,39.32
E6,34111,27745,44.85
E7,21459,16784,43.89
E8,26870,13303,33.11
E9,17592,11603,39.74
EC1A,1791,1103,38.11
EC1M,1707,774,31.2
EC1N,1294,1111,46.2
EC1R,3158,2209,41.16
EC1V,9744,6533,40.14
EC1Y,2009,1429,41.56
EC2A,880,248,21.99
EC2P,317,60,15.92
EC2Y,945,550,36.79
EC3N,202,46,18.55
EC4A,96,83,46.37
EC4Y,97,110,53.14
EN1,23839,17772,42.71
EN10,9510,6213,39.52
EN11,11318,7240,39.01
EN2,13947,9536,40.61
EN3,24260,21861,47.4
EN4,14823,10336,41.08
EN5,19206,13289,40.9
EN6,13791,10771,43.85
EN7,11164,7270,39.44
EN8,17769,11581,39.46
EN9,11409,7853,40.77
EX1,16112,12367,43.42
EX10,7193,9553,57.05
EX11,4377,3716,45.92
EX12,4022,5253,56.64
EX13,7478,7379,49.67
EX14,10543,8606,44.94
EX15,12417,7464,37.54
EX16,16612,12561,43.06
EX17,10316,7254,41.29
EX18,1891,1763,48.25
EX19,1745,1645,48.53
EX2,23743,14612,38.1
EX20,10971,8807,44.53
EX21,2003,1889,48.54
EX22,5560,4843,46.55
EX23,6524,6631,50.41
EX3,2252,1912,45.92
EX31,14771,11907,44.63
EX32,10937,7879,41.87
EX33,5060,4207,45.4
EX34,6515,6092,48.32
EX35,744,640,46.24
EX36,4317,3736,46.39
EX37,1281,983,43.42
EX38,4136,3439,45.4
EX39,16303,15441,48.64
EX4,23747,25872,52.14
EX5,11325,6662,37.04
EX6,7137,5510,43.57
EX7,6009,6163,50.63
EX8,16583,15203,47.83
EX9,2402,3499,59.3
FY0,105,93,46.97
FY1,14638,16039,52.28
FY2,10777,10067,48.3
FY3,14196,11143,43.98
FY4,19482,17765,47.7
FY5,18755,18836,50.11
FY6,12565,12312,49.49
FY7,9878,11169,53.07
FY8,17888,19869,52.62
GL1,20832,14557,41.13
GL10,9008,5713,38.81
GL11,9904,7039,41.55
GL12,7463,4998,40.11
GL13,2882,1834,38.89
GL14,7782,6343,44.91
GL15,10843,8687,44.48
GL16,6137,5374,46.69
GL17,6065,4876,44.57
GL18,4417,3450,43.85
GL19,5158,4719,47.78
GL2,30810,15918,34.07
GL20,14425,9747,40.32
GL3,17257,11090,39.12
GL4,22140,14756,39.99
GL5,16332,10932,40.1
GL50,15005,9862,39.66
GL51,24355,16475,40.35
GL52,24544,15517,38.73
GL53,8475,6157,42.08
GL54,12328,9290,42.97
GL55,2721,2476,47.64
GL56,4486,3464,43.57
GL6,10420,8111,43.77
GL7,22787,16453,41.93
GL8,4641,3101,40.05
GL9,861,568,39.75
GU1,18686,13328,41.63
GU10,15148,10823,41.67
GU11,15746,8367,34.7
GU12,16337,8594,34.47
GU13,18752,11467,37.95
GU14,30249,16141,34.79
GU15,25750,15491,37.56
GU16,11179,6298,36.04
GU17,17107,10797,38.69
GU18,3688,2509,40.49
GU19,3114,1865,37.46
GU2,15422,13177,46.08
GU20,2145,1484,40.89
GU21,27035,15365,36.24
GU22,18689,11002,37.05
GU23,3702,2694,42.12
GU24,9339,5460,36.89
GU25,3136,2348,42.82
GU26,4078,3346,45.07
GU27,9214,6223,40.31
GU28,3186,2775,46.55
GU29,4500,3685,45.02
GU3,4210,3250,43.57
GU30,4757,3269,40.73
GU31,6569,5127,43.84
GU32,5460,3882,41.55
GU33,3954,3008,43.21
GU34,16515,11513,41.08
GU35,11790,6345,34.99
GU4,6671,4029,37.65
GU47,113,45,28.48
GU5,5259,4037,43.43
GU51,3370,1020,23.23
GU52,873,214,19.69
GU6,6907,6174,47.2
GU7,12383,7397,37.4
GU8,7791,5273,40.36
GU9,13397,9294,40.96
HA0,29183,19761,40.37
HA1,24083,14677,37.87
HA2,29194,19614,40.19
HA3,37405,26737,41.68
HA4,27672,16371,37.17
HA5,21333,15236,41.66
HA6,11117,7609,40.63
HA7,18301,12953,41.44
HA8,34027,22753,40.07
HA9,27342,19306,41.39
HD1,14133,16063,53.2
HD2,11619,10338,47.08
HD3,15459,10707,40.92
HD4,11273,10122,47.31
HD5,12974,10831,45.5
HD6,12572,9896,44.04
HD7,26975,18812,41.09
HD8,15686,11955,43.25
HD9,150,70,31.82
HG1,19376,12075,38.39
HG2,14995,10548,41.3
HG3,14137,10627,42.91
HG4,12170,9016,42.56
HG5,9135,7034,43.5
HP1,15202,8614,36.17
HP10,11695,7580,39.33
HP11,10454,5771,35.57
HP12,10376,6427,38.25
HP13,21368,12532,36.97
HP14,10569,6316,37.41
HP15,7709,5419,41.28
HP16,6158,4325,41.26
HP17,12826,8915,41.01
HP18,12547,6595,34.45
HP19,14598,7458,33.81
HP2,20655,12480,37.66
HP20,8024,4547,36.17
HP21,16808,9422,35.92
HP22,14765,8566,36.72
HP23,9562,6132,39.07
HP3,17214,10222,37.26
HP4,11715,7651,39.51
HP5,13074,8259,38.71
HP6,7711,5268,40.59
HP7,4605,3078,40.06
HP8,3238,2355,42.11
HP9,7772,5696,42.29
HR1,18046,13013,41.9
HR2,18968,13089,40.83
HR3,3978,3326,45.54
HR4,14390,9965,40.92
HR5,3002,2575,46.17
HR6,8986,7532,45.6
HR7,3997,3574,47.21
HR8,6601,5808,46.8
HR9,8873,7873,47.01
HU1,3452,2590,42.87
HU10,9685,7766,44.5
HU11,7841,7252,48.05
HU12,11265,9854,46.66
HU13,7714,4913,38.91
HU14,4241,3206,43.05
HU15,12010,8258,40.74
HU16,7144,6573,47.92
HU17,19635,15549,44.19
HU18,3033,3990,56.81
HU19,2287,3372,59.59
HU2,1496,1574,51.27
HU20,129,132,50.57
HU3,13030,10585,44.82
HU4,10630,8564,44.62
HU5,23753,16593,41.13
HU6,13186,14714,52.74
HU7,22130,15551,41.27
HU8,15967,12310,43.53
HU9,16324,14984,47.86
HX1,12141,12790,51.3
HX2,16371,13078,44.41
HX3,18594,14032,43.01
HX4,5373,3385,38.65
HX5,3927,2990,43.23
HX6,8908,5743,39.2
HX7,5979,4419,42.5
IG1,31254,25753,45.18
IG10,16824,10792,39.08
IG11,29162,20217,40.94
IG2,16545,11438,40.87
IG3,15223,11999,44.08
IG4,4798,3608,42.92
IG5,8040,6265,43.8
IG6,14843,9784,39.73
IG7,10585,6955,39.65
IG8,17355,11401,39.65
IG9,6267,3499,35.83
IP1,21032,13951,39.88
IP10,5666,3969,41.19
IP11,10563,10189,49.1
IP12,11772,10772,47.78
IP13,9137,7816,46.1
IP14,21768,14806,40.48
IP15,1127,1473,56.65
IP16,2857,2818,49.66
IP17,5099,5259,50.77
IP18,1436,2131,59.74
IP19,4109,4340,51.37
IP2,14437,11289,43.88
IP20,3915,3503,47.22
IP21,5639,4962,46.81
IP22,10614,8691,45.02
IP23,2976,2622,46.84
IP24,15501,9071,36.92
IP25,9784,9005,47.93
IP26,4737,3868,44.95
IP27,9660,6560,40.44
IP28,15888,9112,36.45
IP29,4261,3518,45.22
IP3,17873,11922,40.01
IP30,7044,5163,42.3
IP31,9323,7004,42.9
IP32,9550,5052,34.6
IP33,9949,8337,45.59
IP4,17844,11043,38.23
IP5,8407,5692,40.37
IP6,8428,5695,40.32
IP7,7483,5813,43.72
IP8,5063,3157,38.41
IP9,5200,4353,45.57
KT1,13566,9499,41.18
KT10,11161,7670,40.73
KT11,7498,6167,45.13
KT12,20481,11872,36.7
KT13,10700,6348,37.24
KT14,6829,3877,36.21
KT15,15141,8781,36.71
KT16,9996,6031,37.63
KT17,14946,9584,39.07
KT18,9611,6369,39.86
KT19,18600,10917,36.99
KT2,16194,9893,37.92
KT20,9123,6940,43.2
KT21,6646,4923,42.55
KT22,11566,7917,40.64
KT23,4617,4022,46.56
KT24,3646,2943,44.67
KT3,19887,12984,39.5
KT4,14290,8552,37.44
KT5,11223,6472,36.58
KT6,17174,8374,32.78
KT7,4550,2445,34.95
KT8,10343,6169,37.36
KT9,10369,5725,35.57
L1,7447,9055,54.87
L10,7768,5836,42.9
L11,13340,12413,48.2
L12,15169,11263,42.61
L13,14257,12893,47.49
L14,12442,10105,44.82
L15,13642,14339,51.25
L16,6995,5218,42.72
L17,12397,8695,41.22
L18,11847,9627,44.83
L19,10354,8028,43.67
L2,2316,2290,49.72
L20,16116,15162,48.47
L21,10550,8752,45.34
L22,7441,5120,40.76
L23,13590,10880,44.46
L24,7580,6423,45.87
L25,14391,13157,47.76
L26,6901,4957,41.8
L27,2328,2608,52.84
L28,2216,2506,53.07
L3,6989,7665,52.31
L30,8960,7534,45.68
L31,14823,11481,43.65
L32,9389,8105,46.33
L33,7690,6172,44.52
L34,8074,5604,40.97
L35,13981,11553,45.25
L36,16996,13952,45.08
L37,9955,9906,49.88
L38,987,975,49.69
L39,13325,14347,51.85
L4,16690,16908,50.32
L40,9597,7190,42.83
L5,3975,5248,56.9
L6,8262,10234,55.33
L67,92,56,37.84
L68,294,139,32.1
L69,2282,3463,60.28
L7,5835,9060,60.83
L70,31,59,65.56
L8,9645,11420,54.21
L9,12740,10318,44.75
LA1,25139,23842,48.68
LA10,1810,1555,46.21
LA11,5016,5055,50.19
LA12,9747,7700,44.13
LA13,10301,7689,42.74
LA14,15202,13052,46.2
LA15,3640,2507,40.78
LA16,1643,1048,38.94
LA17,546,496,47.6
LA18,3667,3409,48.18
LA19,349,269,43.53
LA2,10794,9581,47.02
LA20,546,422,43.6
LA21,712,542,43.22
LA22,2597,1831,41.35
LA23,3891,3039,43.85
LA3,11315,9235,44.94
LA4,10178,10281,50.25
LA5,7601,6889,47.54
LA6,5378,4353,44.73
LA7,2115,1931,47.73
LA8,4246,3067,41.94
LA9,15417,10526,40.57
LD1,5483,5282,49.07
LD2,2612,2122,44.82
LD3,8918,6875,43.53
LD4,338,312,48.0
LD5,341,359,51.29
LD6,1207,1064,46.85
LD7,2206,1828,45.31
LD8,1422,1554,52.22
LE1,8589,11455,57.15
LE10,26911,17250,39.06
LE11,26685,30247,53.13
LE12,34822,23577,40.37
LE13,13944,9409,40.29
LE14,9436,6438,40.56
LE15,16753,13876,45.3
LE16,19349,13552,41.19
LE17,11701,7452,38.91
LE18,15900,12108,43.23
LE19,9925,5535,35.8
LE2,52976,49281,48.19
LE3,50861,36668,41.89
LE4,47645,38205,44.5
LE5,39859,32234,44.71
LE55,295,136,31.55
LE6,41186,28426,40.83
LE65,474,147,23.67
LE67,3311,1299,28.18
LE7,23997,15437,39.15
LE8,19721,12840,39.43
LE9,27470,17930,39.49
LL11,21960,15470,41.33
LL12,11587,9588,45.28
LL13,14383,12204,45.9
LL14,15218,12081,44.25
LL15,5400,4157,43.5
LL16,7156,5802,44.78
LL17,2705,2232,45.21
LL18,16488,17041,50.82
LL19,7756,8408,52.02
LL20,3270,2748,45.66
LL21,3078,2254,42.27
LL22,7786,8518,52.24
LL23,1779,1213,40.54
LL24,1228,782,38.91
LL25,218,178,44.95
LL26,2041,1536,42.94
LL27,302,242,44.49
LL28,5866,6686,53.27
LL29,7917,6850,46.39
LL30,8817,10196,53.63
LL31,4233,3391,44.48
LL32,2801,2469,46.85
LL33,2002,1845,47.96
LL34,1883,1625,46.32
LL35,414,452,52.19
LL36,1688,1938,53.45
LL37,277,348,55.68
LL38,211,405,65.75
LL39,125,138,52.47
LL40,1962,1700,46.42
LL41,2693,2274,45.78
LL42,907,920,50.36
LL43,197,228,53.65
LL44,275,372,57.5
LL45,368,442,54.57
LL46,741,861,53.75
LL48,1314,1066,44.79
LL49,1616,1557,49.07
LL51,590,455,43.54
LL52,1201,1336,52.66
LL53,7019,5893,45.64
LL54,5365,4342,44.73
LL55,9880,7272,42.4
LL56,1207,680,36.04
LL57,10342,10973,51.48
LL58,1554,1834,54.13
LL59,2453,2052,45.55
LL60,1590,1069,40.2
LL61,2305,2303,49.98
LL62,1193,1107,48.13
LL63,659,712,51.93
LL64,266,249,48.35
LL65,10156,9419,48.12
LL66,786,867,52.45
LL67,334,480,58.97
LL68,1984,2198,52.56
LL69,129,126,49.41
LL70,131,153,53.87
LL71,885,729,45.17
LL72,206,300,59.29
LL73,224,205,47.79
LL74,883,1260,58.8
LL75,589,606,50.71
LL76,174,174,50.0
LL77,2726,2087,43.36
LN1,15780,17163,52.1
LN10,2917,3626,55.42
LN11,13156,12794,49.3
LN12,3778,8802,69.97
LN13,3112,3955,55.96
LN2,19860,15868,44.41
LN3,7516,6574,46.66
LN4,19674,15122,43.46
LN5,16939,11403,40.23
LN6,29295,21179,41.96
LN7,3001,2718,47.53
LN8,3443,3353,49.34
LN9,3957,3793,48.94
LS1,7129,8631,54.77
LS10,18586,12441,40.1
LS11,17021,12936,43.18
LS12,20472,14935,42.18
LS13,18869,12411,39.68
LS14,18209,13582,42.72
LS15,16318,12370,43.12
LS16,18745,14501,43.62
LS17,20781,14878,41.72
LS18,10827,6747,38.39
LS19,9829,6401,39.44
LS2,3781,6763,64.14
LS20,6299,4234,40.2
LS21,8559,6436,42.92
LS22,7304,6709,47.88
LS23,4288,3908,47.68
LS24,6547,4197,39.06
LS25,21775,14922,40.66
LS26,15432,10530,40.56
LS27,19334,11274,36.83
LS28,19400,11736,37.69
LS29,14637,11855,44.75
LS3,645,1084,62.7
LS4,5108,3452,40.33
LS5,3661,2115,36.62
LS6,19235,24069,55.58
LS7,14165,10214,41.9
LS8,21559,17075,44.2
LS9,16416,13873,45.8
LU1,22520,17322,43.48
LU2,31805,19339,37.81
LU3,27594,22109,44.48
LU4,22834,19005,45.42
LU5,21870,12780,36.88
LU6,16092,10165,38.71
LU7,31247,17785,36.27
M1,8695,9092,51.12
M10,20593,18255,46.99
M11,9727,8937,47.88
M12,8046,9296,53.6
M13,8263,14196,63.21
M14,18848,28320,60.04
M15,12206,7845,39.13
M16,16809,12519,42.69
M17,1233,612,33.17
M18,9451,9042,48.89
M19,16098,12999,44.67
M2,227,52,18.64
M20,25877,14938,36.6
M21,15065,7947,34.53
M22,19394,15898,45.05
M23,14991,11259,42.89
M24,24145,18433,43.29
M25,26274,18001,40.66
M26,16191,11231,40.96
M27,21199,15278,41.88
M28,26946,19456,41.93
M29,21662,15460,41.65
M3,11232,4668,29.36
M30,28236,19837,41.26
M31,23511,16407,41.1
M32,13262,8376,38.71
M33,29055,18901,39.41
M34,22946,16961,42.5
M35,21175,15012,41.48
M4,11620,2680,18.74
M40,481,445,48.06
M41,81,99,55.0
M43,291,273,48.4
M44,669,171,20.36
M46,814,162,16.6
M5,14202,9049,38.92
M50,2315,586,20.2
M6,13868,12073,46.54
M7,13351,11121,45.44
M8,11045,12284,52.66
M9,15399,14292,48.14
ME1,17987,11973,39.96
ME10,25694,16661,39.34
ME11,2153,1791,45.41
ME12,17314,16887,49.38
ME13,13715,10639,43.68
ME14,19752,12391,38.55
ME15,25938,17220,39.9
ME16,16816,10088,37.5
ME17,12535,8472,40.33
ME18,3724,2732,42.32
ME19,13153,7506,36.33
ME2,20628,13142,38.92
ME20,10341,6503,38.61
ME3,14238,9605,40.28
ME4,15365,10716,41.09
ME5,25803,16079,38.39
ME6,5590,3189,36.33
ME7,23763,16326,40.72
ME8,23422,17275,42.45
ME9,10099,6770,40.13
MK1,5599,3778,40.29
MK10,13525,4297,24.11
MK11,5874,3543,37.62
MK12,8741,5214,37.36
MK13,8197,5350,39.49
MK14,9608,6078,38.75
MK15,3384,2412,41.61
MK16,10110,6557,39.34
MK17,11020,6681,37.74
MK18,16883,10779,38.97
MK19,6420,3516,35.39
MK2,6307,4580,42.07
MK3,12348,7699,38.4
MK4,13247,5913,30.86
MK40,21137,13708,39.34
MK41,20425,13957,40.59
MK42,27985,15292,35.34
MK43,20894,12362,37.17
MK44,8219,5930,41.91
MK45,24851,14832,37.38
MK46,4253,3031,41.61
MK5,7813,4223,35.09
MK6,11982,8545,41.63
MK7,7839,3514,30.95
MK8,6485,2833,30.4
MK9,2375,905,27.59
N1,49391,28539,36.62
N10,14841,8385,36.1
N11,17651,10983,38.36
N12,16052,10693,39.98
N13,18128,12348,40.52
N14,13606,9796,41.86
N15,26925,17260,39.06
N16,31316,16839,34.97
N17,30602,24103,44.06
N18,13827,12455,47.39
N19,21071,12700,37.61
N1C,590,680,53.54
N2,12745,7979,38.5
N20,8273,5499,39.93
N21,10179,6804,40.06
N22,20913,13076,38.47
N3,13000,8007,38.12
N4,30312,15208,33.41
N5,14087,6088,30.18
N6,9627,5133,34.78
N7,24843,16113,39.34
N8,20548,9841,32.38
N9,19076,18210,48.84
NE1,7441,14064,65.4
NE10,16054,14563,47.57
NE11,7781,5882,43.05
NE12,18732,12979,40.93
NE13,11531,6952,37.61
NE15,16142,13577,45.68
NE16,10815,9370,46.42
NE17,2070,2035,49.57
NE18,449,338,42.95
NE19,2067,1543,42.74
NE2,10961,17032,60.84
NE20,4809,4679,49.31
NE21,8345,6562,44.02
NE22,9143,7705,45.73
NE23,18244,14936,45.02
NE24,17188,15101,46.77
NE25,14775,11775,44.35
NE26,7877,6438,44.97
NE27,8091,4246,34.42
NE28,21351,16672,43.85
NE29,16297,14022,46.25
NE3,22163,17919,44.71
NE30,9011,7209,44.45
NE31,11346,8414,42.58
NE32,9486,9373,49.7
NE33,12298,12254,49.91
NE34,19757,20148,50.49
NE35,3122,2616,45.59
NE36,3053,2510,45.12
NE37,9113,8355,47.83
NE38,13110,11450,46.62
NE39,3464,3287,48.69
NE4,13247,16278,55.13
NE40,6953,5383,43.64
NE41,798,728,47.71
NE42,5569,4449,44.41
NE43,2072,1851,47.18
NE44,689,707,50.64
NE45,1246,1408,53.05
NE46,6568,6237,48.71
NE47,3306,2653,44.52
NE48,1324,1097,45.31
NE49,1491,1358,47.67
NE5,19888,18152,47.72
NE6,21962,19521,47.06
NE61,15748,15002,48.79
NE62,3632,3476,48.9
NE63,11814,10788,47.73
NE64,1901,2423,56.04
NE65,8485,8590,50.31
NE66,7591,7094,48.31
NE67,389,460,54.18
NE68,709,778,52.32
NE69,116,189,61.97
NE7,7092,4528,38.97
NE70,867,890,50.65
NE71,1110,1290,53.75
NE8,13995,11219,44.5
NE9,15070,13136,46.57
NG1,6999,13528,65.9
NG10,23675,15431,39.46
NG11,18516,14827,44.47
NG12,17847,13655,43.35
NG13,10517,8308,44.13
NG14,9488,8148,46.2
NG15,22401,15836,41.42
NG16,28915,23108,44.42
NG17,34237,27105,44.19
NG18,24011,16933,41.36
NG19,23087,17971,43.77
NG2,27642,18609,40.23
NG20,12875,10060,43.86
NG21,11549,8312,41.85
NG22,13574,10671,44.01
NG23,8265,6729,44.88
NG24,22264,16105,41.97
NG25,3381,3781,52.79
NG3,24257,19177,44.15
NG31,23180,16228,41.18
NG32,5183,4707,47.59
NG33,4661,3473,42.7
NG34,20178,15260,43.06
NG4,19205,12880,40.14
NG5,40552,30692,43.08
NG6,16289,13560,45.43
NG7,19162,36496,65.57
NG8,25904,22774,46.78
NG9,33223,25924,43.83
NN1,20421,11314,35.65
NN10,20737,12869,38.29
NN11,21729,13295,37.96
NN12,14067,8091,36.52
NN13,12428,6010,32.6
NN14,24590,15500,38.66
NN15,21555,13417,38.36
NN16,14622,8737,37.4
NN17,17796,9781,35.47
NN18,20015,10348,34.08
NN2,21233,13250,38.42
NN29,5979,4079,40.55
NN3,36465,23560,39.25
NN4,28503,13088,31.47
NN5,22476,13058,36.75
NN6,18092,11527,38.92
NN7,13643,9086,39.98
NN8,27170,17020,38.52
NN9,13580,8701,39.05
NP1,26219,20637,44.04
NP10,4655,1700,26.75
NP11,536,237,30.66
NP12,13866,12132,46.67
NP13,8180,7578,48.09
NP15,5165,4574,46.97
NP16,10830,8019,42.54
NP18,8378,6701,44.44
NP19,25550,18329,41.77
NP2,10370,10426,50.13
NP20,23142,20096,46.48
NP23,13688,12283,47.3
NP25,6473,5822,47.35
NP26,11200,7981,41.61
NP3,182,124,40.52
NP4,20481,17758,46.44
NP44,20697,17115,45.26
NP7,11255,10542,48.36
NP8,1901,1985,51.08
NR1,15879,12407,43.86
NR10,12808,9400,42.33
NR11,8578,8944,51.04
NR12,9084,9915,52.19
NR13,14235,11208,44.05
NR14,13216,9903,42.83
NR15,7994,5954,42.69
NR16,5976,4360,42.18
NR17,8467,5934,41.21
NR18,10080,6730,40.04
NR19,9946,7878,44.2
NR2,14352,10714,42.74
NR20,9311,7900,45.9
NR21,7359,6752,47.85
NR22,238,279,53.97
NR23,1340,1519,53.13
NR24,1920,1763,47.87
NR25,2852,4411,60.73
NR26,2818,4263,60.2
NR27,4211,5852,58.15
NR28,6747,6786,50.14
NR29,8991,9668,51.81
NR3,16656,10745,39.21
NR30,12134,13437,52.55
NR31,21433,20178,48.49
NR32,16364,16794,50.65
NR33,16591,16659,50.1
NR34,9241,8776,48.71
NR35,4534,4227,48.25
NR4,9929,12350,55.43
NR5,13859,12047,46.5
NR6,10984,8106,42.46
NR7,14773,11138,42.99
NR8,10757,6507,37.69
NR9,8191,6313,43.53
NW1,28804,25401,46.86
NW10,47130,36222,43.46
NW11,16387,11102,40.39
NW2,31810,22629,41.57
NW3,27764,15995,36.55
NW4,16783,10755,39.06
NW5,11625,8247,41.5
NW6,33972,19395,36.34
NW7,12864,8150,38.78
NW8,13038,12309,48.56
NW9,35408,23210,39.6
OL1,11883,11531,49.25
OL10,13014,9988,43.42
OL11,20710,20324,49.53
OL12,19923,17644,46.97
OL13,7415,5597,43.01
OL14,7365,5720,43.71
OL15,7326,5284,41.9
OL16,13885,12019,46.4
OL2,18180,14739,44.77
OL3,7426,5627,43.11
OL4,18512,16922,47.76
OL5,5975,3780,38.75
OL6,13492,11672,46.38
OL7,6605,6053,47.82
OL8,15873,17630,52.62
OL9,14468,13944,49.08
OX1,11022,18536,62.71
OX10,15068,8889,37.1
OX11,25647,10815,29.66
OX12,15633,9244,37.16
OX13,9051,4866,34.96
OX14,21952,13176,37.51
OX15,11338,7129,38.6
OX16,27487,14730,34.89
OX17,7584,5012,39.79
OX18,15648,7452,32.26
OX2,18512,13469,42.12
OX20,3576,2077,36.74
OX25,7744,3551,31.44
OX26,20601,8983,30.36
OX27,3763,1699,31.11
OX28,15310,8991,37.0
OX29,12052,7826,39.37
OX3,23792,16525,40.99
OX33,3600,2474,40.73
OX39,4291,2466,36.5
OX4,31841,22681,41.6
OX44,3944,2440,38.22
OX49,2234,1377,38.13
OX5,11969,7403,38.21
OX7,10464,7431,41.53
OX9,7831,4800,38.0
PE1,25614,18799,42.33
PE10,12401,8561,40.84
PE11,23943,15651,39.53
PE12,19085,16647,46.59
PE13,17815,14738,45.27
PE14,10594,8820,45.43
PE15,14177,11879,45.59
PE16,5515,3681,40.03
PE17,32009,20501,39.04
PE18,27802,17820,39.06
PE19,20992,12620,37.55
PE2,26749,15923,37.31
PE20,7480,5793,43.64
PE21,22871,14735,39.18
PE22,6585,6919,51.24
PE23,3498,3902,52.73
PE24,3976,6114,60.59
PE25,8200,10936,57.15
PE27,139,50,26.46
PE28,1338,388,22.48
PE29,888,209,19.05
PE3,14774,11843,44.49
PE30,23263,15798,40.44
PE31,7627,9906,56.5
PE32,6836,6350,48.16
PE33,7312,5362,42.31
PE34,5961,4907,45.15
PE36,1779,3077,63.36
PE37,4464,5279,54.18
PE38,6383,6216,49.34
PE4,14205,9886,41.04
PE5,608,526,46.38
PE6,18606,13345,41.77
PE7,23763,13522,36.27
PE8,8177,6016,42.39
PE9,14813,10779,42.12
PL1,14087,12914,47.83
PL10,1628,1712,51.26
PL11,4471,3941,46.85
PL12,10124,8789,46.47
PL13,4460,5089,53.29
PL14,10831,9659,47.14
PL15,10187,8485,45.44
PL16,414,344,45.38
PL17,4394,4167,48.67
PL18,2319,2094,47.45
PL19,6698,6668,49.89
PL2,15574,10895,41.16
PL20,5606,5810,50.89
PL21,10441,6895,39.77
PL22,1913,1705,47.13
PL23,1378,1490,51.95
PL24,4852,4368,47.38
PL25,12805,11402,47.1
PL26,12875,10833,45.69
PL27,5782,4904,45.89
PL28,1778,1661,48.3
PL29,748,603,44.63
PL3,14539,10319,41.51
PL30,4618,4051,46.73
PL31,6821,5419,44.27
PL32,1746,1590,47.66
PL33,910,743,44.95
PL34,639,674,51.33
PL35,295,341,53.62
PL4,13865,13406,49.16
PL5,19934,16496,45.28
PL6,18775,15015,44.44
PL7,15760,10849,40.77
PL8,2132,2296,51.85
PL9,13051,11010,45.76
PO1,13240,16812,55.94
PO10,9617,8102,45.72
PO11,6896,8423,54.98
PO12,22276,16470,42.51
PO13,16578,12626,43.23
PO14,17642,13526,43.4
PO15,12268,6792,35.63
PO16,15150,11370,42.87
PO17,3944,2902,42.39
PO18,7766,6223,44.48
PO19,14917,13299,47.13
PO2,21395,12421,36.73
PO20,15135,13959,47.98
PO21,20481,18323,47.22
PO22,13022,11436,46.76
PO3,10116,5676,35.94
PO30,14451,13007,47.37
PO31,6651,5357,44.61
PO32,3751,3576,48.81
PO33,12936,13605,51.26
PO34,671,971,59.14
PO35,1093,1893,63.4
PO36,6895,8093,54.0
PO37,3472,4282,55.22
PO38,4505,5643,55.61
PO39,1186,1809,60.4
PO4,21138,14095,40.01
PO40,1718,2485,59.12
PO41,560,922,62.21
PO5,11527,10565,47.82
PO6,20672,13669,39.8
PO7,21586,15331,41.53
PO8,16654,12167,42.22
PO9,23051,17248,42.8
PR0,203,134,39.76
PR1,33792,30120,47.13
PR11,139,96,40.85
PR2,36192,25977,41.78
PR25,17848,11779,39.76
PR26,6284,5311,45.8
PR3,19040,14692,43.56
PR4,30287,21463,41.47
PR5,19404,12755,39.66
PR6,18426,12163,39.76
PR7,29885,19036,38.91
PR8,25406,22558,47.03
PR9,18422,17389,48.56
RG1,29494,17975,37.87
RG10,9996,6391,39.0
RG11,39575,24197,37.94
RG12,45463,21736,32.35
RG13,22082,12059,35.32
RG14,14928,8290,35.71
RG15,8604,5760,40.1
RG16,9807,5965,37.82
RG17,3570,2344,39.63
RG18,571,186,24.57
RG19,916,313,25.47
RG2,23645,13308,36.01
RG21,17659,9050,33.88
RG22,21938,11951,35.27
RG23,6355,4311,40.42
RG24,22030,9802,30.79
RG25,7977,5034,38.69
RG26,11829,7114,37.55
RG27,10844,6395,37.1
RG28,3560,2028,36.29
RG3,39891,22852,36.42
RG30,296,78,20.86
RG31,202,113,35.87
RG4,20851,12968,38.35
RG40,1294,299,18.77
RG41,584,113,16.21
RG42,2109,961,31.3
RG5,13791,8365,37.76
RG6,17636,10138,36.5
RG7,15493,8986,36.71
RG8,7403,5356,41.98
RG9,9964,7604,43.28
RH1,28228,14907,34.56
RH10,40216,23119,36.5
RH11,27586,17092,38.26
RH12,27419,16205,37.15
RH13,19893,12364,38.33
RH14,7968,5064,38.86
RH15,17770,10644,37.46
RH16,20403,12092,37.21
RH17,8371,5237,38.48
RH18,2723,1907,41.19
RH19,17267,10787,38.45
RH2,11862,7210,37.8
RH20,11315,10188,47.38
RH3,2206,1589,41.87
RH4,8798,5732,39.45
RH5,6576,4414,40.16
RH6,17753,9722,35.38
RH7,4374,2945,40.24
RH8,7305,5009,40.68
RH9,2205,1377,38.44
RM1,14784,9241,38.46
RM10,19886,14203,41.66
RM11,17683,11791,40.0
RM12,16918,11722,40.93
RM13,14839,10300,40.97
RM14,12498,9554,43.32
RM15,15344,9017,37.01
RM16,30328,16322,34.99
RM17,14236,7716,35.15
RM18,8768,5428,38.24
RM19,342,100,22.62
RM2,6148,3884,38.72
RM3,21590,14525,40.22
RM4,1759,1313,42.74
RM5,9910,7216,42.13
RM6,16258,11746,41.94
RM7,13330,8576,39.15
RM8,20590,14473,41.28
RM9,15743,11443,42.09
S1,8574,14442,62.75
S10,21373,22881,51.7
S11,17304,13034,42.96
S12,17455,13837,44.22
S13,14510,11414,44.03
S14,3581,4177,53.84
S17,7223,6205,46.21
S18,10976,9703,46.92
S19,13959,10230,42.29
S2,17298,15706,47.59
S20,736,220,23.01
S21,9425,6928,42.37
S25,9859,8098,45.1
S26,12212,8820,41.94
S3,6099,6654,52.18
S30,37844,29494,43.8
S35,934,724,43.67
S36,316,94,22.93
S4,4504,5954,56.93
S40,18630,16006,46.21
S41,15907,12133,43.27
S42,13455,11213,45.46
S43,18667,14423,43.59
S44,9194,7796,45.89
S45,5438,4712,46.42
S5,23114,23153,50.04
S6,26321,18048,40.68
S60,21049,17081,44.8
S61,14891,13078,46.76
S62,10237,8280,44.72
S63,19165,15298,44.39
S64,12000,10849,47.48
S65,12654,13235,51.12
S66,19832,15694,44.18
S7,7265,4906,40.31
S70,20633,15964,43.62
S71,21253,17867,45.67
S72,11885,9708,44.96
S73,12902,9975,43.6
S74,7572,6261,45.26
S75,20558,15092,42.33
S8,19800,14214,41.79
S80,13694,10866,44.24
S81,17834,12290,40.8
S9,9960,10790,52.0
SA1,21340,26447,55.34
SA10,14465,12459,46.27
SA11,14051,14557,50.88
SA12,13580,13595,50.03
SA13,6793,6923,50.47
SA14,17526,14861,45.89
SA15,15260,13783,47.46
SA16,3397,3866,53.23
SA17,3887,3829,49.62
SA18,12705,12521,49.64
SA19,4866,4430,47.65
SA2,14869,16719,52.93
SA20,1220,1176,49.08
SA3,9846,11112,53.02
SA31,8717,7275,45.49
SA32,2540,2105,45.32
SA33,5865,5071,46.37
SA34,2755,2162,43.97
SA35,635,545,46.19
SA37,1168,1045,47.22
SA38,2093,2138,50.53
SA39,1482,1278,46.3
SA4,21232,15999,42.97
SA40,1552,1413,47.66
SA41,869,582,40.11
SA42,1044,1207,53.62
SA43,4582,5096,52.66
SA44,4389,4411,50.12
SA45,454,549,54.74
SA46,1306,1397,51.68
SA47,53,74,58.27
SA48,3507,3258,48.16
SA5,14892,13872,48.23
SA6,14073,12028,46.08
SA61,6927,5877,45.9
SA62,10266,8786,46.12
SA63,378,293,43.67
SA64,867,809,48.27
SA65,1328,1634,55.17
SA66,1666,1390,45.48
SA67,2626,2283,46.51
SA68,2113,2122,50.11
SA69,1465,1868,56.05
SA7,6448,4357,40.32
SA70,3153,3186,50.26
SA71,4415,5041,53.31
SA72,3912,3654,48.3
SA73,8099,7888,49.34
SA8,5592,4618,45.23
SA9,6019,5604,48.21
SE1,46474,27007,36.75
SE10,24909,10301,29.26
SE11,12322,6933,36.01
SE12,15859,9530,37.54
SE13,25900,12506,32.56
SE14,17553,9922,36.11
SE15,35863,19961,35.76
SE16,29858,13998,31.92
SE17,16711,10624,38.87
SE18,43025,27232,38.76
SE19,17042,8686,33.76
SE2,11227,7903,41.31
SE20,13019,6692,33.95
SE21,9967,5569,35.85
SE22,16763,7063,29.64
SE23,20301,9380,31.6
SE24,12344,5496,30.81
SE25,16958,9643,36.25
SE26,14423,8214,36.29
SE27,10412,5748,35.57
SE28,13197,9122,40.87
SE3,17574,10061,36.41
SE4,14310,6620,31.63
SE5,25631,13420,34.37
SE6,24897,16206,39.43
SE7,10230,6062,37.21
SE8,13976,8088,36.66
SE9,29299,20788,41.5
SG1,28984,15724,35.17
SG10,1471,1160,44.09
SG11,4285,2621,37.95
SG12,15256,8983,37.06
SG13,9142,4618,33.56
SG14,10024,5906,37.07
SG15,3545,1539,30.27
SG16,3955,2056,34.2
SG17,7702,3978,34.06
SG18,16569,8577,34.11
SG19,12335,7538,37.93
SG2,21914,12338,36.02
SG3,3086,2026,39.63
SG4,15612,9089,36.8
SG5,16236,9113,35.95
SG6,15860,11348,41.71
SG7,7410,4342,36.95
SG8,20003,12190,37.87
SG9,6057,3872,39.0
SK1,8005,5064,38.75
SK10,21946,15587,41.53
SK11,16719,11636,41.04
SK12,24781,18240,42.4
SK13,16592,11240,40.39
SK14,23636,17173,42.08
SK15,13275,9444,41.57
SK16,8398,6469,43.51
SK17,14185,10229,41.9
SK2,15110,9808,39.36
SK22,132,100,43.1
SK23,106,43,28.86
SK3,14080,8379,37.31
SK4,17675,10910,38.17
SK5,13537,9948,42.36
SK6,22019,18569,45.75
SK7,19354,14807,43.34
SK8,27473,19919,42.03
SK9,18850,13601,41.91
SL0,6742,3780,35.92
SL1,40532,24829,37.99
SL2,25321,16983,40.15
SL3,23325,13731,37.05
SL4,22970,14097,38.03
SL5,10831,7740,41.68
SL6,40501,24160,37.36
SL7,9469,6532,40.82
SL8,3145,2223,41.41
SL9,10519,7612,41.98
SM1,25022,13394,34.87
SM2,14255,10353,42.07
SM3,10175,5909,36.74
SM4,19885,12385,38.38
SM5,20030,11601,36.68
SM6,16965,10530,38.3
SM7,7737,5764,42.69
SN1,21567,10242,32.2
SN10,15739,12077,43.42
SN11,13470,8687,39.21
SN12,14011,9524,40.47
SN13,9077,6144,40.37
SN14,15068,8989,37.37
SN15,17415,10047,36.59
SN16,7018,4833,40.78
SN17,164,89,35.18
SN2,34675,21333,38.09
SN25,12275,3445,21.91
SN3,25713,18679,42.08
SN38,478,273,36.35
SN4,13177,9658,42.29
SN5,17231,9858,36.39
SN6,10413,7246,41.03
SN7,7152,4179,36.88
SN8,11539,8943,43.66
SN9,3619,2751,43.19
SO1,59372,39768,40.11
SO14,6568,6284,48.9
SO15,477,230,32.53
SO16,5898,6715,53.24
SO17,6545,7151,52.21
SO18,19870,12972,39.5
SO19,27491,17891,39.42
SO20,4633,3324,41.77
SO21,12064,7970,39.78
SO22,14668,12737,46.48
SO23,9384,6857,42.22
SO24,4401,3614,45.09
SO3,46239,30363,39.64
SO30,2003,499,19.94
SO31,937,309,24.8
SO32,832,130,13.51
SO4,52025,44241,45.96
SO40,414,153,26.98
SO41,361,275,43.24
SO45,31,94,75.2
SO5,54094,35938,39.92
SO50,1061,366,25.65
SO51,1537,727,32.11
SO53,1828,685,27.26
SP1,11512,8285,41.85
SP10,21912,12758,36.8
SP11,17143,8304,32.63
SP2,15656,9861,38.64
SP3,5891,4572,43.7
SP4,19987,9613,32.48
SP5,10227,7971,43.8
SP6,6172,5023,44.87
SP7,6821,5502,44.65
SP8,6405,5219,44.9
SP9,6096,2044,25.11
SR1,3766,5204,58.02
SR2,14055,12877,47.81
SR3,15446,14664,48.7
SR4,15762,15574,49.7
SR5,13799,13698,49.82
SR6,12178,11054,47.58
SR7,12724,11971,48.48
SR8,13232,14632,52.51
SS0,22893,16034,41.19
SS1,13228,11600,46.72
SS11,9212,6804,42.48
SS12,9542,5826,37.91
SS13,10591,8200,43.64
SS14,13012,8491,39.49
SS15,16267,10424,39.05
SS16,14902,9291,38.4
SS17,15626,10987,41.28
SS2,16464,12213,42.59
SS22,114,143,55.64
SS3,12571,9770,43.73
SS4,10514,7315,41.03
SS5,10203,8336,44.96
SS6,16050,11547,41.84
SS7,23421,17877,43.29
SS8,16747,14985,47.22
SS9,22425,16588,42.52
ST1,15714,12762,44.82
ST10,12677,9729,43.42
ST11,4820,3949,45.03
ST12,2678,2241,45.56
ST13,12787,9890,43.61
ST14,10803,7642,41.43
ST15,11649,8284,41.56
ST16,18208,11511,38.73
ST17,17511,13307,43.18
ST18,7862,6209,44.13
ST19,7511,6048,44.61
ST2,15390,13858,47.38
ST20,3822,2893,43.08
ST21,2447,1809,42.5
ST3,29369,24713,45.7
ST4,26354,20383,43.61
ST5,36859,31074,45.74
ST6,28110,23950,46.0
ST7,25357,19828,43.88
ST8,8386,6858,44.99
ST9,4246,3687,46.48
SW10,9269,6873,42.58
SW11,50676,20745,29.05
SW12,23128,7400,24.24
SW13,8600,5635,39.59
SW14,8628,4580,34.68
SW15,34981,19039,35.24
SW16,44255,23401,34.59
SW17,36872,16309,30.67
SW18,38952,14594,27.26
SW19,42572,20365,32.36
SW1A,1132,866,43.34
SW1E,1485,735,33.11
SW1H,453,413,47.69
SW1P,6277,4567,42.12
SW1V,10697,7487,41.17
SW1W,3364,2839,45.77
SW1X,2999,2113,41.33
SW1Y,194,77,28.41
SW2,32278,14280,30.67
SW20,13940,7247,34.2
SW3,8984,6978,43.72
SW4,25835,9539,26.97
SW5,7705,5668,42.38
SW6,37445,19693,34.47
SW7,5975,5211,46.59
SW8,19763,10006,33.61
SW9,23642,11520,32.76
SY1,14878,9942,40.06
SY10,10133,8230,44.82
SY11,11526,8580,42.67
SY12,3812,3338,46.69
SY13,10253,8000,43.83
SY14,2602,1884,42.0
SY15,3905,2818,41.92
SY16,7460,5702,43.32
SY17,1777,1368,43.5
SY18,1912,1599,45.54
SY19,394,402,50.5
SY2,8978,7038,43.94
SY20,3292,2414,42.31
SY21,8173,6341,43.69
SY22,2854,2095,42.33
SY23,11907,13071,52.33
SY24,2012,1666,45.3
SY25,1379,1293,48.39
SY3,16878,12939,43.39
SY4,11966,8831,42.46
SY5,10227,7389,41.94
SY6,3510,3984,53.16
SY7,4396,3948,47.32
SY8,7712,7446,49.12
SY9,842,859,50.5
TA1,21308,15515,42.13
TA10,4979,4348,46.62
TA11,3918,3614,47.98
TA12,2823,2347,45.4
TA13,1901,1995,51.21
TA14,1517,1335,46.81
TA15,211,191,47.51
TA16,931,819,46.8
TA17,312,326,51.1
TA18,4224,3682,46.57
TA19,5713,4977,46.56
TA2,15495,9193,37.24
TA20,9509,8100,46.0
TA21,10385,7813,42.93
TA22,1036,1106,51.63
TA23,2913,3185,52.23
TA24,6780,8064,54.32
TA3,5797,5034,46.48
TA4,8047,6837,45.94
TA5,6029,4478,42.62
TA6,26459,16370,38.22
TA7,6827,5624,45.17
TA8,7092,7687,52.01
TA9,5406,4761,46.83
TD12,572,610,51.61
TD15,6865,6576,48.92
TF1,22242,16085,41.97
TF10,10363,9109,46.78
TF11,7505,4092,35.28
TF12,2685,2290,46.03
TF13,1526,1604,51.25
TF2,18233,12850,41.34
TF3,13301,9012,40.39
TF4,9599,5707,37.29
TF5,2557,1576,38.13
TF6,1691,1417,45.59
TF7,7895,7563,48.93
TF8,309,218,41.37
TF9,10849,8976,45.28
TN1,8895,4057,31.32
TN10,7817,6730,46.26
TN11,8871,6552,42.48
TN12,14787,9966,40.26
TN13,12957,8535,39.71
TN14,7576,5315,41.23
TN15,10197,7916,43.7
TN16,9107,6239,40.66
TN17,6481,5437,45.62
TN18,3419,2647,43.64
TN19,2783,2167,43.78
TN2,13573,9348,40.78
TN20,1959,1699,46.45
TN21,7743,5830,42.95
TN22,12505,8930,41.66
TN23,23669,13050,35.54
TN24,17246,11165,39.3
TN25,8040,5384,40.11
TN26,5814,5334,47.85
TN27,5012,4205,45.62
TN28,3572,4307,54.66
TN29,4550,5653,55.41
TN3,6959,5308,43.27
TN30,4001,4226,51.37
TN31,5955,6383,51.73
TN32,2070,1751,45.83
TN33,5360,4967,48.1
TN34,15357,13576,46.92
TN35,7329,6573,47.28
TN36,891,1104,55.34
TN37,10247,7555,42.44
TN38,10664,9223,46.38
TN39,10965,13663,55.48
TN4,12883,7434,36.59
TN40,6050,7327,54.77
TN5,3676,2977,44.75
TN6,11497,8936,43.73
TN7,867,669,43.55
TN8,5966,3899,39.52
TN9,8623,4215,32.83
TQ1,15502,15582,50.13
TQ10,1807,1633,47.47
TQ11,2310,1891,45.01
TQ12,29756,21520,41.97
TQ13,8965,7751,46.37
TQ14,7909,8584,52.05
TQ2,14795,12424,45.64
TQ3,14629,13709,48.38
TQ4,8160,8693,51.58
TQ5,7234,9064,55.61
TQ6,3617,3745,50.87
TQ7,7666,7240,48.57
TQ8,645,750,53.76
TQ9,7497,6613,46.87
TR1,11332,8911,44.02
TR10,6794,6842,50.18
TR11,12996,13401,50.77
TR12,4161,4166,50.03
TR13,9498,7370,43.69
TR14,13665,11501,45.7
TR15,10964,8094,42.47
TR16,7092,5659,44.38
TR17,963,1084,52.96
TR18,8606,9137,51.5
TR19,3916,3966,50.32
TR2,4618,3790,45.08
TR20,3340,3127,48.35
TR21,830,508,37.97
TR22,95,48,33.57
TR24,102,30,22.73
TR25,81,30,27.03
TR26,4600,4917,51.67
TR27,6111,5379,46.81
TR3,5098,4812,48.56
TR4,5392,3448,39.0
TR5,1694,1349,44.33
TR6,1647,1450,46.82
TR7,11166,8371,42.85
TR8,4848,3287,40.41
TR9,3414,2522,42.49
TS1,6812,10619,60.92
TS10,16188,15110,48.28
TS11,4593,5098,52.61
TS12,9108,9609,51.34
TS13,3816,4451,53.84
TS14,7799,7912,50.36
TS15,6880,5793,45.71
TS16,5286,4145,43.95
TS17,22707,14856,39.55
TS18,11738,11371,49.21
TS19,14096,13646,49.19
TS2,335,436,56.55
TS20,8811,7714,46.68
TS21,5643,4442,44.05
TS22,5003,4134,45.24
TS23,12347,10045,44.86
TS24,9297,11054,54.32
TS25,15719,16017,50.47
TS26,10133,8128,44.51
TS27,4325,4231,49.45
TS28,2387,1929,44.69
TS29,2383,2351,49.66
TS3,10598,12328,53.77
TS4,7335,7236,49.66
TS5,16226,13428,45.28
TS6,11560,12181,51.31
TS7,10249,9294,47.56
TS8,8218,7679,48.3
TS9,4985,5349,51.76
TW1,16484,8846,34.92
TW10,10061,6333,38.63
TW11,12540,7365,37.0
TW12,11035,7687,41.06
TW13,19181,12073,38.63
TW14,15942,10654,40.06
TW15,15770,9432,37.43
TW16,11080,6732,37.79
TW17,6416,4682,42.19
TW18,14107,8278,36.98
TW19,8776,5523,38.63
TW2,15234,9154,37.53
TW20,10652,10785,50.31
TW3,25261,16345,39.29
TW4,13523,9998,42.51
TW5,13818,11012,44.35
TW6,895,539,37.59
TW7,20150,11748,36.83
TW8,13403,7579,36.12
TW9,10706,5890,35.49
UB1,19598,18376,48.39
UB10,20075,12704,38.76
UB11,705,470,40.0
UB18,224,173,43.58
UB2,15345,13658,47.09
UB3,23976,17976,42.85
UB4,18460,13848,42.86
UB5,22215,16293,42.31
UB6,23757,15846,40.01
UB7,16580,10539,38.86
UB8,16336,13846,45.88
UB9,6574,4405,40.12
W1,110,80,42.11
W10,16678,15112,47.54
W11,15520,11502,42.57
W12,26260,16898,39.15
W13,19440,11617,37.41
W14,19323,11268,36.83
W1A,5479,3555,39.35
W1B,350,185,34.58
W1C,489,349,41.65
W1D,585,422,41.91
W1G,693,337,32.72
W1H,2780,1727,38.32
W1J,107,68,38.86
W1K,174,102,36.96
W1M,699,508,42.09
W1N,165,154,48.28
W1P,1412,1620,53.43
W2,21421,15099,41.34
W3,28853,17944,38.34
W4,23977,13057,35.26
W5,24007,13582,36.13
W6,16406,9487,36.64
W7,13157,8641,39.64
W8,6837,5209,43.24
W9,16883,10675,38.74
WA1,13183,7951,37.62
WA10,19361,15656,44.71
WA11,17344,15594,47.34
WA12,12685,8151,39.12
WA13,6581,4707,41.7
WA14,16344,9961,37.87
WA15,18783,12862,40.64
WA16,9809,7712,44.02
WA2,19205,14104,42.34
WA3,23367,17297,42.54
WA4,25033,16963,40.39
WA5,30190,18317,37.76
WA6,8925,7189,44.61
WA7,27555,22294,44.72
WA8,29627,21875,42.47
WA9,21879,18111,45.29
WC1A,1159,1235,51.59
WC1B,306,309,50.24
WC1E,388,389,50.06
WC1H,2534,3794,59.96
WC1N,1989,1903,48.9
WC1R,79,118,59.9
WC1V,86,224,72.26
WC1X,1485,1688,53.2
WC2A,204,118,36.65
WC2B,633,582,47.9
WC2E,413,251,37.8
WC2H,369,324,46.75
WD1,41277,22471,35.25
WD17,213,164,43.5
WD18,256,111,30.25
WD19,230,140,37.84
WD2,39437,22639,36.47
WD23,106,99,48.29
WD24,184,34,15.6
WD25,603,219,26.64
WD3,20368,12414,37.87
WD4,5552,3252,36.94
WD5,5042,3152,38.47
WD6,21026,11653,35.66
WD7,5492,3590,39.53
WF1,21435,15087,41.31
WF10,24619,16810,40.58
WF11,7822,6261,44.46
WF12,17145,14663,46.1
WF13,11448,11339,49.76
WF14,9402,7317,43.76
WF15,8488,6307,42.63
WF16,4266,3938,48.0
WF17,16856,14495,46.23
WF2,23536,19432,45.22
WF3,16114,9659,37.48
WF4,19597,14725,42.9
WF5,9657,7163,42.59
WF6,10597,7328,40.88
WF7,11272,8280,42.35
WF8,16704,12357,42.52
WF9,17140,13988,44.94
WN1,11359,8440,42.63
WN2,24167,19230,44.31
WN3,14697,9839,40.1
WN4,12770,10116,44.2
WN5,20014,16398,45.03
WN6,19479,13937,41.71
WN7,22401,17433,43.76
WN8,20767,15812,43.23
WR1,7415,4584,38.2
WR10,9668,8504,46.8
WR11,23550,15893,40.29
WR12,2362,2552,51.93
WR13,5843,5254,47.35
WR14,13738,13055,48.73
WR15,3043,2720,47.2
WR2,15226,12459,45.0
WR3,11720,7346,38.53
WR4,12835,7668,37.4
WR5,16253,9863,37.77
WR6,4056,3069,43.07
WR7,2400,1859,43.65
WR8,3066,2897,48.58
WR9,14579,11092,43.21
WS1,12056,12500,50.9
WS10,20109,18955,48.52
WS11,22753,16216,41.61
WS12,17589,10484,37.35
WS13,14917,10545,41.41
WS14,7625,6263,45.1
WS15,17743,12942,42.18
WS2,15724,15673,49.92
WS3,21744,20237,48.21
WS4,7920,6389,44.65
WS5,8841,7232,44.99
WS6,7477,5969,44.39
WS7,13991,10863,43.71
WS8,7735,5975,43.58
WS9,10791,9140,45.86
WV1,9051,9401,50.95
WV10,25697,23839,48.12
WV11,15623,12957,45.34
WV12,10619,8970,45.79
WV13,9199,7543,45.05
WV14,20681,17984,46.51
WV15,4461,3786,45.91
WV16,7577,6592,46.52
WV2,8124,7350,47.5
WV3,13277,11646,46.73
WV4,13712,10924,44.34
WV5,6042,5105,45.8
WV6,19449,15914,45.0
WV7,2549,2448,48.99
WV8,6357,5392,45.89
WV9,3073,2251,42.28
YO1,22183,24465,52.45
YO10,171,615,78.24
YO11,12654,12119,48.92
YO12,16449,14722,47.23
YO13,3971,3494,46.81
YO14,4063,5566,57.8
YO15,6345,8788,58.07
YO16,7912,10647,57.37
YO17,12368,8235,39.97
YO18,4800,4762,49.8
YO19,3720,2612,41.25
YO2,32993,21384,39.33
YO21,6615,6380,49.1
YO22,3032,3074,50.34
YO23,436,522,54.49
YO24,228,144,38.71
YO25,15032,12500,45.4
YO26,3838,2580,40.2
YO3,38896,28103,41.95
YO30,1488,755,33.66
YO31,360,124,25.62
YO4,18988,13785,42.06
YO42,500,184,26.9
YO43,487,163,25.08
YO5,2865,1859,39.35
YO6,13608,11335,45.44
YO61,159,102,39.08
YO7,9739,6545,40.19
YO8,23443,15001,39.02
